2025-10-04 15:14:17,848 - chaotic_trainer - INFO - ============================================================
2025-10-04 15:14:17,849 - chaotic_trainer - INFO - CHAOTIC NEURAL NETWORKS TRAINING
2025-10-04 15:14:17,849 - chaotic_trainer - INFO - ============================================================
2025-10-04 15:14:17,849 - chaotic_trainer - INFO - Output directory: outputs/chaotic
2025-10-04 15:14:17,850 - chaotic_trainer - INFO - Configuration: {
  "chaotic_system": "lorenz",
  "model_type": "full_chaotic",
  "num_speakers": 100,
  "batch_size": 32,
  "num_epochs": 100,
  "learning_rate": 0.0005,
  "weight_decay": 1e-05,
  "gradient_clipping": 1.0,
  "embedding_dim": 10,
  "mlsa_scales": 5,
  "rqa_radius_ratio": 0.1,
  "evolution_time": 0.5,
  "time_step": 0.01,
  "coupling_strength": 1.0,
  "noise_level": 0.001,
  "pooling_type": "comprehensive",
  "speaker_embedding_dim": 128,
  "classifier_type": "cosine",
  "temperature": 30.0,
  "margin": 0.35,
  "sample_rate": 16000,
  "max_audio_length": 3.0,
  "data_dir": "./data",
  "device": "auto",
  "seed": 42,
  "optimize_parameters": true,
  "optimizer": {
    "type": "adamw",
    "params": {
      "betas": [
        0.9,
        0.999
      ]
    }
  },
  "scheduler": {
    "type": "cosine",
    "params": {
      "eta_min": 1e-06
    }
  },
  "early_stopping": {
    "patience": 20
  },
  "epochs": 10
}
2025-10-04 15:14:17,932 - chaotic_trainer - INFO - System info: {'platform': 'Linux-4.18.0-553.74.1.el8_10.x86_64-x86_64-with-glibc2.28', 'system': 'Linux', 'node': 'g1102.mahti.csc.fi', 'release': '4.18.0-553.74.1.el8_10.x86_64', 'version': '#1 SMP Sun Sep 7 09:23:35 EDT 2025', 'machine': 'x86_64', 'processor': 'x86_64', 'python_version': '3.12.10 (main, Jun  3 2025, 21:04:06) [GCC 8.5.0 20210514 (Red Hat 8.5.0-26)]', 'python_executable': '/usr/bin/python', 'cpu_count': 256, 'total_memory': 540285198336, 'available_memory': 502068654080, 'gpu_info': {'cuda_available': True, 'cuda_version': '12.6', 'gpu_count': 1, 'gpu_names': ['NVIDIA A100-SXM4-40GB MIG 1g.5gb']}, 'package_versions': {'numpy': '1.26.4', 'scipy': '1.13.1', 'scikit-learn': 'not installed', 'librosa': '0.11.0', 'soundfile': '0.13.1', 'torch': '2.7.1+cu126', 'tensorflow': 'not installed', 'matplotlib': '3.10.3', 'pandas': '2.3.0'}, 'git_info': {'commit_hash': 'b8869759b4122b7648b00f614892269782e4ca2c', 'branch': 'origin', 'is_dirty': True}}
2025-10-04 15:14:17,932 - chaotic_trainer - INFO - Training 1 systems × 1 types × 1 runs...
2025-10-04 15:14:17,932 - chaotic_trainer - INFO - Systems: ['lorenz']
2025-10-04 15:14:17,932 - chaotic_trainer - INFO - Model types: ['full_chaotic']
2025-10-04 15:14:17,933 - chaotic_trainer - INFO - 
============================================================
2025-10-04 15:14:17,933 - chaotic_trainer - INFO - TRAINING: LORENZ + FULL_CHAOTIC
2025-10-04 15:14:17,933 - chaotic_trainer - INFO - ============================================================
2025-10-04 15:14:17,933 - chaotic_trainer - INFO - Training chaotic_lorenz_full_chaotic_run_0...
2025-10-04 15:14:17,933 - chaotic_trainer - INFO - Optimizing parameters for lorenz system...
2025-10-04 15:14:17,951 - chaotic_trainer - INFO - Setting up chaotic_lorenz_full_chaotic_run_0...
2025-10-04 15:14:17,952 - chaotic_trainer - ERROR - Failed to train chaotic_lorenz_full_chaotic_run_0: name 'ChaoticSpeakerRecognitionNetwork' is not defined
2025-10-04 15:14:17,954 - chaotic_trainer - ERROR - Traceback: Traceback (most recent call last):
  File "/scratch/project_2003370/yueyao/Model/scripts/train_chaotic.py", line 420, in train_single_experiment
    experiment.setup()
  File "/scratch/project_2003370/yueyao/Model/experiments/base_experiment.py", line 288, in setup
    self.model = self.create_model()
                 ^^^^^^^^^^^^^^^^^^^
  File "/scratch/project_2003370/yueyao/Model/experiments/chaotic_experiment.py", line 169, in create_model
    if ChaoticSpeakerRecognitionNetwork is not None:
       ^^^^^^^^^^^^^^^^^^^^^^^^^^^^^^^^
NameError: name 'ChaoticSpeakerRecognitionNetwork' is not defined

2025-10-04 15:14:17,954 - chaotic_trainer - INFO - Progress: 1/1 (100.0%)
2025-10-04 15:14:17,954 - chaotic_trainer - WARNING - No successful runs for lorenz + full_chaotic
2025-10-04 15:14:17,954 - chaotic_trainer - INFO - Analyzing chaotic training results...
2025-10-04 15:14:17,954 - chaotic_trainer - INFO - Generating comprehensive chaotic training report...
2025-10-04 15:14:18,050 - chaotic_trainer - INFO - Visualizations saved to: outputs/chaotic/visualizations
2025-10-04 15:14:18,050 - chaotic_trainer - INFO - Reports generated:
2025-10-04 15:14:18,050 - chaotic_trainer - INFO -   Text report: outputs/chaotic/chaotic_training_report.txt
2025-10-04 15:14:18,050 - chaotic_trainer - INFO -   JSON report: outputs/chaotic/chaotic_training_results.json
2025-10-04 15:14:18,050 - chaotic_trainer - INFO - Chaotic training completed.
2025-10-04 15:14:18,050 - chaotic_trainer - INFO - ============================================================
2025-10-04 15:16:27,740 - chaotic_trainer - INFO - ============================================================
2025-10-04 15:16:27,740 - chaotic_trainer - INFO - CHAOTIC NEURAL NETWORKS TRAINING
2025-10-04 15:16:27,740 - chaotic_trainer - INFO - ============================================================
2025-10-04 15:16:27,740 - chaotic_trainer - INFO - Output directory: outputs/chaotic
2025-10-04 15:16:27,740 - chaotic_trainer - INFO - Configuration: {
  "chaotic_system": "lorenz",
  "model_type": "full_chaotic",
  "num_speakers": 100,
  "batch_size": 32,
  "num_epochs": 100,
  "learning_rate": 0.0005,
  "weight_decay": 1e-05,
  "gradient_clipping": 1.0,
  "embedding_dim": 10,
  "mlsa_scales": 5,
  "rqa_radius_ratio": 0.1,
  "evolution_time": 0.5,
  "time_step": 0.01,
  "coupling_strength": 1.0,
  "noise_level": 0.001,
  "pooling_type": "comprehensive",
  "speaker_embedding_dim": 128,
  "classifier_type": "cosine",
  "temperature": 30.0,
  "margin": 0.35,
  "sample_rate": 16000,
  "max_audio_length": 3.0,
  "data_dir": "./data",
  "device": "auto",
  "seed": 42,
  "optimize_parameters": true,
  "optimizer": {
    "type": "adamw",
    "params": {
      "betas": [
        0.9,
        0.999
      ]
    }
  },
  "scheduler": {
    "type": "cosine",
    "params": {
      "eta_min": 1e-06
    }
  },
  "early_stopping": {
    "patience": 20
  },
  "epochs": 10
}
2025-10-04 15:16:27,784 - chaotic_trainer - INFO - System info: {'platform': 'Linux-4.18.0-553.74.1.el8_10.x86_64-x86_64-with-glibc2.28', 'system': 'Linux', 'node': 'g1102.mahti.csc.fi', 'release': '4.18.0-553.74.1.el8_10.x86_64', 'version': '#1 SMP Sun Sep 7 09:23:35 EDT 2025', 'machine': 'x86_64', 'processor': 'x86_64', 'python_version': '3.12.10 (main, Jun  3 2025, 21:04:06) [GCC 8.5.0 20210514 (Red Hat 8.5.0-26)]', 'python_executable': '/usr/bin/python', 'cpu_count': 256, 'total_memory': 540285198336, 'available_memory': 503193169920, 'gpu_info': {'cuda_available': True, 'cuda_version': '12.6', 'gpu_count': 1, 'gpu_names': ['NVIDIA A100-SXM4-40GB MIG 1g.5gb']}, 'package_versions': {'numpy': '1.26.4', 'scipy': '1.13.1', 'scikit-learn': 'not installed', 'librosa': '0.11.0', 'soundfile': '0.13.1', 'torch': '2.7.1+cu126', 'tensorflow': 'not installed', 'matplotlib': '3.10.3', 'pandas': '2.3.0'}, 'git_info': {'commit_hash': 'b8869759b4122b7648b00f614892269782e4ca2c', 'branch': 'origin', 'is_dirty': True}}
2025-10-04 15:16:27,784 - chaotic_trainer - INFO - Training 1 systems × 1 types × 1 runs...
2025-10-04 15:16:27,784 - chaotic_trainer - INFO - Systems: ['lorenz']
2025-10-04 15:16:27,784 - chaotic_trainer - INFO - Model types: ['full_chaotic']
2025-10-04 15:16:27,784 - chaotic_trainer - INFO - 
============================================================
2025-10-04 15:16:27,784 - chaotic_trainer - INFO - TRAINING: LORENZ + FULL_CHAOTIC
2025-10-04 15:16:27,784 - chaotic_trainer - INFO - ============================================================
2025-10-04 15:16:27,784 - chaotic_trainer - INFO - Training chaotic_lorenz_full_chaotic_run_0...
2025-10-04 15:16:27,784 - chaotic_trainer - INFO - Optimizing parameters for lorenz system...
2025-10-04 15:16:27,794 - chaotic_trainer - INFO - Setting up chaotic_lorenz_full_chaotic_run_0...
2025-10-04 15:16:27,794 - chaotic_trainer - ERROR - Failed to train chaotic_lorenz_full_chaotic_run_0: PhaseSpaceReconstructor.__init__() got an unexpected keyword argument 'embedding_dim'
2025-10-04 15:16:27,795 - chaotic_trainer - ERROR - Traceback: Traceback (most recent call last):
  File "/scratch/project_2003370/yueyao/Model/scripts/train_chaotic.py", line 420, in train_single_experiment
    experiment.setup()
  File "/scratch/project_2003370/yueyao/Model/experiments/base_experiment.py", line 288, in setup
    self.model = self.create_model()
                 ^^^^^^^^^^^^^^^^^^^
  File "/scratch/project_2003370/yueyao/Model/experiments/chaotic_experiment.py", line 170, in create_model
    model = ChaoticSpeakerRecognitionNetwork(
            ^^^^^^^^^^^^^^^^^^^^^^^^^^^^^^^^^
  File "/scratch/project_2003370/yueyao/Model/models/chaotic_network.py", line 300, in __init__
    self._initialize_components(
  File "/scratch/project_2003370/yueyao/Model/models/chaotic_network.py", line 325, in _initialize_components
    self.phase_space = PhaseSpaceReconstructor(
                       ^^^^^^^^^^^^^^^^^^^^^^^^
TypeError: PhaseSpaceReconstructor.__init__() got an unexpected keyword argument 'embedding_dim'

2025-10-04 15:16:27,795 - chaotic_trainer - INFO - Progress: 1/1 (100.0%)
2025-10-04 15:16:27,796 - chaotic_trainer - WARNING - No successful runs for lorenz + full_chaotic
2025-10-04 15:16:27,796 - chaotic_trainer - INFO - Analyzing chaotic training results...
2025-10-04 15:16:27,796 - chaotic_trainer - INFO - Generating comprehensive chaotic training report...
2025-10-04 15:16:27,838 - chaotic_trainer - INFO - Visualizations saved to: outputs/chaotic/visualizations
2025-10-04 15:16:27,838 - chaotic_trainer - INFO - Reports generated:
2025-10-04 15:16:27,838 - chaotic_trainer - INFO -   Text report: outputs/chaotic/chaotic_training_report.txt
2025-10-04 15:16:27,838 - chaotic_trainer - INFO -   JSON report: outputs/chaotic/chaotic_training_results.json
2025-10-04 15:16:27,838 - chaotic_trainer - INFO - Chaotic training completed.
2025-10-04 15:16:27,838 - chaotic_trainer - INFO - ============================================================
2025-10-04 15:25:22,880 - chaotic_trainer - INFO - ============================================================
2025-10-04 15:25:22,880 - chaotic_trainer - INFO - CHAOTIC NEURAL NETWORKS TRAINING
2025-10-04 15:25:22,880 - chaotic_trainer - INFO - ============================================================
2025-10-04 15:25:22,880 - chaotic_trainer - INFO - Output directory: outputs/chaotic
2025-10-04 15:25:22,880 - chaotic_trainer - INFO - Configuration: {
  "chaotic_system": "lorenz",
  "model_type": "full_chaotic",
  "num_speakers": 100,
  "batch_size": 32,
  "num_epochs": 100,
  "learning_rate": 0.0005,
  "weight_decay": 1e-05,
  "gradient_clipping": 1.0,
  "embedding_dim": 10,
  "mlsa_scales": 5,
  "rqa_radius_ratio": 0.1,
  "evolution_time": 0.5,
  "time_step": 0.01,
  "coupling_strength": 1.0,
  "noise_level": 0.001,
  "pooling_type": "comprehensive",
  "speaker_embedding_dim": 128,
  "classifier_type": "cosine",
  "temperature": 30.0,
  "margin": 0.35,
  "sample_rate": 16000,
  "max_audio_length": 3.0,
  "data_dir": "./data",
  "device": "auto",
  "seed": 42,
  "optimize_parameters": true,
  "optimizer": {
    "type": "adamw",
    "params": {
      "betas": [
        0.9,
        0.999
      ]
    }
  },
  "scheduler": {
    "type": "cosine",
    "params": {
      "eta_min": 1e-06
    }
  },
  "early_stopping": {
    "patience": 20
  },
  "epochs": 10
}
2025-10-04 15:25:22,975 - chaotic_trainer - INFO - System info: {'platform': 'Linux-4.18.0-553.74.1.el8_10.x86_64-x86_64-with-glibc2.28', 'system': 'Linux', 'node': 'g1102.mahti.csc.fi', 'release': '4.18.0-553.74.1.el8_10.x86_64', 'version': '#1 SMP Sun Sep 7 09:23:35 EDT 2025', 'machine': 'x86_64', 'processor': 'x86_64', 'python_version': '3.12.10 (main, Jun  3 2025, 21:04:06) [GCC 8.5.0 20210514 (Red Hat 8.5.0-26)]', 'python_executable': '/usr/bin/python', 'cpu_count': 256, 'total_memory': 540285198336, 'available_memory': 502061535232, 'gpu_info': {'cuda_available': True, 'cuda_version': '12.6', 'gpu_count': 1, 'gpu_names': ['NVIDIA A100-SXM4-40GB MIG 1g.5gb']}, 'package_versions': {'numpy': '1.26.4', 'scipy': '1.13.1', 'scikit-learn': 'not installed', 'librosa': '0.11.0', 'soundfile': '0.13.1', 'torch': '2.7.1+cu126', 'tensorflow': 'not installed', 'matplotlib': '3.10.3', 'pandas': '2.3.0'}, 'git_info': {'commit_hash': 'b8869759b4122b7648b00f614892269782e4ca2c', 'branch': 'origin', 'is_dirty': True}}
2025-10-04 15:25:22,975 - chaotic_trainer - INFO - Training 1 systems × 1 types × 1 runs...
2025-10-04 15:25:22,975 - chaotic_trainer - INFO - Systems: ['lorenz']
2025-10-04 15:25:22,975 - chaotic_trainer - INFO - Model types: ['full_chaotic']
2025-10-04 15:25:22,975 - chaotic_trainer - INFO - 
============================================================
2025-10-04 15:25:22,975 - chaotic_trainer - INFO - TRAINING: LORENZ + FULL_CHAOTIC
2025-10-04 15:25:22,975 - chaotic_trainer - INFO - ============================================================
2025-10-04 15:25:22,975 - chaotic_trainer - INFO - Training chaotic_lorenz_full_chaotic_run_0...
2025-10-04 15:25:22,975 - chaotic_trainer - INFO - Optimizing parameters for lorenz system...
2025-10-04 15:25:22,991 - chaotic_trainer - INFO - Setting up chaotic_lorenz_full_chaotic_run_0...
2025-10-04 15:25:22,992 - chaotic_trainer - ERROR - Failed to train chaotic_lorenz_full_chaotic_run_0: 'ChaoticSpeakerRecognitionNetwork' object has no attribute 'embedding_dim'
2025-10-04 15:25:22,997 - chaotic_trainer - ERROR - Traceback: Traceback (most recent call last):
  File "/scratch/project_2003370/yueyao/Model/scripts/train_chaotic.py", line 420, in train_single_experiment
    experiment.setup()
  File "/scratch/project_2003370/yueyao/Model/experiments/base_experiment.py", line 288, in setup
    self.model = self.create_model()
                 ^^^^^^^^^^^^^^^^^^^
  File "/scratch/project_2003370/yueyao/Model/experiments/chaotic_experiment.py", line 170, in create_model
    model = ChaoticSpeakerRecognitionNetwork(
            ^^^^^^^^^^^^^^^^^^^^^^^^^^^^^^^^^
  File "/scratch/project_2003370/yueyao/Model/models/chaotic_network.py", line 300, in __init__
    self._initialize_components(
  File "/scratch/project_2003370/yueyao/Model/models/chaotic_network.py", line 325, in _initialize_components
    embedding_dim=self.embedding_dim,
                  ^^^^^^^^^^^^^^^^^^
  File "/usr/local/lib64/python3.12/site-packages/torch/nn/modules/module.py", line 1940, in __getattr__
    raise AttributeError(
AttributeError: 'ChaoticSpeakerRecognitionNetwork' object has no attribute 'embedding_dim'

2025-10-04 15:25:22,997 - chaotic_trainer - INFO - Progress: 1/1 (100.0%)
2025-10-04 15:25:22,997 - chaotic_trainer - WARNING - No successful runs for lorenz + full_chaotic
2025-10-04 15:25:22,997 - chaotic_trainer - INFO - Analyzing chaotic training results...
2025-10-04 15:25:22,997 - chaotic_trainer - INFO - Generating comprehensive chaotic training report...
2025-10-04 15:25:23,077 - chaotic_trainer - INFO - Visualizations saved to: outputs/chaotic/visualizations
2025-10-04 15:25:23,077 - chaotic_trainer - INFO - Reports generated:
2025-10-04 15:25:23,077 - chaotic_trainer - INFO -   Text report: outputs/chaotic/chaotic_training_report.txt
2025-10-04 15:25:23,077 - chaotic_trainer - INFO -   JSON report: outputs/chaotic/chaotic_training_results.json
2025-10-04 15:25:23,078 - chaotic_trainer - INFO - Chaotic training completed.
2025-10-04 15:25:23,078 - chaotic_trainer - INFO - ============================================================
2025-10-04 15:28:30,202 - chaotic_trainer - INFO - ============================================================
2025-10-04 15:28:30,202 - chaotic_trainer - INFO - CHAOTIC NEURAL NETWORKS TRAINING
2025-10-04 15:28:30,202 - chaotic_trainer - INFO - ============================================================
2025-10-04 15:28:30,202 - chaotic_trainer - INFO - Output directory: outputs/chaotic
2025-10-04 15:28:30,202 - chaotic_trainer - INFO - Configuration: {
  "chaotic_system": "lorenz",
  "model_type": "full_chaotic",
  "num_speakers": 100,
  "batch_size": 32,
  "num_epochs": 100,
  "learning_rate": 0.0005,
  "weight_decay": 1e-05,
  "gradient_clipping": 1.0,
  "embedding_dim": 10,
  "mlsa_scales": 5,
  "rqa_radius_ratio": 0.1,
  "evolution_time": 0.5,
  "time_step": 0.01,
  "coupling_strength": 1.0,
  "noise_level": 0.001,
  "pooling_type": "comprehensive",
  "speaker_embedding_dim": 128,
  "classifier_type": "cosine",
  "temperature": 30.0,
  "margin": 0.35,
  "sample_rate": 16000,
  "max_audio_length": 3.0,
  "data_dir": "./data",
  "device": "auto",
  "seed": 42,
  "optimize_parameters": true,
  "optimizer": {
    "type": "adamw",
    "params": {
      "betas": [
        0.9,
        0.999
      ]
    }
  },
  "scheduler": {
    "type": "cosine",
    "params": {
      "eta_min": 1e-06
    }
  },
  "early_stopping": {
    "patience": 20
  },
  "epochs": 10
}
2025-10-04 15:28:30,308 - chaotic_trainer - INFO - System info: {'platform': 'Linux-4.18.0-553.74.1.el8_10.x86_64-x86_64-with-glibc2.28', 'system': 'Linux', 'node': 'g1102.mahti.csc.fi', 'release': '4.18.0-553.74.1.el8_10.x86_64', 'version': '#1 SMP Sun Sep 7 09:23:35 EDT 2025', 'machine': 'x86_64', 'processor': 'x86_64', 'python_version': '3.12.10 (main, Jun  3 2025, 21:04:06) [GCC 8.5.0 20210514 (Red Hat 8.5.0-26)]', 'python_executable': '/usr/bin/python', 'cpu_count': 256, 'total_memory': 540285198336, 'available_memory': 502055108608, 'gpu_info': {'cuda_available': True, 'cuda_version': '12.6', 'gpu_count': 1, 'gpu_names': ['NVIDIA A100-SXM4-40GB MIG 1g.5gb']}, 'package_versions': {'numpy': '1.26.4', 'scipy': '1.13.1', 'scikit-learn': 'not installed', 'librosa': '0.11.0', 'soundfile': '0.13.1', 'torch': '2.7.1+cu126', 'tensorflow': 'not installed', 'matplotlib': '3.10.3', 'pandas': '2.3.0'}, 'git_info': {'commit_hash': 'b8869759b4122b7648b00f614892269782e4ca2c', 'branch': 'origin', 'is_dirty': True}}
2025-10-04 15:28:30,308 - chaotic_trainer - INFO - Training 1 systems × 1 types × 1 runs...
2025-10-04 15:28:30,308 - chaotic_trainer - INFO - Systems: ['lorenz']
2025-10-04 15:28:30,308 - chaotic_trainer - INFO - Model types: ['full_chaotic']
2025-10-04 15:28:30,308 - chaotic_trainer - INFO - 
============================================================
2025-10-04 15:28:30,308 - chaotic_trainer - INFO - TRAINING: LORENZ + FULL_CHAOTIC
2025-10-04 15:28:30,308 - chaotic_trainer - INFO - ============================================================
2025-10-04 15:28:30,308 - chaotic_trainer - INFO - Training chaotic_lorenz_full_chaotic_run_0...
2025-10-04 15:28:30,308 - chaotic_trainer - INFO - Optimizing parameters for lorenz system...
2025-10-04 15:28:30,336 - chaotic_trainer - INFO - Setting up chaotic_lorenz_full_chaotic_run_0...
2025-10-04 15:28:30,337 - chaotic_trainer - ERROR - Failed to train chaotic_lorenz_full_chaotic_run_0: MLSAExtractor.__init__() got an unexpected keyword argument 'scales'
2025-10-04 15:28:30,338 - chaotic_trainer - ERROR - Traceback: Traceback (most recent call last):
  File "/scratch/project_2003370/yueyao/Model/scripts/train_chaotic.py", line 420, in train_single_experiment
    experiment.setup()
  File "/scratch/project_2003370/yueyao/Model/experiments/base_experiment.py", line 288, in setup
    self.model = self.create_model()
                 ^^^^^^^^^^^^^^^^^^^
  File "/scratch/project_2003370/yueyao/Model/experiments/chaotic_experiment.py", line 170, in create_model
    model = ChaoticSpeakerRecognitionNetwork(
            ^^^^^^^^^^^^^^^^^^^^^^^^^^^^^^^^^
  File "/scratch/project_2003370/yueyao/Model/models/chaotic_network.py", line 327, in __init__
    self._initialize_components()
  File "/scratch/project_2003370/yueyao/Model/models/chaotic_network.py", line 354, in _initialize_components
    self.mlsa_extractor = MLSAExtractor(
                          ^^^^^^^^^^^^^^
TypeError: MLSAExtractor.__init__() got an unexpected keyword argument 'scales'

2025-10-04 15:28:30,338 - chaotic_trainer - INFO - Progress: 1/1 (100.0%)
2025-10-04 15:28:30,338 - chaotic_trainer - WARNING - No successful runs for lorenz + full_chaotic
2025-10-04 15:28:30,338 - chaotic_trainer - INFO - Analyzing chaotic training results...
2025-10-04 15:28:30,338 - chaotic_trainer - INFO - Generating comprehensive chaotic training report...
2025-10-04 15:28:30,420 - chaotic_trainer - INFO - Visualizations saved to: outputs/chaotic/visualizations
2025-10-04 15:28:30,420 - chaotic_trainer - INFO - Reports generated:
2025-10-04 15:28:30,420 - chaotic_trainer - INFO -   Text report: outputs/chaotic/chaotic_training_report.txt
2025-10-04 15:28:30,420 - chaotic_trainer - INFO -   JSON report: outputs/chaotic/chaotic_training_results.json
2025-10-04 15:28:30,420 - chaotic_trainer - INFO - Chaotic training completed.
2025-10-04 15:28:30,420 - chaotic_trainer - INFO - ============================================================
2025-10-04 15:32:10,160 - chaotic_trainer - INFO - ============================================================
2025-10-04 15:32:10,160 - chaotic_trainer - INFO - CHAOTIC NEURAL NETWORKS TRAINING
2025-10-04 15:32:10,160 - chaotic_trainer - INFO - ============================================================
2025-10-04 15:32:10,160 - chaotic_trainer - INFO - Output directory: outputs/chaotic
2025-10-04 15:32:10,160 - chaotic_trainer - INFO - Configuration: {
  "chaotic_system": "lorenz",
  "model_type": "full_chaotic",
  "num_speakers": 100,
  "batch_size": 32,
  "num_epochs": 100,
  "learning_rate": 0.0005,
  "weight_decay": 1e-05,
  "gradient_clipping": 1.0,
  "embedding_dim": 10,
  "mlsa_scales": 5,
  "rqa_radius_ratio": 0.1,
  "evolution_time": 0.5,
  "time_step": 0.01,
  "coupling_strength": 1.0,
  "noise_level": 0.001,
  "pooling_type": "comprehensive",
  "speaker_embedding_dim": 128,
  "classifier_type": "cosine",
  "temperature": 30.0,
  "margin": 0.35,
  "sample_rate": 16000,
  "max_audio_length": 3.0,
  "data_dir": "./data",
  "device": "auto",
  "seed": 42,
  "optimize_parameters": true,
  "optimizer": {
    "type": "adamw",
    "params": {
      "betas": [
        0.9,
        0.999
      ]
    }
  },
  "scheduler": {
    "type": "cosine",
    "params": {
      "eta_min": 1e-06
    }
  },
  "early_stopping": {
    "patience": 20
  },
  "epochs": 10
}
2025-10-04 15:32:10,248 - chaotic_trainer - INFO - System info: {'platform': 'Linux-4.18.0-553.74.1.el8_10.x86_64-x86_64-with-glibc2.28', 'system': 'Linux', 'node': 'g1102.mahti.csc.fi', 'release': '4.18.0-553.74.1.el8_10.x86_64', 'version': '#1 SMP Sun Sep 7 09:23:35 EDT 2025', 'machine': 'x86_64', 'processor': 'x86_64', 'python_version': '3.12.10 (main, Jun  3 2025, 21:04:06) [GCC 8.5.0 20210514 (Red Hat 8.5.0-26)]', 'python_executable': '/usr/bin/python', 'cpu_count': 256, 'total_memory': 540285198336, 'available_memory': 502047244288, 'gpu_info': {'cuda_available': True, 'cuda_version': '12.6', 'gpu_count': 1, 'gpu_names': ['NVIDIA A100-SXM4-40GB MIG 1g.5gb']}, 'package_versions': {'numpy': '1.26.4', 'scipy': '1.13.1', 'scikit-learn': 'not installed', 'librosa': '0.11.0', 'soundfile': '0.13.1', 'torch': '2.7.1+cu126', 'tensorflow': 'not installed', 'matplotlib': '3.10.3', 'pandas': '2.3.0'}, 'git_info': {'commit_hash': 'b8869759b4122b7648b00f614892269782e4ca2c', 'branch': 'origin', 'is_dirty': True}}
2025-10-04 15:32:10,248 - chaotic_trainer - INFO - Training 1 systems × 1 types × 1 runs...
2025-10-04 15:32:10,248 - chaotic_trainer - INFO - Systems: ['lorenz']
2025-10-04 15:32:10,248 - chaotic_trainer - INFO - Model types: ['full_chaotic']
2025-10-04 15:32:10,248 - chaotic_trainer - INFO - 
============================================================
2025-10-04 15:32:10,249 - chaotic_trainer - INFO - TRAINING: LORENZ + FULL_CHAOTIC
2025-10-04 15:32:10,249 - chaotic_trainer - INFO - ============================================================
2025-10-04 15:32:10,249 - chaotic_trainer - INFO - Training chaotic_lorenz_full_chaotic_run_0...
2025-10-04 15:32:10,249 - chaotic_trainer - INFO - Optimizing parameters for lorenz system...
2025-10-04 15:32:10,277 - chaotic_trainer - INFO - Setting up chaotic_lorenz_full_chaotic_run_0...
2025-10-04 15:32:10,457 - chaotic_trainer - ERROR - Failed to train chaotic_lorenz_full_chaotic_run_0: create_speaker_dataloaders() got an unexpected keyword argument 'apply_chaotic_preprocessing'
2025-10-04 15:32:10,458 - chaotic_trainer - ERROR - Traceback: Traceback (most recent call last):
  File "/scratch/project_2003370/yueyao/Model/scripts/train_chaotic.py", line 420, in train_single_experiment
    experiment.setup()
  File "/scratch/project_2003370/yueyao/Model/experiments/base_experiment.py", line 304, in setup
    self.train_loader, self.val_loader, self.test_loader = self.create_dataloaders()
                                                           ^^^^^^^^^^^^^^^^^^^^^^^^^
  File "/scratch/project_2003370/yueyao/Model/experiments/chaotic_experiment.py", line 248, in create_dataloaders
    train_loader, val_loader, test_loader = create_speaker_dataloaders(
                                            ^^^^^^^^^^^^^^^^^^^^^^^^^^^
TypeError: create_speaker_dataloaders() got an unexpected keyword argument 'apply_chaotic_preprocessing'

2025-10-04 15:32:10,458 - chaotic_trainer - INFO - Progress: 1/1 (100.0%)
2025-10-04 15:32:10,458 - chaotic_trainer - WARNING - No successful runs for lorenz + full_chaotic
2025-10-04 15:32:10,458 - chaotic_trainer - INFO - Analyzing chaotic training results...
2025-10-04 15:32:10,458 - chaotic_trainer - INFO - Generating comprehensive chaotic training report...
2025-10-04 15:32:10,556 - chaotic_trainer - INFO - Visualizations saved to: outputs/chaotic/visualizations
2025-10-04 15:32:10,556 - chaotic_trainer - INFO - Reports generated:
2025-10-04 15:32:10,556 - chaotic_trainer - INFO -   Text report: outputs/chaotic/chaotic_training_report.txt
2025-10-04 15:32:10,556 - chaotic_trainer - INFO -   JSON report: outputs/chaotic/chaotic_training_results.json
2025-10-04 15:32:10,557 - chaotic_trainer - INFO - Chaotic training completed.
2025-10-04 15:32:10,557 - chaotic_trainer - INFO - ============================================================
2025-10-04 15:38:05,334 - chaotic_trainer - INFO - ============================================================
2025-10-04 15:38:05,334 - chaotic_trainer - INFO - CHAOTIC NEURAL NETWORKS TRAINING
2025-10-04 15:38:05,334 - chaotic_trainer - INFO - ============================================================
2025-10-04 15:38:05,334 - chaotic_trainer - INFO - Output directory: outputs/chaotic
2025-10-04 15:38:05,334 - chaotic_trainer - INFO - Configuration: {
  "chaotic_system": "lorenz",
  "model_type": "full_chaotic",
  "num_speakers": 100,
  "batch_size": 32,
  "num_epochs": 100,
  "learning_rate": 0.0005,
  "weight_decay": 1e-05,
  "gradient_clipping": 1.0,
  "embedding_dim": 10,
  "mlsa_scales": 5,
  "rqa_radius_ratio": 0.1,
  "evolution_time": 0.5,
  "time_step": 0.01,
  "coupling_strength": 1.0,
  "noise_level": 0.001,
  "pooling_type": "comprehensive",
  "speaker_embedding_dim": 128,
  "classifier_type": "cosine",
  "temperature": 30.0,
  "margin": 0.35,
  "sample_rate": 16000,
  "max_audio_length": 3.0,
  "data_dir": "./data",
  "device": "auto",
  "seed": 42,
  "optimize_parameters": true,
  "optimizer": {
    "type": "adamw",
    "params": {
      "betas": [
        0.9,
        0.999
      ]
    }
  },
  "scheduler": {
    "type": "cosine",
    "params": {
      "eta_min": 1e-06
    }
  },
  "early_stopping": {
    "patience": 20
  },
  "epochs": 10
}
2025-10-04 15:38:05,439 - chaotic_trainer - INFO - System info: {'platform': 'Linux-4.18.0-553.74.1.el8_10.x86_64-x86_64-with-glibc2.28', 'system': 'Linux', 'node': 'g1102.mahti.csc.fi', 'release': '4.18.0-553.74.1.el8_10.x86_64', 'version': '#1 SMP Sun Sep 7 09:23:35 EDT 2025', 'machine': 'x86_64', 'processor': 'x86_64', 'python_version': '3.12.10 (main, Jun  3 2025, 21:04:06) [GCC 8.5.0 20210514 (Red Hat 8.5.0-26)]', 'python_executable': '/usr/bin/python', 'cpu_count': 256, 'total_memory': 540285198336, 'available_memory': 502043983872, 'gpu_info': {'cuda_available': True, 'cuda_version': '12.6', 'gpu_count': 1, 'gpu_names': ['NVIDIA A100-SXM4-40GB MIG 1g.5gb']}, 'package_versions': {'numpy': '1.26.4', 'scipy': '1.13.1', 'scikit-learn': 'not installed', 'librosa': '0.11.0', 'soundfile': '0.13.1', 'torch': '2.7.1+cu126', 'tensorflow': 'not installed', 'matplotlib': '3.10.3', 'pandas': '2.3.0'}, 'git_info': {'commit_hash': 'b8869759b4122b7648b00f614892269782e4ca2c', 'branch': 'origin', 'is_dirty': True}}
2025-10-04 15:38:05,440 - chaotic_trainer - INFO - Training 1 systems × 1 types × 1 runs...
2025-10-04 15:38:05,440 - chaotic_trainer - INFO - Systems: ['lorenz']
2025-10-04 15:38:05,440 - chaotic_trainer - INFO - Model types: ['full_chaotic']
2025-10-04 15:38:05,440 - chaotic_trainer - INFO - 
============================================================
2025-10-04 15:38:05,440 - chaotic_trainer - INFO - TRAINING: LORENZ + FULL_CHAOTIC
2025-10-04 15:38:05,440 - chaotic_trainer - INFO - ============================================================
2025-10-04 15:38:05,440 - chaotic_trainer - INFO - Training chaotic_lorenz_full_chaotic_run_0...
2025-10-04 15:38:05,440 - chaotic_trainer - INFO - Optimizing parameters for lorenz system...
2025-10-04 15:38:05,456 - chaotic_trainer - INFO - Setting up chaotic_lorenz_full_chaotic_run_0...
2025-10-04 15:38:05,649 - chaotic_trainer - ERROR - Failed to train chaotic_lorenz_full_chaotic_run_0: torch.optim.adamw.AdamW() got multiple values for keyword argument 'betas'
2025-10-04 15:38:05,650 - chaotic_trainer - ERROR - Traceback: Traceback (most recent call last):
  File "/scratch/project_2003370/yueyao/Model/scripts/train_chaotic.py", line 420, in train_single_experiment
    experiment.setup()
  File "/scratch/project_2003370/yueyao/Model/experiments/base_experiment.py", line 311, in setup
    self.optimizer = self.create_optimizer(self.model)
                     ^^^^^^^^^^^^^^^^^^^^^^^^^^^^^^^^^
  File "/scratch/project_2003370/yueyao/Model/experiments/chaotic_experiment.py", line 296, in create_optimizer
    optimizer = optim.AdamW(
                ^^^^^^^^^^^^
TypeError: torch.optim.adamw.AdamW() got multiple values for keyword argument 'betas'

2025-10-04 15:38:05,650 - chaotic_trainer - INFO - Progress: 1/1 (100.0%)
2025-10-04 15:38:05,650 - chaotic_trainer - WARNING - No successful runs for lorenz + full_chaotic
2025-10-04 15:38:05,650 - chaotic_trainer - INFO - Analyzing chaotic training results...
2025-10-04 15:38:05,651 - chaotic_trainer - INFO - Generating comprehensive chaotic training report...
2025-10-04 15:38:05,734 - chaotic_trainer - INFO - Visualizations saved to: outputs/chaotic/visualizations
2025-10-04 15:38:05,735 - chaotic_trainer - INFO - Reports generated:
2025-10-04 15:38:05,735 - chaotic_trainer - INFO -   Text report: outputs/chaotic/chaotic_training_report.txt
2025-10-04 15:38:05,735 - chaotic_trainer - INFO -   JSON report: outputs/chaotic/chaotic_training_results.json
2025-10-04 15:38:05,735 - chaotic_trainer - INFO - Chaotic training completed.
2025-10-04 15:38:05,735 - chaotic_trainer - INFO - ============================================================
2025-10-04 15:39:41,948 - chaotic_trainer - INFO - ============================================================
2025-10-04 15:39:41,948 - chaotic_trainer - INFO - CHAOTIC NEURAL NETWORKS TRAINING
2025-10-04 15:39:41,948 - chaotic_trainer - INFO - ============================================================
2025-10-04 15:39:41,948 - chaotic_trainer - INFO - Output directory: outputs/chaotic
2025-10-04 15:39:41,948 - chaotic_trainer - INFO - Configuration: {
  "chaotic_system": "lorenz",
  "model_type": "full_chaotic",
  "num_speakers": 100,
  "batch_size": 32,
  "num_epochs": 100,
  "learning_rate": 0.0005,
  "weight_decay": 1e-05,
  "gradient_clipping": 1.0,
  "embedding_dim": 10,
  "mlsa_scales": 5,
  "rqa_radius_ratio": 0.1,
  "evolution_time": 0.5,
  "time_step": 0.01,
  "coupling_strength": 1.0,
  "noise_level": 0.001,
  "pooling_type": "comprehensive",
  "speaker_embedding_dim": 128,
  "classifier_type": "cosine",
  "temperature": 30.0,
  "margin": 0.35,
  "sample_rate": 16000,
  "max_audio_length": 3.0,
  "data_dir": "./data",
  "device": "auto",
  "seed": 42,
  "optimize_parameters": true,
  "optimizer": {
    "type": "adamw",
    "params": {
      "betas": [
        0.9,
        0.999
      ]
    }
  },
  "scheduler": {
    "type": "cosine",
    "params": {
      "eta_min": 1e-06
    }
  },
  "early_stopping": {
    "patience": 20
  },
  "epochs": 10
}
2025-10-04 15:39:41,992 - chaotic_trainer - INFO - System info: {'platform': 'Linux-4.18.0-553.74.1.el8_10.x86_64-x86_64-with-glibc2.28', 'system': 'Linux', 'node': 'g1102.mahti.csc.fi', 'release': '4.18.0-553.74.1.el8_10.x86_64', 'version': '#1 SMP Sun Sep 7 09:23:35 EDT 2025', 'machine': 'x86_64', 'processor': 'x86_64', 'python_version': '3.12.10 (main, Jun  3 2025, 21:04:06) [GCC 8.5.0 20210514 (Red Hat 8.5.0-26)]', 'python_executable': '/usr/bin/python', 'cpu_count': 256, 'total_memory': 540285198336, 'available_memory': 503185616896, 'gpu_info': {'cuda_available': True, 'cuda_version': '12.6', 'gpu_count': 1, 'gpu_names': ['NVIDIA A100-SXM4-40GB MIG 1g.5gb']}, 'package_versions': {'numpy': '1.26.4', 'scipy': '1.13.1', 'scikit-learn': 'not installed', 'librosa': '0.11.0', 'soundfile': '0.13.1', 'torch': '2.7.1+cu126', 'tensorflow': 'not installed', 'matplotlib': '3.10.3', 'pandas': '2.3.0'}, 'git_info': {'commit_hash': 'b8869759b4122b7648b00f614892269782e4ca2c', 'branch': 'origin', 'is_dirty': True}}
2025-10-04 15:39:41,993 - chaotic_trainer - INFO - Training 1 systems × 1 types × 1 runs...
2025-10-04 15:39:41,993 - chaotic_trainer - INFO - Systems: ['lorenz']
2025-10-04 15:39:41,993 - chaotic_trainer - INFO - Model types: ['full_chaotic']
2025-10-04 15:39:41,993 - chaotic_trainer - INFO - 
============================================================
2025-10-04 15:39:41,993 - chaotic_trainer - INFO - TRAINING: LORENZ + FULL_CHAOTIC
2025-10-04 15:39:41,993 - chaotic_trainer - INFO - ============================================================
2025-10-04 15:39:41,993 - chaotic_trainer - INFO - Training chaotic_lorenz_full_chaotic_run_0...
2025-10-04 15:39:41,993 - chaotic_trainer - INFO - Optimizing parameters for lorenz system...
2025-10-04 15:39:42,003 - chaotic_trainer - INFO - Setting up chaotic_lorenz_full_chaotic_run_0...
2025-10-04 15:39:43,214 - chaotic_trainer - ERROR - Failed to train chaotic_lorenz_full_chaotic_run_0: CosineAnnealingLR.__init__() missing 1 required positional argument: 'T_max'
2025-10-04 15:39:43,214 - chaotic_trainer - ERROR - Traceback: Traceback (most recent call last):
  File "/scratch/project_2003370/yueyao/Model/scripts/train_chaotic.py", line 420, in train_single_experiment
    experiment.setup()
  File "/scratch/project_2003370/yueyao/Model/experiments/base_experiment.py", line 315, in setup
    self.scheduler = self.create_scheduler(self.optimizer)
                     ^^^^^^^^^^^^^^^^^^^^^^^^^^^^^^^^^^^^^
  File "/scratch/project_2003370/yueyao/Model/experiments/base_experiment.py", line 259, in create_scheduler
    return optim.lr_scheduler.CosineAnnealingLR(optimizer, **scheduler_params)
           ^^^^^^^^^^^^^^^^^^^^^^^^^^^^^^^^^^^^^^^^^^^^^^^^^^^^^^^^^^^^^^^^^^^
TypeError: CosineAnnealingLR.__init__() missing 1 required positional argument: 'T_max'

2025-10-04 15:39:43,214 - chaotic_trainer - INFO - Progress: 1/1 (100.0%)
2025-10-04 15:39:43,215 - chaotic_trainer - WARNING - No successful runs for lorenz + full_chaotic
2025-10-04 15:39:43,215 - chaotic_trainer - INFO - Analyzing chaotic training results...
2025-10-04 15:39:43,215 - chaotic_trainer - INFO - Generating comprehensive chaotic training report...
2025-10-04 15:39:43,261 - chaotic_trainer - INFO - Visualizations saved to: outputs/chaotic/visualizations
2025-10-04 15:39:43,261 - chaotic_trainer - INFO - Reports generated:
2025-10-04 15:39:43,261 - chaotic_trainer - INFO -   Text report: outputs/chaotic/chaotic_training_report.txt
2025-10-04 15:39:43,262 - chaotic_trainer - INFO -   JSON report: outputs/chaotic/chaotic_training_results.json
2025-10-04 15:39:43,262 - chaotic_trainer - INFO - Chaotic training completed.
2025-10-04 15:39:43,262 - chaotic_trainer - INFO - ============================================================
2025-10-04 15:42:41,874 - chaotic_trainer - INFO - ============================================================
2025-10-04 15:42:41,874 - chaotic_trainer - INFO - CHAOTIC NEURAL NETWORKS TRAINING
2025-10-04 15:42:41,874 - chaotic_trainer - INFO - ============================================================
2025-10-04 15:42:41,874 - chaotic_trainer - INFO - Output directory: outputs/chaotic
2025-10-04 15:42:41,874 - chaotic_trainer - INFO - Configuration: {
  "chaotic_system": "lorenz",
  "model_type": "full_chaotic",
  "num_speakers": 100,
  "batch_size": 32,
  "num_epochs": 100,
  "learning_rate": 0.0005,
  "weight_decay": 1e-05,
  "gradient_clipping": 1.0,
  "embedding_dim": 10,
  "mlsa_scales": 5,
  "rqa_radius_ratio": 0.1,
  "evolution_time": 0.5,
  "time_step": 0.01,
  "coupling_strength": 1.0,
  "noise_level": 0.001,
  "pooling_type": "comprehensive",
  "speaker_embedding_dim": 128,
  "classifier_type": "cosine",
  "temperature": 30.0,
  "margin": 0.35,
  "sample_rate": 16000,
  "max_audio_length": 3.0,
  "data_dir": "./data",
  "device": "auto",
  "seed": 42,
  "optimize_parameters": true,
  "optimizer": {
    "type": "adamw",
    "params": {
      "betas": [
        0.9,
        0.999
      ]
    }
  },
  "scheduler": {
    "type": "cosine",
    "params": {
      "eta_min": 1e-06
    }
  },
  "early_stopping": {
    "patience": 20
  },
  "epochs": 10
}
2025-10-04 15:42:41,919 - chaotic_trainer - INFO - System info: {'platform': 'Linux-4.18.0-553.74.1.el8_10.x86_64-x86_64-with-glibc2.28', 'system': 'Linux', 'node': 'g1102.mahti.csc.fi', 'release': '4.18.0-553.74.1.el8_10.x86_64', 'version': '#1 SMP Sun Sep 7 09:23:35 EDT 2025', 'machine': 'x86_64', 'processor': 'x86_64', 'python_version': '3.12.10 (main, Jun  3 2025, 21:04:06) [GCC 8.5.0 20210514 (Red Hat 8.5.0-26)]', 'python_executable': '/usr/bin/python', 'cpu_count': 256, 'total_memory': 540285198336, 'available_memory': 503181295616, 'gpu_info': {'cuda_available': True, 'cuda_version': '12.6', 'gpu_count': 1, 'gpu_names': ['NVIDIA A100-SXM4-40GB MIG 1g.5gb']}, 'package_versions': {'numpy': '1.26.4', 'scipy': '1.13.1', 'scikit-learn': 'not installed', 'librosa': '0.11.0', 'soundfile': '0.13.1', 'torch': '2.7.1+cu126', 'tensorflow': 'not installed', 'matplotlib': '3.10.3', 'pandas': '2.3.0'}, 'git_info': {'commit_hash': 'b8869759b4122b7648b00f614892269782e4ca2c', 'branch': 'origin', 'is_dirty': True}}
2025-10-04 15:42:41,919 - chaotic_trainer - INFO - Training 1 systems × 1 types × 1 runs...
2025-10-04 15:42:41,919 - chaotic_trainer - INFO - Systems: ['lorenz']
2025-10-04 15:42:41,919 - chaotic_trainer - INFO - Model types: ['full_chaotic']
2025-10-04 15:42:41,920 - chaotic_trainer - INFO - 
============================================================
2025-10-04 15:42:41,920 - chaotic_trainer - INFO - TRAINING: LORENZ + FULL_CHAOTIC
2025-10-04 15:42:41,920 - chaotic_trainer - INFO - ============================================================
2025-10-04 15:42:41,920 - chaotic_trainer - INFO - Training chaotic_lorenz_full_chaotic_run_0...
2025-10-04 15:42:41,920 - chaotic_trainer - INFO - Optimizing parameters for lorenz system...
2025-10-04 15:42:41,930 - chaotic_trainer - INFO - Setting up chaotic_lorenz_full_chaotic_run_0...
2025-10-04 15:42:43,187 - chaotic_trainer - INFO - Model parameters: 20,073 (trainable: 20,073)
2025-10-04 15:42:43,187 - chaotic_trainer - INFO - Starting training for 100 epochs...
2025-10-04 15:42:43,218 - chaotic_trainer - ERROR - Failed to train chaotic_lorenz_full_chaotic_run_0: 'PhaseSpaceReconstructor' object is not callable
2025-10-04 15:42:43,220 - chaotic_trainer - ERROR - Traceback: Traceback (most recent call last):
  File "/scratch/project_2003370/yueyao/Model/scripts/train_chaotic.py", line 452, in train_single_experiment
    experiment.train(self.config['num_epochs'])
  File "/scratch/project_2003370/yueyao/Model/experiments/base_experiment.py", line 587, in train
    train_metrics = self.train_epoch()
                    ^^^^^^^^^^^^^^^^^^
  File "/scratch/project_2003370/yueyao/Model/experiments/chaotic_experiment.py", line 437, in train_epoch
    epoch_metrics = super().train_epoch()
                    ^^^^^^^^^^^^^^^^^^^^^
  File "/scratch/project_2003370/yueyao/Model/experiments/base_experiment.py", line 388, in train_epoch
    loss, predictions, targets = self.forward_pass(batch, training=True)
                                 ^^^^^^^^^^^^^^^^^^^^^^^^^^^^^^^^^^^^^^^
  File "/scratch/project_2003370/yueyao/Model/experiments/chaotic_experiment.py", line 375, in forward_pass
    logits = self.model(audio, labels=targets if training else None)
             ^^^^^^^^^^^^^^^^^^^^^^^^^^^^^^^^^^^^^^^^^^^^^^^^^^^^^^^
  File "/usr/local/lib64/python3.12/site-packages/torch/nn/modules/module.py", line 1751, in _wrapped_call_impl
    return self._call_impl(*args, **kwargs)
           ^^^^^^^^^^^^^^^^^^^^^^^^^^^^^^^^
  File "/usr/local/lib64/python3.12/site-packages/torch/nn/modules/module.py", line 1762, in _call_impl
    return forward_call(*args, **kwargs)
           ^^^^^^^^^^^^^^^^^^^^^^^^^^^^^
  File "/scratch/project_2003370/yueyao/Model/models/chaotic_network.py", line 475, in forward
    phase_space_data = self.phase_space(audio)
                       ^^^^^^^^^^^^^^^^^^^^^^^
TypeError: 'PhaseSpaceReconstructor' object is not callable

2025-10-04 15:42:43,220 - chaotic_trainer - INFO - Progress: 1/1 (100.0%)
2025-10-04 15:42:43,220 - chaotic_trainer - WARNING - No successful runs for lorenz + full_chaotic
2025-10-04 15:42:43,220 - chaotic_trainer - INFO - Analyzing chaotic training results...
2025-10-04 15:42:43,220 - chaotic_trainer - INFO - Generating comprehensive chaotic training report...
2025-10-04 15:42:43,264 - chaotic_trainer - INFO - Visualizations saved to: outputs/chaotic/visualizations
2025-10-04 15:42:43,264 - chaotic_trainer - INFO - Reports generated:
2025-10-04 15:42:43,264 - chaotic_trainer - INFO -   Text report: outputs/chaotic/chaotic_training_report.txt
2025-10-04 15:42:43,264 - chaotic_trainer - INFO -   JSON report: outputs/chaotic/chaotic_training_results.json
2025-10-04 15:42:43,264 - chaotic_trainer - INFO - Chaotic training completed.
2025-10-04 15:42:43,264 - chaotic_trainer - INFO - ============================================================
2025-10-04 15:44:28,053 - chaotic_trainer - INFO - ============================================================
2025-10-04 15:44:28,053 - chaotic_trainer - INFO - CHAOTIC NEURAL NETWORKS TRAINING
2025-10-04 15:44:28,053 - chaotic_trainer - INFO - ============================================================
2025-10-04 15:44:28,053 - chaotic_trainer - INFO - Output directory: outputs/chaotic
2025-10-04 15:44:28,053 - chaotic_trainer - INFO - Configuration: {
  "chaotic_system": "lorenz",
  "model_type": "full_chaotic",
  "num_speakers": 100,
  "batch_size": 32,
  "num_epochs": 100,
  "learning_rate": 0.0005,
  "weight_decay": 1e-05,
  "gradient_clipping": 1.0,
  "embedding_dim": 10,
  "mlsa_scales": 5,
  "rqa_radius_ratio": 0.1,
  "evolution_time": 0.5,
  "time_step": 0.01,
  "coupling_strength": 1.0,
  "noise_level": 0.001,
  "pooling_type": "comprehensive",
  "speaker_embedding_dim": 128,
  "classifier_type": "cosine",
  "temperature": 30.0,
  "margin": 0.35,
  "sample_rate": 16000,
  "max_audio_length": 3.0,
  "data_dir": "./data",
  "device": "auto",
  "seed": 42,
  "optimize_parameters": true,
  "optimizer": {
    "type": "adamw",
    "params": {
      "betas": [
        0.9,
        0.999
      ]
    }
  },
  "scheduler": {
    "type": "cosine",
    "params": {
      "eta_min": 1e-06
    }
  },
  "early_stopping": {
    "patience": 20
  },
  "epochs": 10
}
2025-10-04 15:44:28,096 - chaotic_trainer - INFO - System info: {'platform': 'Linux-4.18.0-553.74.1.el8_10.x86_64-x86_64-with-glibc2.28', 'system': 'Linux', 'node': 'g1102.mahti.csc.fi', 'release': '4.18.0-553.74.1.el8_10.x86_64', 'version': '#1 SMP Sun Sep 7 09:23:35 EDT 2025', 'machine': 'x86_64', 'processor': 'x86_64', 'python_version': '3.12.10 (main, Jun  3 2025, 21:04:06) [GCC 8.5.0 20210514 (Red Hat 8.5.0-26)]', 'python_executable': '/usr/bin/python', 'cpu_count': 256, 'total_memory': 540285198336, 'available_memory': 503182532608, 'gpu_info': {'cuda_available': True, 'cuda_version': '12.6', 'gpu_count': 1, 'gpu_names': ['NVIDIA A100-SXM4-40GB MIG 1g.5gb']}, 'package_versions': {'numpy': '1.26.4', 'scipy': '1.13.1', 'scikit-learn': 'not installed', 'librosa': '0.11.0', 'soundfile': '0.13.1', 'torch': '2.7.1+cu126', 'tensorflow': 'not installed', 'matplotlib': '3.10.3', 'pandas': '2.3.0'}, 'git_info': {'commit_hash': 'b8869759b4122b7648b00f614892269782e4ca2c', 'branch': 'origin', 'is_dirty': True}}
2025-10-04 15:44:28,097 - chaotic_trainer - INFO - Training 1 systems × 1 types × 1 runs...
2025-10-04 15:44:28,097 - chaotic_trainer - INFO - Systems: ['lorenz']
2025-10-04 15:44:28,097 - chaotic_trainer - INFO - Model types: ['full_chaotic']
2025-10-04 15:44:28,097 - chaotic_trainer - INFO - 
============================================================
2025-10-04 15:44:28,097 - chaotic_trainer - INFO - TRAINING: LORENZ + FULL_CHAOTIC
2025-10-04 15:44:28,097 - chaotic_trainer - INFO - ============================================================
2025-10-04 15:44:28,097 - chaotic_trainer - INFO - Training chaotic_lorenz_full_chaotic_run_0...
2025-10-04 15:44:28,097 - chaotic_trainer - INFO - Optimizing parameters for lorenz system...
2025-10-04 15:44:28,107 - chaotic_trainer - INFO - Setting up chaotic_lorenz_full_chaotic_run_0...
2025-10-04 15:44:29,374 - chaotic_trainer - INFO - Model parameters: 20,073 (trainable: 20,073)
2025-10-04 15:44:29,374 - chaotic_trainer - INFO - Starting training for 100 epochs...
2025-10-04 15:52:54,273 - chaotic_trainer - INFO - ============================================================
2025-10-04 15:52:54,273 - chaotic_trainer - INFO - CHAOTIC NEURAL NETWORKS TRAINING
2025-10-04 15:52:54,274 - chaotic_trainer - INFO - ============================================================
2025-10-04 15:52:54,274 - chaotic_trainer - INFO - Output directory: outputs/chaotic
2025-10-04 15:52:54,274 - chaotic_trainer - INFO - Configuration: {
  "chaotic_system": "lorenz",
  "model_type": "full_chaotic",
  "num_speakers": 100,
  "batch_size": 32,
  "num_epochs": 100,
  "learning_rate": 0.0005,
  "weight_decay": 1e-05,
  "gradient_clipping": 1.0,
  "embedding_dim": 10,
  "mlsa_scales": 5,
  "rqa_radius_ratio": 0.1,
  "evolution_time": 0.5,
  "time_step": 0.01,
  "coupling_strength": 1.0,
  "noise_level": 0.001,
  "pooling_type": "comprehensive",
  "speaker_embedding_dim": 128,
  "classifier_type": "cosine",
  "temperature": 30.0,
  "margin": 0.35,
  "sample_rate": 16000,
  "max_audio_length": 3.0,
  "data_dir": "./data",
  "device": "auto",
  "seed": 42,
  "optimize_parameters": true,
  "optimizer": {
    "type": "adamw",
    "params": {
      "betas": [
        0.9,
        0.999
      ]
    }
  },
  "scheduler": {
    "type": "cosine",
    "params": {
      "eta_min": 1e-06
    }
  },
  "early_stopping": {
    "patience": 20
  }
}
2025-10-04 15:52:54,316 - chaotic_trainer - INFO - System info: {'platform': 'Linux-4.18.0-553.74.1.el8_10.x86_64-x86_64-with-glibc2.28', 'system': 'Linux', 'node': 'g1102.mahti.csc.fi', 'release': '4.18.0-553.74.1.el8_10.x86_64', 'version': '#1 SMP Sun Sep 7 09:23:35 EDT 2025', 'machine': 'x86_64', 'processor': 'x86_64', 'python_version': '3.12.10 (main, Jun  3 2025, 21:04:06) [GCC 8.5.0 20210514 (Red Hat 8.5.0-26)]', 'python_executable': '/usr/bin/python', 'cpu_count': 256, 'total_memory': 540285198336, 'available_memory': 501788975104, 'gpu_info': {'cuda_available': True, 'cuda_version': '12.6', 'gpu_count': 1, 'gpu_names': ['NVIDIA A100-SXM4-40GB MIG 1g.5gb']}, 'package_versions': {'numpy': '1.26.4', 'scipy': '1.13.1', 'scikit-learn': 'not installed', 'librosa': '0.11.0', 'soundfile': '0.13.1', 'torch': '2.7.1+cu126', 'tensorflow': 'not installed', 'matplotlib': '3.10.3', 'pandas': '2.3.0'}, 'git_info': {'commit_hash': 'b8869759b4122b7648b00f614892269782e4ca2c', 'branch': 'origin', 'is_dirty': True}}
2025-10-04 15:52:54,316 - chaotic_trainer - INFO - Training 2 systems × 1 types × 3 runs...
2025-10-04 15:52:54,316 - chaotic_trainer - INFO - Systems: ['lorenz', 'rossler']
2025-10-04 15:52:54,316 - chaotic_trainer - INFO - Model types: ['full_chaotic']
2025-10-04 15:52:54,316 - chaotic_trainer - INFO - 
============================================================
2025-10-04 15:52:54,317 - chaotic_trainer - INFO - TRAINING: LORENZ + FULL_CHAOTIC
2025-10-04 15:52:54,317 - chaotic_trainer - INFO - ============================================================
2025-10-04 15:52:54,317 - chaotic_trainer - INFO - Training chaotic_lorenz_full_chaotic_run_0...
2025-10-04 15:52:54,317 - chaotic_trainer - INFO - Optimizing parameters for lorenz system...
2025-10-04 15:52:54,326 - chaotic_trainer - INFO - Setting up chaotic_lorenz_full_chaotic_run_0...
2025-10-04 15:52:55,575 - chaotic_trainer - INFO - Model parameters: 20,073 (trainable: 20,073)
2025-10-04 15:52:55,575 - chaotic_trainer - INFO - Training with chaotic dynamics monitoring...
2025-10-04 15:52:55,575 - chaotic_trainer - INFO - Starting training for 100 epochs...
2025-10-04 15:55:22,302 - chaotic_trainer - INFO - ============================================================
2025-10-04 15:55:22,302 - chaotic_trainer - INFO - CHAOTIC NEURAL NETWORKS TRAINING
2025-10-04 15:55:22,302 - chaotic_trainer - INFO - ============================================================
2025-10-04 15:55:22,302 - chaotic_trainer - INFO - Output directory: outputs/chaotic
2025-10-04 15:55:22,302 - chaotic_trainer - INFO - Configuration: {
  "chaotic_system": "lorenz",
  "model_type": "full_chaotic",
  "num_speakers": 100,
  "batch_size": 32,
  "num_epochs": 100,
  "learning_rate": 0.0005,
  "weight_decay": 1e-05,
  "gradient_clipping": 1.0,
  "embedding_dim": 10,
  "mlsa_scales": 5,
  "rqa_radius_ratio": 0.1,
  "evolution_time": 0.5,
  "time_step": 0.01,
  "coupling_strength": 1.0,
  "noise_level": 0.001,
  "pooling_type": "comprehensive",
  "speaker_embedding_dim": 128,
  "classifier_type": "cosine",
  "temperature": 30.0,
  "margin": 0.35,
  "sample_rate": 16000,
  "max_audio_length": 3.0,
  "data_dir": "../dataset/train-clean-100/LibriSpeech/train-clean-100/",
  "device": "auto",
  "seed": 42,
  "optimize_parameters": true,
  "optimizer": {
    "type": "adamw",
    "params": {
      "betas": [
        0.9,
        0.999
      ]
    }
  },
  "scheduler": {
    "type": "cosine",
    "params": {
      "eta_min": 1e-06
    }
  },
  "early_stopping": {
    "patience": 20
  },
  "epochs": 10
}
2025-10-04 15:55:22,346 - chaotic_trainer - INFO - System info: {'platform': 'Linux-4.18.0-553.74.1.el8_10.x86_64-x86_64-with-glibc2.28', 'system': 'Linux', 'node': 'g1102.mahti.csc.fi', 'release': '4.18.0-553.74.1.el8_10.x86_64', 'version': '#1 SMP Sun Sep 7 09:23:35 EDT 2025', 'machine': 'x86_64', 'processor': 'x86_64', 'python_version': '3.12.10 (main, Jun  3 2025, 21:04:06) [GCC 8.5.0 20210514 (Red Hat 8.5.0-26)]', 'python_executable': '/usr/bin/python', 'cpu_count': 256, 'total_memory': 540285198336, 'available_memory': 501767958528, 'gpu_info': {'cuda_available': True, 'cuda_version': '12.6', 'gpu_count': 1, 'gpu_names': ['NVIDIA A100-SXM4-40GB MIG 1g.5gb']}, 'package_versions': {'numpy': '1.26.4', 'scipy': '1.13.1', 'scikit-learn': 'not installed', 'librosa': '0.11.0', 'soundfile': '0.13.1', 'torch': '2.7.1+cu126', 'tensorflow': 'not installed', 'matplotlib': '3.10.3', 'pandas': '2.3.0'}, 'git_info': {'commit_hash': 'b8869759b4122b7648b00f614892269782e4ca2c', 'branch': 'origin', 'is_dirty': True}}
2025-10-04 15:55:22,346 - chaotic_trainer - INFO - Training 1 systems × 1 types × 1 runs...
2025-10-04 15:55:22,346 - chaotic_trainer - INFO - Systems: ['lorenz']
2025-10-04 15:55:22,346 - chaotic_trainer - INFO - Model types: ['full_chaotic']
2025-10-04 15:55:22,346 - chaotic_trainer - INFO - 
============================================================
2025-10-04 15:55:22,346 - chaotic_trainer - INFO - TRAINING: LORENZ + FULL_CHAOTIC
2025-10-04 15:55:22,346 - chaotic_trainer - INFO - ============================================================
2025-10-04 15:55:22,346 - chaotic_trainer - INFO - Training chaotic_lorenz_full_chaotic_run_0...
2025-10-04 15:55:22,346 - chaotic_trainer - INFO - Optimizing parameters for lorenz system...
2025-10-04 15:55:22,356 - chaotic_trainer - INFO - Setting up chaotic_lorenz_full_chaotic_run_0...
2025-10-04 15:55:23,608 - chaotic_trainer - INFO - Model parameters: 20,073 (trainable: 20,073)
2025-10-04 15:55:23,608 - chaotic_trainer - INFO - Starting training for 100 epochs...
2025-10-04 15:56:01,920 - chaotic_trainer - INFO - ============================================================
2025-10-04 15:56:01,920 - chaotic_trainer - INFO - CHAOTIC NEURAL NETWORKS TRAINING
2025-10-04 15:56:01,920 - chaotic_trainer - INFO - ============================================================
2025-10-04 15:56:01,920 - chaotic_trainer - INFO - Output directory: outputs/chaotic
2025-10-04 15:56:01,920 - chaotic_trainer - INFO - Configuration: {
  "chaotic_system": "lorenz",
  "model_type": "full_chaotic",
  "num_speakers": 100,
  "batch_size": 32,
  "num_epochs": 100,
  "learning_rate": 0.0005,
  "weight_decay": 1e-05,
  "gradient_clipping": 1.0,
  "embedding_dim": 10,
  "mlsa_scales": 5,
  "rqa_radius_ratio": 0.1,
  "evolution_time": 0.5,
  "time_step": 0.01,
  "coupling_strength": 1.0,
  "noise_level": 0.001,
  "pooling_type": "comprehensive",
  "speaker_embedding_dim": 128,
  "classifier_type": "cosine",
  "temperature": 30.0,
  "margin": 0.35,
  "sample_rate": 16000,
  "max_audio_length": 3.0,
  "data_dir": "/scratch/project_2003370/yueyao/dataset/train-clean-100/LibriSpeech/train-clean-100",
  "device": "auto",
  "seed": 42,
  "optimize_parameters": true,
  "optimizer": {
    "type": "adamw",
    "params": {
      "betas": [
        0.9,
        0.999
      ]
    }
  },
  "scheduler": {
    "type": "cosine",
    "params": {
      "eta_min": 1e-06
    }
  },
  "early_stopping": {
    "patience": 20
  },
  "epochs": 10
}
2025-10-04 15:56:01,965 - chaotic_trainer - INFO - System info: {'platform': 'Linux-4.18.0-553.74.1.el8_10.x86_64-x86_64-with-glibc2.28', 'system': 'Linux', 'node': 'g1102.mahti.csc.fi', 'release': '4.18.0-553.74.1.el8_10.x86_64', 'version': '#1 SMP Sun Sep 7 09:23:35 EDT 2025', 'machine': 'x86_64', 'processor': 'x86_64', 'python_version': '3.12.10 (main, Jun  3 2025, 21:04:06) [GCC 8.5.0 20210514 (Red Hat 8.5.0-26)]', 'python_executable': '/usr/bin/python', 'cpu_count': 256, 'total_memory': 540285198336, 'available_memory': 501765693440, 'gpu_info': {'cuda_available': True, 'cuda_version': '12.6', 'gpu_count': 1, 'gpu_names': ['NVIDIA A100-SXM4-40GB MIG 1g.5gb']}, 'package_versions': {'numpy': '1.26.4', 'scipy': '1.13.1', 'scikit-learn': 'not installed', 'librosa': '0.11.0', 'soundfile': '0.13.1', 'torch': '2.7.1+cu126', 'tensorflow': 'not installed', 'matplotlib': '3.10.3', 'pandas': '2.3.0'}, 'git_info': {'commit_hash': 'b8869759b4122b7648b00f614892269782e4ca2c', 'branch': 'origin', 'is_dirty': True}}
2025-10-04 15:56:01,965 - chaotic_trainer - INFO - Training 1 systems × 1 types × 1 runs...
2025-10-04 15:56:01,965 - chaotic_trainer - INFO - Systems: ['lorenz']
2025-10-04 15:56:01,965 - chaotic_trainer - INFO - Model types: ['full_chaotic']
2025-10-04 15:56:01,965 - chaotic_trainer - INFO - 
============================================================
2025-10-04 15:56:01,965 - chaotic_trainer - INFO - TRAINING: LORENZ + FULL_CHAOTIC
2025-10-04 15:56:01,965 - chaotic_trainer - INFO - ============================================================
2025-10-04 15:56:01,965 - chaotic_trainer - INFO - Training chaotic_lorenz_full_chaotic_run_0...
2025-10-04 15:56:01,965 - chaotic_trainer - INFO - Optimizing parameters for lorenz system...
2025-10-04 15:56:01,975 - chaotic_trainer - INFO - Setting up chaotic_lorenz_full_chaotic_run_0...
2025-10-04 15:56:10,693 - chaotic_trainer - INFO - Model parameters: 20,073 (trainable: 20,073)
2025-10-04 15:56:10,693 - chaotic_trainer - INFO - Starting training for 100 epochs...
2025-10-04 15:56:26,632 - chaotic_trainer - ERROR - Failed to train chaotic_lorenz_full_chaotic_run_0: CUDA error: device-side assert triggered
CUDA kernel errors might be asynchronously reported at some other API call, so the stacktrace below might be incorrect.
For debugging consider passing CUDA_LAUNCH_BLOCKING=1
Compile with `TORCH_USE_CUDA_DSA` to enable device-side assertions.

2025-10-04 15:56:26,634 - chaotic_trainer - ERROR - Traceback: Traceback (most recent call last):
  File "/scratch/project_2003370/yueyao/Model/scripts/train_chaotic.py", line 452, in train_single_experiment
    experiment.train(self.config['num_epochs'])
  File "/scratch/project_2003370/yueyao/Model/experiments/base_experiment.py", line 587, in train
    train_metrics = self.train_epoch()
                    ^^^^^^^^^^^^^^^^^^
  File "/scratch/project_2003370/yueyao/Model/experiments/chaotic_experiment.py", line 437, in train_epoch
    epoch_metrics = super().train_epoch()
                    ^^^^^^^^^^^^^^^^^^^^^
  File "/scratch/project_2003370/yueyao/Model/experiments/base_experiment.py", line 388, in train_epoch
    loss, predictions, targets = self.forward_pass(batch, training=True)
                                 ^^^^^^^^^^^^^^^^^^^^^^^^^^^^^^^^^^^^^^^
  File "/scratch/project_2003370/yueyao/Model/experiments/chaotic_experiment.py", line 385, in forward_pass
    predictions = torch.argmax(logits, dim=1)
                  ^^^^^^^^^^^^^^^^^^^^^^^^^^^
RuntimeError: CUDA error: device-side assert triggered
CUDA kernel errors might be asynchronously reported at some other API call, so the stacktrace below might be incorrect.
For debugging consider passing CUDA_LAUNCH_BLOCKING=1
Compile with `TORCH_USE_CUDA_DSA` to enable device-side assertions.


2025-10-04 15:56:26,644 - chaotic_trainer - INFO - Progress: 1/1 (100.0%)
2025-10-04 15:56:26,644 - chaotic_trainer - WARNING - No successful runs for lorenz + full_chaotic
2025-10-04 15:56:26,645 - chaotic_trainer - INFO - Analyzing chaotic training results...
2025-10-04 15:56:26,645 - chaotic_trainer - INFO - Generating comprehensive chaotic training report...
2025-10-04 15:56:26,690 - chaotic_trainer - INFO - Visualizations saved to: outputs/chaotic/visualizations
2025-10-04 15:56:26,690 - chaotic_trainer - INFO - Reports generated:
2025-10-04 15:56:26,690 - chaotic_trainer - INFO -   Text report: outputs/chaotic/chaotic_training_report.txt
2025-10-04 15:56:26,690 - chaotic_trainer - INFO -   JSON report: outputs/chaotic/chaotic_training_results.json
2025-10-04 15:56:26,691 - chaotic_trainer - INFO - Chaotic training completed.
2025-10-04 15:56:26,691 - chaotic_trainer - INFO - ============================================================
2025-10-04 15:57:41,131 - chaotic_trainer - INFO - ============================================================
2025-10-04 15:57:41,131 - chaotic_trainer - INFO - CHAOTIC NEURAL NETWORKS TRAINING
2025-10-04 15:57:41,131 - chaotic_trainer - INFO - ============================================================
2025-10-04 15:57:41,131 - chaotic_trainer - INFO - Output directory: outputs/chaotic
2025-10-04 15:57:41,131 - chaotic_trainer - INFO - Configuration: {
  "chaotic_system": "lorenz",
  "model_type": "full_chaotic",
  "num_speakers": 100,
  "batch_size": 32,
  "num_epochs": 100,
  "learning_rate": 0.0005,
  "weight_decay": 1e-05,
  "gradient_clipping": 1.0,
  "embedding_dim": 10,
  "mlsa_scales": 5,
  "rqa_radius_ratio": 0.1,
  "evolution_time": 0.5,
  "time_step": 0.01,
  "coupling_strength": 1.0,
  "noise_level": 0.001,
  "pooling_type": "comprehensive",
  "speaker_embedding_dim": 128,
  "classifier_type": "cosine",
  "temperature": 30.0,
  "margin": 0.35,
  "sample_rate": 16000,
  "max_audio_length": 3.0,
  "data_dir": "/scratch/project_2003370/yueyao/dataset/train-clean-100/LibriSpeech/train-clean-100",
  "device": "auto",
  "seed": 42,
  "optimize_parameters": true,
  "optimizer": {
    "type": "adamw",
    "params": {
      "betas": [
        0.9,
        0.999
      ]
    }
  },
  "scheduler": {
    "type": "cosine",
    "params": {
      "eta_min": 1e-06
    }
  },
  "early_stopping": {
    "patience": 20
  }
}
2025-10-04 15:57:41,178 - chaotic_trainer - INFO - System info: {'platform': 'Linux-4.18.0-553.74.1.el8_10.x86_64-x86_64-with-glibc2.28', 'system': 'Linux', 'node': 'g1102.mahti.csc.fi', 'release': '4.18.0-553.74.1.el8_10.x86_64', 'version': '#1 SMP Sun Sep 7 09:23:35 EDT 2025', 'machine': 'x86_64', 'processor': 'x86_64', 'python_version': '3.12.10 (main, Jun  3 2025, 21:04:06) [GCC 8.5.0 20210514 (Red Hat 8.5.0-26)]', 'python_executable': '/usr/bin/python', 'cpu_count': 256, 'total_memory': 540285198336, 'available_memory': 503097020416, 'gpu_info': {'cuda_available': True, 'cuda_version': '12.6', 'gpu_count': 1, 'gpu_names': ['NVIDIA A100-SXM4-40GB MIG 1g.5gb']}, 'package_versions': {'numpy': '1.26.4', 'scipy': '1.13.1', 'scikit-learn': 'not installed', 'librosa': '0.11.0', 'soundfile': '0.13.1', 'torch': '2.7.1+cu126', 'tensorflow': 'not installed', 'matplotlib': '3.10.3', 'pandas': '2.3.0'}, 'git_info': {'commit_hash': 'b8869759b4122b7648b00f614892269782e4ca2c', 'branch': 'origin', 'is_dirty': True}}
2025-10-04 15:57:41,178 - chaotic_trainer - INFO - Training 2 systems × 1 types × 3 runs...
2025-10-04 15:57:41,178 - chaotic_trainer - INFO - Systems: ['lorenz', 'rossler']
2025-10-04 15:57:41,178 - chaotic_trainer - INFO - Model types: ['full_chaotic']
2025-10-04 15:57:41,178 - chaotic_trainer - INFO - 
============================================================
2025-10-04 15:57:41,178 - chaotic_trainer - INFO - TRAINING: LORENZ + FULL_CHAOTIC
2025-10-04 15:57:41,178 - chaotic_trainer - INFO - ============================================================
2025-10-04 15:57:41,178 - chaotic_trainer - INFO - Training chaotic_lorenz_full_chaotic_run_0...
2025-10-04 15:57:41,178 - chaotic_trainer - INFO - Optimizing parameters for lorenz system...
2025-10-04 15:57:41,188 - chaotic_trainer - INFO - Setting up chaotic_lorenz_full_chaotic_run_0...
2025-10-04 15:57:49,885 - chaotic_trainer - INFO - Model parameters: 20,073 (trainable: 20,073)
2025-10-04 15:57:49,885 - chaotic_trainer - INFO - Training with chaotic dynamics monitoring...
2025-10-04 15:57:49,885 - chaotic_trainer - INFO - Starting training for 100 epochs...
2025-10-04 15:58:05,435 - chaotic_trainer - ERROR - Failed to train chaotic_lorenz_full_chaotic_run_0: CUDA error: device-side assert triggered
CUDA kernel errors might be asynchronously reported at some other API call, so the stacktrace below might be incorrect.
For debugging consider passing CUDA_LAUNCH_BLOCKING=1
Compile with `TORCH_USE_CUDA_DSA` to enable device-side assertions.

2025-10-04 15:58:05,436 - chaotic_trainer - ERROR - Traceback: Traceback (most recent call last):
  File "/scratch/project_2003370/yueyao/Model/scripts/train_chaotic.py", line 452, in train_single_experiment
    experiment.train(self.config['num_epochs'])
  File "/scratch/project_2003370/yueyao/Model/experiments/base_experiment.py", line 587, in train
    train_metrics = self.train_epoch()
                    ^^^^^^^^^^^^^^^^^^
  File "/scratch/project_2003370/yueyao/Model/scripts/train_chaotic.py", line 439, in monitored_train_epoch
    metrics = original_train_epoch()
              ^^^^^^^^^^^^^^^^^^^^^^
  File "/scratch/project_2003370/yueyao/Model/experiments/chaotic_experiment.py", line 437, in train_epoch
    epoch_metrics = super().train_epoch()
                    ^^^^^^^^^^^^^^^^^^^^^
  File "/scratch/project_2003370/yueyao/Model/experiments/base_experiment.py", line 388, in train_epoch
    loss, predictions, targets = self.forward_pass(batch, training=True)
                                 ^^^^^^^^^^^^^^^^^^^^^^^^^^^^^^^^^^^^^^^
  File "/scratch/project_2003370/yueyao/Model/experiments/chaotic_experiment.py", line 385, in forward_pass
    predictions = torch.argmax(logits, dim=1)
                  ^^^^^^^^^^^^^^^^^^^^^^^^^^^
RuntimeError: CUDA error: device-side assert triggered
CUDA kernel errors might be asynchronously reported at some other API call, so the stacktrace below might be incorrect.
For debugging consider passing CUDA_LAUNCH_BLOCKING=1
Compile with `TORCH_USE_CUDA_DSA` to enable device-side assertions.


2025-10-04 15:58:05,440 - chaotic_trainer - INFO - Progress: 1/6 (16.7%)
2025-10-04 15:58:05,440 - chaotic_trainer - INFO - Training chaotic_lorenz_full_chaotic_run_1...
2025-10-04 15:58:05,440 - chaotic_trainer - INFO - Optimizing parameters for lorenz system...
2025-10-04 15:58:05,448 - chaotic_trainer - ERROR - Failed to train chaotic_lorenz_full_chaotic_run_1: CUDA error: device-side assert triggered
CUDA kernel errors might be asynchronously reported at some other API call, so the stacktrace below might be incorrect.
For debugging consider passing CUDA_LAUNCH_BLOCKING=1
Compile with `TORCH_USE_CUDA_DSA` to enable device-side assertions.

2025-10-04 15:58:05,449 - chaotic_trainer - ERROR - Traceback: Traceback (most recent call last):
  File "/scratch/project_2003370/yueyao/Model/scripts/train_chaotic.py", line 409, in train_single_experiment
    experiment = ChaoticExperiment(
                 ^^^^^^^^^^^^^^^^^^
  File "/scratch/project_2003370/yueyao/Model/experiments/chaotic_experiment.py", line 91, in __init__
    super().__init__(config, experiment_name, output_dir, device, seed)
  File "/scratch/project_2003370/yueyao/Model/experiments/base_experiment.py", line 223, in __init__
    set_seed(self.seed)
  File "/scratch/project_2003370/yueyao/Model/utils/reproducibility.py", line 770, in set_seed
    _global_reproducibility_manager.set_global_seed(seed)
  File "/scratch/project_2003370/yueyao/Model/utils/reproducibility.py", line 446, in set_global_seed
    torch.manual_seed(seed)
  File "/usr/local/lib64/python3.12/site-packages/torch/_compile.py", line 51, in inner
    return disable_fn(*args, **kwargs)
           ^^^^^^^^^^^^^^^^^^^^^^^^^^^
  File "/usr/local/lib64/python3.12/site-packages/torch/_dynamo/eval_frame.py", line 838, in _fn
    return fn(*args, **kwargs)
           ^^^^^^^^^^^^^^^^^^^
  File "/usr/local/lib64/python3.12/site-packages/torch/random.py", line 46, in manual_seed
    torch.cuda.manual_seed_all(seed)
  File "/usr/local/lib64/python3.12/site-packages/torch/cuda/random.py", line 128, in manual_seed_all
    _lazy_call(cb, seed_all=True)
  File "/usr/local/lib64/python3.12/site-packages/torch/cuda/__init__.py", line 302, in _lazy_call
    callable()
  File "/usr/local/lib64/python3.12/site-packages/torch/cuda/random.py", line 126, in cb
    default_generator.manual_seed(seed)
RuntimeError: CUDA error: device-side assert triggered
CUDA kernel errors might be asynchronously reported at some other API call, so the stacktrace below might be incorrect.
For debugging consider passing CUDA_LAUNCH_BLOCKING=1
Compile with `TORCH_USE_CUDA_DSA` to enable device-side assertions.


2025-10-04 15:58:05,450 - chaotic_trainer - INFO - Progress: 2/6 (33.3%)
2025-10-04 15:58:05,450 - chaotic_trainer - INFO - Training chaotic_lorenz_full_chaotic_run_2...
2025-10-04 15:58:05,450 - chaotic_trainer - INFO - Optimizing parameters for lorenz system...
2025-10-04 15:58:05,455 - chaotic_trainer - ERROR - Failed to train chaotic_lorenz_full_chaotic_run_2: CUDA error: device-side assert triggered
CUDA kernel errors might be asynchronously reported at some other API call, so the stacktrace below might be incorrect.
For debugging consider passing CUDA_LAUNCH_BLOCKING=1
Compile with `TORCH_USE_CUDA_DSA` to enable device-side assertions.

2025-10-04 15:58:05,456 - chaotic_trainer - ERROR - Traceback: Traceback (most recent call last):
  File "/scratch/project_2003370/yueyao/Model/scripts/train_chaotic.py", line 409, in train_single_experiment
    experiment = ChaoticExperiment(
                 ^^^^^^^^^^^^^^^^^^
  File "/scratch/project_2003370/yueyao/Model/experiments/chaotic_experiment.py", line 91, in __init__
    super().__init__(config, experiment_name, output_dir, device, seed)
  File "/scratch/project_2003370/yueyao/Model/experiments/base_experiment.py", line 223, in __init__
    set_seed(self.seed)
  File "/scratch/project_2003370/yueyao/Model/utils/reproducibility.py", line 770, in set_seed
    _global_reproducibility_manager.set_global_seed(seed)
  File "/scratch/project_2003370/yueyao/Model/utils/reproducibility.py", line 446, in set_global_seed
    torch.manual_seed(seed)
  File "/usr/local/lib64/python3.12/site-packages/torch/_compile.py", line 51, in inner
    return disable_fn(*args, **kwargs)
           ^^^^^^^^^^^^^^^^^^^^^^^^^^^
  File "/usr/local/lib64/python3.12/site-packages/torch/_dynamo/eval_frame.py", line 838, in _fn
    return fn(*args, **kwargs)
           ^^^^^^^^^^^^^^^^^^^
  File "/usr/local/lib64/python3.12/site-packages/torch/random.py", line 46, in manual_seed
    torch.cuda.manual_seed_all(seed)
  File "/usr/local/lib64/python3.12/site-packages/torch/cuda/random.py", line 128, in manual_seed_all
    _lazy_call(cb, seed_all=True)
  File "/usr/local/lib64/python3.12/site-packages/torch/cuda/__init__.py", line 302, in _lazy_call
    callable()
  File "/usr/local/lib64/python3.12/site-packages/torch/cuda/random.py", line 126, in cb
    default_generator.manual_seed(seed)
RuntimeError: CUDA error: device-side assert triggered
CUDA kernel errors might be asynchronously reported at some other API call, so the stacktrace below might be incorrect.
For debugging consider passing CUDA_LAUNCH_BLOCKING=1
Compile with `TORCH_USE_CUDA_DSA` to enable device-side assertions.


2025-10-04 15:58:05,456 - chaotic_trainer - INFO - Progress: 3/6 (50.0%)
2025-10-04 15:58:05,456 - chaotic_trainer - WARNING - No successful runs for lorenz + full_chaotic
2025-10-04 15:58:05,456 - chaotic_trainer - INFO - 
============================================================
2025-10-04 15:58:05,456 - chaotic_trainer - INFO - TRAINING: ROSSLER + FULL_CHAOTIC
2025-10-04 15:58:05,456 - chaotic_trainer - INFO - ============================================================
2025-10-04 15:58:05,456 - chaotic_trainer - INFO - Training chaotic_rossler_full_chaotic_run_0...
2025-10-04 15:58:05,457 - chaotic_trainer - INFO - Optimizing parameters for rossler system...
2025-10-04 15:58:05,462 - chaotic_trainer - ERROR - Failed to train chaotic_rossler_full_chaotic_run_0: CUDA error: device-side assert triggered
CUDA kernel errors might be asynchronously reported at some other API call, so the stacktrace below might be incorrect.
For debugging consider passing CUDA_LAUNCH_BLOCKING=1
Compile with `TORCH_USE_CUDA_DSA` to enable device-side assertions.

2025-10-04 15:58:05,463 - chaotic_trainer - ERROR - Traceback: Traceback (most recent call last):
  File "/scratch/project_2003370/yueyao/Model/scripts/train_chaotic.py", line 409, in train_single_experiment
    experiment = ChaoticExperiment(
                 ^^^^^^^^^^^^^^^^^^
  File "/scratch/project_2003370/yueyao/Model/experiments/chaotic_experiment.py", line 91, in __init__
    super().__init__(config, experiment_name, output_dir, device, seed)
  File "/scratch/project_2003370/yueyao/Model/experiments/base_experiment.py", line 223, in __init__
    set_seed(self.seed)
  File "/scratch/project_2003370/yueyao/Model/utils/reproducibility.py", line 770, in set_seed
    _global_reproducibility_manager.set_global_seed(seed)
  File "/scratch/project_2003370/yueyao/Model/utils/reproducibility.py", line 446, in set_global_seed
    torch.manual_seed(seed)
  File "/usr/local/lib64/python3.12/site-packages/torch/_compile.py", line 51, in inner
    return disable_fn(*args, **kwargs)
           ^^^^^^^^^^^^^^^^^^^^^^^^^^^
  File "/usr/local/lib64/python3.12/site-packages/torch/_dynamo/eval_frame.py", line 838, in _fn
    return fn(*args, **kwargs)
           ^^^^^^^^^^^^^^^^^^^
  File "/usr/local/lib64/python3.12/site-packages/torch/random.py", line 46, in manual_seed
    torch.cuda.manual_seed_all(seed)
  File "/usr/local/lib64/python3.12/site-packages/torch/cuda/random.py", line 128, in manual_seed_all
    _lazy_call(cb, seed_all=True)
  File "/usr/local/lib64/python3.12/site-packages/torch/cuda/__init__.py", line 302, in _lazy_call
    callable()
  File "/usr/local/lib64/python3.12/site-packages/torch/cuda/random.py", line 126, in cb
    default_generator.manual_seed(seed)
RuntimeError: CUDA error: device-side assert triggered
CUDA kernel errors might be asynchronously reported at some other API call, so the stacktrace below might be incorrect.
For debugging consider passing CUDA_LAUNCH_BLOCKING=1
Compile with `TORCH_USE_CUDA_DSA` to enable device-side assertions.


2025-10-04 15:58:05,463 - chaotic_trainer - INFO - Progress: 4/6 (66.7%)
2025-10-04 15:58:05,463 - chaotic_trainer - INFO - Training chaotic_rossler_full_chaotic_run_1...
2025-10-04 15:58:05,463 - chaotic_trainer - INFO - Optimizing parameters for rossler system...
2025-10-04 15:58:05,468 - chaotic_trainer - ERROR - Failed to train chaotic_rossler_full_chaotic_run_1: CUDA error: device-side assert triggered
CUDA kernel errors might be asynchronously reported at some other API call, so the stacktrace below might be incorrect.
For debugging consider passing CUDA_LAUNCH_BLOCKING=1
Compile with `TORCH_USE_CUDA_DSA` to enable device-side assertions.

2025-10-04 15:58:05,468 - chaotic_trainer - ERROR - Traceback: Traceback (most recent call last):
  File "/scratch/project_2003370/yueyao/Model/scripts/train_chaotic.py", line 409, in train_single_experiment
    experiment = ChaoticExperiment(
                 ^^^^^^^^^^^^^^^^^^
  File "/scratch/project_2003370/yueyao/Model/experiments/chaotic_experiment.py", line 91, in __init__
    super().__init__(config, experiment_name, output_dir, device, seed)
  File "/scratch/project_2003370/yueyao/Model/experiments/base_experiment.py", line 223, in __init__
    set_seed(self.seed)
  File "/scratch/project_2003370/yueyao/Model/utils/reproducibility.py", line 770, in set_seed
    _global_reproducibility_manager.set_global_seed(seed)
  File "/scratch/project_2003370/yueyao/Model/utils/reproducibility.py", line 446, in set_global_seed
    torch.manual_seed(seed)
  File "/usr/local/lib64/python3.12/site-packages/torch/_compile.py", line 51, in inner
    return disable_fn(*args, **kwargs)
           ^^^^^^^^^^^^^^^^^^^^^^^^^^^
  File "/usr/local/lib64/python3.12/site-packages/torch/_dynamo/eval_frame.py", line 838, in _fn
    return fn(*args, **kwargs)
           ^^^^^^^^^^^^^^^^^^^
  File "/usr/local/lib64/python3.12/site-packages/torch/random.py", line 46, in manual_seed
    torch.cuda.manual_seed_all(seed)
  File "/usr/local/lib64/python3.12/site-packages/torch/cuda/random.py", line 128, in manual_seed_all
    _lazy_call(cb, seed_all=True)
  File "/usr/local/lib64/python3.12/site-packages/torch/cuda/__init__.py", line 302, in _lazy_call
    callable()
  File "/usr/local/lib64/python3.12/site-packages/torch/cuda/random.py", line 126, in cb
    default_generator.manual_seed(seed)
RuntimeError: CUDA error: device-side assert triggered
CUDA kernel errors might be asynchronously reported at some other API call, so the stacktrace below might be incorrect.
For debugging consider passing CUDA_LAUNCH_BLOCKING=1
Compile with `TORCH_USE_CUDA_DSA` to enable device-side assertions.


2025-10-04 15:58:05,468 - chaotic_trainer - INFO - Progress: 5/6 (83.3%)
2025-10-04 15:58:05,469 - chaotic_trainer - INFO - Training chaotic_rossler_full_chaotic_run_2...
2025-10-04 15:58:05,469 - chaotic_trainer - INFO - Optimizing parameters for rossler system...
2025-10-04 15:58:05,473 - chaotic_trainer - ERROR - Failed to train chaotic_rossler_full_chaotic_run_2: CUDA error: device-side assert triggered
CUDA kernel errors might be asynchronously reported at some other API call, so the stacktrace below might be incorrect.
For debugging consider passing CUDA_LAUNCH_BLOCKING=1
Compile with `TORCH_USE_CUDA_DSA` to enable device-side assertions.

2025-10-04 15:58:05,474 - chaotic_trainer - ERROR - Traceback: Traceback (most recent call last):
  File "/scratch/project_2003370/yueyao/Model/scripts/train_chaotic.py", line 409, in train_single_experiment
    experiment = ChaoticExperiment(
                 ^^^^^^^^^^^^^^^^^^
  File "/scratch/project_2003370/yueyao/Model/experiments/chaotic_experiment.py", line 91, in __init__
    super().__init__(config, experiment_name, output_dir, device, seed)
  File "/scratch/project_2003370/yueyao/Model/experiments/base_experiment.py", line 223, in __init__
    set_seed(self.seed)
  File "/scratch/project_2003370/yueyao/Model/utils/reproducibility.py", line 770, in set_seed
    _global_reproducibility_manager.set_global_seed(seed)
  File "/scratch/project_2003370/yueyao/Model/utils/reproducibility.py", line 446, in set_global_seed
    torch.manual_seed(seed)
  File "/usr/local/lib64/python3.12/site-packages/torch/_compile.py", line 51, in inner
    return disable_fn(*args, **kwargs)
           ^^^^^^^^^^^^^^^^^^^^^^^^^^^
  File "/usr/local/lib64/python3.12/site-packages/torch/_dynamo/eval_frame.py", line 838, in _fn
    return fn(*args, **kwargs)
           ^^^^^^^^^^^^^^^^^^^
  File "/usr/local/lib64/python3.12/site-packages/torch/random.py", line 46, in manual_seed
    torch.cuda.manual_seed_all(seed)
  File "/usr/local/lib64/python3.12/site-packages/torch/cuda/random.py", line 128, in manual_seed_all
    _lazy_call(cb, seed_all=True)
  File "/usr/local/lib64/python3.12/site-packages/torch/cuda/__init__.py", line 302, in _lazy_call
    callable()
  File "/usr/local/lib64/python3.12/site-packages/torch/cuda/random.py", line 126, in cb
    default_generator.manual_seed(seed)
RuntimeError: CUDA error: device-side assert triggered
CUDA kernel errors might be asynchronously reported at some other API call, so the stacktrace below might be incorrect.
For debugging consider passing CUDA_LAUNCH_BLOCKING=1
Compile with `TORCH_USE_CUDA_DSA` to enable device-side assertions.


2025-10-04 15:58:05,474 - chaotic_trainer - INFO - Progress: 6/6 (100.0%)
2025-10-04 15:58:05,474 - chaotic_trainer - WARNING - No successful runs for rossler + full_chaotic
2025-10-04 15:58:05,474 - chaotic_trainer - INFO - Analyzing chaotic training results...
2025-10-04 15:58:05,474 - chaotic_trainer - INFO - Generating comprehensive chaotic training report...
2025-10-04 15:58:05,518 - chaotic_trainer - INFO - Visualizations saved to: outputs/chaotic/visualizations
2025-10-04 15:58:05,518 - chaotic_trainer - INFO - Reports generated:
2025-10-04 15:58:05,518 - chaotic_trainer - INFO -   Text report: outputs/chaotic/chaotic_training_report.txt
2025-10-04 15:58:05,518 - chaotic_trainer - INFO -   JSON report: outputs/chaotic/chaotic_training_results.json
2025-10-04 15:58:05,518 - chaotic_trainer - INFO - Chaotic training completed.
2025-10-04 15:58:05,519 - chaotic_trainer - INFO - ============================================================
2025-10-04 16:00:49,757 - chaotic_trainer - INFO - ============================================================
2025-10-04 16:00:49,757 - chaotic_trainer - INFO - CHAOTIC NEURAL NETWORKS TRAINING
2025-10-04 16:00:49,758 - chaotic_trainer - INFO - ============================================================
2025-10-04 16:00:49,758 - chaotic_trainer - INFO - Output directory: outputs/chaotic
2025-10-04 16:00:49,758 - chaotic_trainer - INFO - Configuration: {
  "chaotic_system": "lorenz",
  "model_type": "full_chaotic",
  "num_speakers": 100,
  "batch_size": 32,
  "num_epochs": 100,
  "learning_rate": 0.0005,
  "weight_decay": 1e-05,
  "gradient_clipping": 1.0,
  "embedding_dim": 10,
  "mlsa_scales": 5,
  "rqa_radius_ratio": 0.1,
  "evolution_time": 0.5,
  "time_step": 0.01,
  "coupling_strength": 1.0,
  "noise_level": 0.001,
  "pooling_type": "comprehensive",
  "speaker_embedding_dim": 128,
  "classifier_type": "cosine",
  "temperature": 30.0,
  "margin": 0.35,
  "sample_rate": 16000,
  "max_audio_length": 3.0,
  "data_dir": "/scratch/project_2003370/yueyao/dataset/train-clean-100/LibriSpeech/train-clean-100",
  "device": "auto",
  "seed": 42,
  "optimize_parameters": true,
  "optimizer": {
    "type": "adamw",
    "params": {
      "betas": [
        0.9,
        0.999
      ]
    }
  },
  "scheduler": {
    "type": "cosine",
    "params": {
      "eta_min": 1e-06
    }
  },
  "early_stopping": {
    "patience": 20
  },
  "epochs": 10
}
2025-10-04 16:00:49,803 - chaotic_trainer - INFO - System info: {'platform': 'Linux-4.18.0-553.74.1.el8_10.x86_64-x86_64-with-glibc2.28', 'system': 'Linux', 'node': 'g1102.mahti.csc.fi', 'release': '4.18.0-553.74.1.el8_10.x86_64', 'version': '#1 SMP Sun Sep 7 09:23:35 EDT 2025', 'machine': 'x86_64', 'processor': 'x86_64', 'python_version': '3.12.10 (main, Jun  3 2025, 21:04:06) [GCC 8.5.0 20210514 (Red Hat 8.5.0-26)]', 'python_executable': '/usr/bin/python', 'cpu_count': 256, 'total_memory': 540285198336, 'available_memory': 503093202944, 'gpu_info': {'cuda_available': True, 'cuda_version': '12.6', 'gpu_count': 1, 'gpu_names': ['NVIDIA A100-SXM4-40GB MIG 1g.5gb']}, 'package_versions': {'numpy': '1.26.4', 'scipy': '1.13.1', 'scikit-learn': 'not installed', 'librosa': '0.11.0', 'soundfile': '0.13.1', 'torch': '2.7.1+cu126', 'tensorflow': 'not installed', 'matplotlib': '3.10.3', 'pandas': '2.3.0'}, 'git_info': {'commit_hash': 'b8869759b4122b7648b00f614892269782e4ca2c', 'branch': 'origin', 'is_dirty': True}}
2025-10-04 16:00:49,803 - chaotic_trainer - INFO - Training 1 systems × 1 types × 1 runs...
2025-10-04 16:00:49,803 - chaotic_trainer - INFO - Systems: ['lorenz']
2025-10-04 16:00:49,803 - chaotic_trainer - INFO - Model types: ['full_chaotic']
2025-10-04 16:00:49,803 - chaotic_trainer - INFO - 
============================================================
2025-10-04 16:00:49,804 - chaotic_trainer - INFO - TRAINING: LORENZ + FULL_CHAOTIC
2025-10-04 16:00:49,804 - chaotic_trainer - INFO - ============================================================
2025-10-04 16:00:49,804 - chaotic_trainer - INFO - Training chaotic_lorenz_full_chaotic_run_0...
2025-10-04 16:00:49,804 - chaotic_trainer - INFO - Optimizing parameters for lorenz system...
2025-10-04 16:00:49,814 - chaotic_trainer - INFO - Setting up chaotic_lorenz_full_chaotic_run_0...
2025-10-04 16:00:58,506 - chaotic_trainer - INFO - Model parameters: 20,073 (trainable: 20,073)
2025-10-04 16:00:58,506 - chaotic_trainer - INFO - Starting training for 100 epochs...
2025-10-04 16:01:14,074 - chaotic_trainer - ERROR - Failed to train chaotic_lorenz_full_chaotic_run_0: CUDA error: device-side assert triggered
CUDA kernel errors might be asynchronously reported at some other API call, so the stacktrace below might be incorrect.
For debugging consider passing CUDA_LAUNCH_BLOCKING=1
Compile with `TORCH_USE_CUDA_DSA` to enable device-side assertions.

2025-10-04 16:01:14,076 - chaotic_trainer - ERROR - Traceback: Traceback (most recent call last):
  File "/scratch/project_2003370/yueyao/Model/scripts/train_chaotic.py", line 452, in train_single_experiment
    experiment.train(self.config['num_epochs'])
  File "/scratch/project_2003370/yueyao/Model/experiments/base_experiment.py", line 587, in train
    train_metrics = self.train_epoch()
                    ^^^^^^^^^^^^^^^^^^
  File "/scratch/project_2003370/yueyao/Model/experiments/chaotic_experiment.py", line 469, in train_epoch
    epoch_metrics = super().train_epoch()
                    ^^^^^^^^^^^^^^^^^^^^^
  File "/scratch/project_2003370/yueyao/Model/experiments/base_experiment.py", line 388, in train_epoch
    loss, predictions, targets = self.forward_pass(batch, training=True)
                                 ^^^^^^^^^^^^^^^^^^^^^^^^^^^^^^^^^^^^^^^
  File "/scratch/project_2003370/yueyao/Model/experiments/chaotic_experiment.py", line 417, in forward_pass
    predictions = torch.argmax(logits, dim=1)
                  ^^^^^^^^^^^^^^^^^^^^^^^^^^^
RuntimeError: CUDA error: device-side assert triggered
CUDA kernel errors might be asynchronously reported at some other API call, so the stacktrace below might be incorrect.
For debugging consider passing CUDA_LAUNCH_BLOCKING=1
Compile with `TORCH_USE_CUDA_DSA` to enable device-side assertions.


2025-10-04 16:01:14,084 - chaotic_trainer - INFO - Progress: 1/1 (100.0%)
2025-10-04 16:01:14,084 - chaotic_trainer - WARNING - No successful runs for lorenz + full_chaotic
2025-10-04 16:01:14,084 - chaotic_trainer - INFO - Analyzing chaotic training results...
2025-10-04 16:01:14,084 - chaotic_trainer - INFO - Generating comprehensive chaotic training report...
2025-10-04 16:01:14,129 - chaotic_trainer - INFO - Visualizations saved to: outputs/chaotic/visualizations
2025-10-04 16:01:14,129 - chaotic_trainer - INFO - Reports generated:
2025-10-04 16:01:14,129 - chaotic_trainer - INFO -   Text report: outputs/chaotic/chaotic_training_report.txt
2025-10-04 16:01:14,129 - chaotic_trainer - INFO -   JSON report: outputs/chaotic/chaotic_training_results.json
2025-10-04 16:01:14,129 - chaotic_trainer - INFO - Chaotic training completed.
2025-10-04 16:01:14,129 - chaotic_trainer - INFO - ============================================================
2025-10-04 16:04:50,063 - chaotic_trainer - INFO - ============================================================
2025-10-04 16:04:50,064 - chaotic_trainer - INFO - CHAOTIC NEURAL NETWORKS TRAINING
2025-10-04 16:04:50,064 - chaotic_trainer - INFO - ============================================================
2025-10-04 16:04:50,064 - chaotic_trainer - INFO - Output directory: outputs/chaotic
2025-10-04 16:04:50,064 - chaotic_trainer - INFO - Configuration: {
  "chaotic_system": "lorenz",
  "model_type": "full_chaotic",
  "num_speakers": 100,
  "batch_size": 32,
  "num_epochs": 100,
  "learning_rate": 0.0005,
  "weight_decay": 1e-05,
  "gradient_clipping": 1.0,
  "embedding_dim": 10,
  "mlsa_scales": 5,
  "rqa_radius_ratio": 0.1,
  "evolution_time": 0.5,
  "time_step": 0.01,
  "coupling_strength": 1.0,
  "noise_level": 0.001,
  "pooling_type": "comprehensive",
  "speaker_embedding_dim": 128,
  "classifier_type": "cosine",
  "temperature": 30.0,
  "margin": 0.35,
  "sample_rate": 16000,
  "max_audio_length": 3.0,
  "data_dir": "/scratch/project_2003370/yueyao/dataset/train-clean-100/LibriSpeech/train-clean-100",
  "device": "auto",
  "seed": 42,
  "optimize_parameters": true,
  "optimizer": {
    "type": "adamw",
    "params": {
      "betas": [
        0.9,
        0.999
      ]
    }
  },
  "scheduler": {
    "type": "cosine",
    "params": {
      "eta_min": 1e-06
    }
  },
  "early_stopping": {
    "patience": 20
  },
  "epochs": 10
}
2025-10-04 16:04:50,109 - chaotic_trainer - INFO - System info: {'platform': 'Linux-4.18.0-553.74.1.el8_10.x86_64-x86_64-with-glibc2.28', 'system': 'Linux', 'node': 'g1102.mahti.csc.fi', 'release': '4.18.0-553.74.1.el8_10.x86_64', 'version': '#1 SMP Sun Sep 7 09:23:35 EDT 2025', 'machine': 'x86_64', 'processor': 'x86_64', 'python_version': '3.12.10 (main, Jun  3 2025, 21:04:06) [GCC 8.5.0 20210514 (Red Hat 8.5.0-26)]', 'python_executable': '/usr/bin/python', 'cpu_count': 256, 'total_memory': 540285198336, 'available_memory': 503116804096, 'gpu_info': {'cuda_available': True, 'cuda_version': '12.6', 'gpu_count': 1, 'gpu_names': ['NVIDIA A100-SXM4-40GB MIG 1g.5gb']}, 'package_versions': {'numpy': '1.26.4', 'scipy': '1.13.1', 'scikit-learn': 'not installed', 'librosa': '0.11.0', 'soundfile': '0.13.1', 'torch': '2.7.1+cu126', 'tensorflow': 'not installed', 'matplotlib': '3.10.3', 'pandas': '2.3.0'}, 'git_info': {'commit_hash': 'b8869759b4122b7648b00f614892269782e4ca2c', 'branch': 'origin', 'is_dirty': True}}
2025-10-04 16:04:50,109 - chaotic_trainer - INFO - Training 1 systems × 1 types × 1 runs...
2025-10-04 16:04:50,109 - chaotic_trainer - INFO - Systems: ['lorenz']
2025-10-04 16:04:50,109 - chaotic_trainer - INFO - Model types: ['full_chaotic']
2025-10-04 16:04:50,109 - chaotic_trainer - INFO - 
============================================================
2025-10-04 16:04:50,109 - chaotic_trainer - INFO - TRAINING: LORENZ + FULL_CHAOTIC
2025-10-04 16:04:50,109 - chaotic_trainer - INFO - ============================================================
2025-10-04 16:04:50,109 - chaotic_trainer - INFO - Training chaotic_lorenz_full_chaotic_run_0...
2025-10-04 16:04:50,109 - chaotic_trainer - INFO - Optimizing parameters for lorenz system...
2025-10-04 16:04:50,119 - chaotic_trainer - INFO - Setting up chaotic_lorenz_full_chaotic_run_0...
2025-10-04 16:04:58,751 - chaotic_trainer - INFO - Model parameters: 39,401 (trainable: 39,401)
2025-10-04 16:04:58,751 - chaotic_trainer - INFO - Starting training for 100 epochs...
2025-10-04 16:05:45,187 - chaotic_trainer - INFO - ============================================================
2025-10-04 16:05:45,187 - chaotic_trainer - INFO - CHAOTIC NEURAL NETWORKS TRAINING
2025-10-04 16:05:45,188 - chaotic_trainer - INFO - ============================================================
2025-10-04 16:05:45,188 - chaotic_trainer - INFO - Output directory: outputs/chaotic
2025-10-04 16:05:45,188 - chaotic_trainer - INFO - Configuration: {
  "chaotic_system": "lorenz",
  "model_type": "full_chaotic",
  "num_speakers": 100,
  "batch_size": 32,
  "num_epochs": 100,
  "learning_rate": 0.0005,
  "weight_decay": 1e-05,
  "gradient_clipping": 1.0,
  "embedding_dim": 10,
  "mlsa_scales": 5,
  "rqa_radius_ratio": 0.1,
  "evolution_time": 0.5,
  "time_step": 0.01,
  "coupling_strength": 1.0,
  "noise_level": 0.001,
  "pooling_type": "comprehensive",
  "speaker_embedding_dim": 128,
  "classifier_type": "cosine",
  "temperature": 30.0,
  "margin": 0.35,
  "sample_rate": 16000,
  "max_audio_length": 3.0,
  "data_dir": "/scratch/project_2003370/yueyao/dataset/train-clean-100/LibriSpeech/train-clean-100",
  "device": "auto",
  "seed": 42,
  "optimize_parameters": true,
  "optimizer": {
    "type": "adamw",
    "params": {
      "betas": [
        0.9,
        0.999
      ]
    }
  },
  "scheduler": {
    "type": "cosine",
    "params": {
      "eta_min": 1e-06
    }
  },
  "early_stopping": {
    "patience": 20
  }
}
2025-10-04 16:05:45,231 - chaotic_trainer - INFO - System info: {'platform': 'Linux-4.18.0-553.74.1.el8_10.x86_64-x86_64-with-glibc2.28', 'system': 'Linux', 'node': 'g1102.mahti.csc.fi', 'release': '4.18.0-553.74.1.el8_10.x86_64', 'version': '#1 SMP Sun Sep 7 09:23:35 EDT 2025', 'machine': 'x86_64', 'processor': 'x86_64', 'python_version': '3.12.10 (main, Jun  3 2025, 21:04:06) [GCC 8.5.0 20210514 (Red Hat 8.5.0-26)]', 'python_executable': '/usr/bin/python', 'cpu_count': 256, 'total_memory': 540285198336, 'available_memory': 501517348864, 'gpu_info': {'cuda_available': True, 'cuda_version': '12.6', 'gpu_count': 1, 'gpu_names': ['NVIDIA A100-SXM4-40GB MIG 1g.5gb']}, 'package_versions': {'numpy': '1.26.4', 'scipy': '1.13.1', 'scikit-learn': 'not installed', 'librosa': '0.11.0', 'soundfile': '0.13.1', 'torch': '2.7.1+cu126', 'tensorflow': 'not installed', 'matplotlib': '3.10.3', 'pandas': '2.3.0'}, 'git_info': {'commit_hash': 'b8869759b4122b7648b00f614892269782e4ca2c', 'branch': 'origin', 'is_dirty': True}}
2025-10-04 16:05:45,231 - chaotic_trainer - INFO - Training 2 systems × 1 types × 3 runs...
2025-10-04 16:05:45,231 - chaotic_trainer - INFO - Systems: ['lorenz', 'rossler']
2025-10-04 16:05:45,231 - chaotic_trainer - INFO - Model types: ['full_chaotic']
2025-10-04 16:05:45,231 - chaotic_trainer - INFO - 
============================================================
2025-10-04 16:05:45,231 - chaotic_trainer - INFO - TRAINING: LORENZ + FULL_CHAOTIC
2025-10-04 16:05:45,231 - chaotic_trainer - INFO - ============================================================
2025-10-04 16:05:45,231 - chaotic_trainer - INFO - Training chaotic_lorenz_full_chaotic_run_0...
2025-10-04 16:05:45,231 - chaotic_trainer - INFO - Optimizing parameters for lorenz system...
2025-10-04 16:05:45,242 - chaotic_trainer - INFO - Setting up chaotic_lorenz_full_chaotic_run_0...
2025-10-04 16:05:53,888 - chaotic_trainer - INFO - Model parameters: 39,401 (trainable: 39,401)
2025-10-04 16:05:53,888 - chaotic_trainer - INFO - Training with chaotic dynamics monitoring...
2025-10-04 16:05:53,888 - chaotic_trainer - INFO - Starting training for 100 epochs...
2025-10-04 16:45:44,775 - chaotic_trainer - ERROR - Failed to train chaotic_lorenz_full_chaotic_run_0: 'MetricsCalculator' object has no attribute 'compute_accuracy'
2025-10-04 16:45:44,777 - chaotic_trainer - ERROR - Traceback: Traceback (most recent call last):
  File "/scratch/project_2003370/yueyao/Model/scripts/train_chaotic.py", line 452, in train_single_experiment
    experiment.train(self.config['num_epochs'])
  File "/scratch/project_2003370/yueyao/Model/experiments/base_experiment.py", line 583, in train
    train_metrics = self.train_epoch()
                    ^^^^^^^^^^^^^^^^^^
  File "/scratch/project_2003370/yueyao/Model/experiments/chaotic_experiment.py", line 469, in train_epoch
    epoch_metrics = super().train_epoch()
                    ^^^^^^^^^^^^^^^^^^^^^
  File "/scratch/project_2003370/yueyao/Model/experiments/base_experiment.py", line 424, in train_epoch
    epoch_metrics = self.calculate_metrics(all_predictions, all_targets, avg_loss)
                    ^^^^^^^^^^^^^^^^^^^^^^^^^^^^^^^^^^^^^^^^^^^^^^^^^^^^^^^^^^^^^^
  File "/scratch/project_2003370/yueyao/Model/experiments/chaotic_experiment.py", line 428, in calculate_metrics
    metrics = super().calculate_metrics(predictions, targets, loss)
              ^^^^^^^^^^^^^^^^^^^^^^^^^^^^^^^^^^^^^^^^^^^^^^^^^^^^^
  File "/scratch/project_2003370/yueyao/Model/experiments/base_experiment.py", line 552, in calculate_metrics
    accuracy = self.metrics_calculator.compute_accuracy(pred_classes, targets)
               ^^^^^^^^^^^^^^^^^^^^^^^^^^^^^^^^^^^^^^^^
AttributeError: 'MetricsCalculator' object has no attribute 'compute_accuracy'

2025-10-04 16:45:44,785 - chaotic_trainer - INFO - Progress: 1/1 (100.0%)
2025-10-04 16:45:44,786 - chaotic_trainer - WARNING - No successful runs for lorenz + full_chaotic
2025-10-04 16:45:44,786 - chaotic_trainer - INFO - Analyzing chaotic training results...
2025-10-04 16:45:44,786 - chaotic_trainer - INFO - Generating comprehensive chaotic training report...
2025-10-04 16:45:44,834 - chaotic_trainer - INFO - Visualizations saved to: outputs/chaotic/visualizations
2025-10-04 16:45:44,834 - chaotic_trainer - INFO - Reports generated:
2025-10-04 16:45:44,834 - chaotic_trainer - INFO -   Text report: outputs/chaotic/chaotic_training_report.txt
2025-10-04 16:45:44,834 - chaotic_trainer - INFO -   JSON report: outputs/chaotic/chaotic_training_results.json
2025-10-04 16:45:44,834 - chaotic_trainer - INFO - Chaotic training completed.
2025-10-04 16:45:44,834 - chaotic_trainer - INFO - ============================================================
2025-10-04 16:46:34,958 - chaotic_trainer - ERROR - Failed to train chaotic_lorenz_full_chaotic_run_0: 'MetricsCalculator' object has no attribute 'compute_accuracy'
2025-10-04 16:46:34,960 - chaotic_trainer - ERROR - Traceback: Traceback (most recent call last):
  File "/scratch/project_2003370/yueyao/Model/scripts/train_chaotic.py", line 452, in train_single_experiment
    experiment.train(self.config['num_epochs'])
  File "/scratch/project_2003370/yueyao/Model/experiments/base_experiment.py", line 583, in train
    train_metrics = self.train_epoch()
                    ^^^^^^^^^^^^^^^^^^
  File "/scratch/project_2003370/yueyao/Model/scripts/train_chaotic.py", line 439, in monitored_train_epoch
    metrics = original_train_epoch()
              ^^^^^^^^^^^^^^^^^^^^^^
  File "/scratch/project_2003370/yueyao/Model/experiments/chaotic_experiment.py", line 469, in train_epoch
    epoch_metrics = super().train_epoch()
                    ^^^^^^^^^^^^^^^^^^^^^
  File "/scratch/project_2003370/yueyao/Model/experiments/base_experiment.py", line 424, in train_epoch
    epoch_metrics = self.calculate_metrics(all_predictions, all_targets, avg_loss)
                    ^^^^^^^^^^^^^^^^^^^^^^^^^^^^^^^^^^^^^^^^^^^^^^^^^^^^^^^^^^^^^^
  File "/scratch/project_2003370/yueyao/Model/experiments/chaotic_experiment.py", line 428, in calculate_metrics
    metrics = super().calculate_metrics(predictions, targets, loss)
              ^^^^^^^^^^^^^^^^^^^^^^^^^^^^^^^^^^^^^^^^^^^^^^^^^^^^^
  File "/scratch/project_2003370/yueyao/Model/experiments/base_experiment.py", line 552, in calculate_metrics
    accuracy = self.metrics_calculator.compute_accuracy(pred_classes, targets)
               ^^^^^^^^^^^^^^^^^^^^^^^^^^^^^^^^^^^^^^^^
AttributeError: 'MetricsCalculator' object has no attribute 'compute_accuracy'

2025-10-04 16:46:34,963 - chaotic_trainer - INFO - Progress: 1/6 (16.7%)
2025-10-04 16:46:34,964 - chaotic_trainer - INFO - Training chaotic_lorenz_full_chaotic_run_1...
2025-10-04 16:46:34,964 - chaotic_trainer - INFO - Optimizing parameters for lorenz system...
2025-10-04 16:46:34,970 - chaotic_trainer - INFO - Setting up chaotic_lorenz_full_chaotic_run_1...
2025-10-04 16:46:42,459 - chaotic_trainer - INFO - Model parameters: 39,401 (trainable: 39,401)
2025-10-04 16:46:42,460 - chaotic_trainer - INFO - Training with chaotic dynamics monitoring...
2025-10-04 16:46:42,460 - chaotic_trainer - INFO - Starting training for 100 epochs...
2025-10-04 17:27:15,774 - chaotic_trainer - ERROR - Failed to train chaotic_lorenz_full_chaotic_run_1: 'MetricsCalculator' object has no attribute 'compute_accuracy'
2025-10-04 17:27:15,776 - chaotic_trainer - ERROR - Traceback: Traceback (most recent call last):
  File "/scratch/project_2003370/yueyao/Model/scripts/train_chaotic.py", line 452, in train_single_experiment
    experiment.train(self.config['num_epochs'])
  File "/scratch/project_2003370/yueyao/Model/experiments/base_experiment.py", line 583, in train
    train_metrics = self.train_epoch()
                    ^^^^^^^^^^^^^^^^^^
  File "/scratch/project_2003370/yueyao/Model/scripts/train_chaotic.py", line 439, in monitored_train_epoch
    metrics = original_train_epoch()
              ^^^^^^^^^^^^^^^^^^^^^^
  File "/scratch/project_2003370/yueyao/Model/experiments/chaotic_experiment.py", line 469, in train_epoch
    epoch_metrics = super().train_epoch()
                    ^^^^^^^^^^^^^^^^^^^^^
  File "/scratch/project_2003370/yueyao/Model/experiments/base_experiment.py", line 424, in train_epoch
    epoch_metrics = self.calculate_metrics(all_predictions, all_targets, avg_loss)
                    ^^^^^^^^^^^^^^^^^^^^^^^^^^^^^^^^^^^^^^^^^^^^^^^^^^^^^^^^^^^^^^
  File "/scratch/project_2003370/yueyao/Model/experiments/chaotic_experiment.py", line 428, in calculate_metrics
    metrics = super().calculate_metrics(predictions, targets, loss)
              ^^^^^^^^^^^^^^^^^^^^^^^^^^^^^^^^^^^^^^^^^^^^^^^^^^^^^
  File "/scratch/project_2003370/yueyao/Model/experiments/base_experiment.py", line 552, in calculate_metrics
    accuracy = self.metrics_calculator.compute_accuracy(pred_classes, targets)
               ^^^^^^^^^^^^^^^^^^^^^^^^^^^^^^^^^^^^^^^^
AttributeError: 'MetricsCalculator' object has no attribute 'compute_accuracy'

2025-10-04 17:27:15,779 - chaotic_trainer - INFO - Progress: 2/6 (33.3%)
2025-10-04 17:27:15,780 - chaotic_trainer - INFO - Training chaotic_lorenz_full_chaotic_run_2...
2025-10-04 17:27:15,780 - chaotic_trainer - INFO - Optimizing parameters for lorenz system...
2025-10-04 17:27:15,786 - chaotic_trainer - INFO - Setting up chaotic_lorenz_full_chaotic_run_2...
2025-10-04 17:30:20,611 - chaotic_trainer - INFO - Model parameters: 39,401 (trainable: 39,401)
2025-10-04 17:30:20,612 - chaotic_trainer - INFO - Training with chaotic dynamics monitoring...
2025-10-04 17:30:20,612 - chaotic_trainer - INFO - Starting training for 100 epochs...
2025-10-04 18:10:56,041 - chaotic_trainer - ERROR - Failed to train chaotic_lorenz_full_chaotic_run_2: 'MetricsCalculator' object has no attribute 'compute_accuracy'
2025-10-04 18:10:56,043 - chaotic_trainer - ERROR - Traceback: Traceback (most recent call last):
  File "/scratch/project_2003370/yueyao/Model/scripts/train_chaotic.py", line 452, in train_single_experiment
    experiment.train(self.config['num_epochs'])
  File "/scratch/project_2003370/yueyao/Model/experiments/base_experiment.py", line 583, in train
    train_metrics = self.train_epoch()
                    ^^^^^^^^^^^^^^^^^^
  File "/scratch/project_2003370/yueyao/Model/scripts/train_chaotic.py", line 439, in monitored_train_epoch
    metrics = original_train_epoch()
              ^^^^^^^^^^^^^^^^^^^^^^
  File "/scratch/project_2003370/yueyao/Model/experiments/chaotic_experiment.py", line 469, in train_epoch
    epoch_metrics = super().train_epoch()
                    ^^^^^^^^^^^^^^^^^^^^^
  File "/scratch/project_2003370/yueyao/Model/experiments/base_experiment.py", line 424, in train_epoch
    epoch_metrics = self.calculate_metrics(all_predictions, all_targets, avg_loss)
                    ^^^^^^^^^^^^^^^^^^^^^^^^^^^^^^^^^^^^^^^^^^^^^^^^^^^^^^^^^^^^^^
  File "/scratch/project_2003370/yueyao/Model/experiments/chaotic_experiment.py", line 428, in calculate_metrics
    metrics = super().calculate_metrics(predictions, targets, loss)
              ^^^^^^^^^^^^^^^^^^^^^^^^^^^^^^^^^^^^^^^^^^^^^^^^^^^^^
  File "/scratch/project_2003370/yueyao/Model/experiments/base_experiment.py", line 552, in calculate_metrics
    accuracy = self.metrics_calculator.compute_accuracy(pred_classes, targets)
               ^^^^^^^^^^^^^^^^^^^^^^^^^^^^^^^^^^^^^^^^
AttributeError: 'MetricsCalculator' object has no attribute 'compute_accuracy'

2025-10-04 18:10:56,046 - chaotic_trainer - INFO - Progress: 3/6 (50.0%)
2025-10-04 18:10:56,046 - chaotic_trainer - WARNING - No successful runs for lorenz + full_chaotic
2025-10-04 18:10:56,047 - chaotic_trainer - INFO - 
============================================================
2025-10-04 18:10:56,047 - chaotic_trainer - INFO - TRAINING: ROSSLER + FULL_CHAOTIC
2025-10-04 18:10:56,047 - chaotic_trainer - INFO - ============================================================
2025-10-04 18:10:56,047 - chaotic_trainer - INFO - Training chaotic_rossler_full_chaotic_run_0...
2025-10-04 18:10:56,047 - chaotic_trainer - INFO - Optimizing parameters for rossler system...
2025-10-04 18:10:56,070 - chaotic_trainer - INFO - Setting up chaotic_rossler_full_chaotic_run_0...
2025-10-04 18:11:34,912 - chaotic_trainer - INFO - Model parameters: 39,401 (trainable: 39,401)
2025-10-04 18:11:34,912 - chaotic_trainer - INFO - Training with chaotic dynamics monitoring...
2025-10-04 18:11:34,912 - chaotic_trainer - INFO - Starting training for 100 epochs...
2025-10-04 18:52:10,016 - chaotic_trainer - ERROR - Failed to train chaotic_rossler_full_chaotic_run_0: 'MetricsCalculator' object has no attribute 'compute_accuracy'
2025-10-04 18:52:10,018 - chaotic_trainer - ERROR - Traceback: Traceback (most recent call last):
  File "/scratch/project_2003370/yueyao/Model/scripts/train_chaotic.py", line 452, in train_single_experiment
    experiment.train(self.config['num_epochs'])
  File "/scratch/project_2003370/yueyao/Model/experiments/base_experiment.py", line 583, in train
    train_metrics = self.train_epoch()
                    ^^^^^^^^^^^^^^^^^^
  File "/scratch/project_2003370/yueyao/Model/scripts/train_chaotic.py", line 439, in monitored_train_epoch
    metrics = original_train_epoch()
              ^^^^^^^^^^^^^^^^^^^^^^
  File "/scratch/project_2003370/yueyao/Model/experiments/chaotic_experiment.py", line 469, in train_epoch
    epoch_metrics = super().train_epoch()
                    ^^^^^^^^^^^^^^^^^^^^^
  File "/scratch/project_2003370/yueyao/Model/experiments/base_experiment.py", line 424, in train_epoch
    epoch_metrics = self.calculate_metrics(all_predictions, all_targets, avg_loss)
                    ^^^^^^^^^^^^^^^^^^^^^^^^^^^^^^^^^^^^^^^^^^^^^^^^^^^^^^^^^^^^^^
  File "/scratch/project_2003370/yueyao/Model/experiments/chaotic_experiment.py", line 428, in calculate_metrics
    metrics = super().calculate_metrics(predictions, targets, loss)
              ^^^^^^^^^^^^^^^^^^^^^^^^^^^^^^^^^^^^^^^^^^^^^^^^^^^^^
  File "/scratch/project_2003370/yueyao/Model/experiments/base_experiment.py", line 552, in calculate_metrics
    accuracy = self.metrics_calculator.compute_accuracy(pred_classes, targets)
               ^^^^^^^^^^^^^^^^^^^^^^^^^^^^^^^^^^^^^^^^
AttributeError: 'MetricsCalculator' object has no attribute 'compute_accuracy'

2025-10-04 18:52:10,021 - chaotic_trainer - INFO - Progress: 4/6 (66.7%)
2025-10-04 18:52:10,022 - chaotic_trainer - INFO - Training chaotic_rossler_full_chaotic_run_1...
2025-10-04 18:52:10,022 - chaotic_trainer - INFO - Optimizing parameters for rossler system...
2025-10-04 18:52:10,029 - chaotic_trainer - INFO - Setting up chaotic_rossler_full_chaotic_run_1...
2025-10-04 18:53:48,925 - chaotic_trainer - INFO - Model parameters: 39,401 (trainable: 39,401)
2025-10-04 18:53:48,926 - chaotic_trainer - INFO - Training with chaotic dynamics monitoring...
2025-10-04 18:53:48,926 - chaotic_trainer - INFO - Starting training for 100 epochs...
2025-10-04 19:34:21,039 - chaotic_trainer - ERROR - Failed to train chaotic_rossler_full_chaotic_run_1: 'MetricsCalculator' object has no attribute 'compute_accuracy'
2025-10-04 19:34:21,041 - chaotic_trainer - ERROR - Traceback: Traceback (most recent call last):
  File "/scratch/project_2003370/yueyao/Model/scripts/train_chaotic.py", line 452, in train_single_experiment
    experiment.train(self.config['num_epochs'])
  File "/scratch/project_2003370/yueyao/Model/experiments/base_experiment.py", line 583, in train
    train_metrics = self.train_epoch()
                    ^^^^^^^^^^^^^^^^^^
  File "/scratch/project_2003370/yueyao/Model/scripts/train_chaotic.py", line 439, in monitored_train_epoch
    metrics = original_train_epoch()
              ^^^^^^^^^^^^^^^^^^^^^^
  File "/scratch/project_2003370/yueyao/Model/experiments/chaotic_experiment.py", line 469, in train_epoch
    epoch_metrics = super().train_epoch()
                    ^^^^^^^^^^^^^^^^^^^^^
  File "/scratch/project_2003370/yueyao/Model/experiments/base_experiment.py", line 424, in train_epoch
    epoch_metrics = self.calculate_metrics(all_predictions, all_targets, avg_loss)
                    ^^^^^^^^^^^^^^^^^^^^^^^^^^^^^^^^^^^^^^^^^^^^^^^^^^^^^^^^^^^^^^
  File "/scratch/project_2003370/yueyao/Model/experiments/chaotic_experiment.py", line 428, in calculate_metrics
    metrics = super().calculate_metrics(predictions, targets, loss)
              ^^^^^^^^^^^^^^^^^^^^^^^^^^^^^^^^^^^^^^^^^^^^^^^^^^^^^
  File "/scratch/project_2003370/yueyao/Model/experiments/base_experiment.py", line 552, in calculate_metrics
    accuracy = self.metrics_calculator.compute_accuracy(pred_classes, targets)
               ^^^^^^^^^^^^^^^^^^^^^^^^^^^^^^^^^^^^^^^^
AttributeError: 'MetricsCalculator' object has no attribute 'compute_accuracy'

2025-10-04 19:34:21,044 - chaotic_trainer - INFO - Progress: 5/6 (83.3%)
2025-10-04 19:34:21,044 - chaotic_trainer - INFO - Training chaotic_rossler_full_chaotic_run_2...
2025-10-04 19:34:21,044 - chaotic_trainer - INFO - Optimizing parameters for rossler system...
2025-10-04 19:34:21,052 - chaotic_trainer - INFO - Setting up chaotic_rossler_full_chaotic_run_2...
2025-10-04 19:35:56,754 - chaotic_trainer - INFO - Model parameters: 39,401 (trainable: 39,401)
2025-10-04 19:35:56,754 - chaotic_trainer - INFO - Training with chaotic dynamics monitoring...
2025-10-04 19:35:56,754 - chaotic_trainer - INFO - Starting training for 100 epochs...
2025-10-04 20:16:30,417 - chaotic_trainer - ERROR - Failed to train chaotic_rossler_full_chaotic_run_2: 'MetricsCalculator' object has no attribute 'compute_accuracy'
2025-10-04 20:16:30,419 - chaotic_trainer - ERROR - Traceback: Traceback (most recent call last):
  File "/scratch/project_2003370/yueyao/Model/scripts/train_chaotic.py", line 452, in train_single_experiment
    experiment.train(self.config['num_epochs'])
  File "/scratch/project_2003370/yueyao/Model/experiments/base_experiment.py", line 583, in train
    train_metrics = self.train_epoch()
                    ^^^^^^^^^^^^^^^^^^
  File "/scratch/project_2003370/yueyao/Model/scripts/train_chaotic.py", line 439, in monitored_train_epoch
    metrics = original_train_epoch()
              ^^^^^^^^^^^^^^^^^^^^^^
  File "/scratch/project_2003370/yueyao/Model/experiments/chaotic_experiment.py", line 469, in train_epoch
    epoch_metrics = super().train_epoch()
                    ^^^^^^^^^^^^^^^^^^^^^
  File "/scratch/project_2003370/yueyao/Model/experiments/base_experiment.py", line 424, in train_epoch
    epoch_metrics = self.calculate_metrics(all_predictions, all_targets, avg_loss)
                    ^^^^^^^^^^^^^^^^^^^^^^^^^^^^^^^^^^^^^^^^^^^^^^^^^^^^^^^^^^^^^^
  File "/scratch/project_2003370/yueyao/Model/experiments/chaotic_experiment.py", line 428, in calculate_metrics
    metrics = super().calculate_metrics(predictions, targets, loss)
              ^^^^^^^^^^^^^^^^^^^^^^^^^^^^^^^^^^^^^^^^^^^^^^^^^^^^^
  File "/scratch/project_2003370/yueyao/Model/experiments/base_experiment.py", line 552, in calculate_metrics
    accuracy = self.metrics_calculator.compute_accuracy(pred_classes, targets)
               ^^^^^^^^^^^^^^^^^^^^^^^^^^^^^^^^^^^^^^^^
AttributeError: 'MetricsCalculator' object has no attribute 'compute_accuracy'

2025-10-04 20:16:30,422 - chaotic_trainer - INFO - Progress: 6/6 (100.0%)
2025-10-04 20:16:30,422 - chaotic_trainer - WARNING - No successful runs for rossler + full_chaotic
2025-10-04 20:16:30,422 - chaotic_trainer - INFO - Analyzing chaotic training results...
2025-10-04 20:16:30,422 - chaotic_trainer - INFO - Generating comprehensive chaotic training report...
2025-10-04 20:16:30,649 - chaotic_trainer - INFO - Visualizations saved to: outputs/chaotic/visualizations
2025-10-04 20:16:30,649 - chaotic_trainer - INFO - Reports generated:
2025-10-04 20:16:30,649 - chaotic_trainer - INFO -   Text report: outputs/chaotic/chaotic_training_report.txt
2025-10-04 20:16:30,649 - chaotic_trainer - INFO -   JSON report: outputs/chaotic/chaotic_training_results.json
2025-10-04 20:16:30,649 - chaotic_trainer - INFO - Chaotic training completed.
2025-10-04 20:16:30,649 - chaotic_trainer - INFO - ============================================================
2025-10-06 13:23:40,199 - chaotic_trainer - INFO - ============================================================
2025-10-06 13:23:40,199 - chaotic_trainer - INFO - ============================================================
2025-10-06 13:23:40,210 - chaotic_trainer - INFO - CHAOTIC NEURAL NETWORKS TRAINING
2025-10-06 13:23:40,210 - chaotic_trainer - INFO - CHAOTIC NEURAL NETWORKS TRAINING
2025-10-06 13:23:40,210 - chaotic_trainer - INFO - ============================================================
2025-10-06 13:23:40,210 - chaotic_trainer - INFO - ============================================================
2025-10-06 13:23:40,210 - chaotic_trainer - INFO - Output directory: outputs/chaotic
2025-10-06 13:23:40,210 - chaotic_trainer - INFO - Output directory: outputs/chaotic
2025-10-06 13:23:40,210 - chaotic_trainer - INFO - Configuration: {
  "chaotic_system": "lorenz",
  "model_type": "full_chaotic",
  "num_speakers": 100,
  "batch_size": 32,
  "num_epochs": 100,
  "learning_rate": 0.0005,
  "weight_decay": 1e-05,
  "gradient_clipping": 1.0,
  "embedding_dim": 10,
  "mlsa_scales": 5,
  "rqa_radius_ratio": 0.1,
  "evolution_time": 0.5,
  "time_step": 0.01,
  "coupling_strength": 1.0,
  "noise_level": 0.001,
  "pooling_type": "comprehensive",
  "speaker_embedding_dim": 128,
  "classifier_type": "cosine",
  "temperature": 30.0,
  "margin": 0.35,
  "sample_rate": 16000,
  "max_audio_length": 3.0,
  "data_dir": "/scratch/project_2003370/yueyao/dataset/train-clean-100/LibriSpeech/train-clean-100",
  "device": "auto",
  "seed": 42,
  "optimize_parameters": true,
  "optimizer": {
    "type": "adamw",
    "params": {
      "betas": [
        0.9,
        0.999
      ]
    }
  },
  "scheduler": {
    "type": "cosine",
    "params": {
      "eta_min": 1e-06
    }
  },
  "early_stopping": {
    "patience": 20
  },
  "epochs": 10
}
2025-10-06 13:23:40,210 - chaotic_trainer - INFO - Configuration: {
  "chaotic_system": "lorenz",
  "model_type": "full_chaotic",
  "num_speakers": 100,
  "batch_size": 32,
  "num_epochs": 100,
  "learning_rate": 0.0005,
  "weight_decay": 1e-05,
  "gradient_clipping": 1.0,
  "embedding_dim": 10,
  "mlsa_scales": 5,
  "rqa_radius_ratio": 0.1,
  "evolution_time": 0.5,
  "time_step": 0.01,
  "coupling_strength": 1.0,
  "noise_level": 0.001,
  "pooling_type": "comprehensive",
  "speaker_embedding_dim": 128,
  "classifier_type": "cosine",
  "temperature": 30.0,
  "margin": 0.35,
  "sample_rate": 16000,
  "max_audio_length": 3.0,
  "data_dir": "/scratch/project_2003370/yueyao/dataset/train-clean-100/LibriSpeech/train-clean-100",
  "device": "auto",
  "seed": 42,
  "optimize_parameters": true,
  "optimizer": {
    "type": "adamw",
    "params": {
      "betas": [
        0.9,
        0.999
      ]
    }
  },
  "scheduler": {
    "type": "cosine",
    "params": {
      "eta_min": 1e-06
    }
  },
  "early_stopping": {
    "patience": 20
  }
}
2025-10-06 13:23:40,251 - chaotic_trainer - INFO - System info: {'platform': 'Linux-4.18.0-553.74.1.el8_10.x86_64-x86_64-with-glibc2.28', 'system': 'Linux', 'node': 'g6301.mahti.csc.fi', 'release': '4.18.0-553.74.1.el8_10.x86_64', 'version': '#1 SMP Sun Sep 7 09:23:35 EDT 2025', 'machine': 'x86_64', 'processor': 'x86_64', 'python_version': '3.12.10 (main, Jun  3 2025, 21:04:06) [GCC 8.5.0 20210514 (Red Hat 8.5.0-26)]', 'python_executable': '/usr/bin/python', 'cpu_count': 256, 'total_memory': 540285210624, 'available_memory': 511919284224, 'gpu_info': {'cuda_available': True, 'cuda_version': '12.6', 'gpu_count': 1, 'gpu_names': ['NVIDIA A100-SXM4-40GB MIG 1g.5gb']}, 'package_versions': {'numpy': '1.26.4', 'scipy': '1.13.1', 'scikit-learn': 'not installed', 'librosa': '0.11.0', 'soundfile': '0.13.1', 'torch': '2.7.1+cu126', 'tensorflow': 'not installed', 'matplotlib': '3.10.3', 'pandas': '2.3.0'}, 'git_info': {'commit_hash': 'b8869759b4122b7648b00f614892269782e4ca2c', 'branch': 'origin', 'is_dirty': True}}
2025-10-06 13:23:40,251 - chaotic_trainer - INFO - Training 2 systems × 1 types × 3 runs...
2025-10-06 13:23:40,251 - chaotic_trainer - INFO - Systems: ['lorenz', 'rossler']
2025-10-06 13:23:40,251 - chaotic_trainer - INFO - Model types: ['full_chaotic']
2025-10-06 13:23:40,251 - chaotic_trainer - INFO - 
============================================================
2025-10-06 13:23:40,251 - chaotic_trainer - INFO - TRAINING: LORENZ + FULL_CHAOTIC
2025-10-06 13:23:40,251 - chaotic_trainer - INFO - ============================================================
2025-10-06 13:23:40,252 - chaotic_trainer - INFO - Training chaotic_lorenz_full_chaotic_run_0...
2025-10-06 13:23:40,252 - chaotic_trainer - INFO - Optimizing parameters for lorenz system...
2025-10-06 13:23:40,252 - chaotic_trainer - INFO - System info: {'platform': 'Linux-4.18.0-553.74.1.el8_10.x86_64-x86_64-with-glibc2.28', 'system': 'Linux', 'node': 'g6301.mahti.csc.fi', 'release': '4.18.0-553.74.1.el8_10.x86_64', 'version': '#1 SMP Sun Sep 7 09:23:35 EDT 2025', 'machine': 'x86_64', 'processor': 'x86_64', 'python_version': '3.12.10 (main, Jun  3 2025, 21:04:06) [GCC 8.5.0 20210514 (Red Hat 8.5.0-26)]', 'python_executable': '/usr/bin/python', 'cpu_count': 256, 'total_memory': 540285210624, 'available_memory': 511919284224, 'gpu_info': {'cuda_available': True, 'cuda_version': '12.6', 'gpu_count': 1, 'gpu_names': ['NVIDIA A100-SXM4-40GB MIG 1g.5gb']}, 'package_versions': {'numpy': '1.26.4', 'scipy': '1.13.1', 'scikit-learn': 'not installed', 'librosa': '0.11.0', 'soundfile': '0.13.1', 'torch': '2.7.1+cu126', 'tensorflow': 'not installed', 'matplotlib': '3.10.3', 'pandas': '2.3.0'}, 'git_info': {'commit_hash': 'b8869759b4122b7648b00f614892269782e4ca2c', 'branch': 'origin', 'is_dirty': True}}
2025-10-06 13:23:40,253 - chaotic_trainer - INFO - Training 1 systems × 1 types × 1 runs...
2025-10-06 13:23:40,253 - chaotic_trainer - INFO - Systems: ['lorenz']
2025-10-06 13:23:40,253 - chaotic_trainer - INFO - Model types: ['full_chaotic']
2025-10-06 13:23:40,253 - chaotic_trainer - INFO - 
============================================================
2025-10-06 13:23:40,253 - chaotic_trainer - INFO - TRAINING: LORENZ + FULL_CHAOTIC
2025-10-06 13:23:40,253 - chaotic_trainer - INFO - ============================================================
2025-10-06 13:23:40,253 - chaotic_trainer - INFO - Training chaotic_lorenz_full_chaotic_run_0...
2025-10-06 13:23:40,253 - chaotic_trainer - INFO - Optimizing parameters for lorenz system...
2025-10-06 13:23:40,270 - chaotic_trainer - INFO - Setting up chaotic_lorenz_full_chaotic_run_0...
2025-10-06 13:23:40,270 - chaotic_trainer - INFO - Setting up chaotic_lorenz_full_chaotic_run_0...
2025-10-06 13:27:43,254 - chaotic_trainer - INFO - Model parameters: 39,401 (trainable: 39,401)
2025-10-06 13:27:43,254 - chaotic_trainer - INFO - Starting training for 100 epochs...
2025-10-06 13:27:43,255 - chaotic_trainer - INFO - Model parameters: 39,401 (trainable: 39,401)
2025-10-06 13:27:43,255 - chaotic_trainer - INFO - Training with chaotic dynamics monitoring...
2025-10-06 13:27:43,255 - chaotic_trainer - INFO - Starting training for 100 epochs...
