{
    "train_loss": 8.094235974512282,
    "train_accuracy": 0.0390983443048075,
    "val_loss": 11.960816439460306,
    "val_accuracy": 0.0,
    "learning_rate": 0.00025
}