{
    "train_loss": 10.217022719979287,
    "train_accuracy": 0.0,
    "val_loss": 6.847250007180607,
    "val_accuracy": 0.0,
    "learning_rate": 0.0001
}