{
    "train_loss": 8.760333891212941,
    "train_accuracy": 0.011637003716017993,
    "val_loss": 8.696147733576158,
    "val_accuracy": 0.0,
    "learning_rate": 0.0001
}