{
    "train_loss": 8.88060731644843,
    "train_accuracy": 0.011968880909634948,
    "val_loss": 11.189527287202722,
    "val_accuracy": 0.0,
    "learning_rate": 0.001
}