{
    "train_loss": 9.58379140496254,
    "train_accuracy": 0.0,
    "val_loss": 5.563058729732738,
    "val_accuracy": 0.0,
    "learning_rate": 0.0001
}