{
    "train_loss": 10.652254979321912,
    "train_accuracy": 0.0,
    "val_loss": 5.168730808706845,
    "val_accuracy": 0.0,
    "learning_rate": 0.001
}