{
    "train_loss": 10.71408021748066,
    "train_accuracy": 0.0,
    "val_loss": 5.805851100472843,
    "val_accuracy": 0.0,
    "learning_rate": 0.0001
}