{
    "train_loss": 9.087454199790955,
    "train_accuracy": 0.0018580089966751417,
    "val_loss": 7.615670052696677,
    "val_accuracy": 0.0,
    "learning_rate": 0.0001
}