{
    "train_loss": 8.455606119334698,
    "train_accuracy": 0.01642871112849599,
    "val_loss": 9.704334707821117,
    "val_accuracy": 0.0,
    "learning_rate": 5e-05
}