{
    "train_loss": 8.426665978133679,
    "train_accuracy": 0.01769998044201056,
    "val_loss": 10.026799269283519,
    "val_accuracy": 0.0,
    "learning_rate": 5e-05
}