{
    "train_loss": 8.324045803896182,
    "train_accuracy": 0.03091960901655695,
    "val_loss": 9.986217352923225,
    "val_accuracy": 0.0,
    "learning_rate": 0.00025
}