{
    "train_loss": 8.740720019978323,
    "train_accuracy": 0.014262916417314982,
    "val_loss": 11.992227823594037,
    "val_accuracy": 0.0,
    "learning_rate": 0.0005
}