{
    "train_loss": 8.949437645077705,
    "train_accuracy": 0.004302757676510855,
    "val_loss": 8.352587946723489,
    "val_accuracy": 0.0,
    "learning_rate": 0.0001
}