{
    "train_loss": 8.723019950091839,
    "train_accuracy": 0.011539213768824564,
    "val_loss": 11.204860866771025,
    "val_accuracy": 0.0,
    "learning_rate": 5e-05
}