{
    "train_loss": 8.088164906592885,
    "train_accuracy": 0.04049471374426491,
    "val_loss": 14.29709529876709,
    "val_accuracy": 0.0,
    "learning_rate": 0.00025
}