{
    "train_loss": 9.799334466457367,
    "train_accuracy": 0.0,
    "val_loss": 6.769311371971579,
    "val_accuracy": 0.0,
    "learning_rate": 0.0001
}