{
    "train_loss": 8.514053808152676,
    "train_accuracy": 0.014081752395853707,
    "val_loss": 9.199186813130098,
    "val_accuracy": 0.0,
    "learning_rate": 5e-05
}