{
    "train_loss": 8.585406102240086,
    "train_accuracy": 0.014179542343047134,
    "val_loss": 9.55641700520235,
    "val_accuracy": 0.0,
    "learning_rate": 5e-05
}