{
    "train_loss": 8.847313801944257,
    "train_accuracy": 0.008996675141795423,
    "val_loss": 8.314951111288632,
    "val_accuracy": 0.0,
    "learning_rate": 0.0001
}