{
    "train_loss": 9.303168031573296,
    "train_accuracy": 0.0,
    "val_loss": 7.575392745522892,
    "val_accuracy": 0.0,
    "learning_rate": 0.0001
}