{
    "train_loss": 9.927789622545243,
    "train_accuracy": 0.0,
    "val_loss": 6.948444747924805,
    "val_accuracy": 0.0,
    "learning_rate": 0.0001
}