{
    "train_loss": 11.8456509411335,
    "train_accuracy": 0.0,
    "val_loss": 6.02610055699068,
    "val_accuracy": 0.0,
    "learning_rate": 0.0001
}