{
    "train_loss": 8.491955503821373,
    "train_accuracy": 0.015548601603755133,
    "val_loss": 8.874918640361113,
    "val_accuracy": 0.0,
    "learning_rate": 5e-05
}