2026-02-12 13:49:58,277 - experiment_ablation_no_chaotic_embedding - INFO - Initialized experiment: ablation_no_chaotic_embedding
2026-02-12 13:49:58,277 - experiment_ablation_no_chaotic_embedding - INFO - Device: cuda
2026-02-12 13:49:58,278 - experiment_ablation_no_chaotic_embedding - INFO - Output directory: /scratch/project_2003370/yueyao/Model/experiments/configs/Ablation_study/no_chaotic_embedding/ablation_no_chaotic_embedding
2026-02-12 13:56:14,721 - experiment_ablation_no_chaotic_embedding - INFO - Initialized experiment: ablation_no_chaotic_embedding
2026-02-12 13:56:14,721 - experiment_ablation_no_chaotic_embedding - INFO - Device: cuda
2026-02-12 13:56:14,721 - experiment_ablation_no_chaotic_embedding - INFO - Output directory: /scratch/project_2003370/yueyao/Model/experiments/configs/Ablation_study/no_chaotic_embedding/ablation_no_chaotic_embedding
2026-02-12 13:56:14,722 - experiment_ablation_no_chaotic_embedding - INFO - Initialized chaotic network experiment with lorenz system
2026-02-12 13:57:38,586 - experiment_ablation_no_chaotic_embedding - INFO - Initialized experiment: ablation_no_chaotic_embedding
2026-02-12 13:57:38,586 - experiment_ablation_no_chaotic_embedding - INFO - Device: cuda
2026-02-12 13:57:38,586 - experiment_ablation_no_chaotic_embedding - INFO - Output directory: /scratch/project_2003370/yueyao/Model/experiments/configs/Ablation_study/no_chaotic_embedding/ablation_no_chaotic_embedding
2026-02-12 13:57:38,586 - experiment_ablation_no_chaotic_embedding - INFO - Initialized chaotic network experiment with lorenz system
2026-02-12 14:03:20,387 - experiment_ablation_no_chaotic_embedding - INFO - Initialized experiment: ablation_no_chaotic_embedding
2026-02-12 14:03:20,387 - experiment_ablation_no_chaotic_embedding - INFO - Device: cuda
2026-02-12 14:03:20,387 - experiment_ablation_no_chaotic_embedding - INFO - Output directory: /scratch/project_2003370/yueyao/Model/experiments/configs/Ablation_study/no_chaotic_embedding/ablation_no_chaotic_embedding
2026-02-12 14:03:20,387 - experiment_ablation_no_chaotic_embedding - INFO - Initialized chaotic network experiment with lorenz system
2026-02-12 14:03:20,387 - experiment_ablation_no_chaotic_embedding - INFO - Setting up experiment components...
2026-02-12 14:03:20,387 - experiment_ablation_no_chaotic_embedding - INFO - Creating dataloaders...
2026-02-12 14:03:20,388 - experiment_ablation_no_chaotic_embedding - INFO - Detected 10 speakers in dataset
2026-02-12 14:03:20,388 - experiment_ablation_no_chaotic_embedding - INFO - Dataloaders created:
2026-02-12 14:03:20,388 - experiment_ablation_no_chaotic_embedding - INFO -   Train: 25 batches
2026-02-12 14:03:20,388 - experiment_ablation_no_chaotic_embedding - INFO -   Val: 5 batches
2026-02-12 14:03:20,388 - experiment_ablation_no_chaotic_embedding - INFO -   Test: 5 batches
2026-02-12 14:03:20,388 - experiment_ablation_no_chaotic_embedding - INFO - Creating model...
2026-02-12 14:03:20,389 - experiment_ablation_no_chaotic_embedding - INFO - Using actual num_speakers from dataset: 10
2026-02-12 14:07:51,215 - experiment_ablation_no_chaotic_embedding - INFO - Initialized experiment: ablation_no_chaotic_embedding
2026-02-12 14:07:51,215 - experiment_ablation_no_chaotic_embedding - INFO - Device: cuda
2026-02-12 14:07:51,215 - experiment_ablation_no_chaotic_embedding - INFO - Output directory: /scratch/project_2003370/yueyao/Model/experiments/configs/Ablation_study/no_chaotic_embedding/ablation_no_chaotic_embedding
2026-02-12 14:07:51,215 - experiment_ablation_no_chaotic_embedding - INFO - Initialized chaotic network experiment with lorenz system
2026-02-12 14:07:51,215 - experiment_ablation_no_chaotic_embedding - INFO - Setting up experiment components...
2026-02-12 14:07:51,215 - experiment_ablation_no_chaotic_embedding - INFO - Creating dataloaders...
2026-02-12 14:07:51,641 - experiment_ablation_no_chaotic_embedding - INFO - Detected 26 speakers in dataset
2026-02-12 14:07:51,641 - experiment_ablation_no_chaotic_embedding - INFO - Dataloaders created:
2026-02-12 14:07:51,641 - experiment_ablation_no_chaotic_embedding - INFO -   Train: 14 batches
2026-02-12 14:07:51,641 - experiment_ablation_no_chaotic_embedding - INFO -   Val: 3 batches
2026-02-12 14:07:51,641 - experiment_ablation_no_chaotic_embedding - INFO -   Test: 4 batches
2026-02-12 14:07:51,641 - experiment_ablation_no_chaotic_embedding - INFO - Creating model...
2026-02-12 14:07:51,641 - experiment_ablation_no_chaotic_embedding - INFO - Using actual num_speakers from dataset: 26
2026-02-12 14:30:02,563 - experiment_ablation_no_chaotic_embedding - INFO - Initialized experiment: ablation_no_chaotic_embedding
2026-02-12 14:30:02,563 - experiment_ablation_no_chaotic_embedding - INFO - Device: cuda
2026-02-12 14:30:02,563 - experiment_ablation_no_chaotic_embedding - INFO - Output directory: /scratch/project_2003370/yueyao/Model/experiments/configs/Ablation_study/no_chaotic_embedding/ablation_no_chaotic_embedding
2026-02-12 14:30:02,563 - experiment_ablation_no_chaotic_embedding - INFO - Initialized chaotic network experiment with lorenz system
2026-02-12 14:30:02,563 - experiment_ablation_no_chaotic_embedding - INFO - Setting up experiment components...
2026-02-12 14:30:02,563 - experiment_ablation_no_chaotic_embedding - INFO - Creating dataloaders...
2026-02-12 14:30:02,972 - experiment_ablation_no_chaotic_embedding - INFO - Detected 26 speakers in dataset
2026-02-12 14:30:02,972 - experiment_ablation_no_chaotic_embedding - INFO - Dataloaders created:
2026-02-12 14:30:02,972 - experiment_ablation_no_chaotic_embedding - INFO -   Train: 14 batches
2026-02-12 14:30:02,972 - experiment_ablation_no_chaotic_embedding - INFO -   Val: 3 batches
2026-02-12 14:30:02,972 - experiment_ablation_no_chaotic_embedding - INFO -   Test: 4 batches
2026-02-12 14:30:02,972 - experiment_ablation_no_chaotic_embedding - INFO - Creating model...
2026-02-12 14:30:02,972 - experiment_ablation_no_chaotic_embedding - INFO - Using actual num_speakers from dataset: 26
2026-02-12 14:31:09,379 - experiment_ablation_no_chaotic_embedding - INFO - Total parameters: 500,671
2026-02-12 14:31:09,379 - experiment_ablation_no_chaotic_embedding - INFO - Trainable parameters: 500,671
2026-02-12 14:31:09,379 - experiment_ablation_no_chaotic_embedding - INFO - Creating optimizer...
2026-02-12 14:31:09,379 - experiment_ablation_no_chaotic_embedding - INFO - Optimizer: AdamW
2026-02-12 14:31:09,379 - experiment_ablation_no_chaotic_embedding - INFO - Creating scheduler...
2026-02-12 14:31:09,380 - experiment_ablation_no_chaotic_embedding - INFO - Creating criterion...
2026-02-12 14:31:09,380 - experiment_ablation_no_chaotic_embedding - INFO - Criterion: CrossEntropyLoss
2026-02-12 14:31:09,473 - experiment_ablation_no_chaotic_embedding - INFO - Configuration saved to: /scratch/project_2003370/yueyao/Model/experiments/configs/Ablation_study/no_chaotic_embedding/ablation_no_chaotic_embedding/config.json
2026-02-12 14:31:09,473 - experiment_ablation_no_chaotic_embedding - INFO - Experiment setup completed
2026-02-12 14:31:09,474 - experiment_ablation_no_chaotic_embedding - INFO - Starting training for 100 epochs
2026-02-12 14:31:09,672 - experiment_ablation_no_chaotic_embedding - INFO - 
================================================================================
2026-02-12 14:31:09,673 - experiment_ablation_no_chaotic_embedding - INFO - COMPREHENSIVE DEBUG - FIRST BATCH
2026-02-12 14:31:09,673 - experiment_ablation_no_chaotic_embedding - INFO - ================================================================================
2026-02-12 14:31:09,673 - experiment_ablation_no_chaotic_embedding - INFO - Batch Info:
2026-02-12 14:31:09,673 - experiment_ablation_no_chaotic_embedding - INFO -   Audio shape: torch.Size([32, 48000])
2026-02-12 14:31:09,673 - experiment_ablation_no_chaotic_embedding - INFO -   Targets shape: torch.Size([32])
2026-02-12 14:31:09,674 - experiment_ablation_no_chaotic_embedding - INFO -   Targets (first 8): tensor([ 1, 10, 18, 23, 13,  8, 11, 24], device='cuda:0')
2026-02-12 14:31:09,851 - experiment_ablation_no_chaotic_embedding - ERROR - Training failed with error: Expected all tensors to be on the same device, but found at least two devices, cpu and cuda:0! (when checking argument for argument mat1 in method wrapper_CUDA_addmm)
2026-02-12 14:59:17,170 - experiment_ablation_no_chaotic_embedding - INFO - Initialized experiment: ablation_no_chaotic_embedding
2026-02-12 14:59:17,171 - experiment_ablation_no_chaotic_embedding - INFO - Device: cuda
2026-02-12 14:59:17,171 - experiment_ablation_no_chaotic_embedding - INFO - Output directory: /scratch/project_2003370/yueyao/Model/experiments/configs/Ablation_study/no_chaotic_embedding/ablation_no_chaotic_embedding
2026-02-12 14:59:17,171 - experiment_ablation_no_chaotic_embedding - INFO - Initialized chaotic network experiment with lorenz system
2026-02-12 14:59:17,171 - experiment_ablation_no_chaotic_embedding - INFO - Setting up experiment components...
2026-02-12 14:59:17,171 - experiment_ablation_no_chaotic_embedding - INFO - Creating dataloaders...
2026-02-12 14:59:19,317 - experiment_ablation_no_chaotic_embedding - INFO - Detected 26 speakers in dataset
2026-02-12 14:59:19,317 - experiment_ablation_no_chaotic_embedding - INFO - Dataloaders created:
2026-02-12 14:59:19,318 - experiment_ablation_no_chaotic_embedding - INFO -   Train: 14 batches
2026-02-12 14:59:19,318 - experiment_ablation_no_chaotic_embedding - INFO -   Val: 3 batches
2026-02-12 14:59:19,318 - experiment_ablation_no_chaotic_embedding - INFO -   Test: 4 batches
2026-02-12 14:59:19,318 - experiment_ablation_no_chaotic_embedding - INFO - Creating model...
2026-02-12 14:59:19,318 - experiment_ablation_no_chaotic_embedding - INFO - Using actual num_speakers from dataset: 26
2026-02-12 15:00:25,002 - experiment_ablation_no_chaotic_embedding - INFO - Total parameters: 500,671
2026-02-12 15:00:25,002 - experiment_ablation_no_chaotic_embedding - INFO - Trainable parameters: 500,671
2026-02-12 15:00:25,002 - experiment_ablation_no_chaotic_embedding - INFO - Creating optimizer...
2026-02-12 15:00:25,002 - experiment_ablation_no_chaotic_embedding - INFO - Optimizer: AdamW
2026-02-12 15:00:25,002 - experiment_ablation_no_chaotic_embedding - INFO - Creating scheduler...
2026-02-12 15:00:25,002 - experiment_ablation_no_chaotic_embedding - INFO - Creating criterion...
2026-02-12 15:00:25,002 - experiment_ablation_no_chaotic_embedding - INFO - Criterion: CrossEntropyLoss
2026-02-12 15:00:25,191 - experiment_ablation_no_chaotic_embedding - INFO - Configuration saved to: /scratch/project_2003370/yueyao/Model/experiments/configs/Ablation_study/no_chaotic_embedding/ablation_no_chaotic_embedding/config.json
2026-02-12 15:00:25,191 - experiment_ablation_no_chaotic_embedding - INFO - Experiment setup completed
2026-02-12 15:00:25,192 - experiment_ablation_no_chaotic_embedding - INFO - Starting training for 100 epochs
2026-02-12 15:00:25,555 - experiment_ablation_no_chaotic_embedding - INFO - 
================================================================================
2026-02-12 15:00:25,555 - experiment_ablation_no_chaotic_embedding - INFO - COMPREHENSIVE DEBUG - FIRST BATCH
2026-02-12 15:00:25,556 - experiment_ablation_no_chaotic_embedding - INFO - ================================================================================
2026-02-12 15:00:25,556 - experiment_ablation_no_chaotic_embedding - INFO - Batch Info:
2026-02-12 15:00:25,556 - experiment_ablation_no_chaotic_embedding - INFO -   Audio shape: torch.Size([32, 48000])
2026-02-12 15:00:25,556 - experiment_ablation_no_chaotic_embedding - INFO -   Targets shape: torch.Size([32])
2026-02-12 15:00:25,557 - experiment_ablation_no_chaotic_embedding - INFO -   Targets (first 8): tensor([ 1, 10, 18, 23, 13,  8, 11, 24], device='cuda:0')
2026-02-12 15:00:25,740 - experiment_ablation_no_chaotic_embedding - ERROR - Training failed with error: mat1 and mat2 shapes cannot be multiplied (32x230 and 18x128)
2026-02-12 15:10:49,847 - experiment_ablation_no_chaotic_embedding - INFO - Initialized experiment: ablation_no_chaotic_embedding
2026-02-12 15:10:49,847 - experiment_ablation_no_chaotic_embedding - INFO - Device: cuda
2026-02-12 15:10:49,848 - experiment_ablation_no_chaotic_embedding - INFO - Output directory: /scratch/project_2003370/yueyao/Model/experiments/configs/Ablation_study/no_chaotic_embedding/ablation_no_chaotic_embedding
2026-02-12 15:10:49,848 - experiment_ablation_no_chaotic_embedding - INFO - [SYNC LOSS] Enabled with mode: standard
2026-02-12 15:10:49,848 - experiment_ablation_no_chaotic_embedding - INFO - Initialized chaotic network experiment with lorenz system
2026-02-12 15:14:23,500 - experiment_ablation_no_chaotic_embedding - INFO - Initialized experiment: ablation_no_chaotic_embedding
2026-02-12 15:14:23,500 - experiment_ablation_no_chaotic_embedding - INFO - Device: cuda
2026-02-12 15:14:23,500 - experiment_ablation_no_chaotic_embedding - INFO - Output directory: /scratch/project_2003370/yueyao/Model/experiments/configs/Ablation_study/no_chaotic_embedding/ablation_no_chaotic_embedding
2026-02-12 15:14:23,500 - experiment_ablation_no_chaotic_embedding - INFO - [SYNC LOSS] Enabled with mode: standard
2026-02-12 15:14:23,500 - experiment_ablation_no_chaotic_embedding - INFO - Initialized chaotic network experiment with lorenz system
2026-02-12 15:55:51,683 - experiment_ablation_no_chaotic_embedding - INFO - Initialized experiment: ablation_no_chaotic_embedding
2026-02-12 15:55:51,683 - experiment_ablation_no_chaotic_embedding - INFO - Device: cuda
2026-02-12 15:55:51,683 - experiment_ablation_no_chaotic_embedding - INFO - Output directory: /scratch/project_2003370/yueyao/Model/experiments/configs/Ablation_study/no_chaotic_embedding/ablation_no_chaotic_embedding
2026-02-12 15:55:51,683 - experiment_ablation_no_chaotic_embedding - INFO - [SYNC LOSS] Enabled with mode: standard
2026-02-12 15:55:51,684 - experiment_ablation_no_chaotic_embedding - INFO - Initialized chaotic network experiment with lorenz system
2026-02-12 15:55:51,684 - experiment_ablation_no_chaotic_embedding - INFO - Setting up experiment components...
2026-02-12 15:55:51,684 - experiment_ablation_no_chaotic_embedding - INFO - Creating dataloaders...
2026-02-12 15:55:51,685 - experiment_ablation_no_chaotic_embedding - INFO - Detected 10 speakers in dataset
2026-02-12 15:55:51,685 - experiment_ablation_no_chaotic_embedding - INFO - Dataloaders created:
2026-02-12 15:55:51,685 - experiment_ablation_no_chaotic_embedding - INFO -   Train: 25 batches
2026-02-12 15:55:51,685 - experiment_ablation_no_chaotic_embedding - INFO -   Val: 5 batches
2026-02-12 15:55:51,685 - experiment_ablation_no_chaotic_embedding - INFO -   Test: 5 batches
2026-02-12 15:55:51,685 - experiment_ablation_no_chaotic_embedding - INFO - Creating model...
2026-02-12 15:55:51,685 - experiment_ablation_no_chaotic_embedding - INFO - Using actual num_speakers from dataset: 10
2026-02-12 15:56:58,088 - experiment_ablation_no_chaotic_embedding - INFO - Total parameters: 498,623
2026-02-12 15:56:58,088 - experiment_ablation_no_chaotic_embedding - INFO - Trainable parameters: 498,623
2026-02-12 15:56:58,088 - experiment_ablation_no_chaotic_embedding - INFO - Creating optimizer...
2026-02-12 15:56:58,088 - experiment_ablation_no_chaotic_embedding - INFO - Optimizer: AdamW
2026-02-12 15:56:58,089 - experiment_ablation_no_chaotic_embedding - INFO - Creating scheduler...
2026-02-12 15:56:58,089 - experiment_ablation_no_chaotic_embedding - INFO - Creating criterion...
2026-02-12 15:56:58,089 - experiment_ablation_no_chaotic_embedding - INFO - Criterion: CrossEntropyLoss
2026-02-12 15:56:58,180 - experiment_ablation_no_chaotic_embedding - INFO - Configuration saved to: /scratch/project_2003370/yueyao/Model/experiments/configs/Ablation_study/no_chaotic_embedding/ablation_no_chaotic_embedding/config.json
2026-02-12 15:56:58,180 - experiment_ablation_no_chaotic_embedding - INFO - Experiment setup completed
2026-02-12 15:56:58,181 - experiment_ablation_no_chaotic_embedding - INFO - Starting training for 100 epochs
2026-02-12 15:56:58,181 - experiment_ablation_no_chaotic_embedding - INFO - [SYNC LOSS] Warmup complete, synchronization loss activated!
2026-02-12 15:56:58,193 - experiment_ablation_no_chaotic_embedding - INFO - 
================================================================================
2026-02-12 15:56:58,194 - experiment_ablation_no_chaotic_embedding - INFO - COMPREHENSIVE DEBUG - FIRST BATCH
2026-02-12 15:56:58,194 - experiment_ablation_no_chaotic_embedding - INFO - ================================================================================
2026-02-12 15:56:58,194 - experiment_ablation_no_chaotic_embedding - INFO - Batch Info:
2026-02-12 15:56:58,194 - experiment_ablation_no_chaotic_embedding - INFO -   Audio shape: torch.Size([32, 48000])
2026-02-12 15:56:58,194 - experiment_ablation_no_chaotic_embedding - INFO -   Targets shape: torch.Size([32])
2026-02-12 15:56:58,194 - experiment_ablation_no_chaotic_embedding - INFO -   Targets (first 8): tensor([5, 3, 8, 1, 5, 8, 3, 9], device='cuda:0')
2026-02-12 15:56:58,258 - experiment_ablation_no_chaotic_embedding - INFO - ================================================================================

2026-02-12 15:56:58,333 - experiment_ablation_no_chaotic_embedding - INFO - [STABILITY] Initialized LyapunovStabilityLoss
2026-02-12 15:56:58,334 - experiment_ablation_no_chaotic_embedding - DEBUG - [STABILITY] lyap=-0.015, max_norm=0.2, min_std=0.061
2026-02-12 15:56:58,365 - experiment_ablation_no_chaotic_embedding - INFO - Train Epoch 0: [0/800 (0.0%)]	Loss: 4.810485
2026-02-12 15:57:00,979 - experiment_ablation_no_chaotic_embedding - INFO - [SYNC DEBUG] Epoch 0: sync_weight=0.0, desync_weight=0.0, loss_sync=0.000000
2026-02-12 15:57:01,347 - experiment_ablation_no_chaotic_embedding - INFO - Epoch 0: Train Loss: 0.9644, Train Acc: 0.7487, Val Loss: 2.2968, Val Acc: 0.1625
2026-02-12 15:57:01,409 - experiment_ablation_no_chaotic_embedding - INFO - Saved new best model at epoch 0
2026-02-12 15:57:01,626 - experiment_ablation_no_chaotic_embedding - INFO - Train Epoch 1: [0/800 (0.0%)]	Loss: 0.081033
2026-02-12 15:57:04,254 - experiment_ablation_no_chaotic_embedding - INFO - [SYNC DEBUG] Epoch 1: sync_weight=0.0, desync_weight=0.0, loss_sync=0.000000
2026-02-12 15:57:04,622 - experiment_ablation_no_chaotic_embedding - INFO - Epoch 1: Train Loss: 0.0633, Train Acc: 0.9875, Val Loss: 0.0026, Val Acc: 1.0000
2026-02-12 15:57:04,690 - experiment_ablation_no_chaotic_embedding - INFO - Saved new best model at epoch 1
2026-02-12 15:57:04,830 - experiment_ablation_no_chaotic_embedding - INFO - Train Epoch 2: [0/800 (0.0%)]	Loss: 0.014137
2026-02-12 15:57:07,455 - experiment_ablation_no_chaotic_embedding - INFO - [SYNC DEBUG] Epoch 2: sync_weight=0.0, desync_weight=0.0, loss_sync=0.000000
2026-02-12 15:57:07,829 - experiment_ablation_no_chaotic_embedding - INFO - Epoch 2: Train Loss: 0.0233, Train Acc: 0.9962, Val Loss: 0.0000, Val Acc: 1.0000
2026-02-12 15:57:07,935 - experiment_ablation_no_chaotic_embedding - INFO - Train Epoch 3: [0/800 (0.0%)]	Loss: 0.005753
2026-02-12 15:57:10,574 - experiment_ablation_no_chaotic_embedding - INFO - [SYNC DEBUG] Epoch 3: sync_weight=0.0, desync_weight=0.0, loss_sync=0.000000
2026-02-12 15:57:10,951 - experiment_ablation_no_chaotic_embedding - INFO - Epoch 3: Train Loss: 0.0147, Train Acc: 0.9962, Val Loss: 0.0000, Val Acc: 1.0000
2026-02-12 15:57:11,030 - experiment_ablation_no_chaotic_embedding - DEBUG - [STABILITY] lyap=0.055, max_norm=0.4, min_std=0.106
2026-02-12 15:57:11,059 - experiment_ablation_no_chaotic_embedding - INFO - Train Epoch 4: [0/800 (0.0%)]	Loss: 0.012815
2026-02-12 15:57:13,710 - experiment_ablation_no_chaotic_embedding - INFO - [SYNC DEBUG] Epoch 4: sync_weight=0.0, desync_weight=0.0, loss_sync=0.000000
2026-02-12 15:57:14,078 - experiment_ablation_no_chaotic_embedding - INFO - Epoch 4: Train Loss: 0.0098, Train Acc: 0.9987, Val Loss: 0.0000, Val Acc: 1.0000
2026-02-12 15:57:14,183 - experiment_ablation_no_chaotic_embedding - INFO - Train Epoch 5: [0/800 (0.0%)]	Loss: 0.003057
2026-02-12 15:57:16,827 - experiment_ablation_no_chaotic_embedding - INFO - [SYNC DEBUG] Epoch 5: sync_weight=0.0, desync_weight=0.0, loss_sync=0.000000
2026-02-12 15:57:17,195 - experiment_ablation_no_chaotic_embedding - INFO - Epoch 5: Train Loss: 0.0062, Train Acc: 0.9975, Val Loss: 0.0000, Val Acc: 1.0000
2026-02-12 15:57:17,300 - experiment_ablation_no_chaotic_embedding - INFO - Train Epoch 6: [0/800 (0.0%)]	Loss: 0.001719
2026-02-12 15:57:19,948 - experiment_ablation_no_chaotic_embedding - INFO - [SYNC DEBUG] Epoch 6: sync_weight=0.0, desync_weight=0.0, loss_sync=0.000000
2026-02-12 15:57:20,315 - experiment_ablation_no_chaotic_embedding - INFO - Epoch 6: Train Loss: 0.0080, Train Acc: 0.9962, Val Loss: 0.0000, Val Acc: 1.0000
2026-02-12 15:57:20,421 - experiment_ablation_no_chaotic_embedding - INFO - Train Epoch 7: [0/800 (0.0%)]	Loss: 0.001192
2026-02-12 15:57:23,102 - experiment_ablation_no_chaotic_embedding - INFO - [SYNC DEBUG] Epoch 7: sync_weight=0.0, desync_weight=0.0, loss_sync=0.000000
2026-02-12 15:57:23,489 - experiment_ablation_no_chaotic_embedding - INFO - Epoch 7: Train Loss: 0.0077, Train Acc: 0.9975, Val Loss: 0.0000, Val Acc: 1.0000
2026-02-12 15:57:23,568 - experiment_ablation_no_chaotic_embedding - DEBUG - [STABILITY] lyap=0.123, max_norm=0.5, min_std=0.133
2026-02-12 15:57:23,596 - experiment_ablation_no_chaotic_embedding - INFO - Train Epoch 8: [0/800 (0.0%)]	Loss: 0.000171
2026-02-12 15:57:26,226 - experiment_ablation_no_chaotic_embedding - INFO - [SYNC DEBUG] Epoch 8: sync_weight=0.0, desync_weight=0.0, loss_sync=0.000000
2026-02-12 15:57:26,600 - experiment_ablation_no_chaotic_embedding - INFO - Epoch 8: Train Loss: 0.0161, Train Acc: 0.9962, Val Loss: 0.0000, Val Acc: 1.0000
2026-02-12 15:57:26,706 - experiment_ablation_no_chaotic_embedding - INFO - Train Epoch 9: [0/800 (0.0%)]	Loss: 0.000755
2026-02-12 15:57:29,322 - experiment_ablation_no_chaotic_embedding - INFO - [SYNC DEBUG] Epoch 9: sync_weight=0.0, desync_weight=0.0, loss_sync=0.000000
2026-02-12 15:57:29,694 - experiment_ablation_no_chaotic_embedding - INFO - Epoch 9: Train Loss: 0.0175, Train Acc: 0.9950, Val Loss: 0.0000, Val Acc: 1.0000
2026-02-12 15:57:29,809 - experiment_ablation_no_chaotic_embedding - INFO - Train Epoch 10: [0/800 (0.0%)]	Loss: 0.003133
2026-02-12 15:57:32,438 - experiment_ablation_no_chaotic_embedding - INFO - [SYNC DEBUG] Epoch 10: sync_weight=0.0, desync_weight=0.0, loss_sync=0.000000
2026-02-12 15:57:32,814 - experiment_ablation_no_chaotic_embedding - INFO - Epoch 10: Train Loss: 0.0092, Train Acc: 0.9987, Val Loss: 0.0000, Val Acc: 1.0000
2026-02-12 15:57:32,983 - experiment_ablation_no_chaotic_embedding - INFO - Train Epoch 11: [0/800 (0.0%)]	Loss: 0.000243
2026-02-12 15:57:35,601 - experiment_ablation_no_chaotic_embedding - INFO - [SYNC DEBUG] Epoch 11: sync_weight=0.0, desync_weight=0.0, loss_sync=0.000000
2026-02-12 15:57:35,976 - experiment_ablation_no_chaotic_embedding - INFO - Epoch 11: Train Loss: 0.0035, Train Acc: 0.9987, Val Loss: 0.0000, Val Acc: 1.0000
2026-02-12 15:57:36,055 - experiment_ablation_no_chaotic_embedding - DEBUG - [STABILITY] lyap=0.096, max_norm=0.6, min_std=0.151
2026-02-12 15:57:36,083 - experiment_ablation_no_chaotic_embedding - INFO - Train Epoch 12: [0/800 (0.0%)]	Loss: 0.000623
2026-02-12 15:57:38,706 - experiment_ablation_no_chaotic_embedding - INFO - [SYNC DEBUG] Epoch 12: sync_weight=0.0, desync_weight=0.0, loss_sync=0.000000
2026-02-12 15:57:39,079 - experiment_ablation_no_chaotic_embedding - INFO - Epoch 12: Train Loss: 0.0033, Train Acc: 0.9987, Val Loss: 0.0000, Val Acc: 1.0000
2026-02-12 15:57:39,186 - experiment_ablation_no_chaotic_embedding - INFO - Train Epoch 13: [0/800 (0.0%)]	Loss: 0.000063
2026-02-12 15:57:41,808 - experiment_ablation_no_chaotic_embedding - INFO - [SYNC DEBUG] Epoch 13: sync_weight=0.0, desync_weight=0.0, loss_sync=0.000000
2026-02-12 15:57:42,182 - experiment_ablation_no_chaotic_embedding - INFO - Epoch 13: Train Loss: 0.0053, Train Acc: 0.9975, Val Loss: 0.0000, Val Acc: 1.0000
2026-02-12 15:57:42,289 - experiment_ablation_no_chaotic_embedding - INFO - Train Epoch 14: [0/800 (0.0%)]	Loss: 0.012213
2026-02-12 15:57:44,914 - experiment_ablation_no_chaotic_embedding - INFO - [SYNC DEBUG] Epoch 14: sync_weight=0.0, desync_weight=0.0, loss_sync=0.000000
2026-02-12 15:57:45,288 - experiment_ablation_no_chaotic_embedding - INFO - Epoch 14: Train Loss: 0.0013, Train Acc: 1.0000, Val Loss: 0.0000, Val Acc: 1.0000
2026-02-12 15:57:45,395 - experiment_ablation_no_chaotic_embedding - INFO - Train Epoch 15: [0/800 (0.0%)]	Loss: 0.000099
2026-02-12 15:57:48,041 - experiment_ablation_no_chaotic_embedding - INFO - [SYNC DEBUG] Epoch 15: sync_weight=0.0, desync_weight=0.0, loss_sync=0.000000
2026-02-12 15:57:48,415 - experiment_ablation_no_chaotic_embedding - INFO - Epoch 15: Train Loss: 0.0021, Train Acc: 1.0000, Val Loss: 0.0000, Val Acc: 1.0000
2026-02-12 15:57:48,498 - experiment_ablation_no_chaotic_embedding - DEBUG - [STABILITY] lyap=0.134, max_norm=0.6, min_std=0.162
2026-02-12 15:57:48,526 - experiment_ablation_no_chaotic_embedding - INFO - Train Epoch 16: [0/800 (0.0%)]	Loss: 0.000080
2026-02-12 15:57:51,130 - experiment_ablation_no_chaotic_embedding - INFO - [SYNC DEBUG] Epoch 16: sync_weight=0.0, desync_weight=0.0, loss_sync=0.000000
2026-02-12 15:57:51,504 - experiment_ablation_no_chaotic_embedding - INFO - Epoch 16: Train Loss: 0.0122, Train Acc: 0.9975, Val Loss: 0.0000, Val Acc: 1.0000
2026-02-12 15:57:51,611 - experiment_ablation_no_chaotic_embedding - INFO - Train Epoch 17: [0/800 (0.0%)]	Loss: 0.000165
2026-02-12 15:57:54,137 - experiment_ablation_no_chaotic_embedding - INFO - [SYNC DEBUG] Epoch 17: sync_weight=0.0, desync_weight=0.0, loss_sync=0.000000
2026-02-12 15:57:54,514 - experiment_ablation_no_chaotic_embedding - INFO - Epoch 17: Train Loss: 0.0003, Train Acc: 1.0000, Val Loss: 0.0000, Val Acc: 1.0000
2026-02-12 15:57:54,621 - experiment_ablation_no_chaotic_embedding - INFO - Train Epoch 18: [0/800 (0.0%)]	Loss: 0.004050
2026-02-12 15:57:57,228 - experiment_ablation_no_chaotic_embedding - INFO - [SYNC DEBUG] Epoch 18: sync_weight=0.0, desync_weight=0.0, loss_sync=0.000000
2026-02-12 15:57:57,607 - experiment_ablation_no_chaotic_embedding - INFO - Epoch 18: Train Loss: 0.0007, Train Acc: 1.0000, Val Loss: 0.0000, Val Acc: 1.0000
2026-02-12 15:57:57,712 - experiment_ablation_no_chaotic_embedding - INFO - Train Epoch 19: [0/800 (0.0%)]	Loss: 0.000259
2026-02-12 15:58:00,315 - experiment_ablation_no_chaotic_embedding - INFO - [SYNC DEBUG] Epoch 19: sync_weight=0.0, desync_weight=0.0, loss_sync=0.000000
2026-02-12 15:58:00,692 - experiment_ablation_no_chaotic_embedding - INFO - Epoch 19: Train Loss: 0.0004, Train Acc: 1.0000, Val Loss: 0.0000, Val Acc: 1.0000
2026-02-12 15:58:00,770 - experiment_ablation_no_chaotic_embedding - DEBUG - [STABILITY] lyap=0.113, max_norm=0.6, min_std=0.161
2026-02-12 15:58:00,798 - experiment_ablation_no_chaotic_embedding - INFO - Train Epoch 20: [0/800 (0.0%)]	Loss: 0.000371
2026-02-12 15:58:03,415 - experiment_ablation_no_chaotic_embedding - INFO - [SYNC DEBUG] Epoch 20: sync_weight=0.0, desync_weight=0.0, loss_sync=0.000000
2026-02-12 15:58:03,789 - experiment_ablation_no_chaotic_embedding - INFO - Epoch 20: Train Loss: 0.0003, Train Acc: 1.0000, Val Loss: 0.0000, Val Acc: 1.0000
2026-02-12 15:58:03,964 - experiment_ablation_no_chaotic_embedding - INFO - Train Epoch 21: [0/800 (0.0%)]	Loss: 0.000196
2026-02-12 15:58:06,583 - experiment_ablation_no_chaotic_embedding - INFO - [SYNC DEBUG] Epoch 21: sync_weight=0.0, desync_weight=0.0, loss_sync=0.000000
2026-02-12 15:58:06,955 - experiment_ablation_no_chaotic_embedding - INFO - Epoch 21: Train Loss: 0.0001, Train Acc: 1.0000, Val Loss: 0.0000, Val Acc: 1.0000
2026-02-12 15:58:07,061 - experiment_ablation_no_chaotic_embedding - INFO - Train Epoch 22: [0/800 (0.0%)]	Loss: 0.000126
2026-02-12 15:58:09,642 - experiment_ablation_no_chaotic_embedding - INFO - [SYNC DEBUG] Epoch 22: sync_weight=0.0, desync_weight=0.0, loss_sync=0.000000
2026-02-12 15:58:10,017 - experiment_ablation_no_chaotic_embedding - INFO - Epoch 22: Train Loss: 0.0002, Train Acc: 1.0000, Val Loss: 0.0000, Val Acc: 1.0000
2026-02-12 15:58:10,125 - experiment_ablation_no_chaotic_embedding - INFO - Train Epoch 23: [0/800 (0.0%)]	Loss: 0.000031
2026-02-12 15:58:12,742 - experiment_ablation_no_chaotic_embedding - INFO - [SYNC DEBUG] Epoch 23: sync_weight=0.0, desync_weight=0.0, loss_sync=0.000000
2026-02-12 15:58:13,118 - experiment_ablation_no_chaotic_embedding - INFO - Epoch 23: Train Loss: 0.0002, Train Acc: 1.0000, Val Loss: 0.0000, Val Acc: 1.0000
2026-02-12 15:58:13,196 - experiment_ablation_no_chaotic_embedding - DEBUG - [STABILITY] lyap=0.115, max_norm=0.6, min_std=0.160
2026-02-12 15:58:13,225 - experiment_ablation_no_chaotic_embedding - INFO - Train Epoch 24: [0/800 (0.0%)]	Loss: 0.000077
2026-02-12 15:58:15,836 - experiment_ablation_no_chaotic_embedding - INFO - [SYNC DEBUG] Epoch 24: sync_weight=0.0, desync_weight=0.0, loss_sync=0.000000
2026-02-12 15:58:16,201 - experiment_ablation_no_chaotic_embedding - INFO - Epoch 24: Train Loss: 0.0003, Train Acc: 1.0000, Val Loss: 0.0000, Val Acc: 1.0000
2026-02-12 15:58:16,306 - experiment_ablation_no_chaotic_embedding - INFO - Train Epoch 25: [0/800 (0.0%)]	Loss: 0.000041
2026-02-12 15:58:18,954 - experiment_ablation_no_chaotic_embedding - INFO - [SYNC DEBUG] Epoch 25: sync_weight=0.0, desync_weight=0.0, loss_sync=0.000000
2026-02-12 15:58:19,330 - experiment_ablation_no_chaotic_embedding - INFO - Epoch 25: Train Loss: 0.0016, Train Acc: 0.9987, Val Loss: 0.0000, Val Acc: 1.0000
2026-02-12 15:58:19,436 - experiment_ablation_no_chaotic_embedding - INFO - Train Epoch 26: [0/800 (0.0%)]	Loss: 0.000074
2026-02-12 15:58:22,043 - experiment_ablation_no_chaotic_embedding - INFO - [SYNC DEBUG] Epoch 26: sync_weight=0.0, desync_weight=0.0, loss_sync=0.000000
2026-02-12 15:58:22,412 - experiment_ablation_no_chaotic_embedding - INFO - Epoch 26: Train Loss: 0.0003, Train Acc: 1.0000, Val Loss: 0.0000, Val Acc: 1.0000
2026-02-12 15:58:22,518 - experiment_ablation_no_chaotic_embedding - INFO - Train Epoch 27: [0/800 (0.0%)]	Loss: 0.005918
2026-02-12 15:58:25,141 - experiment_ablation_no_chaotic_embedding - INFO - [SYNC DEBUG] Epoch 27: sync_weight=0.0, desync_weight=0.0, loss_sync=0.000000
2026-02-12 15:58:25,511 - experiment_ablation_no_chaotic_embedding - INFO - Epoch 27: Train Loss: 0.0004, Train Acc: 1.0000, Val Loss: 0.0000, Val Acc: 1.0000
2026-02-12 15:58:25,588 - experiment_ablation_no_chaotic_embedding - DEBUG - [STABILITY] lyap=0.118, max_norm=0.6, min_std=0.156
2026-02-12 15:58:25,616 - experiment_ablation_no_chaotic_embedding - INFO - Train Epoch 28: [0/800 (0.0%)]	Loss: 0.000010
2026-02-12 15:58:28,256 - experiment_ablation_no_chaotic_embedding - INFO - [SYNC DEBUG] Epoch 28: sync_weight=0.0, desync_weight=0.0, loss_sync=0.000000
2026-02-12 15:58:28,634 - experiment_ablation_no_chaotic_embedding - INFO - Epoch 28: Train Loss: 0.0002, Train Acc: 1.0000, Val Loss: 0.0000, Val Acc: 1.0000
2026-02-12 15:58:28,741 - experiment_ablation_no_chaotic_embedding - INFO - Train Epoch 29: [0/800 (0.0%)]	Loss: 0.000022
2026-02-12 15:58:31,345 - experiment_ablation_no_chaotic_embedding - INFO - [SYNC DEBUG] Epoch 29: sync_weight=0.0, desync_weight=0.0, loss_sync=0.000000
2026-02-12 15:58:31,723 - experiment_ablation_no_chaotic_embedding - INFO - Epoch 29: Train Loss: 0.0004, Train Acc: 1.0000, Val Loss: 0.0000, Val Acc: 1.0000
2026-02-12 15:58:31,829 - experiment_ablation_no_chaotic_embedding - INFO - Train Epoch 30: [0/800 (0.0%)]	Loss: 0.000021
2026-02-12 15:58:34,423 - experiment_ablation_no_chaotic_embedding - INFO - [SYNC DEBUG] Epoch 30: sync_weight=0.0, desync_weight=0.0, loss_sync=0.000000
2026-02-12 15:58:34,793 - experiment_ablation_no_chaotic_embedding - INFO - Epoch 30: Train Loss: 0.0112, Train Acc: 0.9987, Val Loss: 0.0000, Val Acc: 1.0000
2026-02-12 15:58:34,969 - experiment_ablation_no_chaotic_embedding - INFO - Train Epoch 31: [0/800 (0.0%)]	Loss: 0.000018
2026-02-12 15:58:37,536 - experiment_ablation_no_chaotic_embedding - INFO - [SYNC DEBUG] Epoch 31: sync_weight=0.0, desync_weight=0.0, loss_sync=0.000000
2026-02-12 15:58:37,915 - experiment_ablation_no_chaotic_embedding - INFO - Epoch 31: Train Loss: 0.0004, Train Acc: 1.0000, Val Loss: 0.0000, Val Acc: 1.0000
2026-02-12 15:58:37,995 - experiment_ablation_no_chaotic_embedding - DEBUG - [STABILITY] lyap=0.111, max_norm=0.6, min_std=0.153
2026-02-12 15:58:38,023 - experiment_ablation_no_chaotic_embedding - INFO - Train Epoch 32: [0/800 (0.0%)]	Loss: 0.000014
2026-02-12 15:58:40,659 - experiment_ablation_no_chaotic_embedding - INFO - [SYNC DEBUG] Epoch 32: sync_weight=0.0, desync_weight=0.0, loss_sync=0.000000
2026-02-12 15:58:41,040 - experiment_ablation_no_chaotic_embedding - INFO - Epoch 32: Train Loss: 0.0035, Train Acc: 0.9987, Val Loss: 0.0000, Val Acc: 1.0000
2026-02-12 15:58:41,149 - experiment_ablation_no_chaotic_embedding - INFO - Train Epoch 33: [0/800 (0.0%)]	Loss: 0.001519
2026-02-12 15:58:43,769 - experiment_ablation_no_chaotic_embedding - INFO - [SYNC DEBUG] Epoch 33: sync_weight=0.0, desync_weight=0.0, loss_sync=0.000000
2026-02-12 15:58:44,145 - experiment_ablation_no_chaotic_embedding - INFO - Epoch 33: Train Loss: 0.0018, Train Acc: 1.0000, Val Loss: 0.0000, Val Acc: 1.0000
2026-02-12 15:58:44,252 - experiment_ablation_no_chaotic_embedding - INFO - Train Epoch 34: [0/800 (0.0%)]	Loss: 0.001631
2026-02-12 15:58:46,906 - experiment_ablation_no_chaotic_embedding - INFO - [SYNC DEBUG] Epoch 34: sync_weight=0.0, desync_weight=0.0, loss_sync=0.000000
2026-02-12 15:58:47,282 - experiment_ablation_no_chaotic_embedding - INFO - Epoch 34: Train Loss: 0.0021, Train Acc: 1.0000, Val Loss: 0.0000, Val Acc: 1.0000
2026-02-12 15:58:47,396 - experiment_ablation_no_chaotic_embedding - INFO - Train Epoch 35: [0/800 (0.0%)]	Loss: 0.002047
2026-02-12 15:58:50,010 - experiment_ablation_no_chaotic_embedding - INFO - [SYNC DEBUG] Epoch 35: sync_weight=0.0, desync_weight=0.0, loss_sync=0.000000
2026-02-12 15:58:50,379 - experiment_ablation_no_chaotic_embedding - INFO - Epoch 35: Train Loss: 0.0045, Train Acc: 0.9987, Val Loss: 0.0000, Val Acc: 1.0000
2026-02-12 15:58:50,456 - experiment_ablation_no_chaotic_embedding - DEBUG - [STABILITY] lyap=0.116, max_norm=0.7, min_std=0.169
2026-02-12 15:58:50,485 - experiment_ablation_no_chaotic_embedding - INFO - Train Epoch 36: [0/800 (0.0%)]	Loss: 0.000225
2026-02-12 15:58:53,118 - experiment_ablation_no_chaotic_embedding - INFO - [SYNC DEBUG] Epoch 36: sync_weight=0.0, desync_weight=0.0, loss_sync=0.000000
2026-02-12 15:58:53,496 - experiment_ablation_no_chaotic_embedding - INFO - Epoch 36: Train Loss: 0.0017, Train Acc: 1.0000, Val Loss: 0.0000, Val Acc: 1.0000
2026-02-12 15:58:53,604 - experiment_ablation_no_chaotic_embedding - INFO - Train Epoch 37: [0/800 (0.0%)]	Loss: 0.003608
2026-02-12 15:58:56,220 - experiment_ablation_no_chaotic_embedding - INFO - [SYNC DEBUG] Epoch 37: sync_weight=0.0, desync_weight=0.0, loss_sync=0.000000
2026-02-12 15:58:56,594 - experiment_ablation_no_chaotic_embedding - INFO - Epoch 37: Train Loss: 0.0003, Train Acc: 1.0000, Val Loss: 0.0000, Val Acc: 1.0000
2026-02-12 15:58:56,702 - experiment_ablation_no_chaotic_embedding - INFO - Train Epoch 38: [0/800 (0.0%)]	Loss: 0.003611
2026-02-12 15:58:59,351 - experiment_ablation_no_chaotic_embedding - INFO - [SYNC DEBUG] Epoch 38: sync_weight=0.0, desync_weight=0.0, loss_sync=0.000000
2026-02-12 15:58:59,728 - experiment_ablation_no_chaotic_embedding - INFO - Epoch 38: Train Loss: 0.0134, Train Acc: 0.9962, Val Loss: 0.0000, Val Acc: 1.0000
2026-02-12 15:58:59,835 - experiment_ablation_no_chaotic_embedding - INFO - Train Epoch 39: [0/800 (0.0%)]	Loss: 0.000117
2026-02-12 15:59:02,483 - experiment_ablation_no_chaotic_embedding - INFO - [SYNC DEBUG] Epoch 39: sync_weight=0.0, desync_weight=0.0, loss_sync=0.000000
2026-02-12 15:59:02,861 - experiment_ablation_no_chaotic_embedding - INFO - Epoch 39: Train Loss: 0.0172, Train Acc: 0.9937, Val Loss: 0.0000, Val Acc: 1.0000
2026-02-12 15:59:02,938 - experiment_ablation_no_chaotic_embedding - DEBUG - [STABILITY] lyap=0.133, max_norm=0.7, min_std=0.172
2026-02-12 15:59:02,967 - experiment_ablation_no_chaotic_embedding - INFO - Train Epoch 40: [0/800 (0.0%)]	Loss: 0.000179
2026-02-12 15:59:05,604 - experiment_ablation_no_chaotic_embedding - INFO - [SYNC DEBUG] Epoch 40: sync_weight=0.0, desync_weight=0.0, loss_sync=0.000000
2026-02-12 15:59:05,981 - experiment_ablation_no_chaotic_embedding - INFO - Epoch 40: Train Loss: 0.0013, Train Acc: 1.0000, Val Loss: 0.0000, Val Acc: 1.0000
2026-02-12 15:59:06,155 - experiment_ablation_no_chaotic_embedding - INFO - Train Epoch 41: [0/800 (0.0%)]	Loss: 0.000086
2026-02-12 15:59:08,762 - experiment_ablation_no_chaotic_embedding - INFO - [SYNC DEBUG] Epoch 41: sync_weight=0.0, desync_weight=0.0, loss_sync=0.000000
2026-02-12 15:59:09,136 - experiment_ablation_no_chaotic_embedding - INFO - Epoch 41: Train Loss: 0.0027, Train Acc: 0.9987, Val Loss: 0.0000, Val Acc: 1.0000
2026-02-12 15:59:09,244 - experiment_ablation_no_chaotic_embedding - INFO - Train Epoch 42: [0/800 (0.0%)]	Loss: 0.001676
2026-02-12 15:59:11,873 - experiment_ablation_no_chaotic_embedding - INFO - [SYNC DEBUG] Epoch 42: sync_weight=0.0, desync_weight=0.0, loss_sync=0.000000
2026-02-12 15:59:12,250 - experiment_ablation_no_chaotic_embedding - INFO - Epoch 42: Train Loss: 0.0137, Train Acc: 0.9937, Val Loss: 0.0000, Val Acc: 1.0000
2026-02-12 15:59:12,355 - experiment_ablation_no_chaotic_embedding - INFO - Train Epoch 43: [0/800 (0.0%)]	Loss: 0.000864
2026-02-12 15:59:14,981 - experiment_ablation_no_chaotic_embedding - INFO - [SYNC DEBUG] Epoch 43: sync_weight=0.0, desync_weight=0.0, loss_sync=0.000000
2026-02-12 15:59:15,361 - experiment_ablation_no_chaotic_embedding - INFO - Epoch 43: Train Loss: 0.0176, Train Acc: 0.9975, Val Loss: 0.0000, Val Acc: 1.0000
2026-02-12 15:59:15,437 - experiment_ablation_no_chaotic_embedding - DEBUG - [STABILITY] lyap=0.099, max_norm=0.7, min_std=0.178
2026-02-12 15:59:15,466 - experiment_ablation_no_chaotic_embedding - INFO - Train Epoch 44: [0/800 (0.0%)]	Loss: 0.000188
2026-02-12 15:59:18,070 - experiment_ablation_no_chaotic_embedding - INFO - [SYNC DEBUG] Epoch 44: sync_weight=0.0, desync_weight=0.0, loss_sync=0.000000
2026-02-12 15:59:18,444 - experiment_ablation_no_chaotic_embedding - INFO - Epoch 44: Train Loss: 0.0024, Train Acc: 0.9987, Val Loss: 0.0000, Val Acc: 1.0000
2026-02-12 15:59:18,551 - experiment_ablation_no_chaotic_embedding - INFO - Train Epoch 45: [0/800 (0.0%)]	Loss: 0.000010
2026-02-12 15:59:21,184 - experiment_ablation_no_chaotic_embedding - INFO - [SYNC DEBUG] Epoch 45: sync_weight=0.0, desync_weight=0.0, loss_sync=0.000000
2026-02-12 15:59:21,562 - experiment_ablation_no_chaotic_embedding - INFO - Epoch 45: Train Loss: 0.0009, Train Acc: 1.0000, Val Loss: 0.0000, Val Acc: 1.0000
2026-02-12 15:59:21,669 - experiment_ablation_no_chaotic_embedding - INFO - Train Epoch 46: [0/800 (0.0%)]	Loss: 0.000709
2026-02-12 15:59:24,307 - experiment_ablation_no_chaotic_embedding - INFO - [SYNC DEBUG] Epoch 46: sync_weight=0.0, desync_weight=0.0, loss_sync=0.000000
2026-02-12 15:59:24,678 - experiment_ablation_no_chaotic_embedding - INFO - Epoch 46: Train Loss: 0.0014, Train Acc: 1.0000, Val Loss: 0.0000, Val Acc: 1.0000
2026-02-12 15:59:24,784 - experiment_ablation_no_chaotic_embedding - INFO - Train Epoch 47: [0/800 (0.0%)]	Loss: 0.000063
2026-02-12 15:59:27,482 - experiment_ablation_no_chaotic_embedding - INFO - [SYNC DEBUG] Epoch 47: sync_weight=0.0, desync_weight=0.0, loss_sync=0.000000
2026-02-12 15:59:27,860 - experiment_ablation_no_chaotic_embedding - INFO - Epoch 47: Train Loss: 0.0034, Train Acc: 0.9987, Val Loss: 0.0000, Val Acc: 1.0000
2026-02-12 15:59:27,939 - experiment_ablation_no_chaotic_embedding - DEBUG - [STABILITY] lyap=0.098, max_norm=0.8, min_std=0.200
2026-02-12 15:59:27,967 - experiment_ablation_no_chaotic_embedding - INFO - Train Epoch 48: [0/800 (0.0%)]	Loss: 0.000210
2026-02-12 15:59:30,559 - experiment_ablation_no_chaotic_embedding - INFO - [SYNC DEBUG] Epoch 48: sync_weight=0.0, desync_weight=0.0, loss_sync=0.000000
2026-02-12 15:59:30,931 - experiment_ablation_no_chaotic_embedding - INFO - Epoch 48: Train Loss: 0.0202, Train Acc: 0.9975, Val Loss: 0.0000, Val Acc: 1.0000
2026-02-12 15:59:31,036 - experiment_ablation_no_chaotic_embedding - INFO - Train Epoch 49: [0/800 (0.0%)]	Loss: 0.000028
2026-02-12 15:59:33,646 - experiment_ablation_no_chaotic_embedding - INFO - [SYNC DEBUG] Epoch 49: sync_weight=0.0, desync_weight=0.0, loss_sync=0.000000
2026-02-12 15:59:34,024 - experiment_ablation_no_chaotic_embedding - INFO - Epoch 49: Train Loss: 0.0007, Train Acc: 1.0000, Val Loss: 0.0000, Val Acc: 1.0000
2026-02-12 15:59:34,131 - experiment_ablation_no_chaotic_embedding - INFO - Train Epoch 50: [0/800 (0.0%)]	Loss: 0.000019
2026-02-12 15:59:36,785 - experiment_ablation_no_chaotic_embedding - INFO - [SYNC DEBUG] Epoch 50: sync_weight=0.0, desync_weight=0.0, loss_sync=0.000000
2026-02-12 15:59:37,159 - experiment_ablation_no_chaotic_embedding - INFO - Epoch 50: Train Loss: 0.0034, Train Acc: 0.9987, Val Loss: 0.0000, Val Acc: 1.0000
2026-02-12 15:59:37,333 - experiment_ablation_no_chaotic_embedding - INFO - Train Epoch 51: [0/800 (0.0%)]	Loss: 0.000085
2026-02-12 15:59:39,957 - experiment_ablation_no_chaotic_embedding - INFO - [SYNC DEBUG] Epoch 51: sync_weight=0.0, desync_weight=0.0, loss_sync=0.000000
2026-02-12 15:59:40,335 - experiment_ablation_no_chaotic_embedding - INFO - Epoch 51: Train Loss: 0.0179, Train Acc: 0.9950, Val Loss: 0.0000, Val Acc: 1.0000
2026-02-12 15:59:40,414 - experiment_ablation_no_chaotic_embedding - DEBUG - [STABILITY] lyap=0.102, max_norm=0.8, min_std=0.192
2026-02-12 15:59:40,442 - experiment_ablation_no_chaotic_embedding - INFO - Train Epoch 52: [0/800 (0.0%)]	Loss: 0.010601
2026-02-12 15:59:43,068 - experiment_ablation_no_chaotic_embedding - INFO - [SYNC DEBUG] Epoch 52: sync_weight=0.0, desync_weight=0.0, loss_sync=0.000000
2026-02-12 15:59:43,442 - experiment_ablation_no_chaotic_embedding - INFO - Epoch 52: Train Loss: 0.0019, Train Acc: 0.9987, Val Loss: 0.0000, Val Acc: 1.0000
2026-02-12 15:59:43,549 - experiment_ablation_no_chaotic_embedding - INFO - Train Epoch 53: [0/800 (0.0%)]	Loss: 0.000271
2026-02-12 15:59:46,176 - experiment_ablation_no_chaotic_embedding - INFO - [SYNC DEBUG] Epoch 53: sync_weight=0.0, desync_weight=0.0, loss_sync=0.000000
2026-02-12 15:59:46,552 - experiment_ablation_no_chaotic_embedding - INFO - Epoch 53: Train Loss: 0.0005, Train Acc: 1.0000, Val Loss: 0.0000, Val Acc: 1.0000
2026-02-12 15:59:46,658 - experiment_ablation_no_chaotic_embedding - INFO - Train Epoch 54: [0/800 (0.0%)]	Loss: 0.000040
2026-02-12 15:59:49,286 - experiment_ablation_no_chaotic_embedding - INFO - [SYNC DEBUG] Epoch 54: sync_weight=0.0, desync_weight=0.0, loss_sync=0.000000
2026-02-12 15:59:49,665 - experiment_ablation_no_chaotic_embedding - INFO - Epoch 54: Train Loss: 0.0018, Train Acc: 0.9987, Val Loss: 0.0000, Val Acc: 1.0000
2026-02-12 15:59:49,773 - experiment_ablation_no_chaotic_embedding - INFO - Train Epoch 55: [0/800 (0.0%)]	Loss: 0.000034
2026-02-12 15:59:52,387 - experiment_ablation_no_chaotic_embedding - INFO - [SYNC DEBUG] Epoch 55: sync_weight=0.0, desync_weight=0.0, loss_sync=0.000000
2026-02-12 15:59:52,762 - experiment_ablation_no_chaotic_embedding - INFO - Epoch 55: Train Loss: 0.0001, Train Acc: 1.0000, Val Loss: 0.0000, Val Acc: 1.0000
2026-02-12 15:59:52,840 - experiment_ablation_no_chaotic_embedding - DEBUG - [STABILITY] lyap=0.123, max_norm=0.8, min_std=0.192
2026-02-12 15:59:52,869 - experiment_ablation_no_chaotic_embedding - INFO - Train Epoch 56: [0/800 (0.0%)]	Loss: 0.000009
2026-02-12 15:59:55,478 - experiment_ablation_no_chaotic_embedding - INFO - [SYNC DEBUG] Epoch 56: sync_weight=0.0, desync_weight=0.0, loss_sync=0.000000
2026-02-12 15:59:55,854 - experiment_ablation_no_chaotic_embedding - INFO - Epoch 56: Train Loss: 0.0002, Train Acc: 1.0000, Val Loss: 0.0000, Val Acc: 1.0000
2026-02-12 15:59:55,962 - experiment_ablation_no_chaotic_embedding - INFO - Train Epoch 57: [0/800 (0.0%)]	Loss: 0.000007
2026-02-12 15:59:58,576 - experiment_ablation_no_chaotic_embedding - INFO - [SYNC DEBUG] Epoch 57: sync_weight=0.0, desync_weight=0.0, loss_sync=0.000000
2026-02-12 15:59:58,945 - experiment_ablation_no_chaotic_embedding - INFO - Epoch 57: Train Loss: 0.0002, Train Acc: 1.0000, Val Loss: 0.0000, Val Acc: 1.0000
2026-02-12 15:59:59,060 - experiment_ablation_no_chaotic_embedding - INFO - Train Epoch 58: [0/800 (0.0%)]	Loss: 0.000011
2026-02-12 16:00:01,678 - experiment_ablation_no_chaotic_embedding - INFO - [SYNC DEBUG] Epoch 58: sync_weight=0.0, desync_weight=0.0, loss_sync=0.000000
2026-02-12 16:00:02,047 - experiment_ablation_no_chaotic_embedding - INFO - Epoch 58: Train Loss: 0.0000, Train Acc: 1.0000, Val Loss: 0.0000, Val Acc: 1.0000
2026-02-12 16:00:02,152 - experiment_ablation_no_chaotic_embedding - INFO - Train Epoch 59: [0/800 (0.0%)]	Loss: 0.000014
2026-02-12 16:00:04,795 - experiment_ablation_no_chaotic_embedding - INFO - [SYNC DEBUG] Epoch 59: sync_weight=0.0, desync_weight=0.0, loss_sync=0.000000
2026-02-12 16:00:05,164 - experiment_ablation_no_chaotic_embedding - INFO - Epoch 59: Train Loss: 0.0004, Train Acc: 1.0000, Val Loss: 0.0000, Val Acc: 1.0000
2026-02-12 16:00:05,240 - experiment_ablation_no_chaotic_embedding - DEBUG - [STABILITY] lyap=0.130, max_norm=0.8, min_std=0.194
2026-02-12 16:00:05,269 - experiment_ablation_no_chaotic_embedding - INFO - Train Epoch 60: [0/800 (0.0%)]	Loss: 0.000003
2026-02-12 16:00:07,894 - experiment_ablation_no_chaotic_embedding - INFO - [SYNC DEBUG] Epoch 60: sync_weight=0.0, desync_weight=0.0, loss_sync=0.000000
2026-02-12 16:00:08,264 - experiment_ablation_no_chaotic_embedding - INFO - Epoch 60: Train Loss: 0.0002, Train Acc: 1.0000, Val Loss: 0.0000, Val Acc: 1.0000
2026-02-12 16:00:08,436 - experiment_ablation_no_chaotic_embedding - INFO - Train Epoch 61: [0/800 (0.0%)]	Loss: 0.000009
2026-02-12 16:00:11,111 - experiment_ablation_no_chaotic_embedding - INFO - [SYNC DEBUG] Epoch 61: sync_weight=0.0, desync_weight=0.0, loss_sync=0.000000
2026-02-12 16:00:11,486 - experiment_ablation_no_chaotic_embedding - INFO - Epoch 61: Train Loss: 0.0003, Train Acc: 1.0000, Val Loss: 0.0000, Val Acc: 1.0000
2026-02-12 16:00:11,594 - experiment_ablation_no_chaotic_embedding - INFO - Train Epoch 62: [0/800 (0.0%)]	Loss: 0.000005
2026-02-12 16:00:14,203 - experiment_ablation_no_chaotic_embedding - INFO - [SYNC DEBUG] Epoch 62: sync_weight=0.0, desync_weight=0.0, loss_sync=0.000000
2026-02-12 16:00:14,569 - experiment_ablation_no_chaotic_embedding - INFO - Epoch 62: Train Loss: 0.0002, Train Acc: 1.0000, Val Loss: 0.0000, Val Acc: 1.0000
2026-02-12 16:00:14,673 - experiment_ablation_no_chaotic_embedding - INFO - Train Epoch 63: [0/800 (0.0%)]	Loss: 0.000005
2026-02-12 16:00:17,306 - experiment_ablation_no_chaotic_embedding - INFO - [SYNC DEBUG] Epoch 63: sync_weight=0.0, desync_weight=0.0, loss_sync=0.000000
2026-02-12 16:00:17,677 - experiment_ablation_no_chaotic_embedding - INFO - Epoch 63: Train Loss: 0.0003, Train Acc: 1.0000, Val Loss: 0.0000, Val Acc: 1.0000
2026-02-12 16:00:17,754 - experiment_ablation_no_chaotic_embedding - DEBUG - [STABILITY] lyap=0.120, max_norm=0.8, min_std=0.194
2026-02-12 16:00:17,783 - experiment_ablation_no_chaotic_embedding - INFO - Train Epoch 64: [0/800 (0.0%)]	Loss: 0.000008
2026-02-12 16:00:20,425 - experiment_ablation_no_chaotic_embedding - INFO - [SYNC DEBUG] Epoch 64: sync_weight=0.0, desync_weight=0.0, loss_sync=0.000000
2026-02-12 16:00:20,799 - experiment_ablation_no_chaotic_embedding - INFO - Epoch 64: Train Loss: 0.0001, Train Acc: 1.0000, Val Loss: 0.0000, Val Acc: 1.0000
2026-02-12 16:00:20,904 - experiment_ablation_no_chaotic_embedding - INFO - Train Epoch 65: [0/800 (0.0%)]	Loss: 0.000094
2026-02-12 16:00:23,517 - experiment_ablation_no_chaotic_embedding - INFO - [SYNC DEBUG] Epoch 65: sync_weight=0.0, desync_weight=0.0, loss_sync=0.000000
2026-02-12 16:00:23,887 - experiment_ablation_no_chaotic_embedding - INFO - Epoch 65: Train Loss: 0.0029, Train Acc: 0.9987, Val Loss: 0.0000, Val Acc: 1.0000
2026-02-12 16:00:23,993 - experiment_ablation_no_chaotic_embedding - INFO - Train Epoch 66: [0/800 (0.0%)]	Loss: 0.000129
2026-02-12 16:00:26,643 - experiment_ablation_no_chaotic_embedding - INFO - [SYNC DEBUG] Epoch 66: sync_weight=0.0, desync_weight=0.0, loss_sync=0.000000
2026-02-12 16:00:27,023 - experiment_ablation_no_chaotic_embedding - INFO - Epoch 66: Train Loss: 0.0002, Train Acc: 1.0000, Val Loss: 0.0000, Val Acc: 1.0000
2026-02-12 16:00:27,131 - experiment_ablation_no_chaotic_embedding - INFO - Train Epoch 67: [0/800 (0.0%)]	Loss: 0.000018
2026-02-12 16:00:29,818 - experiment_ablation_no_chaotic_embedding - INFO - [SYNC DEBUG] Epoch 67: sync_weight=0.0, desync_weight=0.0, loss_sync=0.000000
2026-02-12 16:00:30,202 - experiment_ablation_no_chaotic_embedding - INFO - Epoch 67: Train Loss: 0.0038, Train Acc: 0.9987, Val Loss: 0.0000, Val Acc: 1.0000
2026-02-12 16:00:30,280 - experiment_ablation_no_chaotic_embedding - DEBUG - [STABILITY] lyap=0.126, max_norm=0.8, min_std=0.191
2026-02-12 16:00:30,308 - experiment_ablation_no_chaotic_embedding - INFO - Train Epoch 68: [0/800 (0.0%)]	Loss: 0.000022
2026-02-12 16:00:32,962 - experiment_ablation_no_chaotic_embedding - INFO - [SYNC DEBUG] Epoch 68: sync_weight=0.0, desync_weight=0.0, loss_sync=0.000000
2026-02-12 16:00:33,340 - experiment_ablation_no_chaotic_embedding - INFO - Epoch 68: Train Loss: 0.0010, Train Acc: 1.0000, Val Loss: 0.0000, Val Acc: 1.0000
2026-02-12 16:00:33,448 - experiment_ablation_no_chaotic_embedding - INFO - Train Epoch 69: [0/800 (0.0%)]	Loss: 0.000025
2026-02-12 16:00:36,079 - experiment_ablation_no_chaotic_embedding - INFO - [SYNC DEBUG] Epoch 69: sync_weight=0.0, desync_weight=0.0, loss_sync=0.000000
2026-02-12 16:00:36,453 - experiment_ablation_no_chaotic_embedding - INFO - Epoch 69: Train Loss: 0.0159, Train Acc: 0.9975, Val Loss: 0.0000, Val Acc: 1.0000
2026-02-12 16:00:36,560 - experiment_ablation_no_chaotic_embedding - INFO - Train Epoch 70: [0/800 (0.0%)]	Loss: 0.000489
2026-02-12 16:00:39,197 - experiment_ablation_no_chaotic_embedding - INFO - [SYNC DEBUG] Epoch 70: sync_weight=0.0, desync_weight=0.0, loss_sync=0.000000
2026-02-12 16:00:39,565 - experiment_ablation_no_chaotic_embedding - INFO - Epoch 70: Train Loss: 0.0001, Train Acc: 1.0000, Val Loss: 0.0000, Val Acc: 1.0000
2026-02-12 16:00:39,738 - experiment_ablation_no_chaotic_embedding - INFO - Train Epoch 71: [0/800 (0.0%)]	Loss: 0.000006
2026-02-12 16:00:42,386 - experiment_ablation_no_chaotic_embedding - INFO - [SYNC DEBUG] Epoch 71: sync_weight=0.0, desync_weight=0.0, loss_sync=0.000000
2026-02-12 16:00:42,756 - experiment_ablation_no_chaotic_embedding - INFO - Epoch 71: Train Loss: 0.0023, Train Acc: 1.0000, Val Loss: 0.0000, Val Acc: 1.0000
2026-02-12 16:00:42,835 - experiment_ablation_no_chaotic_embedding - DEBUG - [STABILITY] lyap=0.118, max_norm=0.7, min_std=0.184
2026-02-12 16:00:42,863 - experiment_ablation_no_chaotic_embedding - INFO - Train Epoch 72: [0/800 (0.0%)]	Loss: 0.000232
2026-02-12 16:00:45,474 - experiment_ablation_no_chaotic_embedding - INFO - [SYNC DEBUG] Epoch 72: sync_weight=0.0, desync_weight=0.0, loss_sync=0.000000
2026-02-12 16:00:45,859 - experiment_ablation_no_chaotic_embedding - INFO - Epoch 72: Train Loss: 0.0144, Train Acc: 0.9962, Val Loss: 0.0000, Val Acc: 1.0000
2026-02-12 16:00:45,967 - experiment_ablation_no_chaotic_embedding - INFO - Train Epoch 73: [0/800 (0.0%)]	Loss: 0.000022
2026-02-12 16:00:48,494 - experiment_ablation_no_chaotic_embedding - INFO - [SYNC DEBUG] Epoch 73: sync_weight=0.0, desync_weight=0.0, loss_sync=0.000000
2026-02-12 16:00:48,870 - experiment_ablation_no_chaotic_embedding - INFO - Epoch 73: Train Loss: 0.0132, Train Acc: 0.9950, Val Loss: 0.0000, Val Acc: 1.0000
2026-02-12 16:00:48,976 - experiment_ablation_no_chaotic_embedding - INFO - Train Epoch 74: [0/800 (0.0%)]	Loss: 0.012595
2026-02-12 16:00:51,600 - experiment_ablation_no_chaotic_embedding - INFO - [SYNC DEBUG] Epoch 74: sync_weight=0.0, desync_weight=0.0, loss_sync=0.000000
2026-02-12 16:00:51,977 - experiment_ablation_no_chaotic_embedding - INFO - Epoch 74: Train Loss: 0.0211, Train Acc: 0.9962, Val Loss: 0.0000, Val Acc: 1.0000
2026-02-12 16:00:52,083 - experiment_ablation_no_chaotic_embedding - INFO - Train Epoch 75: [0/800 (0.0%)]	Loss: 0.000832
2026-02-12 16:00:54,714 - experiment_ablation_no_chaotic_embedding - INFO - [SYNC DEBUG] Epoch 75: sync_weight=0.0, desync_weight=0.0, loss_sync=0.000000
2026-02-12 16:00:55,091 - experiment_ablation_no_chaotic_embedding - INFO - Epoch 75: Train Loss: 0.0037, Train Acc: 0.9987, Val Loss: 0.0000, Val Acc: 1.0000
2026-02-12 16:00:55,169 - experiment_ablation_no_chaotic_embedding - DEBUG - [STABILITY] lyap=0.093, max_norm=0.8, min_std=0.192
2026-02-12 16:00:55,198 - experiment_ablation_no_chaotic_embedding - INFO - Train Epoch 76: [0/800 (0.0%)]	Loss: 0.000681
2026-02-12 16:00:57,766 - experiment_ablation_no_chaotic_embedding - INFO - [SYNC DEBUG] Epoch 76: sync_weight=0.0, desync_weight=0.0, loss_sync=0.000000
2026-02-12 16:00:58,143 - experiment_ablation_no_chaotic_embedding - INFO - Epoch 76: Train Loss: 0.0013, Train Acc: 1.0000, Val Loss: 0.0000, Val Acc: 1.0000
2026-02-12 16:00:58,249 - experiment_ablation_no_chaotic_embedding - INFO - Train Epoch 77: [0/800 (0.0%)]	Loss: 0.001330
2026-02-12 16:01:00,882 - experiment_ablation_no_chaotic_embedding - INFO - [SYNC DEBUG] Epoch 77: sync_weight=0.0, desync_weight=0.0, loss_sync=0.000000
2026-02-12 16:01:01,255 - experiment_ablation_no_chaotic_embedding - INFO - Epoch 77: Train Loss: 0.0013, Train Acc: 0.9987, Val Loss: 0.0000, Val Acc: 1.0000
2026-02-12 16:01:01,362 - experiment_ablation_no_chaotic_embedding - INFO - Train Epoch 78: [0/800 (0.0%)]	Loss: 0.000046
2026-02-12 16:01:04,010 - experiment_ablation_no_chaotic_embedding - INFO - [SYNC DEBUG] Epoch 78: sync_weight=0.0, desync_weight=0.0, loss_sync=0.000000
2026-02-12 16:01:04,386 - experiment_ablation_no_chaotic_embedding - INFO - Epoch 78: Train Loss: 0.0011, Train Acc: 1.0000, Val Loss: 0.0000, Val Acc: 1.0000
2026-02-12 16:01:04,494 - experiment_ablation_no_chaotic_embedding - INFO - Train Epoch 79: [0/800 (0.0%)]	Loss: 0.000159
2026-02-12 16:01:07,149 - experiment_ablation_no_chaotic_embedding - INFO - [SYNC DEBUG] Epoch 79: sync_weight=0.0, desync_weight=0.0, loss_sync=0.000000
2026-02-12 16:01:07,525 - experiment_ablation_no_chaotic_embedding - INFO - Epoch 79: Train Loss: 0.0004, Train Acc: 1.0000, Val Loss: 0.0000, Val Acc: 1.0000
2026-02-12 16:01:07,602 - experiment_ablation_no_chaotic_embedding - DEBUG - [STABILITY] lyap=0.102, max_norm=0.9, min_std=0.219
2026-02-12 16:01:07,630 - experiment_ablation_no_chaotic_embedding - INFO - Train Epoch 80: [0/800 (0.0%)]	Loss: 0.000033
2026-02-12 16:01:10,256 - experiment_ablation_no_chaotic_embedding - INFO - [SYNC DEBUG] Epoch 80: sync_weight=0.0, desync_weight=0.0, loss_sync=0.000000
2026-02-12 16:01:10,632 - experiment_ablation_no_chaotic_embedding - INFO - Epoch 80: Train Loss: 0.0001, Train Acc: 1.0000, Val Loss: 0.0000, Val Acc: 1.0000
2026-02-12 16:01:10,812 - experiment_ablation_no_chaotic_embedding - INFO - Train Epoch 81: [0/800 (0.0%)]	Loss: 0.000094
2026-02-12 16:01:13,464 - experiment_ablation_no_chaotic_embedding - INFO - [SYNC DEBUG] Epoch 81: sync_weight=0.0, desync_weight=0.0, loss_sync=0.000000
2026-02-12 16:01:13,831 - experiment_ablation_no_chaotic_embedding - INFO - Epoch 81: Train Loss: 0.0000, Train Acc: 1.0000, Val Loss: 0.0000, Val Acc: 1.0000
2026-02-12 16:01:13,936 - experiment_ablation_no_chaotic_embedding - INFO - Train Epoch 82: [0/800 (0.0%)]	Loss: 0.000003
2026-02-12 16:01:16,585 - experiment_ablation_no_chaotic_embedding - INFO - [SYNC DEBUG] Epoch 82: sync_weight=0.0, desync_weight=0.0, loss_sync=0.000000
2026-02-12 16:01:16,961 - experiment_ablation_no_chaotic_embedding - INFO - Epoch 82: Train Loss: 0.0003, Train Acc: 1.0000, Val Loss: 0.0000, Val Acc: 1.0000
2026-02-12 16:01:17,069 - experiment_ablation_no_chaotic_embedding - INFO - Train Epoch 83: [0/800 (0.0%)]	Loss: 0.000038
2026-02-12 16:01:19,677 - experiment_ablation_no_chaotic_embedding - INFO - [SYNC DEBUG] Epoch 83: sync_weight=0.0, desync_weight=0.0, loss_sync=0.000000
2026-02-12 16:01:20,055 - experiment_ablation_no_chaotic_embedding - INFO - Epoch 83: Train Loss: 0.0000, Train Acc: 1.0000, Val Loss: 0.0000, Val Acc: 1.0000
2026-02-12 16:01:20,134 - experiment_ablation_no_chaotic_embedding - DEBUG - [STABILITY] lyap=0.125, max_norm=0.9, min_std=0.219
2026-02-12 16:01:20,162 - experiment_ablation_no_chaotic_embedding - INFO - Train Epoch 84: [0/800 (0.0%)]	Loss: 0.000009
2026-02-12 16:01:22,775 - experiment_ablation_no_chaotic_embedding - INFO - [SYNC DEBUG] Epoch 84: sync_weight=0.0, desync_weight=0.0, loss_sync=0.000000
2026-02-12 16:01:23,154 - experiment_ablation_no_chaotic_embedding - INFO - Epoch 84: Train Loss: 0.0001, Train Acc: 1.0000, Val Loss: 0.0000, Val Acc: 1.0000
2026-02-12 16:01:23,262 - experiment_ablation_no_chaotic_embedding - INFO - Train Epoch 85: [0/800 (0.0%)]	Loss: 0.000002
2026-02-12 16:01:25,875 - experiment_ablation_no_chaotic_embedding - INFO - [SYNC DEBUG] Epoch 85: sync_weight=0.0, desync_weight=0.0, loss_sync=0.000000
2026-02-12 16:01:26,250 - experiment_ablation_no_chaotic_embedding - INFO - Epoch 85: Train Loss: 0.0040, Train Acc: 0.9987, Val Loss: 0.0000, Val Acc: 1.0000
2026-02-12 16:01:26,356 - experiment_ablation_no_chaotic_embedding - INFO - Train Epoch 86: [0/800 (0.0%)]	Loss: 0.000014
2026-02-12 16:01:29,004 - experiment_ablation_no_chaotic_embedding - INFO - [SYNC DEBUG] Epoch 86: sync_weight=0.0, desync_weight=0.0, loss_sync=0.000000
2026-02-12 16:01:29,385 - experiment_ablation_no_chaotic_embedding - INFO - Epoch 86: Train Loss: 0.0009, Train Acc: 1.0000, Val Loss: 0.0000, Val Acc: 1.0000
2026-02-12 16:01:29,492 - experiment_ablation_no_chaotic_embedding - INFO - Train Epoch 87: [0/800 (0.0%)]	Loss: 0.000106
2026-02-12 16:01:32,089 - experiment_ablation_no_chaotic_embedding - INFO - [SYNC DEBUG] Epoch 87: sync_weight=0.0, desync_weight=0.0, loss_sync=0.000000
2026-02-12 16:01:32,462 - experiment_ablation_no_chaotic_embedding - INFO - Epoch 87: Train Loss: 0.0004, Train Acc: 1.0000, Val Loss: 0.0000, Val Acc: 1.0000
2026-02-12 16:01:32,540 - experiment_ablation_no_chaotic_embedding - DEBUG - [STABILITY] lyap=0.132, max_norm=0.9, min_std=0.211
2026-02-12 16:01:32,568 - experiment_ablation_no_chaotic_embedding - INFO - Train Epoch 88: [0/800 (0.0%)]	Loss: 0.000009
2026-02-12 16:01:35,159 - experiment_ablation_no_chaotic_embedding - INFO - [SYNC DEBUG] Epoch 88: sync_weight=0.0, desync_weight=0.0, loss_sync=0.000000
2026-02-12 16:01:35,533 - experiment_ablation_no_chaotic_embedding - INFO - Epoch 88: Train Loss: 0.0000, Train Acc: 1.0000, Val Loss: 0.0000, Val Acc: 1.0000
2026-02-12 16:01:35,640 - experiment_ablation_no_chaotic_embedding - INFO - Train Epoch 89: [0/800 (0.0%)]	Loss: 0.000003
2026-02-12 16:01:38,249 - experiment_ablation_no_chaotic_embedding - INFO - [SYNC DEBUG] Epoch 89: sync_weight=0.0, desync_weight=0.0, loss_sync=0.000000
2026-02-12 16:01:38,617 - experiment_ablation_no_chaotic_embedding - INFO - Epoch 89: Train Loss: 0.0001, Train Acc: 1.0000, Val Loss: 0.0000, Val Acc: 1.0000
2026-02-12 16:01:38,721 - experiment_ablation_no_chaotic_embedding - INFO - Train Epoch 90: [0/800 (0.0%)]	Loss: 0.000001
2026-02-12 16:01:41,342 - experiment_ablation_no_chaotic_embedding - INFO - [SYNC DEBUG] Epoch 90: sync_weight=0.0, desync_weight=0.0, loss_sync=0.000000
2026-02-12 16:01:41,714 - experiment_ablation_no_chaotic_embedding - INFO - Epoch 90: Train Loss: 0.0026, Train Acc: 0.9987, Val Loss: 0.0000, Val Acc: 1.0000
2026-02-12 16:01:41,895 - experiment_ablation_no_chaotic_embedding - INFO - Train Epoch 91: [0/800 (0.0%)]	Loss: 0.000082
2026-02-12 16:01:44,533 - experiment_ablation_no_chaotic_embedding - INFO - [SYNC DEBUG] Epoch 91: sync_weight=0.0, desync_weight=0.0, loss_sync=0.000000
2026-02-12 16:01:44,909 - experiment_ablation_no_chaotic_embedding - INFO - Epoch 91: Train Loss: 0.0000, Train Acc: 1.0000, Val Loss: 0.0000, Val Acc: 1.0000
2026-02-12 16:01:44,986 - experiment_ablation_no_chaotic_embedding - DEBUG - [STABILITY] lyap=0.109, max_norm=0.9, min_std=0.215
2026-02-12 16:01:45,015 - experiment_ablation_no_chaotic_embedding - INFO - Train Epoch 92: [0/800 (0.0%)]	Loss: 0.000001
2026-02-12 16:01:47,667 - experiment_ablation_no_chaotic_embedding - INFO - [SYNC DEBUG] Epoch 92: sync_weight=0.0, desync_weight=0.0, loss_sync=0.000000
2026-02-12 16:01:48,036 - experiment_ablation_no_chaotic_embedding - INFO - Epoch 92: Train Loss: 0.0163, Train Acc: 0.9962, Val Loss: 0.0000, Val Acc: 1.0000
2026-02-12 16:01:48,141 - experiment_ablation_no_chaotic_embedding - INFO - Train Epoch 93: [0/800 (0.0%)]	Loss: 0.000041
2026-02-12 16:01:50,779 - experiment_ablation_no_chaotic_embedding - INFO - [SYNC DEBUG] Epoch 93: sync_weight=0.0, desync_weight=0.0, loss_sync=0.000000
2026-02-12 16:01:51,149 - experiment_ablation_no_chaotic_embedding - INFO - Epoch 93: Train Loss: 0.0354, Train Acc: 0.9937, Val Loss: 0.0000, Val Acc: 1.0000
2026-02-12 16:01:51,254 - experiment_ablation_no_chaotic_embedding - INFO - Train Epoch 94: [0/800 (0.0%)]	Loss: 0.000278
2026-02-12 16:01:53,888 - experiment_ablation_no_chaotic_embedding - INFO - [SYNC DEBUG] Epoch 94: sync_weight=0.0, desync_weight=0.0, loss_sync=0.000000
2026-02-12 16:01:54,262 - experiment_ablation_no_chaotic_embedding - INFO - Epoch 94: Train Loss: 0.0210, Train Acc: 0.9962, Val Loss: 0.0000, Val Acc: 1.0000
2026-02-12 16:01:54,370 - experiment_ablation_no_chaotic_embedding - INFO - Train Epoch 95: [0/800 (0.0%)]	Loss: 0.001111
2026-02-12 16:01:56,992 - experiment_ablation_no_chaotic_embedding - INFO - [SYNC DEBUG] Epoch 95: sync_weight=0.0, desync_weight=0.0, loss_sync=0.000000
2026-02-12 16:01:57,369 - experiment_ablation_no_chaotic_embedding - INFO - Epoch 95: Train Loss: 0.0008, Train Acc: 1.0000, Val Loss: 0.0000, Val Acc: 1.0000
2026-02-12 16:01:57,449 - experiment_ablation_no_chaotic_embedding - DEBUG - [STABILITY] lyap=0.093, max_norm=1.0, min_std=0.251
2026-02-12 16:01:57,477 - experiment_ablation_no_chaotic_embedding - INFO - Train Epoch 96: [0/800 (0.0%)]	Loss: 0.002529
2026-02-12 16:02:00,106 - experiment_ablation_no_chaotic_embedding - INFO - [SYNC DEBUG] Epoch 96: sync_weight=0.0, desync_weight=0.0, loss_sync=0.000000
2026-02-12 16:02:00,485 - experiment_ablation_no_chaotic_embedding - INFO - Epoch 96: Train Loss: 0.0034, Train Acc: 0.9987, Val Loss: 0.0000, Val Acc: 1.0000
2026-02-12 16:02:00,592 - experiment_ablation_no_chaotic_embedding - INFO - Train Epoch 97: [0/800 (0.0%)]	Loss: 0.000060
2026-02-12 16:02:03,228 - experiment_ablation_no_chaotic_embedding - INFO - [SYNC DEBUG] Epoch 97: sync_weight=0.0, desync_weight=0.0, loss_sync=0.000000
2026-02-12 16:02:03,603 - experiment_ablation_no_chaotic_embedding - INFO - Epoch 97: Train Loss: 0.0039, Train Acc: 0.9987, Val Loss: 0.0000, Val Acc: 1.0000
2026-02-12 16:02:03,710 - experiment_ablation_no_chaotic_embedding - INFO - Train Epoch 98: [0/800 (0.0%)]	Loss: 0.000006
2026-02-12 16:02:06,338 - experiment_ablation_no_chaotic_embedding - INFO - [SYNC DEBUG] Epoch 98: sync_weight=0.0, desync_weight=0.0, loss_sync=0.000000
2026-02-12 16:02:06,716 - experiment_ablation_no_chaotic_embedding - INFO - Epoch 98: Train Loss: 0.0003, Train Acc: 1.0000, Val Loss: 0.0000, Val Acc: 1.0000
2026-02-12 16:02:06,822 - experiment_ablation_no_chaotic_embedding - INFO - Train Epoch 99: [0/800 (0.0%)]	Loss: 0.000013
2026-02-12 16:02:09,462 - experiment_ablation_no_chaotic_embedding - INFO - [SYNC DEBUG] Epoch 99: sync_weight=0.0, desync_weight=0.0, loss_sync=0.000000
2026-02-12 16:02:09,838 - experiment_ablation_no_chaotic_embedding - INFO - Epoch 99: Train Loss: 0.0254, Train Acc: 0.9975, Val Loss: 0.0000, Val Acc: 1.0000
2026-02-12 16:02:09,840 - experiment_ablation_no_chaotic_embedding - INFO - Running final test evaluation...
2026-02-12 16:02:10,210 - experiment_ablation_no_chaotic_embedding - INFO - Test Results:
2026-02-12 16:02:10,210 - experiment_ablation_no_chaotic_embedding - INFO -   loss: 0.0000
2026-02-12 16:02:10,210 - experiment_ablation_no_chaotic_embedding - INFO -   accuracy: 1.0000
2026-02-12 16:02:10,212 - experiment_ablation_no_chaotic_embedding - INFO - Training completed
2026-02-12 16:29:12,858 - experiment_ablation_no_chaotic_embedding - INFO - Initialized experiment: ablation_no_chaotic_embedding
2026-02-12 16:29:12,860 - experiment_ablation_no_chaotic_embedding - INFO - Device: cuda
2026-02-12 16:29:12,861 - experiment_ablation_no_chaotic_embedding - INFO - Output directory: /scratch/project_2003370/yueyao/Model/experiments/configs/Ablation_study/no_chaotic_embedding/ablation_no_chaotic_embedding
2026-02-12 16:29:12,861 - experiment_ablation_no_chaotic_embedding - INFO - [SYNC LOSS] Enabled with mode: standard
2026-02-12 16:29:12,861 - experiment_ablation_no_chaotic_embedding - INFO - Initialized chaotic network experiment with lorenz system
2026-02-12 16:29:12,861 - experiment_ablation_no_chaotic_embedding - INFO - Setting up experiment components...
2026-02-12 16:29:12,861 - experiment_ablation_no_chaotic_embedding - INFO - Creating dataloaders...
2026-02-12 16:29:15,549 - experiment_ablation_no_chaotic_embedding - INFO - Detected 26 speakers in dataset
2026-02-12 16:29:15,549 - experiment_ablation_no_chaotic_embedding - INFO - Dataloaders created:
2026-02-12 16:29:15,549 - experiment_ablation_no_chaotic_embedding - INFO -   Train: 14 batches
2026-02-12 16:29:15,549 - experiment_ablation_no_chaotic_embedding - INFO -   Val: 3 batches
2026-02-12 16:29:15,549 - experiment_ablation_no_chaotic_embedding - INFO -   Test: 4 batches
2026-02-12 16:29:15,549 - experiment_ablation_no_chaotic_embedding - INFO - Creating model...
2026-02-12 16:29:15,549 - experiment_ablation_no_chaotic_embedding - INFO - Using actual num_speakers from dataset: 26
2026-02-12 16:30:21,833 - experiment_ablation_no_chaotic_embedding - INFO - Total parameters: 500,671
2026-02-12 16:30:21,833 - experiment_ablation_no_chaotic_embedding - INFO - Trainable parameters: 500,671
2026-02-12 16:30:21,833 - experiment_ablation_no_chaotic_embedding - INFO - Creating optimizer...
2026-02-12 16:30:21,833 - experiment_ablation_no_chaotic_embedding - INFO - Optimizer: AdamW
2026-02-12 16:30:21,833 - experiment_ablation_no_chaotic_embedding - INFO - Creating scheduler...
2026-02-12 16:30:21,833 - experiment_ablation_no_chaotic_embedding - INFO - Creating criterion...
2026-02-12 16:30:21,833 - experiment_ablation_no_chaotic_embedding - INFO - Criterion: CrossEntropyLoss
2026-02-12 16:30:22,083 - experiment_ablation_no_chaotic_embedding - INFO - Configuration saved to: /scratch/project_2003370/yueyao/Model/experiments/configs/Ablation_study/no_chaotic_embedding/ablation_no_chaotic_embedding/config.json
2026-02-12 16:30:22,083 - experiment_ablation_no_chaotic_embedding - INFO - Experiment setup completed
2026-02-12 16:30:22,085 - experiment_ablation_no_chaotic_embedding - INFO - Starting training for 100 epochs
2026-02-12 16:30:22,085 - experiment_ablation_no_chaotic_embedding - INFO - [SYNC LOSS] Warmup complete, synchronization loss activated!
2026-02-12 16:30:22,420 - experiment_ablation_no_chaotic_embedding - INFO - 
================================================================================
2026-02-12 16:30:22,421 - experiment_ablation_no_chaotic_embedding - INFO - COMPREHENSIVE DEBUG - FIRST BATCH
2026-02-12 16:30:22,421 - experiment_ablation_no_chaotic_embedding - INFO - ================================================================================
2026-02-12 16:30:22,421 - experiment_ablation_no_chaotic_embedding - INFO - Batch Info:
2026-02-12 16:30:22,421 - experiment_ablation_no_chaotic_embedding - INFO -   Audio shape: torch.Size([32, 48000])
2026-02-12 16:30:22,421 - experiment_ablation_no_chaotic_embedding - INFO -   Targets shape: torch.Size([32])
2026-02-12 16:30:22,422 - experiment_ablation_no_chaotic_embedding - INFO -   Targets (first 8): tensor([12,  7,  3, 17, 18, 19,  9,  1], device='cuda:0')
2026-02-12 16:30:22,517 - experiment_ablation_no_chaotic_embedding - INFO - ================================================================================

2026-02-12 16:30:22,588 - experiment_ablation_no_chaotic_embedding - INFO - [STABILITY] Initialized LyapunovStabilityLoss
2026-02-12 16:30:22,590 - experiment_ablation_no_chaotic_embedding - DEBUG - [STABILITY] lyap=-0.009, max_norm=0.2, min_std=0.057
2026-02-12 16:30:22,622 - experiment_ablation_no_chaotic_embedding - INFO - Train Epoch 0: [0/472 (0.0%)]	Loss: 6.217974
2026-02-12 16:30:23,952 - experiment_ablation_no_chaotic_embedding - INFO - [SYNC DEBUG] Epoch 0: sync_weight=0.0, desync_weight=0.0, loss_sync=0.000000
2026-02-12 16:30:24,551 - experiment_ablation_no_chaotic_embedding - INFO - Epoch 0: Train Loss: 5.2983, Train Acc: 0.0558, Val Loss: 4.2831, Val Acc: 0.0337
2026-02-12 16:30:24,624 - experiment_ablation_no_chaotic_embedding - INFO - Saved new best model at epoch 0
2026-02-12 16:30:25,230 - experiment_ablation_no_chaotic_embedding - INFO - Train Epoch 1: [0/472 (0.0%)]	Loss: 4.172017
2026-02-12 16:30:26,591 - experiment_ablation_no_chaotic_embedding - INFO - [SYNC DEBUG] Epoch 1: sync_weight=0.0, desync_weight=0.0, loss_sync=0.000000
2026-02-12 16:30:27,226 - experiment_ablation_no_chaotic_embedding - INFO - Epoch 1: Train Loss: 3.4905, Train Acc: 0.2031, Val Loss: 5.1416, Val Acc: 0.0449
2026-02-12 16:30:27,325 - experiment_ablation_no_chaotic_embedding - INFO - Saved new best model at epoch 1
2026-02-12 16:30:27,827 - experiment_ablation_no_chaotic_embedding - INFO - Train Epoch 2: [0/472 (0.0%)]	Loss: 2.842112
2026-02-12 16:30:29,148 - experiment_ablation_no_chaotic_embedding - INFO - [SYNC DEBUG] Epoch 2: sync_weight=0.0, desync_weight=0.0, loss_sync=0.000000
2026-02-12 16:30:29,616 - experiment_ablation_no_chaotic_embedding - INFO - Epoch 2: Train Loss: 2.6850, Train Acc: 0.3170, Val Loss: 4.5206, Val Acc: 0.0562
2026-02-12 16:30:29,683 - experiment_ablation_no_chaotic_embedding - INFO - Saved new best model at epoch 2
2026-02-12 16:30:30,067 - experiment_ablation_no_chaotic_embedding - INFO - Train Epoch 3: [0/472 (0.0%)]	Loss: 2.215031
2026-02-12 16:30:31,392 - experiment_ablation_no_chaotic_embedding - INFO - [SYNC DEBUG] Epoch 3: sync_weight=0.0, desync_weight=0.0, loss_sync=0.000000
2026-02-12 16:30:31,855 - experiment_ablation_no_chaotic_embedding - INFO - Epoch 3: Train Loss: 2.1520, Train Acc: 0.3973, Val Loss: 3.7150, Val Acc: 0.1348
2026-02-12 16:30:31,925 - experiment_ablation_no_chaotic_embedding - INFO - Saved new best model at epoch 3
2026-02-12 16:30:32,320 - experiment_ablation_no_chaotic_embedding - INFO - Train Epoch 4: [0/472 (0.0%)]	Loss: 2.124259
2026-02-12 16:30:33,645 - experiment_ablation_no_chaotic_embedding - INFO - [SYNC DEBUG] Epoch 4: sync_weight=0.0, desync_weight=0.0, loss_sync=0.000000
2026-02-12 16:30:34,122 - experiment_ablation_no_chaotic_embedding - INFO - Epoch 4: Train Loss: 1.6875, Train Acc: 0.5223, Val Loss: 1.5795, Val Acc: 0.4944
2026-02-12 16:30:34,191 - experiment_ablation_no_chaotic_embedding - INFO - Saved new best model at epoch 4
2026-02-12 16:30:34,580 - experiment_ablation_no_chaotic_embedding - INFO - Train Epoch 5: [0/472 (0.0%)]	Loss: 1.241118
2026-02-12 16:30:35,917 - experiment_ablation_no_chaotic_embedding - INFO - [SYNC DEBUG] Epoch 5: sync_weight=0.0, desync_weight=0.0, loss_sync=0.000000
2026-02-12 16:30:36,377 - experiment_ablation_no_chaotic_embedding - INFO - Epoch 5: Train Loss: 1.5022, Train Acc: 0.5268, Val Loss: 1.3122, Val Acc: 0.5843
2026-02-12 16:30:36,446 - experiment_ablation_no_chaotic_embedding - INFO - Saved new best model at epoch 5
2026-02-12 16:30:36,832 - experiment_ablation_no_chaotic_embedding - INFO - Train Epoch 6: [0/472 (0.0%)]	Loss: 1.233613
2026-02-12 16:30:38,148 - experiment_ablation_no_chaotic_embedding - INFO - [SYNC DEBUG] Epoch 6: sync_weight=0.0, desync_weight=0.0, loss_sync=0.000000
2026-02-12 16:30:38,611 - experiment_ablation_no_chaotic_embedding - INFO - Epoch 6: Train Loss: 1.2609, Train Acc: 0.5960, Val Loss: 1.3914, Val Acc: 0.5955
2026-02-12 16:30:38,688 - experiment_ablation_no_chaotic_embedding - INFO - Saved new best model at epoch 6
2026-02-12 16:30:39,081 - experiment_ablation_no_chaotic_embedding - INFO - Train Epoch 7: [0/472 (0.0%)]	Loss: 0.876682
2026-02-12 16:30:39,249 - experiment_ablation_no_chaotic_embedding - DEBUG - [STABILITY] lyap=-0.006, max_norm=0.3, min_std=0.086
2026-02-12 16:30:40,409 - experiment_ablation_no_chaotic_embedding - INFO - [SYNC DEBUG] Epoch 7: sync_weight=0.0, desync_weight=0.0, loss_sync=0.000000
2026-02-12 16:30:40,879 - experiment_ablation_no_chaotic_embedding - INFO - Epoch 7: Train Loss: 1.0751, Train Acc: 0.6786, Val Loss: 2.0733, Val Acc: 0.4831
2026-02-12 16:30:41,234 - experiment_ablation_no_chaotic_embedding - INFO - Train Epoch 8: [0/472 (0.0%)]	Loss: 1.098774
2026-02-12 16:30:42,570 - experiment_ablation_no_chaotic_embedding - INFO - [SYNC DEBUG] Epoch 8: sync_weight=0.0, desync_weight=0.0, loss_sync=0.000000
2026-02-12 16:30:43,074 - experiment_ablation_no_chaotic_embedding - INFO - Epoch 8: Train Loss: 0.9883, Train Acc: 0.6786, Val Loss: 1.9032, Val Acc: 0.4944
2026-02-12 16:30:43,431 - experiment_ablation_no_chaotic_embedding - INFO - Train Epoch 9: [0/472 (0.0%)]	Loss: 0.801904
2026-02-12 16:30:44,778 - experiment_ablation_no_chaotic_embedding - INFO - [SYNC DEBUG] Epoch 9: sync_weight=0.0, desync_weight=0.0, loss_sync=0.000000
2026-02-12 16:30:45,267 - experiment_ablation_no_chaotic_embedding - INFO - Epoch 9: Train Loss: 0.8114, Train Acc: 0.7299, Val Loss: 2.6058, Val Acc: 0.3483
2026-02-12 16:30:45,629 - experiment_ablation_no_chaotic_embedding - INFO - Train Epoch 10: [0/472 (0.0%)]	Loss: 0.942264
2026-02-12 16:30:46,968 - experiment_ablation_no_chaotic_embedding - INFO - [SYNC DEBUG] Epoch 10: sync_weight=0.0, desync_weight=0.0, loss_sync=0.000000
2026-02-12 16:30:47,458 - experiment_ablation_no_chaotic_embedding - INFO - Epoch 10: Train Loss: 0.7636, Train Acc: 0.7879, Val Loss: 1.3744, Val Acc: 0.5843
2026-02-12 16:30:47,939 - experiment_ablation_no_chaotic_embedding - INFO - Train Epoch 11: [0/472 (0.0%)]	Loss: 0.628217
2026-02-12 16:30:49,255 - experiment_ablation_no_chaotic_embedding - INFO - [SYNC DEBUG] Epoch 11: sync_weight=0.0, desync_weight=0.0, loss_sync=0.000000
2026-02-12 16:30:49,724 - experiment_ablation_no_chaotic_embedding - INFO - Epoch 11: Train Loss: 0.7219, Train Acc: 0.7522, Val Loss: 1.6949, Val Acc: 0.6292
2026-02-12 16:30:49,796 - experiment_ablation_no_chaotic_embedding - INFO - Saved new best model at epoch 11
2026-02-12 16:30:50,183 - experiment_ablation_no_chaotic_embedding - INFO - Train Epoch 12: [0/472 (0.0%)]	Loss: 0.548648
2026-02-12 16:30:51,519 - experiment_ablation_no_chaotic_embedding - INFO - [SYNC DEBUG] Epoch 12: sync_weight=0.0, desync_weight=0.0, loss_sync=0.000000
2026-02-12 16:30:51,995 - experiment_ablation_no_chaotic_embedding - INFO - Epoch 12: Train Loss: 0.5663, Train Acc: 0.8304, Val Loss: 1.2728, Val Acc: 0.6742
2026-02-12 16:30:52,067 - experiment_ablation_no_chaotic_embedding - INFO - Saved new best model at epoch 12
2026-02-12 16:30:52,469 - experiment_ablation_no_chaotic_embedding - INFO - Train Epoch 13: [0/472 (0.0%)]	Loss: 0.541996
2026-02-12 16:30:53,804 - experiment_ablation_no_chaotic_embedding - INFO - [SYNC DEBUG] Epoch 13: sync_weight=0.0, desync_weight=0.0, loss_sync=0.000000
2026-02-12 16:30:54,309 - experiment_ablation_no_chaotic_embedding - INFO - Epoch 13: Train Loss: 0.6096, Train Acc: 0.7969, Val Loss: 0.9731, Val Acc: 0.6404
2026-02-12 16:30:54,676 - experiment_ablation_no_chaotic_embedding - INFO - Train Epoch 14: [0/472 (0.0%)]	Loss: 0.338985
2026-02-12 16:30:55,038 - experiment_ablation_no_chaotic_embedding - DEBUG - [STABILITY] lyap=-0.005, max_norm=0.3, min_std=0.102
2026-02-12 16:30:55,993 - experiment_ablation_no_chaotic_embedding - INFO - [SYNC DEBUG] Epoch 14: sync_weight=0.0, desync_weight=0.0, loss_sync=0.000000
2026-02-12 16:30:56,471 - experiment_ablation_no_chaotic_embedding - INFO - Epoch 14: Train Loss: 0.5389, Train Acc: 0.8348, Val Loss: 0.7351, Val Acc: 0.7978
2026-02-12 16:30:56,542 - experiment_ablation_no_chaotic_embedding - INFO - Saved new best model at epoch 14
2026-02-12 16:30:56,924 - experiment_ablation_no_chaotic_embedding - INFO - Train Epoch 15: [0/472 (0.0%)]	Loss: 0.904281
2026-02-12 16:30:58,255 - experiment_ablation_no_chaotic_embedding - INFO - [SYNC DEBUG] Epoch 15: sync_weight=0.0, desync_weight=0.0, loss_sync=0.000000
2026-02-12 16:30:58,728 - experiment_ablation_no_chaotic_embedding - INFO - Epoch 15: Train Loss: 0.4781, Train Acc: 0.8438, Val Loss: 1.8272, Val Acc: 0.5393
2026-02-12 16:30:59,074 - experiment_ablation_no_chaotic_embedding - INFO - Train Epoch 16: [0/472 (0.0%)]	Loss: 0.262412
2026-02-12 16:31:00,387 - experiment_ablation_no_chaotic_embedding - INFO - [SYNC DEBUG] Epoch 16: sync_weight=0.0, desync_weight=0.0, loss_sync=0.000000
2026-02-12 16:31:00,863 - experiment_ablation_no_chaotic_embedding - INFO - Epoch 16: Train Loss: 0.4543, Train Acc: 0.8527, Val Loss: 0.9183, Val Acc: 0.7303
2026-02-12 16:31:01,214 - experiment_ablation_no_chaotic_embedding - INFO - Train Epoch 17: [0/472 (0.0%)]	Loss: 0.427821
2026-02-12 16:31:02,532 - experiment_ablation_no_chaotic_embedding - INFO - [SYNC DEBUG] Epoch 17: sync_weight=0.0, desync_weight=0.0, loss_sync=0.000000
2026-02-12 16:31:02,998 - experiment_ablation_no_chaotic_embedding - INFO - Epoch 17: Train Loss: 0.4362, Train Acc: 0.8705, Val Loss: 0.7389, Val Acc: 0.7865
2026-02-12 16:31:03,349 - experiment_ablation_no_chaotic_embedding - INFO - Train Epoch 18: [0/472 (0.0%)]	Loss: 0.379238
2026-02-12 16:31:04,673 - experiment_ablation_no_chaotic_embedding - INFO - [SYNC DEBUG] Epoch 18: sync_weight=0.0, desync_weight=0.0, loss_sync=0.000000
2026-02-12 16:31:05,164 - experiment_ablation_no_chaotic_embedding - INFO - Epoch 18: Train Loss: 0.4381, Train Acc: 0.8549, Val Loss: 1.8906, Val Acc: 0.5506
2026-02-12 16:31:05,515 - experiment_ablation_no_chaotic_embedding - INFO - Train Epoch 19: [0/472 (0.0%)]	Loss: 0.474313
2026-02-12 16:31:06,834 - experiment_ablation_no_chaotic_embedding - INFO - [SYNC DEBUG] Epoch 19: sync_weight=0.0, desync_weight=0.0, loss_sync=0.000000
2026-02-12 16:31:07,309 - experiment_ablation_no_chaotic_embedding - INFO - Epoch 19: Train Loss: 0.3770, Train Acc: 0.8750, Val Loss: 0.7269, Val Acc: 0.7978
2026-02-12 16:31:07,670 - experiment_ablation_no_chaotic_embedding - INFO - Train Epoch 20: [0/472 (0.0%)]	Loss: 0.384452
2026-02-12 16:31:08,989 - experiment_ablation_no_chaotic_embedding - INFO - [SYNC DEBUG] Epoch 20: sync_weight=0.0, desync_weight=0.0, loss_sync=0.000000
2026-02-12 16:31:09,455 - experiment_ablation_no_chaotic_embedding - INFO - Epoch 20: Train Loss: 0.3722, Train Acc: 0.8750, Val Loss: 0.7021, Val Acc: 0.8427
2026-02-12 16:31:09,524 - experiment_ablation_no_chaotic_embedding - INFO - Saved new best model at epoch 20
2026-02-12 16:31:09,983 - experiment_ablation_no_chaotic_embedding - INFO - Train Epoch 21: [0/472 (0.0%)]	Loss: 0.162792
2026-02-12 16:31:10,540 - experiment_ablation_no_chaotic_embedding - DEBUG - [STABILITY] lyap=-0.003, max_norm=0.4, min_std=0.107
2026-02-12 16:31:11,304 - experiment_ablation_no_chaotic_embedding - INFO - [SYNC DEBUG] Epoch 21: sync_weight=0.0, desync_weight=0.0, loss_sync=0.000000
2026-02-12 16:31:11,782 - experiment_ablation_no_chaotic_embedding - INFO - Epoch 21: Train Loss: 0.2986, Train Acc: 0.9018, Val Loss: 1.3664, Val Acc: 0.6180
2026-02-12 16:31:12,132 - experiment_ablation_no_chaotic_embedding - INFO - Train Epoch 22: [0/472 (0.0%)]	Loss: 0.401570
2026-02-12 16:31:13,461 - experiment_ablation_no_chaotic_embedding - INFO - [SYNC DEBUG] Epoch 22: sync_weight=0.0, desync_weight=0.0, loss_sync=0.000000
2026-02-12 16:31:13,935 - experiment_ablation_no_chaotic_embedding - INFO - Epoch 22: Train Loss: 0.2792, Train Acc: 0.9129, Val Loss: 1.0823, Val Acc: 0.6629
2026-02-12 16:31:14,327 - experiment_ablation_no_chaotic_embedding - INFO - Train Epoch 23: [0/472 (0.0%)]	Loss: 0.298451
2026-02-12 16:31:15,656 - experiment_ablation_no_chaotic_embedding - INFO - [SYNC DEBUG] Epoch 23: sync_weight=0.0, desync_weight=0.0, loss_sync=0.000000
2026-02-12 16:31:16,142 - experiment_ablation_no_chaotic_embedding - INFO - Epoch 23: Train Loss: 0.3198, Train Acc: 0.9040, Val Loss: 0.7850, Val Acc: 0.7640
2026-02-12 16:31:16,496 - experiment_ablation_no_chaotic_embedding - INFO - Train Epoch 24: [0/472 (0.0%)]	Loss: 0.224259
2026-02-12 16:31:17,816 - experiment_ablation_no_chaotic_embedding - INFO - [SYNC DEBUG] Epoch 24: sync_weight=0.0, desync_weight=0.0, loss_sync=0.000000
2026-02-12 16:31:18,298 - experiment_ablation_no_chaotic_embedding - INFO - Epoch 24: Train Loss: 0.2906, Train Acc: 0.9152, Val Loss: 1.9948, Val Acc: 0.5393
2026-02-12 16:31:18,651 - experiment_ablation_no_chaotic_embedding - INFO - Train Epoch 25: [0/472 (0.0%)]	Loss: 0.216811
2026-02-12 16:31:19,989 - experiment_ablation_no_chaotic_embedding - INFO - [SYNC DEBUG] Epoch 25: sync_weight=0.0, desync_weight=0.0, loss_sync=0.000000
2026-02-12 16:31:20,467 - experiment_ablation_no_chaotic_embedding - INFO - Epoch 25: Train Loss: 0.3249, Train Acc: 0.8996, Val Loss: 0.9509, Val Acc: 0.7753
2026-02-12 16:31:20,821 - experiment_ablation_no_chaotic_embedding - INFO - Train Epoch 26: [0/472 (0.0%)]	Loss: 0.134821
2026-02-12 16:31:22,144 - experiment_ablation_no_chaotic_embedding - INFO - [SYNC DEBUG] Epoch 26: sync_weight=0.0, desync_weight=0.0, loss_sync=0.000000
2026-02-12 16:31:22,624 - experiment_ablation_no_chaotic_embedding - INFO - Epoch 26: Train Loss: 0.2461, Train Acc: 0.9062, Val Loss: 1.1004, Val Acc: 0.7191
2026-02-12 16:31:22,991 - experiment_ablation_no_chaotic_embedding - INFO - Train Epoch 27: [0/472 (0.0%)]	Loss: 0.262055
2026-02-12 16:31:24,317 - experiment_ablation_no_chaotic_embedding - INFO - [SYNC DEBUG] Epoch 27: sync_weight=0.0, desync_weight=0.0, loss_sync=0.000000
2026-02-12 16:31:24,781 - experiment_ablation_no_chaotic_embedding - INFO - Epoch 27: Train Loss: 0.2234, Train Acc: 0.9330, Val Loss: 1.1020, Val Acc: 0.7303
2026-02-12 16:31:25,140 - experiment_ablation_no_chaotic_embedding - INFO - Train Epoch 28: [0/472 (0.0%)]	Loss: 0.146934
2026-02-12 16:31:25,895 - experiment_ablation_no_chaotic_embedding - DEBUG - [STABILITY] lyap=0.000, max_norm=0.4, min_std=0.119
2026-02-12 16:31:26,494 - experiment_ablation_no_chaotic_embedding - INFO - [SYNC DEBUG] Epoch 28: sync_weight=0.0, desync_weight=0.0, loss_sync=0.000000
2026-02-12 16:31:27,066 - experiment_ablation_no_chaotic_embedding - INFO - Epoch 28: Train Loss: 0.2584, Train Acc: 0.9152, Val Loss: 1.0969, Val Acc: 0.7865
2026-02-12 16:31:27,474 - experiment_ablation_no_chaotic_embedding - INFO - Train Epoch 29: [0/472 (0.0%)]	Loss: 0.268544
2026-02-12 16:31:28,842 - experiment_ablation_no_chaotic_embedding - INFO - [SYNC DEBUG] Epoch 29: sync_weight=0.0, desync_weight=0.0, loss_sync=0.000000
2026-02-12 16:31:29,320 - experiment_ablation_no_chaotic_embedding - INFO - Epoch 29: Train Loss: 0.2265, Train Acc: 0.9330, Val Loss: 1.0233, Val Acc: 0.7640
2026-02-12 16:31:29,703 - experiment_ablation_no_chaotic_embedding - INFO - Train Epoch 30: [0/472 (0.0%)]	Loss: 0.255610
2026-02-12 16:31:31,118 - experiment_ablation_no_chaotic_embedding - INFO - [SYNC DEBUG] Epoch 30: sync_weight=0.0, desync_weight=0.0, loss_sync=0.000000
2026-02-12 16:31:31,672 - experiment_ablation_no_chaotic_embedding - INFO - Epoch 30: Train Loss: 0.1879, Train Acc: 0.9487, Val Loss: 0.7205, Val Acc: 0.7978
2026-02-12 16:31:32,251 - experiment_ablation_no_chaotic_embedding - INFO - Train Epoch 31: [0/472 (0.0%)]	Loss: 0.084437
2026-02-12 16:31:33,622 - experiment_ablation_no_chaotic_embedding - INFO - [SYNC DEBUG] Epoch 31: sync_weight=0.0, desync_weight=0.0, loss_sync=0.000000
2026-02-12 16:31:34,183 - experiment_ablation_no_chaotic_embedding - INFO - Epoch 31: Train Loss: 0.1967, Train Acc: 0.9420, Val Loss: 1.0459, Val Acc: 0.6966
2026-02-12 16:31:34,634 - experiment_ablation_no_chaotic_embedding - INFO - Train Epoch 32: [0/472 (0.0%)]	Loss: 0.226320
2026-02-12 16:31:36,011 - experiment_ablation_no_chaotic_embedding - INFO - [SYNC DEBUG] Epoch 32: sync_weight=0.0, desync_weight=0.0, loss_sync=0.000000
2026-02-12 16:31:36,605 - experiment_ablation_no_chaotic_embedding - INFO - Epoch 32: Train Loss: 0.1751, Train Acc: 0.9420, Val Loss: 1.4464, Val Acc: 0.6517
2026-02-12 16:31:37,056 - experiment_ablation_no_chaotic_embedding - INFO - Train Epoch 33: [0/472 (0.0%)]	Loss: 0.249850
2026-02-12 16:31:38,398 - experiment_ablation_no_chaotic_embedding - INFO - [SYNC DEBUG] Epoch 33: sync_weight=0.0, desync_weight=0.0, loss_sync=0.000000
2026-02-12 16:31:38,985 - experiment_ablation_no_chaotic_embedding - INFO - Epoch 33: Train Loss: 0.2166, Train Acc: 0.9308, Val Loss: 2.3796, Val Acc: 0.5506
2026-02-12 16:31:39,430 - experiment_ablation_no_chaotic_embedding - INFO - Train Epoch 34: [0/472 (0.0%)]	Loss: 0.201666
2026-02-12 16:31:40,792 - experiment_ablation_no_chaotic_embedding - INFO - [SYNC DEBUG] Epoch 34: sync_weight=0.0, desync_weight=0.0, loss_sync=0.000000
2026-02-12 16:31:41,339 - experiment_ablation_no_chaotic_embedding - INFO - Epoch 34: Train Loss: 0.2053, Train Acc: 0.9464, Val Loss: 1.1651, Val Acc: 0.7416
2026-02-12 16:31:41,827 - experiment_ablation_no_chaotic_embedding - INFO - Train Epoch 35: [0/472 (0.0%)]	Loss: 0.211472
2026-02-12 16:31:42,819 - experiment_ablation_no_chaotic_embedding - DEBUG - [STABILITY] lyap=0.005, max_norm=0.4, min_std=0.124
2026-02-12 16:31:43,259 - experiment_ablation_no_chaotic_embedding - INFO - [SYNC DEBUG] Epoch 35: sync_weight=0.0, desync_weight=0.0, loss_sync=0.000000
2026-02-12 16:31:43,851 - experiment_ablation_no_chaotic_embedding - INFO - Epoch 35: Train Loss: 0.1775, Train Acc: 0.9442, Val Loss: 1.3333, Val Acc: 0.7416
2026-02-12 16:31:44,304 - experiment_ablation_no_chaotic_embedding - INFO - Train Epoch 36: [0/472 (0.0%)]	Loss: 0.158121
2026-02-12 16:31:45,667 - experiment_ablation_no_chaotic_embedding - INFO - [SYNC DEBUG] Epoch 36: sync_weight=0.0, desync_weight=0.0, loss_sync=0.000000
2026-02-12 16:31:46,144 - experiment_ablation_no_chaotic_embedding - INFO - Epoch 36: Train Loss: 0.1961, Train Acc: 0.9420, Val Loss: 2.0383, Val Acc: 0.6180
2026-02-12 16:31:46,518 - experiment_ablation_no_chaotic_embedding - INFO - Train Epoch 37: [0/472 (0.0%)]	Loss: 0.608054
2026-02-12 16:31:47,861 - experiment_ablation_no_chaotic_embedding - INFO - [SYNC DEBUG] Epoch 37: sync_weight=0.0, desync_weight=0.0, loss_sync=0.000000
2026-02-12 16:31:48,467 - experiment_ablation_no_chaotic_embedding - INFO - Epoch 37: Train Loss: 0.1813, Train Acc: 0.9353, Val Loss: 0.8505, Val Acc: 0.7865
2026-02-12 16:31:48,909 - experiment_ablation_no_chaotic_embedding - INFO - Train Epoch 38: [0/472 (0.0%)]	Loss: 0.147481
2026-02-12 16:31:50,295 - experiment_ablation_no_chaotic_embedding - INFO - [SYNC DEBUG] Epoch 38: sync_weight=0.0, desync_weight=0.0, loss_sync=0.000000
2026-02-12 16:31:50,923 - experiment_ablation_no_chaotic_embedding - INFO - Epoch 38: Train Loss: 0.1695, Train Acc: 0.9464, Val Loss: 1.1753, Val Acc: 0.7528
2026-02-12 16:31:51,423 - experiment_ablation_no_chaotic_embedding - INFO - Train Epoch 39: [0/472 (0.0%)]	Loss: 0.075145
2026-02-12 16:31:52,820 - experiment_ablation_no_chaotic_embedding - INFO - [SYNC DEBUG] Epoch 39: sync_weight=0.0, desync_weight=0.0, loss_sync=0.000000
2026-02-12 16:31:53,420 - experiment_ablation_no_chaotic_embedding - INFO - Epoch 39: Train Loss: 0.1415, Train Acc: 0.9554, Val Loss: 1.3421, Val Acc: 0.7303
2026-02-12 16:31:53,905 - experiment_ablation_no_chaotic_embedding - INFO - Train Epoch 40: [0/472 (0.0%)]	Loss: 0.317840
2026-02-12 16:31:55,269 - experiment_ablation_no_chaotic_embedding - INFO - [SYNC DEBUG] Epoch 40: sync_weight=0.0, desync_weight=0.0, loss_sync=0.000000
2026-02-12 16:31:55,872 - experiment_ablation_no_chaotic_embedding - INFO - Epoch 40: Train Loss: 0.1750, Train Acc: 0.9531, Val Loss: 0.9645, Val Acc: 0.7416
2026-02-12 16:31:56,394 - experiment_ablation_no_chaotic_embedding - INFO - Train Epoch 41: [0/472 (0.0%)]	Loss: 0.315127
2026-02-12 16:31:57,749 - experiment_ablation_no_chaotic_embedding - INFO - [SYNC DEBUG] Epoch 41: sync_weight=0.0, desync_weight=0.0, loss_sync=0.000000
2026-02-12 16:31:58,398 - experiment_ablation_no_chaotic_embedding - INFO - Epoch 41: Train Loss: 0.1405, Train Acc: 0.9531, Val Loss: 0.9085, Val Acc: 0.7978
2026-02-12 16:31:58,881 - experiment_ablation_no_chaotic_embedding - INFO - Train Epoch 42: [0/472 (0.0%)]	Loss: 0.143710
2026-02-12 16:32:00,064 - experiment_ablation_no_chaotic_embedding - DEBUG - [STABILITY] lyap=0.009, max_norm=0.4, min_std=0.127
2026-02-12 16:32:00,252 - experiment_ablation_no_chaotic_embedding - INFO - [SYNC DEBUG] Epoch 42: sync_weight=0.0, desync_weight=0.0, loss_sync=0.000000
2026-02-12 16:32:00,865 - experiment_ablation_no_chaotic_embedding - INFO - Epoch 42: Train Loss: 0.1679, Train Acc: 0.9442, Val Loss: 1.2108, Val Acc: 0.7191
2026-02-12 16:32:01,356 - experiment_ablation_no_chaotic_embedding - INFO - Train Epoch 43: [0/472 (0.0%)]	Loss: 0.066415
2026-02-12 16:32:02,736 - experiment_ablation_no_chaotic_embedding - INFO - [SYNC DEBUG] Epoch 43: sync_weight=0.0, desync_weight=0.0, loss_sync=0.000000
2026-02-12 16:32:03,348 - experiment_ablation_no_chaotic_embedding - INFO - Epoch 43: Train Loss: 0.1105, Train Acc: 0.9688, Val Loss: 0.4235, Val Acc: 0.8652
2026-02-12 16:32:03,443 - experiment_ablation_no_chaotic_embedding - INFO - Saved new best model at epoch 43
2026-02-12 16:32:04,001 - experiment_ablation_no_chaotic_embedding - INFO - Train Epoch 44: [0/472 (0.0%)]	Loss: 0.108020
2026-02-12 16:32:05,366 - experiment_ablation_no_chaotic_embedding - INFO - [SYNC DEBUG] Epoch 44: sync_weight=0.0, desync_weight=0.0, loss_sync=0.000000
2026-02-12 16:32:05,843 - experiment_ablation_no_chaotic_embedding - INFO - Epoch 44: Train Loss: 0.1311, Train Acc: 0.9621, Val Loss: 0.3987, Val Acc: 0.8989
2026-02-12 16:32:05,915 - experiment_ablation_no_chaotic_embedding - INFO - Saved new best model at epoch 44
2026-02-12 16:32:06,310 - experiment_ablation_no_chaotic_embedding - INFO - Train Epoch 45: [0/472 (0.0%)]	Loss: 0.132008
2026-02-12 16:32:07,679 - experiment_ablation_no_chaotic_embedding - INFO - [SYNC DEBUG] Epoch 45: sync_weight=0.0, desync_weight=0.0, loss_sync=0.000000
2026-02-12 16:32:08,250 - experiment_ablation_no_chaotic_embedding - INFO - Epoch 45: Train Loss: 0.1234, Train Acc: 0.9665, Val Loss: 0.8180, Val Acc: 0.7640
2026-02-12 16:32:08,746 - experiment_ablation_no_chaotic_embedding - INFO - Train Epoch 46: [0/472 (0.0%)]	Loss: 0.154679
2026-02-12 16:32:10,128 - experiment_ablation_no_chaotic_embedding - INFO - [SYNC DEBUG] Epoch 46: sync_weight=0.0, desync_weight=0.0, loss_sync=0.000000
2026-02-12 16:32:10,779 - experiment_ablation_no_chaotic_embedding - INFO - Epoch 46: Train Loss: 0.1349, Train Acc: 0.9576, Val Loss: 1.0046, Val Acc: 0.7528
2026-02-12 16:32:11,197 - experiment_ablation_no_chaotic_embedding - INFO - Train Epoch 47: [0/472 (0.0%)]	Loss: 0.272139
2026-02-12 16:32:12,543 - experiment_ablation_no_chaotic_embedding - INFO - [SYNC DEBUG] Epoch 47: sync_weight=0.0, desync_weight=0.0, loss_sync=0.000000
2026-02-12 16:32:13,162 - experiment_ablation_no_chaotic_embedding - INFO - Epoch 47: Train Loss: 0.1655, Train Acc: 0.9464, Val Loss: 1.5550, Val Acc: 0.6966
2026-02-12 16:32:13,653 - experiment_ablation_no_chaotic_embedding - INFO - Train Epoch 48: [0/472 (0.0%)]	Loss: 0.145259
2026-02-12 16:32:15,063 - experiment_ablation_no_chaotic_embedding - INFO - [SYNC DEBUG] Epoch 48: sync_weight=0.0, desync_weight=0.0, loss_sync=0.000000
2026-02-12 16:32:15,693 - experiment_ablation_no_chaotic_embedding - INFO - Epoch 48: Train Loss: 0.1386, Train Acc: 0.9554, Val Loss: 1.3335, Val Acc: 0.7191
2026-02-12 16:32:16,227 - experiment_ablation_no_chaotic_embedding - INFO - Train Epoch 49: [0/472 (0.0%)]	Loss: 0.475243
2026-02-12 16:32:17,588 - experiment_ablation_no_chaotic_embedding - INFO - [SYNC DEBUG] Epoch 49: sync_weight=0.0, desync_weight=0.0, loss_sync=0.000000
2026-02-12 16:32:18,208 - experiment_ablation_no_chaotic_embedding - INFO - Epoch 49: Train Loss: 0.1583, Train Acc: 0.9509, Val Loss: 1.5820, Val Acc: 0.6742
2026-02-12 16:32:18,662 - experiment_ablation_no_chaotic_embedding - DEBUG - [STABILITY] lyap=0.020, max_norm=0.5, min_std=0.137
2026-02-12 16:32:18,691 - experiment_ablation_no_chaotic_embedding - INFO - Train Epoch 50: [0/472 (0.0%)]	Loss: 0.039686
2026-02-12 16:32:20,046 - experiment_ablation_no_chaotic_embedding - INFO - [SYNC DEBUG] Epoch 50: sync_weight=0.0, desync_weight=0.0, loss_sync=0.000000
2026-02-12 16:32:20,662 - experiment_ablation_no_chaotic_embedding - INFO - Epoch 50: Train Loss: 0.1084, Train Acc: 0.9643, Val Loss: 1.0970, Val Acc: 0.8315
2026-02-12 16:32:21,200 - experiment_ablation_no_chaotic_embedding - INFO - Train Epoch 51: [0/472 (0.0%)]	Loss: 0.092968
2026-02-12 16:32:22,530 - experiment_ablation_no_chaotic_embedding - INFO - [SYNC DEBUG] Epoch 51: sync_weight=0.0, desync_weight=0.0, loss_sync=0.000000
2026-02-12 16:32:23,135 - experiment_ablation_no_chaotic_embedding - INFO - Epoch 51: Train Loss: 0.1012, Train Acc: 0.9665, Val Loss: 0.7744, Val Acc: 0.8202
2026-02-12 16:32:23,602 - experiment_ablation_no_chaotic_embedding - INFO - Train Epoch 52: [0/472 (0.0%)]	Loss: 0.110282
2026-02-13 10:58:08,491 - experiment_ablation_no_chaotic_embedding - INFO - Initialized experiment: ablation_no_chaotic_embedding
2026-02-13 10:58:08,503 - experiment_ablation_no_chaotic_embedding - INFO - Device: cuda
2026-02-13 10:58:08,503 - experiment_ablation_no_chaotic_embedding - INFO - Output directory: /scratch/project_2003370/yueyao/Model/experiments/configs/Ablation_study/no_chaotic_embedding/ablation_no_chaotic_embedding
2026-02-13 10:58:08,503 - experiment_ablation_no_chaotic_embedding - INFO - [SYNC LOSS] Enabled with mode: standard
2026-02-13 10:58:08,503 - experiment_ablation_no_chaotic_embedding - INFO - Initialized chaotic network experiment with lorenz system
2026-02-13 10:58:08,504 - experiment_ablation_no_chaotic_embedding - INFO - Setting up experiment components...
2026-02-13 10:58:08,504 - experiment_ablation_no_chaotic_embedding - INFO - Creating dataloaders...
2026-02-13 10:58:08,970 - experiment_ablation_no_chaotic_embedding - INFO - Detected 26 speakers in dataset
2026-02-13 10:58:08,970 - experiment_ablation_no_chaotic_embedding - INFO - Dataloaders created:
2026-02-13 10:58:08,970 - experiment_ablation_no_chaotic_embedding - INFO -   Train: 14 batches
2026-02-13 10:58:08,970 - experiment_ablation_no_chaotic_embedding - INFO -   Val: 3 batches
2026-02-13 10:58:08,970 - experiment_ablation_no_chaotic_embedding - INFO -   Test: 4 batches
2026-02-13 10:58:08,970 - experiment_ablation_no_chaotic_embedding - INFO - Creating model...
2026-02-13 10:58:08,970 - experiment_ablation_no_chaotic_embedding - INFO - Using actual num_speakers from dataset: 26
2026-02-13 10:59:13,874 - experiment_ablation_no_chaotic_embedding - INFO - Total parameters: 500,671
2026-02-13 10:59:13,874 - experiment_ablation_no_chaotic_embedding - INFO - Trainable parameters: 500,671
2026-02-13 10:59:13,874 - experiment_ablation_no_chaotic_embedding - INFO - Creating optimizer...
2026-02-13 10:59:13,874 - experiment_ablation_no_chaotic_embedding - INFO - Optimizer: AdamW
2026-02-13 10:59:13,874 - experiment_ablation_no_chaotic_embedding - INFO - Creating scheduler...
2026-02-13 10:59:13,874 - experiment_ablation_no_chaotic_embedding - INFO - Creating criterion...
2026-02-13 10:59:13,874 - experiment_ablation_no_chaotic_embedding - INFO - Criterion: CrossEntropyLoss
2026-02-13 10:59:13,950 - experiment_ablation_no_chaotic_embedding - INFO - Configuration saved to: /scratch/project_2003370/yueyao/Model/experiments/configs/Ablation_study/no_chaotic_embedding/ablation_no_chaotic_embedding/config.json
2026-02-13 10:59:13,950 - experiment_ablation_no_chaotic_embedding - INFO - Experiment setup completed
2026-02-13 10:59:13,952 - experiment_ablation_no_chaotic_embedding - INFO - Starting training for 100 epochs
2026-02-13 10:59:13,952 - experiment_ablation_no_chaotic_embedding - INFO - [SYNC LOSS] Warmup complete, synchronization loss activated!
2026-02-13 10:59:14,118 - experiment_ablation_no_chaotic_embedding - INFO - 
================================================================================
2026-02-13 10:59:14,119 - experiment_ablation_no_chaotic_embedding - INFO - COMPREHENSIVE DEBUG - FIRST BATCH
2026-02-13 10:59:14,119 - experiment_ablation_no_chaotic_embedding - INFO - ================================================================================
2026-02-13 10:59:14,119 - experiment_ablation_no_chaotic_embedding - INFO - Batch Info:
2026-02-13 10:59:14,119 - experiment_ablation_no_chaotic_embedding - INFO -   Audio shape: torch.Size([32, 48000])
2026-02-13 10:59:14,119 - experiment_ablation_no_chaotic_embedding - INFO -   Targets shape: torch.Size([32])
2026-02-13 10:59:14,120 - experiment_ablation_no_chaotic_embedding - INFO -   Targets (first 8): tensor([12,  7,  3, 17, 18, 19,  9,  1], device='cuda:0')
2026-02-13 10:59:14,226 - experiment_ablation_no_chaotic_embedding - INFO - ================================================================================

2026-02-13 10:59:14,292 - experiment_ablation_no_chaotic_embedding - INFO - [STABILITY] Initialized LyapunovStabilityLoss
2026-02-13 10:59:14,294 - experiment_ablation_no_chaotic_embedding - DEBUG - [STABILITY] lyap=-0.009, max_norm=0.2, min_std=0.057
2026-02-13 10:59:14,325 - experiment_ablation_no_chaotic_embedding - INFO - Train Epoch 0: [0/472 (0.0%)]	Loss: 6.717903
2026-02-13 10:59:15,676 - experiment_ablation_no_chaotic_embedding - INFO - [SYNC DEBUG] Epoch 0: sync_weight=0.1, desync_weight=0.1, loss_sync=0.499952
2026-02-13 10:59:16,098 - experiment_ablation_no_chaotic_embedding - INFO - Epoch 0: Train Loss: 6.1814, Train Acc: 0.0558, Val Loss: 4.3375, Val Acc: 0.0449
2026-02-13 10:59:16,165 - experiment_ablation_no_chaotic_embedding - INFO - Saved new best model at epoch 0
2026-02-13 10:59:16,576 - experiment_ablation_no_chaotic_embedding - INFO - Train Epoch 1: [0/472 (0.0%)]	Loss: 4.339998
2026-02-13 10:59:17,902 - experiment_ablation_no_chaotic_embedding - INFO - [SYNC DEBUG] Epoch 1: sync_weight=0.1, desync_weight=0.1, loss_sync=0.499890
2026-02-13 10:59:18,330 - experiment_ablation_no_chaotic_embedding - INFO - Epoch 1: Train Loss: 4.1101, Train Acc: 0.1830, Val Loss: 5.0098, Val Acc: 0.0449
2026-02-13 10:59:18,627 - experiment_ablation_no_chaotic_embedding - INFO - Train Epoch 2: [0/472 (0.0%)]	Loss: 3.344496
2026-02-13 10:59:19,961 - experiment_ablation_no_chaotic_embedding - INFO - [SYNC DEBUG] Epoch 2: sync_weight=0.1, desync_weight=0.1, loss_sync=0.499880
2026-02-13 10:59:20,378 - experiment_ablation_no_chaotic_embedding - INFO - Epoch 2: Train Loss: 3.3260, Train Acc: 0.3058, Val Loss: 5.0665, Val Acc: 0.0449
2026-02-13 10:59:20,682 - experiment_ablation_no_chaotic_embedding - INFO - Train Epoch 3: [0/472 (0.0%)]	Loss: 2.843862
2026-02-13 10:59:22,036 - experiment_ablation_no_chaotic_embedding - INFO - [SYNC DEBUG] Epoch 3: sync_weight=0.1, desync_weight=0.1, loss_sync=0.499834
2026-02-13 10:59:22,458 - experiment_ablation_no_chaotic_embedding - INFO - Epoch 3: Train Loss: 2.7196, Train Acc: 0.3549, Val Loss: 4.0037, Val Acc: 0.0449
2026-02-13 10:59:22,759 - experiment_ablation_no_chaotic_embedding - INFO - Train Epoch 4: [0/472 (0.0%)]	Loss: 3.140053
2026-02-13 10:59:24,160 - experiment_ablation_no_chaotic_embedding - INFO - [SYNC DEBUG] Epoch 4: sync_weight=0.1, desync_weight=0.1, loss_sync=0.499821
2026-02-13 10:59:24,582 - experiment_ablation_no_chaotic_embedding - INFO - Epoch 4: Train Loss: 2.3712, Train Acc: 0.4665, Val Loss: 2.9398, Val Acc: 0.2921
2026-02-13 10:59:24,658 - experiment_ablation_no_chaotic_embedding - INFO - Saved new best model at epoch 4
2026-02-13 10:59:24,985 - experiment_ablation_no_chaotic_embedding - INFO - Train Epoch 5: [0/472 (0.0%)]	Loss: 1.886235
2026-02-13 10:59:26,351 - experiment_ablation_no_chaotic_embedding - INFO - [SYNC DEBUG] Epoch 5: sync_weight=0.1, desync_weight=0.1, loss_sync=0.499864
2026-02-13 10:59:26,774 - experiment_ablation_no_chaotic_embedding - INFO - Epoch 5: Train Loss: 1.9840, Train Acc: 0.5446, Val Loss: 2.0054, Val Acc: 0.4719
2026-02-13 10:59:26,872 - experiment_ablation_no_chaotic_embedding - INFO - Saved new best model at epoch 5
2026-02-13 10:59:27,220 - experiment_ablation_no_chaotic_embedding - INFO - Train Epoch 6: [0/472 (0.0%)]	Loss: 1.468648
2026-02-13 10:59:28,582 - experiment_ablation_no_chaotic_embedding - INFO - [SYNC DEBUG] Epoch 6: sync_weight=0.1, desync_weight=0.1, loss_sync=0.499931
2026-02-13 10:59:29,021 - experiment_ablation_no_chaotic_embedding - INFO - Epoch 6: Train Loss: 1.7454, Train Acc: 0.6183, Val Loss: 2.8539, Val Acc: 0.3708
2026-02-13 10:59:29,325 - experiment_ablation_no_chaotic_embedding - INFO - Train Epoch 7: [0/472 (0.0%)]	Loss: 1.421211
2026-02-13 10:59:29,497 - experiment_ablation_no_chaotic_embedding - DEBUG - [STABILITY] lyap=-0.006, max_norm=0.4, min_std=0.100
2026-02-13 10:59:30,690 - experiment_ablation_no_chaotic_embedding - INFO - [SYNC DEBUG] Epoch 7: sync_weight=0.1, desync_weight=0.1, loss_sync=0.499833
2026-02-13 10:59:31,126 - experiment_ablation_no_chaotic_embedding - INFO - Epoch 7: Train Loss: 1.5799, Train Acc: 0.6473, Val Loss: 1.9760, Val Acc: 0.5393
2026-02-13 10:59:31,196 - experiment_ablation_no_chaotic_embedding - INFO - Saved new best model at epoch 7
2026-02-13 10:59:31,533 - experiment_ablation_no_chaotic_embedding - INFO - Train Epoch 8: [0/472 (0.0%)]	Loss: 1.707126
2026-02-13 10:59:32,929 - experiment_ablation_no_chaotic_embedding - INFO - [SYNC DEBUG] Epoch 8: sync_weight=0.1, desync_weight=0.1, loss_sync=0.499967
2026-02-13 10:59:33,354 - experiment_ablation_no_chaotic_embedding - INFO - Epoch 8: Train Loss: 1.3926, Train Acc: 0.7143, Val Loss: 2.1401, Val Acc: 0.5169
2026-02-13 10:59:33,675 - experiment_ablation_no_chaotic_embedding - INFO - Train Epoch 9: [0/472 (0.0%)]	Loss: 1.009524
2026-02-13 10:59:35,007 - experiment_ablation_no_chaotic_embedding - INFO - [SYNC DEBUG] Epoch 9: sync_weight=0.1, desync_weight=0.1, loss_sync=0.499876
2026-02-13 10:59:35,431 - experiment_ablation_no_chaotic_embedding - INFO - Epoch 9: Train Loss: 1.3570, Train Acc: 0.7321, Val Loss: 1.4309, Val Acc: 0.6517
2026-02-13 10:59:35,503 - experiment_ablation_no_chaotic_embedding - INFO - Saved new best model at epoch 9
2026-02-13 10:59:35,854 - experiment_ablation_no_chaotic_embedding - INFO - Train Epoch 10: [0/472 (0.0%)]	Loss: 1.591264
2026-02-13 10:59:37,247 - experiment_ablation_no_chaotic_embedding - INFO - [SYNC DEBUG] Epoch 10: sync_weight=0.1, desync_weight=0.1, loss_sync=0.499799
2026-02-13 10:59:37,667 - experiment_ablation_no_chaotic_embedding - INFO - Epoch 10: Train Loss: 1.2611, Train Acc: 0.7634, Val Loss: 1.6482, Val Acc: 0.5281
2026-02-13 10:59:38,038 - experiment_ablation_no_chaotic_embedding - INFO - Train Epoch 11: [0/472 (0.0%)]	Loss: 1.020547
2026-02-13 10:59:39,413 - experiment_ablation_no_chaotic_embedding - INFO - [SYNC DEBUG] Epoch 11: sync_weight=0.1, desync_weight=0.1, loss_sync=0.499899
2026-02-13 10:59:39,839 - experiment_ablation_no_chaotic_embedding - INFO - Epoch 11: Train Loss: 1.1565, Train Acc: 0.7991, Val Loss: 1.1486, Val Acc: 0.6517
2026-02-13 10:59:40,139 - experiment_ablation_no_chaotic_embedding - INFO - Train Epoch 12: [0/472 (0.0%)]	Loss: 0.926636
2026-02-13 10:59:41,513 - experiment_ablation_no_chaotic_embedding - INFO - [SYNC DEBUG] Epoch 12: sync_weight=0.1, desync_weight=0.1, loss_sync=0.499882
2026-02-13 10:59:41,934 - experiment_ablation_no_chaotic_embedding - INFO - Epoch 12: Train Loss: 1.1263, Train Acc: 0.7991, Val Loss: 2.4738, Val Acc: 0.4494
2026-02-13 10:59:42,255 - experiment_ablation_no_chaotic_embedding - INFO - Train Epoch 13: [0/472 (0.0%)]	Loss: 1.175178
2026-02-13 10:59:43,610 - experiment_ablation_no_chaotic_embedding - INFO - [SYNC DEBUG] Epoch 13: sync_weight=0.1, desync_weight=0.1, loss_sync=0.499770
2026-02-13 10:59:44,035 - experiment_ablation_no_chaotic_embedding - INFO - Epoch 13: Train Loss: 1.0902, Train Acc: 0.8147, Val Loss: 1.2110, Val Acc: 0.6180
2026-02-13 10:59:44,352 - experiment_ablation_no_chaotic_embedding - INFO - Train Epoch 14: [0/472 (0.0%)]	Loss: 1.264475
2026-02-13 10:59:44,728 - experiment_ablation_no_chaotic_embedding - DEBUG - [STABILITY] lyap=-0.007, max_norm=0.4, min_std=0.111
2026-02-13 10:59:45,705 - experiment_ablation_no_chaotic_embedding - INFO - [SYNC DEBUG] Epoch 14: sync_weight=0.1, desync_weight=0.1, loss_sync=0.499752
2026-02-13 10:59:46,121 - experiment_ablation_no_chaotic_embedding - INFO - Epoch 14: Train Loss: 1.0038, Train Acc: 0.8170, Val Loss: 1.2659, Val Acc: 0.7416
2026-02-13 10:59:46,194 - experiment_ablation_no_chaotic_embedding - INFO - Saved new best model at epoch 14
2026-02-13 10:59:46,534 - experiment_ablation_no_chaotic_embedding - INFO - Train Epoch 15: [0/472 (0.0%)]	Loss: 1.069252
2026-02-13 10:59:47,880 - experiment_ablation_no_chaotic_embedding - INFO - [SYNC DEBUG] Epoch 15: sync_weight=0.1, desync_weight=0.1, loss_sync=0.499811
2026-02-13 10:59:48,302 - experiment_ablation_no_chaotic_embedding - INFO - Epoch 15: Train Loss: 0.9598, Train Acc: 0.8482, Val Loss: 1.3169, Val Acc: 0.6180
2026-02-13 10:59:48,608 - experiment_ablation_no_chaotic_embedding - INFO - Train Epoch 16: [0/472 (0.0%)]	Loss: 0.759390
2026-02-13 10:59:49,932 - experiment_ablation_no_chaotic_embedding - INFO - [SYNC DEBUG] Epoch 16: sync_weight=0.1, desync_weight=0.1, loss_sync=0.499847
2026-02-13 10:59:50,353 - experiment_ablation_no_chaotic_embedding - INFO - Epoch 16: Train Loss: 0.9545, Train Acc: 0.8549, Val Loss: 1.1659, Val Acc: 0.6292
2026-02-13 10:59:50,659 - experiment_ablation_no_chaotic_embedding - INFO - Train Epoch 17: [0/472 (0.0%)]	Loss: 0.741039
2026-02-13 10:59:52,014 - experiment_ablation_no_chaotic_embedding - INFO - [SYNC DEBUG] Epoch 17: sync_weight=0.1, desync_weight=0.1, loss_sync=0.499660
2026-02-13 10:59:52,436 - experiment_ablation_no_chaotic_embedding - INFO - Epoch 17: Train Loss: 0.9237, Train Acc: 0.8661, Val Loss: 1.5666, Val Acc: 0.6517
2026-02-13 10:59:52,751 - experiment_ablation_no_chaotic_embedding - INFO - Train Epoch 18: [0/472 (0.0%)]	Loss: 0.733664
2026-02-13 10:59:54,076 - experiment_ablation_no_chaotic_embedding - INFO - [SYNC DEBUG] Epoch 18: sync_weight=0.1, desync_weight=0.1, loss_sync=0.499907
2026-02-13 10:59:54,500 - experiment_ablation_no_chaotic_embedding - INFO - Epoch 18: Train Loss: 0.8661, Train Acc: 0.8750, Val Loss: 0.5368, Val Acc: 0.8315
2026-02-13 10:59:54,574 - experiment_ablation_no_chaotic_embedding - INFO - Saved new best model at epoch 18
2026-02-13 10:59:54,920 - experiment_ablation_no_chaotic_embedding - INFO - Train Epoch 19: [0/472 (0.0%)]	Loss: 0.717326
2026-02-13 10:59:56,262 - experiment_ablation_no_chaotic_embedding - INFO - [SYNC DEBUG] Epoch 19: sync_weight=0.1, desync_weight=0.1, loss_sync=0.499731
2026-02-13 10:59:56,686 - experiment_ablation_no_chaotic_embedding - INFO - Epoch 19: Train Loss: 0.8515, Train Acc: 0.8862, Val Loss: 0.7045, Val Acc: 0.7978
2026-02-13 10:59:56,996 - experiment_ablation_no_chaotic_embedding - INFO - Train Epoch 20: [0/472 (0.0%)]	Loss: 0.832722
2026-02-13 10:59:58,317 - experiment_ablation_no_chaotic_embedding - INFO - [SYNC DEBUG] Epoch 20: sync_weight=0.1, desync_weight=0.1, loss_sync=0.499780
2026-02-13 10:59:58,749 - experiment_ablation_no_chaotic_embedding - INFO - Epoch 20: Train Loss: 0.9418, Train Acc: 0.8571, Val Loss: 1.3832, Val Acc: 0.6629
2026-02-13 10:59:59,126 - experiment_ablation_no_chaotic_embedding - INFO - Train Epoch 21: [0/472 (0.0%)]	Loss: 0.611951
2026-02-13 10:59:59,703 - experiment_ablation_no_chaotic_embedding - DEBUG - [STABILITY] lyap=0.000, max_norm=0.5, min_std=0.113
2026-02-13 11:00:00,487 - experiment_ablation_no_chaotic_embedding - INFO - [SYNC DEBUG] Epoch 21: sync_weight=0.1, desync_weight=0.1, loss_sync=0.499760
2026-02-13 11:00:00,906 - experiment_ablation_no_chaotic_embedding - INFO - Epoch 21: Train Loss: 0.8182, Train Acc: 0.9018, Val Loss: 1.8306, Val Acc: 0.5393
2026-02-13 11:00:01,213 - experiment_ablation_no_chaotic_embedding - INFO - Train Epoch 22: [0/472 (0.0%)]	Loss: 0.837537
2026-02-13 11:00:02,539 - experiment_ablation_no_chaotic_embedding - INFO - [SYNC DEBUG] Epoch 22: sync_weight=0.1, desync_weight=0.1, loss_sync=0.499732
2026-02-13 11:00:02,963 - experiment_ablation_no_chaotic_embedding - INFO - Epoch 22: Train Loss: 0.8424, Train Acc: 0.8772, Val Loss: 1.8481, Val Acc: 0.5618
2026-02-13 11:00:03,272 - experiment_ablation_no_chaotic_embedding - INFO - Train Epoch 23: [0/472 (0.0%)]	Loss: 0.804881
2026-02-13 11:00:04,606 - experiment_ablation_no_chaotic_embedding - INFO - [SYNC DEBUG] Epoch 23: sync_weight=0.1, desync_weight=0.1, loss_sync=0.499881
2026-02-13 11:00:05,031 - experiment_ablation_no_chaotic_embedding - INFO - Epoch 23: Train Loss: 0.8244, Train Acc: 0.8862, Val Loss: 1.2875, Val Acc: 0.7191
2026-02-13 11:00:05,352 - experiment_ablation_no_chaotic_embedding - INFO - Train Epoch 24: [0/472 (0.0%)]	Loss: 0.685583
2026-02-13 11:00:06,693 - experiment_ablation_no_chaotic_embedding - INFO - [SYNC DEBUG] Epoch 24: sync_weight=0.1, desync_weight=0.1, loss_sync=0.499798
2026-02-13 11:00:07,110 - experiment_ablation_no_chaotic_embedding - INFO - Epoch 24: Train Loss: 0.7762, Train Acc: 0.9308, Val Loss: 1.3604, Val Acc: 0.6854
2026-02-13 11:00:07,415 - experiment_ablation_no_chaotic_embedding - INFO - Train Epoch 25: [0/472 (0.0%)]	Loss: 0.712541
2026-02-13 11:00:08,765 - experiment_ablation_no_chaotic_embedding - INFO - [SYNC DEBUG] Epoch 25: sync_weight=0.1, desync_weight=0.1, loss_sync=0.499803
2026-02-13 11:00:09,189 - experiment_ablation_no_chaotic_embedding - INFO - Epoch 25: Train Loss: 0.7696, Train Acc: 0.9174, Val Loss: 0.9268, Val Acc: 0.7191
2026-02-13 11:00:09,495 - experiment_ablation_no_chaotic_embedding - INFO - Train Epoch 26: [0/472 (0.0%)]	Loss: 0.642173
2026-02-13 11:00:10,846 - experiment_ablation_no_chaotic_embedding - INFO - [SYNC DEBUG] Epoch 26: sync_weight=0.1, desync_weight=0.1, loss_sync=0.499743
2026-02-13 11:00:11,267 - experiment_ablation_no_chaotic_embedding - INFO - Epoch 26: Train Loss: 0.6878, Train Acc: 0.9397, Val Loss: 1.1895, Val Acc: 0.7303
2026-02-13 11:00:11,575 - experiment_ablation_no_chaotic_embedding - INFO - Train Epoch 27: [0/472 (0.0%)]	Loss: 0.715401
2026-02-13 11:00:12,894 - experiment_ablation_no_chaotic_embedding - INFO - [SYNC DEBUG] Epoch 27: sync_weight=0.1, desync_weight=0.1, loss_sync=0.499678
2026-02-13 11:00:13,317 - experiment_ablation_no_chaotic_embedding - INFO - Epoch 27: Train Loss: 0.7851, Train Acc: 0.9219, Val Loss: 0.6217, Val Acc: 0.8202
2026-02-13 11:00:13,630 - experiment_ablation_no_chaotic_embedding - INFO - Train Epoch 28: [0/472 (0.0%)]	Loss: 0.661959
2026-02-13 11:00:14,393 - experiment_ablation_no_chaotic_embedding - DEBUG - [STABILITY] lyap=0.005, max_norm=0.5, min_std=0.121
2026-02-13 11:00:14,973 - experiment_ablation_no_chaotic_embedding - INFO - [SYNC DEBUG] Epoch 28: sync_weight=0.1, desync_weight=0.1, loss_sync=0.499755
2026-02-13 11:00:15,396 - experiment_ablation_no_chaotic_embedding - INFO - Epoch 28: Train Loss: 0.7384, Train Acc: 0.9174, Val Loss: 1.0736, Val Acc: 0.7753
2026-02-13 11:00:15,713 - experiment_ablation_no_chaotic_embedding - INFO - Train Epoch 29: [0/472 (0.0%)]	Loss: 0.746222
2026-02-13 11:00:17,056 - experiment_ablation_no_chaotic_embedding - INFO - [SYNC DEBUG] Epoch 29: sync_weight=0.1, desync_weight=0.1, loss_sync=0.499826
2026-02-13 11:00:17,488 - experiment_ablation_no_chaotic_embedding - INFO - Epoch 29: Train Loss: 0.7702, Train Acc: 0.9174, Val Loss: 1.3366, Val Acc: 0.7416
2026-02-13 11:00:17,801 - experiment_ablation_no_chaotic_embedding - INFO - Train Epoch 30: [0/472 (0.0%)]	Loss: 0.624575
2026-02-13 11:00:19,121 - experiment_ablation_no_chaotic_embedding - INFO - [SYNC DEBUG] Epoch 30: sync_weight=0.1, desync_weight=0.1, loss_sync=0.499720
2026-02-13 11:00:19,556 - experiment_ablation_no_chaotic_embedding - INFO - Epoch 30: Train Loss: 0.7581, Train Acc: 0.9263, Val Loss: 1.8047, Val Acc: 0.5843
2026-02-13 11:00:19,927 - experiment_ablation_no_chaotic_embedding - INFO - Train Epoch 31: [0/472 (0.0%)]	Loss: 0.644892
2026-02-13 11:00:21,247 - experiment_ablation_no_chaotic_embedding - INFO - [SYNC DEBUG] Epoch 31: sync_weight=0.1, desync_weight=0.1, loss_sync=0.499730
2026-02-13 11:00:21,669 - experiment_ablation_no_chaotic_embedding - INFO - Epoch 31: Train Loss: 0.7652, Train Acc: 0.9241, Val Loss: 1.3602, Val Acc: 0.6742
2026-02-13 11:00:21,975 - experiment_ablation_no_chaotic_embedding - INFO - Train Epoch 32: [0/472 (0.0%)]	Loss: 0.905946
2026-02-13 11:00:23,352 - experiment_ablation_no_chaotic_embedding - INFO - [SYNC DEBUG] Epoch 32: sync_weight=0.1, desync_weight=0.1, loss_sync=0.499731
2026-02-13 11:00:23,780 - experiment_ablation_no_chaotic_embedding - INFO - Epoch 32: Train Loss: 0.7384, Train Acc: 0.9219, Val Loss: 1.0058, Val Acc: 0.7640
2026-02-13 11:00:24,094 - experiment_ablation_no_chaotic_embedding - INFO - Train Epoch 33: [0/472 (0.0%)]	Loss: 0.673354
2026-02-13 11:00:25,491 - experiment_ablation_no_chaotic_embedding - INFO - [SYNC DEBUG] Epoch 33: sync_weight=0.1, desync_weight=0.1, loss_sync=0.499637
2026-02-13 11:00:25,925 - experiment_ablation_no_chaotic_embedding - INFO - Epoch 33: Train Loss: 0.6596, Train Acc: 0.9420, Val Loss: 0.7623, Val Acc: 0.7978
2026-02-13 11:00:26,247 - experiment_ablation_no_chaotic_embedding - INFO - Train Epoch 34: [0/472 (0.0%)]	Loss: 0.582648
2026-02-13 11:00:27,620 - experiment_ablation_no_chaotic_embedding - INFO - [SYNC DEBUG] Epoch 34: sync_weight=0.1, desync_weight=0.1, loss_sync=0.499599
2026-02-13 11:00:28,047 - experiment_ablation_no_chaotic_embedding - INFO - Epoch 34: Train Loss: 0.6828, Train Acc: 0.9353, Val Loss: 1.1351, Val Acc: 0.7640
2026-02-13 11:00:28,358 - experiment_ablation_no_chaotic_embedding - INFO - Train Epoch 35: [0/472 (0.0%)]	Loss: 0.950849
2026-02-13 11:00:29,354 - experiment_ablation_no_chaotic_embedding - DEBUG - [STABILITY] lyap=0.005, max_norm=0.5, min_std=0.131
2026-02-13 11:00:29,729 - experiment_ablation_no_chaotic_embedding - INFO - [SYNC DEBUG] Epoch 35: sync_weight=0.1, desync_weight=0.1, loss_sync=0.499677
2026-02-13 11:00:30,154 - experiment_ablation_no_chaotic_embedding - INFO - Epoch 35: Train Loss: 0.6601, Train Acc: 0.9509, Val Loss: 0.7965, Val Acc: 0.7865
2026-02-13 11:00:30,483 - experiment_ablation_no_chaotic_embedding - INFO - Train Epoch 36: [0/472 (0.0%)]	Loss: 0.693451
2026-02-13 11:00:31,819 - experiment_ablation_no_chaotic_embedding - INFO - [SYNC DEBUG] Epoch 36: sync_weight=0.1, desync_weight=0.1, loss_sync=0.499741
2026-02-13 11:00:32,264 - experiment_ablation_no_chaotic_embedding - INFO - Epoch 36: Train Loss: 0.6638, Train Acc: 0.9531, Val Loss: 1.6987, Val Acc: 0.6067
2026-02-13 11:00:32,573 - experiment_ablation_no_chaotic_embedding - INFO - Train Epoch 37: [0/472 (0.0%)]	Loss: 0.827183
2026-02-13 11:00:33,915 - experiment_ablation_no_chaotic_embedding - INFO - [SYNC DEBUG] Epoch 37: sync_weight=0.1, desync_weight=0.1, loss_sync=0.499772
2026-02-13 11:00:34,346 - experiment_ablation_no_chaotic_embedding - INFO - Epoch 37: Train Loss: 0.6836, Train Acc: 0.9308, Val Loss: 1.7828, Val Acc: 0.6180
2026-02-13 11:00:34,653 - experiment_ablation_no_chaotic_embedding - INFO - Train Epoch 38: [0/472 (0.0%)]	Loss: 0.664644
2026-02-13 11:00:35,995 - experiment_ablation_no_chaotic_embedding - INFO - [SYNC DEBUG] Epoch 38: sync_weight=0.1, desync_weight=0.1, loss_sync=0.499620
2026-02-13 11:00:36,430 - experiment_ablation_no_chaotic_embedding - INFO - Epoch 38: Train Loss: 0.6761, Train Acc: 0.9464, Val Loss: 1.4543, Val Acc: 0.6404
2026-02-13 11:00:36,744 - experiment_ablation_no_chaotic_embedding - INFO - Train Epoch 39: [0/472 (0.0%)]	Loss: 0.607958
2026-02-13 11:00:38,115 - experiment_ablation_no_chaotic_embedding - INFO - [SYNC DEBUG] Epoch 39: sync_weight=0.1, desync_weight=0.1, loss_sync=0.499596
2026-02-13 11:00:38,547 - experiment_ablation_no_chaotic_embedding - INFO - Epoch 39: Train Loss: 0.6497, Train Acc: 0.9621, Val Loss: 0.8664, Val Acc: 0.7640
2026-02-13 11:00:38,860 - experiment_ablation_no_chaotic_embedding - INFO - Train Epoch 40: [0/472 (0.0%)]	Loss: 0.715474
2026-02-13 11:00:40,188 - experiment_ablation_no_chaotic_embedding - INFO - [SYNC DEBUG] Epoch 40: sync_weight=0.1, desync_weight=0.1, loss_sync=0.499691
2026-02-13 11:00:40,622 - experiment_ablation_no_chaotic_embedding - INFO - Epoch 40: Train Loss: 0.6780, Train Acc: 0.9375, Val Loss: 0.7275, Val Acc: 0.8315
2026-02-13 11:00:40,997 - experiment_ablation_no_chaotic_embedding - INFO - Train Epoch 41: [0/472 (0.0%)]	Loss: 0.611917
2026-02-13 11:00:42,345 - experiment_ablation_no_chaotic_embedding - INFO - [SYNC DEBUG] Epoch 41: sync_weight=0.1, desync_weight=0.1, loss_sync=0.499659
2026-02-13 11:00:42,775 - experiment_ablation_no_chaotic_embedding - INFO - Epoch 41: Train Loss: 0.6125, Train Acc: 0.9710, Val Loss: 0.9541, Val Acc: 0.7753
2026-02-13 11:00:43,093 - experiment_ablation_no_chaotic_embedding - INFO - Train Epoch 42: [0/472 (0.0%)]	Loss: 0.616341
2026-02-13 11:00:44,259 - experiment_ablation_no_chaotic_embedding - DEBUG - [STABILITY] lyap=0.012, max_norm=0.6, min_std=0.131
2026-02-13 11:00:44,436 - experiment_ablation_no_chaotic_embedding - INFO - [SYNC DEBUG] Epoch 42: sync_weight=0.1, desync_weight=0.1, loss_sync=0.499601
2026-02-13 11:00:44,866 - experiment_ablation_no_chaotic_embedding - INFO - Epoch 42: Train Loss: 0.6472, Train Acc: 0.9531, Val Loss: 0.8920, Val Acc: 0.7865
2026-02-13 11:00:45,179 - experiment_ablation_no_chaotic_embedding - INFO - Train Epoch 43: [0/472 (0.0%)]	Loss: 0.585128
2026-02-13 11:00:46,540 - experiment_ablation_no_chaotic_embedding - INFO - [SYNC DEBUG] Epoch 43: sync_weight=0.1, desync_weight=0.1, loss_sync=0.499672
2026-02-13 11:00:46,960 - experiment_ablation_no_chaotic_embedding - INFO - Epoch 43: Train Loss: 0.6555, Train Acc: 0.9487, Val Loss: 1.8659, Val Acc: 0.5955
2026-02-13 11:00:47,276 - experiment_ablation_no_chaotic_embedding - INFO - Train Epoch 44: [0/472 (0.0%)]	Loss: 0.634883
2026-02-13 11:00:48,598 - experiment_ablation_no_chaotic_embedding - INFO - [SYNC DEBUG] Epoch 44: sync_weight=0.1, desync_weight=0.1, loss_sync=0.499662
2026-02-13 11:00:49,025 - experiment_ablation_no_chaotic_embedding - INFO - Epoch 44: Train Loss: 0.6543, Train Acc: 0.9487, Val Loss: 1.1934, Val Acc: 0.7303
2026-02-13 11:00:49,348 - experiment_ablation_no_chaotic_embedding - INFO - Train Epoch 45: [0/472 (0.0%)]	Loss: 0.767150
2026-02-13 11:00:50,684 - experiment_ablation_no_chaotic_embedding - INFO - [SYNC DEBUG] Epoch 45: sync_weight=0.1, desync_weight=0.1, loss_sync=0.499628
2026-02-13 11:00:51,113 - experiment_ablation_no_chaotic_embedding - INFO - Epoch 45: Train Loss: 0.6102, Train Acc: 0.9688, Val Loss: 0.7287, Val Acc: 0.7753
2026-02-13 11:00:51,431 - experiment_ablation_no_chaotic_embedding - INFO - Train Epoch 46: [0/472 (0.0%)]	Loss: 0.546433
2026-02-13 11:00:52,779 - experiment_ablation_no_chaotic_embedding - INFO - [SYNC DEBUG] Epoch 46: sync_weight=0.1, desync_weight=0.1, loss_sync=0.499754
2026-02-13 11:00:53,209 - experiment_ablation_no_chaotic_embedding - INFO - Epoch 46: Train Loss: 0.6088, Train Acc: 0.9754, Val Loss: 0.7079, Val Acc: 0.8202
2026-02-13 11:00:53,527 - experiment_ablation_no_chaotic_embedding - INFO - Train Epoch 47: [0/472 (0.0%)]	Loss: 0.673058
2026-02-13 11:00:54,843 - experiment_ablation_no_chaotic_embedding - INFO - [SYNC DEBUG] Epoch 47: sync_weight=0.1, desync_weight=0.1, loss_sync=0.499786
2026-02-13 11:00:55,267 - experiment_ablation_no_chaotic_embedding - INFO - Epoch 47: Train Loss: 0.6248, Train Acc: 0.9598, Val Loss: 0.8403, Val Acc: 0.7079
2026-02-13 11:00:55,587 - experiment_ablation_no_chaotic_embedding - INFO - Train Epoch 48: [0/472 (0.0%)]	Loss: 0.601954
2026-02-13 11:00:56,923 - experiment_ablation_no_chaotic_embedding - INFO - [SYNC DEBUG] Epoch 48: sync_weight=0.1, desync_weight=0.1, loss_sync=0.499837
2026-02-13 11:00:57,350 - experiment_ablation_no_chaotic_embedding - INFO - Epoch 48: Train Loss: 0.6071, Train Acc: 0.9643, Val Loss: 1.5665, Val Acc: 0.7303
2026-02-13 11:00:57,671 - experiment_ablation_no_chaotic_embedding - INFO - Train Epoch 49: [0/472 (0.0%)]	Loss: 0.539524
2026-02-13 11:00:59,007 - experiment_ablation_no_chaotic_embedding - INFO - [SYNC DEBUG] Epoch 49: sync_weight=0.1, desync_weight=0.1, loss_sync=0.499881
2026-02-13 11:00:59,433 - experiment_ablation_no_chaotic_embedding - INFO - Epoch 49: Train Loss: 0.6038, Train Acc: 0.9777, Val Loss: 2.3542, Val Acc: 0.5618
2026-02-13 11:00:59,728 - experiment_ablation_no_chaotic_embedding - DEBUG - [STABILITY] lyap=0.019, max_norm=0.6, min_std=0.142
2026-02-13 11:00:59,758 - experiment_ablation_no_chaotic_embedding - INFO - Train Epoch 50: [0/472 (0.0%)]	Loss: 0.557986
2026-02-13 11:01:01,101 - experiment_ablation_no_chaotic_embedding - INFO - [SYNC DEBUG] Epoch 50: sync_weight=0.1, desync_weight=0.1, loss_sync=0.499684
2026-02-13 11:01:01,529 - experiment_ablation_no_chaotic_embedding - INFO - Epoch 50: Train Loss: 0.5700, Train Acc: 0.9799, Val Loss: 1.1182, Val Acc: 0.7079
2026-02-13 11:01:01,911 - experiment_ablation_no_chaotic_embedding - INFO - Train Epoch 51: [0/472 (0.0%)]	Loss: 0.671324
2026-02-13 11:01:03,272 - experiment_ablation_no_chaotic_embedding - INFO - [SYNC DEBUG] Epoch 51: sync_weight=0.1, desync_weight=0.1, loss_sync=0.499741
2026-02-13 11:01:03,699 - experiment_ablation_no_chaotic_embedding - INFO - Epoch 51: Train Loss: 0.6395, Train Acc: 0.9598, Val Loss: 1.1221, Val Acc: 0.7865
2026-02-13 11:01:04,017 - experiment_ablation_no_chaotic_embedding - INFO - Train Epoch 52: [0/472 (0.0%)]	Loss: 0.541010
2026-02-13 11:01:05,342 - experiment_ablation_no_chaotic_embedding - INFO - [SYNC DEBUG] Epoch 52: sync_weight=0.1, desync_weight=0.1, loss_sync=0.499474
2026-02-13 11:01:05,771 - experiment_ablation_no_chaotic_embedding - INFO - Epoch 52: Train Loss: 0.5937, Train Acc: 0.9710, Val Loss: 1.7806, Val Acc: 0.6067
2026-02-13 11:01:06,080 - experiment_ablation_no_chaotic_embedding - INFO - Train Epoch 53: [0/472 (0.0%)]	Loss: 0.576444
2026-02-13 11:01:07,421 - experiment_ablation_no_chaotic_embedding - INFO - [SYNC DEBUG] Epoch 53: sync_weight=0.1, desync_weight=0.1, loss_sync=0.499638
2026-02-13 11:01:07,848 - experiment_ablation_no_chaotic_embedding - INFO - Epoch 53: Train Loss: 0.5689, Train Acc: 0.9844, Val Loss: 1.9766, Val Acc: 0.6629
2026-02-13 11:01:08,171 - experiment_ablation_no_chaotic_embedding - INFO - Train Epoch 54: [0/472 (0.0%)]	Loss: 0.543358
2026-02-13 11:01:09,531 - experiment_ablation_no_chaotic_embedding - INFO - [SYNC DEBUG] Epoch 54: sync_weight=0.1, desync_weight=0.1, loss_sync=0.499628
2026-02-13 11:01:09,955 - experiment_ablation_no_chaotic_embedding - INFO - Epoch 54: Train Loss: 0.6194, Train Acc: 0.9643, Val Loss: 0.7263, Val Acc: 0.7865
2026-02-13 11:01:10,266 - experiment_ablation_no_chaotic_embedding - INFO - Train Epoch 55: [0/472 (0.0%)]	Loss: 0.616444
2026-02-13 11:01:11,640 - experiment_ablation_no_chaotic_embedding - INFO - [SYNC DEBUG] Epoch 55: sync_weight=0.1, desync_weight=0.1, loss_sync=0.499574
2026-02-13 11:01:12,068 - experiment_ablation_no_chaotic_embedding - INFO - Epoch 55: Train Loss: 0.5916, Train Acc: 0.9688, Val Loss: 1.6154, Val Acc: 0.7079
2026-02-13 11:01:12,379 - experiment_ablation_no_chaotic_embedding - INFO - Train Epoch 56: [0/472 (0.0%)]	Loss: 0.558838
2026-02-13 11:01:13,724 - experiment_ablation_no_chaotic_embedding - INFO - [SYNC DEBUG] Epoch 56: sync_weight=0.1, desync_weight=0.1, loss_sync=0.499582
2026-02-13 11:01:14,144 - experiment_ablation_no_chaotic_embedding - INFO - Epoch 56: Train Loss: 0.6092, Train Acc: 0.9621, Val Loss: 0.7657, Val Acc: 0.8539
2026-02-13 11:01:14,216 - experiment_ablation_no_chaotic_embedding - INFO - Saved new best model at epoch 56
2026-02-13 11:01:14,569 - experiment_ablation_no_chaotic_embedding - INFO - Train Epoch 57: [0/472 (0.0%)]	Loss: 0.652434
2026-02-13 11:01:14,747 - experiment_ablation_no_chaotic_embedding - DEBUG - [STABILITY] lyap=0.091, max_norm=0.7, min_std=0.157
2026-02-13 11:01:15,914 - experiment_ablation_no_chaotic_embedding - INFO - [SYNC DEBUG] Epoch 57: sync_weight=0.1, desync_weight=0.1, loss_sync=0.499642
2026-02-13 11:01:16,345 - experiment_ablation_no_chaotic_embedding - INFO - Epoch 57: Train Loss: 0.5987, Train Acc: 0.9821, Val Loss: 0.8394, Val Acc: 0.8539
2026-02-13 11:01:16,665 - experiment_ablation_no_chaotic_embedding - INFO - Train Epoch 58: [0/472 (0.0%)]	Loss: 0.541072
2026-02-13 11:01:18,019 - experiment_ablation_no_chaotic_embedding - INFO - [SYNC DEBUG] Epoch 58: sync_weight=0.1, desync_weight=0.1, loss_sync=0.499624
2026-02-13 11:01:18,446 - experiment_ablation_no_chaotic_embedding - INFO - Epoch 58: Train Loss: 0.5891, Train Acc: 0.9688, Val Loss: 1.4687, Val Acc: 0.6742
2026-02-13 11:01:18,759 - experiment_ablation_no_chaotic_embedding - INFO - Train Epoch 59: [0/472 (0.0%)]	Loss: 0.590081
2026-02-13 11:01:20,109 - experiment_ablation_no_chaotic_embedding - INFO - [SYNC DEBUG] Epoch 59: sync_weight=0.1, desync_weight=0.1, loss_sync=0.499741
2026-02-13 11:01:20,534 - experiment_ablation_no_chaotic_embedding - INFO - Epoch 59: Train Loss: 0.5835, Train Acc: 0.9754, Val Loss: 1.2186, Val Acc: 0.7640
2026-02-13 11:01:20,847 - experiment_ablation_no_chaotic_embedding - INFO - Train Epoch 60: [0/472 (0.0%)]	Loss: 0.516247
2026-02-13 11:01:22,198 - experiment_ablation_no_chaotic_embedding - INFO - [SYNC DEBUG] Epoch 60: sync_weight=0.1, desync_weight=0.1, loss_sync=0.499686
2026-02-13 11:01:22,631 - experiment_ablation_no_chaotic_embedding - INFO - Epoch 60: Train Loss: 0.5814, Train Acc: 0.9799, Val Loss: 1.3912, Val Acc: 0.7865
2026-02-13 11:01:23,005 - experiment_ablation_no_chaotic_embedding - INFO - Train Epoch 61: [0/472 (0.0%)]	Loss: 0.540746
2026-02-13 11:01:24,384 - experiment_ablation_no_chaotic_embedding - INFO - [SYNC DEBUG] Epoch 61: sync_weight=0.1, desync_weight=0.1, loss_sync=0.499619
2026-02-13 11:01:24,803 - experiment_ablation_no_chaotic_embedding - INFO - Epoch 61: Train Loss: 0.5725, Train Acc: 0.9732, Val Loss: 1.9670, Val Acc: 0.6292
2026-02-13 11:01:25,113 - experiment_ablation_no_chaotic_embedding - INFO - Train Epoch 62: [0/472 (0.0%)]	Loss: 0.641516
2026-02-13 11:01:26,485 - experiment_ablation_no_chaotic_embedding - INFO - [SYNC DEBUG] Epoch 62: sync_weight=0.1, desync_weight=0.1, loss_sync=0.499677
2026-02-13 11:01:26,923 - experiment_ablation_no_chaotic_embedding - INFO - Epoch 62: Train Loss: 0.5696, Train Acc: 0.9799, Val Loss: 1.1580, Val Acc: 0.7978
2026-02-13 11:01:27,253 - experiment_ablation_no_chaotic_embedding - INFO - Train Epoch 63: [0/472 (0.0%)]	Loss: 0.531028
2026-02-13 11:01:28,597 - experiment_ablation_no_chaotic_embedding - INFO - [SYNC DEBUG] Epoch 63: sync_weight=0.1, desync_weight=0.1, loss_sync=0.499735
2026-02-13 11:01:29,020 - experiment_ablation_no_chaotic_embedding - INFO - Epoch 63: Train Loss: 0.5629, Train Acc: 0.9821, Val Loss: 0.6549, Val Acc: 0.8652
2026-02-13 11:01:29,095 - experiment_ablation_no_chaotic_embedding - INFO - Saved new best model at epoch 63
2026-02-13 11:01:29,445 - experiment_ablation_no_chaotic_embedding - INFO - Train Epoch 64: [0/472 (0.0%)]	Loss: 0.558828
2026-02-13 11:01:29,821 - experiment_ablation_no_chaotic_embedding - DEBUG - [STABILITY] lyap=0.069, max_norm=0.8, min_std=0.166
2026-02-13 11:01:30,782 - experiment_ablation_no_chaotic_embedding - INFO - [SYNC DEBUG] Epoch 64: sync_weight=0.1, desync_weight=0.1, loss_sync=0.499435
2026-02-13 11:01:31,220 - experiment_ablation_no_chaotic_embedding - INFO - Epoch 64: Train Loss: 0.6002, Train Acc: 0.9754, Val Loss: 1.0298, Val Acc: 0.8315
2026-02-13 11:01:31,534 - experiment_ablation_no_chaotic_embedding - INFO - Train Epoch 65: [0/472 (0.0%)]	Loss: 0.502686
2026-02-13 11:01:32,878 - experiment_ablation_no_chaotic_embedding - INFO - [SYNC DEBUG] Epoch 65: sync_weight=0.1, desync_weight=0.1, loss_sync=0.499392
2026-02-13 11:01:33,301 - experiment_ablation_no_chaotic_embedding - INFO - Epoch 65: Train Loss: 0.5366, Train Acc: 0.9911, Val Loss: 0.4319, Val Acc: 0.8989
2026-02-13 11:01:33,374 - experiment_ablation_no_chaotic_embedding - INFO - Saved new best model at epoch 65
2026-02-13 11:01:33,717 - experiment_ablation_no_chaotic_embedding - INFO - Train Epoch 66: [0/472 (0.0%)]	Loss: 0.581274
2026-02-13 11:01:35,035 - experiment_ablation_no_chaotic_embedding - INFO - [SYNC DEBUG] Epoch 66: sync_weight=0.1, desync_weight=0.1, loss_sync=0.499782
2026-02-13 11:01:35,461 - experiment_ablation_no_chaotic_embedding - INFO - Epoch 66: Train Loss: 0.5499, Train Acc: 0.9844, Val Loss: 0.7103, Val Acc: 0.8202
2026-02-13 11:01:35,780 - experiment_ablation_no_chaotic_embedding - INFO - Train Epoch 67: [0/472 (0.0%)]	Loss: 0.510733
2026-02-13 11:01:37,126 - experiment_ablation_no_chaotic_embedding - INFO - [SYNC DEBUG] Epoch 67: sync_weight=0.1, desync_weight=0.1, loss_sync=0.499579
2026-02-13 11:01:37,549 - experiment_ablation_no_chaotic_embedding - INFO - Epoch 67: Train Loss: 0.5400, Train Acc: 0.9888, Val Loss: 1.8920, Val Acc: 0.6854
2026-02-13 11:01:37,853 - experiment_ablation_no_chaotic_embedding - INFO - Train Epoch 68: [0/472 (0.0%)]	Loss: 0.525082
2026-02-13 11:01:39,173 - experiment_ablation_no_chaotic_embedding - INFO - [SYNC DEBUG] Epoch 68: sync_weight=0.1, desync_weight=0.1, loss_sync=0.499581
2026-02-13 11:01:39,597 - experiment_ablation_no_chaotic_embedding - INFO - Epoch 68: Train Loss: 0.5489, Train Acc: 0.9844, Val Loss: 1.5545, Val Acc: 0.7191
2026-02-13 11:01:39,905 - experiment_ablation_no_chaotic_embedding - INFO - Train Epoch 69: [0/472 (0.0%)]	Loss: 0.537857
2026-02-13 11:01:41,270 - experiment_ablation_no_chaotic_embedding - INFO - [SYNC DEBUG] Epoch 69: sync_weight=0.1, desync_weight=0.1, loss_sync=0.499570
2026-02-13 11:01:41,695 - experiment_ablation_no_chaotic_embedding - INFO - Epoch 69: Train Loss: 0.5666, Train Acc: 0.9799, Val Loss: 0.9102, Val Acc: 0.8090
2026-02-13 11:01:42,011 - experiment_ablation_no_chaotic_embedding - INFO - Train Epoch 70: [0/472 (0.0%)]	Loss: 0.510574
2026-02-13 11:01:43,320 - experiment_ablation_no_chaotic_embedding - INFO - [SYNC DEBUG] Epoch 70: sync_weight=0.1, desync_weight=0.1, loss_sync=0.499523
2026-02-13 11:01:43,743 - experiment_ablation_no_chaotic_embedding - INFO - Epoch 70: Train Loss: 0.5434, Train Acc: 0.9866, Val Loss: 0.5548, Val Acc: 0.8652
2026-02-13 11:01:44,118 - experiment_ablation_no_chaotic_embedding - INFO - Train Epoch 71: [0/472 (0.0%)]	Loss: 0.513807
2026-02-13 11:01:44,691 - experiment_ablation_no_chaotic_embedding - DEBUG - [STABILITY] lyap=0.111, max_norm=0.9, min_std=0.178
2026-02-13 11:01:45,455 - experiment_ablation_no_chaotic_embedding - INFO - [SYNC DEBUG] Epoch 71: sync_weight=0.1, desync_weight=0.1, loss_sync=0.499641
2026-02-13 11:01:45,883 - experiment_ablation_no_chaotic_embedding - INFO - Epoch 71: Train Loss: 0.6069, Train Acc: 0.9732, Val Loss: 0.6239, Val Acc: 0.9101
2026-02-13 11:01:45,957 - experiment_ablation_no_chaotic_embedding - INFO - Saved new best model at epoch 71
2026-02-13 11:01:46,298 - experiment_ablation_no_chaotic_embedding - INFO - Train Epoch 72: [0/472 (0.0%)]	Loss: 0.514833
2026-02-13 11:01:47,642 - experiment_ablation_no_chaotic_embedding - INFO - [SYNC DEBUG] Epoch 72: sync_weight=0.1, desync_weight=0.1, loss_sync=0.499410
2026-02-13 11:01:48,069 - experiment_ablation_no_chaotic_embedding - INFO - Epoch 72: Train Loss: 0.5570, Train Acc: 0.9888, Val Loss: 1.0213, Val Acc: 0.7865
2026-02-13 11:01:48,378 - experiment_ablation_no_chaotic_embedding - INFO - Train Epoch 73: [0/472 (0.0%)]	Loss: 0.506562
2026-02-13 11:01:49,712 - experiment_ablation_no_chaotic_embedding - INFO - [SYNC DEBUG] Epoch 73: sync_weight=0.1, desync_weight=0.1, loss_sync=0.499843
2026-02-13 11:01:50,145 - experiment_ablation_no_chaotic_embedding - INFO - Epoch 73: Train Loss: 0.5364, Train Acc: 0.9933, Val Loss: 0.7714, Val Acc: 0.8202
2026-02-13 11:01:50,455 - experiment_ablation_no_chaotic_embedding - INFO - Train Epoch 74: [0/472 (0.0%)]	Loss: 0.508063
2026-02-13 11:01:51,785 - experiment_ablation_no_chaotic_embedding - INFO - [SYNC DEBUG] Epoch 74: sync_weight=0.1, desync_weight=0.1, loss_sync=0.499556
2026-02-13 11:01:52,220 - experiment_ablation_no_chaotic_embedding - INFO - Epoch 74: Train Loss: 0.5756, Train Acc: 0.9754, Val Loss: 0.8761, Val Acc: 0.8202
2026-02-13 11:01:52,528 - experiment_ablation_no_chaotic_embedding - INFO - Train Epoch 75: [0/472 (0.0%)]	Loss: 0.551270
2026-02-13 11:01:53,872 - experiment_ablation_no_chaotic_embedding - INFO - [SYNC DEBUG] Epoch 75: sync_weight=0.1, desync_weight=0.1, loss_sync=0.499533
2026-02-13 11:01:54,301 - experiment_ablation_no_chaotic_embedding - INFO - Epoch 75: Train Loss: 0.5536, Train Acc: 0.9866, Val Loss: 0.7649, Val Acc: 0.8427
2026-02-13 11:01:54,626 - experiment_ablation_no_chaotic_embedding - INFO - Train Epoch 76: [0/472 (0.0%)]	Loss: 0.508731
2026-02-13 11:01:55,984 - experiment_ablation_no_chaotic_embedding - INFO - [SYNC DEBUG] Epoch 76: sync_weight=0.1, desync_weight=0.1, loss_sync=0.499529
2026-02-13 11:01:56,408 - experiment_ablation_no_chaotic_embedding - INFO - Epoch 76: Train Loss: 0.5475, Train Acc: 0.9844, Val Loss: 1.0411, Val Acc: 0.7865
2026-02-13 11:01:56,713 - experiment_ablation_no_chaotic_embedding - INFO - Train Epoch 77: [0/472 (0.0%)]	Loss: 0.653650
2026-02-13 11:01:58,052 - experiment_ablation_no_chaotic_embedding - INFO - [SYNC DEBUG] Epoch 77: sync_weight=0.1, desync_weight=0.1, loss_sync=0.499425
2026-02-13 11:01:58,480 - experiment_ablation_no_chaotic_embedding - INFO - Epoch 77: Train Loss: 0.5860, Train Acc: 0.9665, Val Loss: 2.2046, Val Acc: 0.6854
2026-02-13 11:01:58,798 - experiment_ablation_no_chaotic_embedding - INFO - Train Epoch 78: [0/472 (0.0%)]	Loss: 0.612706
2026-02-13 11:01:59,566 - experiment_ablation_no_chaotic_embedding - DEBUG - [STABILITY] lyap=0.099, max_norm=1.0, min_std=0.197
2026-02-13 11:02:00,135 - experiment_ablation_no_chaotic_embedding - INFO - [SYNC DEBUG] Epoch 78: sync_weight=0.1, desync_weight=0.1, loss_sync=0.499697
2026-02-13 11:02:00,571 - experiment_ablation_no_chaotic_embedding - INFO - Epoch 78: Train Loss: 0.5527, Train Acc: 0.9777, Val Loss: 0.8202, Val Acc: 0.8090
2026-02-13 11:02:00,879 - experiment_ablation_no_chaotic_embedding - INFO - Train Epoch 79: [0/472 (0.0%)]	Loss: 0.511462
2026-02-13 11:02:02,223 - experiment_ablation_no_chaotic_embedding - INFO - [SYNC DEBUG] Epoch 79: sync_weight=0.1, desync_weight=0.1, loss_sync=0.499705
2026-02-13 11:02:02,649 - experiment_ablation_no_chaotic_embedding - INFO - Epoch 79: Train Loss: 0.5583, Train Acc: 0.9821, Val Loss: 1.3801, Val Acc: 0.7753
2026-02-13 11:02:02,973 - experiment_ablation_no_chaotic_embedding - INFO - Train Epoch 80: [0/472 (0.0%)]	Loss: 0.910732
2026-02-13 11:02:04,326 - experiment_ablation_no_chaotic_embedding - INFO - [SYNC DEBUG] Epoch 80: sync_weight=0.1, desync_weight=0.1, loss_sync=0.499623
2026-02-13 11:02:04,756 - experiment_ablation_no_chaotic_embedding - INFO - Epoch 80: Train Loss: 0.5701, Train Acc: 0.9777, Val Loss: 0.7611, Val Acc: 0.8090
2026-02-13 11:02:05,149 - experiment_ablation_no_chaotic_embedding - INFO - Train Epoch 81: [0/472 (0.0%)]	Loss: 0.501557
2026-02-13 11:02:06,504 - experiment_ablation_no_chaotic_embedding - INFO - [SYNC DEBUG] Epoch 81: sync_weight=0.1, desync_weight=0.1, loss_sync=0.499375
2026-02-13 11:02:06,929 - experiment_ablation_no_chaotic_embedding - INFO - Epoch 81: Train Loss: 0.5545, Train Acc: 0.9799, Val Loss: 1.2583, Val Acc: 0.7753
2026-02-13 11:02:07,234 - experiment_ablation_no_chaotic_embedding - INFO - Train Epoch 82: [0/472 (0.0%)]	Loss: 0.568434
2026-02-13 11:02:08,553 - experiment_ablation_no_chaotic_embedding - INFO - [SYNC DEBUG] Epoch 82: sync_weight=0.1, desync_weight=0.1, loss_sync=0.499323
2026-02-13 11:02:08,976 - experiment_ablation_no_chaotic_embedding - INFO - Epoch 82: Train Loss: 0.5551, Train Acc: 0.9777, Val Loss: 0.6296, Val Acc: 0.8202
2026-02-13 11:02:09,285 - experiment_ablation_no_chaotic_embedding - INFO - Train Epoch 83: [0/472 (0.0%)]	Loss: 0.521058
2026-02-13 11:02:10,614 - experiment_ablation_no_chaotic_embedding - INFO - [SYNC DEBUG] Epoch 83: sync_weight=0.1, desync_weight=0.1, loss_sync=0.499568
2026-02-13 11:02:11,043 - experiment_ablation_no_chaotic_embedding - INFO - Epoch 83: Train Loss: 0.5443, Train Acc: 0.9888, Val Loss: 1.2691, Val Acc: 0.7416
2026-02-13 11:02:11,358 - experiment_ablation_no_chaotic_embedding - INFO - Train Epoch 84: [0/472 (0.0%)]	Loss: 0.571903
2026-02-13 11:02:12,725 - experiment_ablation_no_chaotic_embedding - INFO - [SYNC DEBUG] Epoch 84: sync_weight=0.1, desync_weight=0.1, loss_sync=0.499585
2026-02-13 11:02:13,161 - experiment_ablation_no_chaotic_embedding - INFO - Epoch 84: Train Loss: 0.5476, Train Acc: 0.9754, Val Loss: 1.7732, Val Acc: 0.6966
2026-02-13 11:02:13,479 - experiment_ablation_no_chaotic_embedding - INFO - Train Epoch 85: [0/472 (0.0%)]	Loss: 0.611822
2026-02-13 11:02:14,479 - experiment_ablation_no_chaotic_embedding - DEBUG - [STABILITY] lyap=0.094, max_norm=1.0, min_std=0.207
2026-02-13 11:02:14,862 - experiment_ablation_no_chaotic_embedding - INFO - [SYNC DEBUG] Epoch 85: sync_weight=0.1, desync_weight=0.1, loss_sync=0.499487
2026-02-13 11:02:15,318 - experiment_ablation_no_chaotic_embedding - INFO - Epoch 85: Train Loss: 0.5878, Train Acc: 0.9710, Val Loss: 1.1127, Val Acc: 0.8090
2026-02-13 11:02:15,664 - experiment_ablation_no_chaotic_embedding - INFO - Train Epoch 86: [0/472 (0.0%)]	Loss: 0.570577
2026-02-13 11:02:17,028 - experiment_ablation_no_chaotic_embedding - INFO - [SYNC DEBUG] Epoch 86: sync_weight=0.1, desync_weight=0.1, loss_sync=0.499917
2026-02-13 11:02:17,461 - experiment_ablation_no_chaotic_embedding - INFO - Epoch 86: Train Loss: 0.5616, Train Acc: 0.9777, Val Loss: 1.0423, Val Acc: 0.7528
2026-02-13 11:02:17,777 - experiment_ablation_no_chaotic_embedding - INFO - Train Epoch 87: [0/472 (0.0%)]	Loss: 0.500087
2026-02-13 11:02:19,130 - experiment_ablation_no_chaotic_embedding - INFO - [SYNC DEBUG] Epoch 87: sync_weight=0.1, desync_weight=0.1, loss_sync=0.499715
2026-02-13 11:02:19,557 - experiment_ablation_no_chaotic_embedding - INFO - Epoch 87: Train Loss: 0.5553, Train Acc: 0.9866, Val Loss: 0.4547, Val Acc: 0.8989
2026-02-13 11:02:19,894 - experiment_ablation_no_chaotic_embedding - INFO - Train Epoch 88: [0/472 (0.0%)]	Loss: 0.506109
2026-02-13 11:02:21,216 - experiment_ablation_no_chaotic_embedding - INFO - [SYNC DEBUG] Epoch 88: sync_weight=0.1, desync_weight=0.1, loss_sync=0.499605
2026-02-13 11:02:21,647 - experiment_ablation_no_chaotic_embedding - INFO - Epoch 88: Train Loss: 0.5287, Train Acc: 0.9888, Val Loss: 0.5369, Val Acc: 0.8764
2026-02-13 11:02:21,988 - experiment_ablation_no_chaotic_embedding - INFO - Train Epoch 89: [0/472 (0.0%)]	Loss: 0.504975
2026-02-13 11:02:23,320 - experiment_ablation_no_chaotic_embedding - INFO - [SYNC DEBUG] Epoch 89: sync_weight=0.1, desync_weight=0.1, loss_sync=0.499203
2026-02-13 11:02:23,755 - experiment_ablation_no_chaotic_embedding - INFO - Epoch 89: Train Loss: 0.5355, Train Acc: 0.9888, Val Loss: 0.5377, Val Acc: 0.8652
2026-02-13 11:02:24,082 - experiment_ablation_no_chaotic_embedding - INFO - Train Epoch 90: [0/472 (0.0%)]	Loss: 0.559268
2026-02-13 11:02:25,441 - experiment_ablation_no_chaotic_embedding - INFO - [SYNC DEBUG] Epoch 90: sync_weight=0.1, desync_weight=0.1, loss_sync=0.499693
2026-02-13 11:02:25,885 - experiment_ablation_no_chaotic_embedding - INFO - Epoch 90: Train Loss: 0.5352, Train Acc: 0.9888, Val Loss: 0.8834, Val Acc: 0.8539
2026-02-13 11:02:26,282 - experiment_ablation_no_chaotic_embedding - INFO - Train Epoch 91: [0/472 (0.0%)]	Loss: 0.614036
2026-02-13 11:02:27,661 - experiment_ablation_no_chaotic_embedding - INFO - [SYNC DEBUG] Epoch 91: sync_weight=0.1, desync_weight=0.1, loss_sync=0.499291
2026-02-13 11:02:28,093 - experiment_ablation_no_chaotic_embedding - INFO - Epoch 91: Train Loss: 0.5359, Train Acc: 0.9911, Val Loss: 0.9715, Val Acc: 0.8202
2026-02-13 11:02:28,465 - experiment_ablation_no_chaotic_embedding - INFO - Train Epoch 92: [0/472 (0.0%)]	Loss: 0.504126
2026-02-13 11:02:29,614 - experiment_ablation_no_chaotic_embedding - DEBUG - [STABILITY] lyap=0.081, max_norm=1.0, min_std=0.211
2026-02-13 11:02:29,793 - experiment_ablation_no_chaotic_embedding - INFO - [SYNC DEBUG] Epoch 92: sync_weight=0.1, desync_weight=0.1, loss_sync=0.499511
2026-02-13 11:02:30,226 - experiment_ablation_no_chaotic_embedding - INFO - Epoch 92: Train Loss: 0.5434, Train Acc: 0.9777, Val Loss: 0.8699, Val Acc: 0.8315
2026-02-13 11:02:30,542 - experiment_ablation_no_chaotic_embedding - INFO - Train Epoch 93: [0/472 (0.0%)]	Loss: 0.548383
2026-02-13 11:02:31,877 - experiment_ablation_no_chaotic_embedding - INFO - [SYNC DEBUG] Epoch 93: sync_weight=0.1, desync_weight=0.1, loss_sync=0.499379
2026-02-13 11:02:32,301 - experiment_ablation_no_chaotic_embedding - INFO - Epoch 93: Train Loss: 0.5784, Train Acc: 0.9710, Val Loss: 0.8246, Val Acc: 0.8539
2026-02-13 11:02:32,615 - experiment_ablation_no_chaotic_embedding - INFO - Train Epoch 94: [0/472 (0.0%)]	Loss: 0.585035
2026-02-13 11:02:33,934 - experiment_ablation_no_chaotic_embedding - INFO - [SYNC DEBUG] Epoch 94: sync_weight=0.1, desync_weight=0.1, loss_sync=0.499714
2026-02-13 11:02:34,369 - experiment_ablation_no_chaotic_embedding - INFO - Epoch 94: Train Loss: 0.5515, Train Acc: 0.9888, Val Loss: 0.7032, Val Acc: 0.8764
2026-02-13 11:02:34,689 - experiment_ablation_no_chaotic_embedding - INFO - Train Epoch 95: [0/472 (0.0%)]	Loss: 0.502253
2026-02-13 11:02:36,080 - experiment_ablation_no_chaotic_embedding - INFO - [SYNC DEBUG] Epoch 95: sync_weight=0.1, desync_weight=0.1, loss_sync=0.499185
2026-02-13 11:02:36,628 - experiment_ablation_no_chaotic_embedding - INFO - Epoch 95: Train Loss: 0.5510, Train Acc: 0.9888, Val Loss: 1.9656, Val Acc: 0.6742
2026-02-13 11:02:36,959 - experiment_ablation_no_chaotic_embedding - INFO - Train Epoch 96: [0/472 (0.0%)]	Loss: 0.502589
2026-02-13 11:02:38,320 - experiment_ablation_no_chaotic_embedding - INFO - [SYNC DEBUG] Epoch 96: sync_weight=0.1, desync_weight=0.1, loss_sync=0.499621
2026-02-13 11:02:38,801 - experiment_ablation_no_chaotic_embedding - INFO - Epoch 96: Train Loss: 0.5278, Train Acc: 0.9933, Val Loss: 0.5484, Val Acc: 0.8876
2026-02-13 11:02:39,229 - experiment_ablation_no_chaotic_embedding - INFO - Train Epoch 97: [0/472 (0.0%)]	Loss: 0.509610
2026-02-13 11:02:40,597 - experiment_ablation_no_chaotic_embedding - INFO - [SYNC DEBUG] Epoch 97: sync_weight=0.1, desync_weight=0.1, loss_sync=0.499309
2026-02-13 11:02:41,103 - experiment_ablation_no_chaotic_embedding - INFO - Epoch 97: Train Loss: 0.5214, Train Acc: 0.9978, Val Loss: 0.8276, Val Acc: 0.8539
2026-02-13 11:02:41,487 - experiment_ablation_no_chaotic_embedding - INFO - Train Epoch 98: [0/472 (0.0%)]	Loss: 0.520779
2026-02-13 11:02:42,874 - experiment_ablation_no_chaotic_embedding - INFO - [SYNC DEBUG] Epoch 98: sync_weight=0.1, desync_weight=0.1, loss_sync=0.499830
2026-02-13 11:02:43,425 - experiment_ablation_no_chaotic_embedding - INFO - Epoch 98: Train Loss: 0.5271, Train Acc: 0.9933, Val Loss: 1.0092, Val Acc: 0.8090
2026-02-13 11:02:43,821 - experiment_ablation_no_chaotic_embedding - INFO - Train Epoch 99: [0/472 (0.0%)]	Loss: 0.527368
2026-02-13 11:02:45,170 - experiment_ablation_no_chaotic_embedding - INFO - [SYNC DEBUG] Epoch 99: sync_weight=0.1, desync_weight=0.1, loss_sync=0.499290
2026-02-13 11:02:45,662 - experiment_ablation_no_chaotic_embedding - INFO - Epoch 99: Train Loss: 0.5359, Train Acc: 0.9866, Val Loss: 0.6994, Val Acc: 0.8989
2026-02-13 11:02:45,671 - experiment_ablation_no_chaotic_embedding - INFO - Running final test evaluation...
2026-02-13 11:02:46,731 - experiment_ablation_no_chaotic_embedding - INFO - Test Results:
2026-02-13 11:02:46,731 - experiment_ablation_no_chaotic_embedding - INFO -   loss: 0.3788
2026-02-13 11:02:46,731 - experiment_ablation_no_chaotic_embedding - INFO -   accuracy: 0.8898
2026-02-13 11:02:46,738 - experiment_ablation_no_chaotic_embedding - INFO - Training completed
2026-02-13 11:24:33,441 - experiment_ablation_no_chaotic_embedding - INFO - Initialized experiment: ablation_no_chaotic_embedding
2026-02-13 11:24:33,441 - experiment_ablation_no_chaotic_embedding - INFO - Device: cuda
2026-02-13 11:24:33,441 - experiment_ablation_no_chaotic_embedding - INFO - Output directory: /scratch/project_2003370/yueyao/Model/experiments/configs/Ablation_study/no_chaotic_embedding/ablation_no_chaotic_embedding
2026-02-13 11:24:33,441 - experiment_ablation_no_chaotic_embedding - INFO - [SYNC LOSS] Enabled with mode: standard
2026-02-13 11:24:33,441 - experiment_ablation_no_chaotic_embedding - INFO - Initialized chaotic network experiment with lorenz system
2026-02-13 11:24:33,441 - experiment_ablation_no_chaotic_embedding - INFO - Setting up experiment components...
2026-02-13 11:24:33,441 - experiment_ablation_no_chaotic_embedding - INFO - Creating dataloaders...
2026-02-13 11:24:33,930 - experiment_ablation_no_chaotic_embedding - INFO - Detected 26 speakers in dataset
2026-02-13 11:24:33,931 - experiment_ablation_no_chaotic_embedding - INFO - Dataloaders created:
2026-02-13 11:24:33,931 - experiment_ablation_no_chaotic_embedding - INFO -   Train: 14 batches
2026-02-13 11:24:33,931 - experiment_ablation_no_chaotic_embedding - INFO -   Val: 3 batches
2026-02-13 11:24:33,931 - experiment_ablation_no_chaotic_embedding - INFO -   Test: 4 batches
2026-02-13 11:24:33,931 - experiment_ablation_no_chaotic_embedding - INFO - Creating model...
2026-02-13 11:24:33,931 - experiment_ablation_no_chaotic_embedding - INFO - Using actual num_speakers from dataset: 26
2026-02-13 11:25:39,495 - experiment_ablation_no_chaotic_embedding - INFO - Total parameters: 500,671
2026-02-13 11:25:39,496 - experiment_ablation_no_chaotic_embedding - INFO - Trainable parameters: 500,671
2026-02-13 11:25:39,496 - experiment_ablation_no_chaotic_embedding - INFO - Creating optimizer...
2026-02-13 11:25:39,496 - experiment_ablation_no_chaotic_embedding - INFO - Optimizer: AdamW
2026-02-13 11:25:39,496 - experiment_ablation_no_chaotic_embedding - INFO - Creating scheduler...
2026-02-13 11:25:39,496 - experiment_ablation_no_chaotic_embedding - INFO - Creating criterion...
2026-02-13 11:25:39,496 - experiment_ablation_no_chaotic_embedding - INFO - Criterion: CrossEntropyLoss
2026-02-13 11:25:39,574 - experiment_ablation_no_chaotic_embedding - INFO - Configuration saved to: /scratch/project_2003370/yueyao/Model/experiments/configs/Ablation_study/no_chaotic_embedding/ablation_no_chaotic_embedding/config.json
2026-02-13 11:25:39,574 - experiment_ablation_no_chaotic_embedding - INFO - Experiment setup completed
2026-02-13 11:25:39,576 - experiment_ablation_no_chaotic_embedding - INFO - Starting training for 100 epochs
2026-02-13 11:25:39,576 - experiment_ablation_no_chaotic_embedding - INFO - [SYNC LOSS] Warmup complete, synchronization loss activated!
2026-02-13 11:25:39,749 - experiment_ablation_no_chaotic_embedding - INFO - 
================================================================================
2026-02-13 11:25:39,749 - experiment_ablation_no_chaotic_embedding - INFO - COMPREHENSIVE DEBUG - FIRST BATCH
2026-02-13 11:25:39,749 - experiment_ablation_no_chaotic_embedding - INFO - ================================================================================
2026-02-13 11:25:39,749 - experiment_ablation_no_chaotic_embedding - INFO - Batch Info:
2026-02-13 11:25:39,749 - experiment_ablation_no_chaotic_embedding - INFO -   Audio shape: torch.Size([32, 48000])
2026-02-13 11:25:39,749 - experiment_ablation_no_chaotic_embedding - INFO -   Targets shape: torch.Size([32])
2026-02-13 11:25:39,750 - experiment_ablation_no_chaotic_embedding - INFO -   Targets (first 8): tensor([12,  7,  3, 17, 18, 19,  9,  1], device='cuda:0')
2026-02-13 11:25:39,851 - experiment_ablation_no_chaotic_embedding - INFO - ================================================================================

2026-02-13 11:25:39,920 - experiment_ablation_no_chaotic_embedding - INFO - [STABILITY] Initialized LyapunovStabilityLoss
2026-02-13 11:25:39,921 - experiment_ablation_no_chaotic_embedding - DEBUG - [STABILITY] lyap=-0.009, max_norm=0.2, min_std=0.057
2026-02-13 11:25:39,953 - experiment_ablation_no_chaotic_embedding - INFO - Train Epoch 0: [0/472 (0.0%)]	Loss: 6.717903
2026-02-13 11:25:41,305 - experiment_ablation_no_chaotic_embedding - INFO - [SYNC DEBUG] Epoch 0: sync_weight=0.1, desync_weight=0.1, loss_sync=0.499952
2026-02-13 11:25:41,749 - experiment_ablation_no_chaotic_embedding - INFO - Epoch 0: Train Loss: 6.1814, Train Acc: 0.0558, Val Loss: 4.3375, Val Acc: 0.0449
2026-02-13 11:25:41,815 - experiment_ablation_no_chaotic_embedding - INFO - Saved new best model at epoch 0
2026-02-13 11:25:42,246 - experiment_ablation_no_chaotic_embedding - INFO - Train Epoch 1: [0/472 (0.0%)]	Loss: 4.339998
2026-02-13 11:25:43,574 - experiment_ablation_no_chaotic_embedding - INFO - [SYNC DEBUG] Epoch 1: sync_weight=0.1, desync_weight=0.1, loss_sync=0.499890
2026-02-13 11:25:44,019 - experiment_ablation_no_chaotic_embedding - INFO - Epoch 1: Train Loss: 4.1101, Train Acc: 0.1830, Val Loss: 5.0098, Val Acc: 0.0449
2026-02-13 11:25:44,340 - experiment_ablation_no_chaotic_embedding - INFO - Train Epoch 2: [0/472 (0.0%)]	Loss: 3.344496
2026-02-13 11:25:45,741 - experiment_ablation_no_chaotic_embedding - INFO - [SYNC DEBUG] Epoch 2: sync_weight=0.1, desync_weight=0.1, loss_sync=0.499880
2026-02-13 11:25:46,182 - experiment_ablation_no_chaotic_embedding - INFO - Epoch 2: Train Loss: 3.3260, Train Acc: 0.3058, Val Loss: 5.0665, Val Acc: 0.0449
2026-02-13 11:25:46,508 - experiment_ablation_no_chaotic_embedding - INFO - Train Epoch 3: [0/472 (0.0%)]	Loss: 2.843862
2026-02-13 11:25:47,859 - experiment_ablation_no_chaotic_embedding - INFO - [SYNC DEBUG] Epoch 3: sync_weight=0.1, desync_weight=0.1, loss_sync=0.499834
2026-02-13 11:25:48,295 - experiment_ablation_no_chaotic_embedding - INFO - Epoch 3: Train Loss: 2.7196, Train Acc: 0.3549, Val Loss: 4.0037, Val Acc: 0.0449
2026-02-13 11:25:48,617 - experiment_ablation_no_chaotic_embedding - INFO - Train Epoch 4: [0/472 (0.0%)]	Loss: 3.140053
2026-02-13 11:25:49,985 - experiment_ablation_no_chaotic_embedding - INFO - [SYNC DEBUG] Epoch 4: sync_weight=0.1, desync_weight=0.1, loss_sync=0.499821
2026-02-13 11:25:50,420 - experiment_ablation_no_chaotic_embedding - INFO - Epoch 4: Train Loss: 2.3712, Train Acc: 0.4665, Val Loss: 2.9398, Val Acc: 0.2921
2026-02-13 11:25:50,497 - experiment_ablation_no_chaotic_embedding - INFO - Saved new best model at epoch 4
2026-02-13 11:25:50,861 - experiment_ablation_no_chaotic_embedding - INFO - Train Epoch 5: [0/472 (0.0%)]	Loss: 1.886235
2026-02-13 11:25:52,308 - experiment_ablation_no_chaotic_embedding - INFO - [SYNC DEBUG] Epoch 5: sync_weight=0.1, desync_weight=0.1, loss_sync=0.499864
2026-02-13 11:25:52,744 - experiment_ablation_no_chaotic_embedding - INFO - Epoch 5: Train Loss: 1.9840, Train Acc: 0.5446, Val Loss: 2.0054, Val Acc: 0.4719
2026-02-13 11:25:52,811 - experiment_ablation_no_chaotic_embedding - INFO - Saved new best model at epoch 5
2026-02-13 11:25:53,167 - experiment_ablation_no_chaotic_embedding - INFO - Train Epoch 6: [0/472 (0.0%)]	Loss: 1.468648
2026-02-13 11:25:54,545 - experiment_ablation_no_chaotic_embedding - INFO - [SYNC DEBUG] Epoch 6: sync_weight=0.1, desync_weight=0.1, loss_sync=0.499931
2026-02-13 11:25:54,993 - experiment_ablation_no_chaotic_embedding - INFO - Epoch 6: Train Loss: 1.7454, Train Acc: 0.6183, Val Loss: 2.8539, Val Acc: 0.3708
2026-02-13 11:25:55,321 - experiment_ablation_no_chaotic_embedding - INFO - Train Epoch 7: [0/472 (0.0%)]	Loss: 1.421211
2026-02-13 11:25:55,488 - experiment_ablation_no_chaotic_embedding - DEBUG - [STABILITY] lyap=-0.006, max_norm=0.4, min_std=0.100
2026-02-13 11:25:56,636 - experiment_ablation_no_chaotic_embedding - INFO - [SYNC DEBUG] Epoch 7: sync_weight=0.1, desync_weight=0.1, loss_sync=0.499833
2026-02-13 11:25:57,073 - experiment_ablation_no_chaotic_embedding - INFO - Epoch 7: Train Loss: 1.5799, Train Acc: 0.6473, Val Loss: 1.9760, Val Acc: 0.5393
2026-02-13 11:25:57,144 - experiment_ablation_no_chaotic_embedding - INFO - Saved new best model at epoch 7
2026-02-13 11:25:57,515 - experiment_ablation_no_chaotic_embedding - INFO - Train Epoch 8: [0/472 (0.0%)]	Loss: 1.707126
2026-02-13 11:25:58,944 - experiment_ablation_no_chaotic_embedding - INFO - [SYNC DEBUG] Epoch 8: sync_weight=0.1, desync_weight=0.1, loss_sync=0.499967
2026-02-13 11:25:59,392 - experiment_ablation_no_chaotic_embedding - INFO - Epoch 8: Train Loss: 1.3926, Train Acc: 0.7143, Val Loss: 2.1401, Val Acc: 0.5169
2026-02-13 11:25:59,718 - experiment_ablation_no_chaotic_embedding - INFO - Train Epoch 9: [0/472 (0.0%)]	Loss: 1.009524
2026-02-13 11:26:01,068 - experiment_ablation_no_chaotic_embedding - INFO - [SYNC DEBUG] Epoch 9: sync_weight=0.1, desync_weight=0.1, loss_sync=0.499876
2026-02-13 11:26:01,506 - experiment_ablation_no_chaotic_embedding - INFO - Epoch 9: Train Loss: 1.3570, Train Acc: 0.7321, Val Loss: 1.4309, Val Acc: 0.6517
2026-02-13 11:26:01,580 - experiment_ablation_no_chaotic_embedding - INFO - Saved new best model at epoch 9
2026-02-13 11:26:02,098 - experiment_ablation_no_chaotic_embedding - INFO - Train Epoch 10: [0/472 (0.0%)]	Loss: 1.591264
2026-02-13 11:26:03,546 - experiment_ablation_no_chaotic_embedding - INFO - [SYNC DEBUG] Epoch 10: sync_weight=0.1, desync_weight=0.1, loss_sync=0.499799
2026-02-13 11:26:03,985 - experiment_ablation_no_chaotic_embedding - INFO - Epoch 10: Train Loss: 1.2611, Train Acc: 0.7634, Val Loss: 1.6482, Val Acc: 0.5281
2026-02-13 11:26:04,377 - experiment_ablation_no_chaotic_embedding - INFO - Train Epoch 11: [0/472 (0.0%)]	Loss: 1.020547
2026-02-13 11:26:05,713 - experiment_ablation_no_chaotic_embedding - INFO - [SYNC DEBUG] Epoch 11: sync_weight=0.1, desync_weight=0.1, loss_sync=0.499899
2026-02-13 11:26:06,179 - experiment_ablation_no_chaotic_embedding - INFO - Epoch 11: Train Loss: 1.1565, Train Acc: 0.7991, Val Loss: 1.1486, Val Acc: 0.6517
2026-02-13 11:26:06,507 - experiment_ablation_no_chaotic_embedding - INFO - Train Epoch 12: [0/472 (0.0%)]	Loss: 0.926636
2026-02-13 11:26:07,838 - experiment_ablation_no_chaotic_embedding - INFO - [SYNC DEBUG] Epoch 12: sync_weight=0.1, desync_weight=0.1, loss_sync=0.499882
2026-02-13 11:26:08,285 - experiment_ablation_no_chaotic_embedding - INFO - Epoch 12: Train Loss: 1.1263, Train Acc: 0.7991, Val Loss: 2.4738, Val Acc: 0.4494
2026-02-13 11:26:08,610 - experiment_ablation_no_chaotic_embedding - INFO - Train Epoch 13: [0/472 (0.0%)]	Loss: 1.175178
2026-02-13 11:26:10,006 - experiment_ablation_no_chaotic_embedding - INFO - [SYNC DEBUG] Epoch 13: sync_weight=0.1, desync_weight=0.1, loss_sync=0.499770
2026-02-13 11:26:10,451 - experiment_ablation_no_chaotic_embedding - INFO - Epoch 13: Train Loss: 1.0902, Train Acc: 0.8147, Val Loss: 1.2110, Val Acc: 0.6180
2026-02-13 11:26:10,770 - experiment_ablation_no_chaotic_embedding - INFO - Train Epoch 14: [0/472 (0.0%)]	Loss: 1.264475
2026-02-13 11:26:11,137 - experiment_ablation_no_chaotic_embedding - DEBUG - [STABILITY] lyap=-0.007, max_norm=0.4, min_std=0.111
2026-02-13 11:26:12,098 - experiment_ablation_no_chaotic_embedding - INFO - [SYNC DEBUG] Epoch 14: sync_weight=0.1, desync_weight=0.1, loss_sync=0.499752
2026-02-13 11:26:12,543 - experiment_ablation_no_chaotic_embedding - INFO - Epoch 14: Train Loss: 1.0038, Train Acc: 0.8170, Val Loss: 1.2659, Val Acc: 0.7416
2026-02-13 11:26:12,616 - experiment_ablation_no_chaotic_embedding - INFO - Saved new best model at epoch 14
2026-02-13 11:26:12,985 - experiment_ablation_no_chaotic_embedding - INFO - Train Epoch 15: [0/472 (0.0%)]	Loss: 1.069252
2026-02-13 11:26:14,354 - experiment_ablation_no_chaotic_embedding - INFO - [SYNC DEBUG] Epoch 15: sync_weight=0.1, desync_weight=0.1, loss_sync=0.499811
2026-02-13 11:26:14,803 - experiment_ablation_no_chaotic_embedding - INFO - Epoch 15: Train Loss: 0.9598, Train Acc: 0.8482, Val Loss: 1.3169, Val Acc: 0.6180
2026-02-13 11:26:15,124 - experiment_ablation_no_chaotic_embedding - INFO - Train Epoch 16: [0/472 (0.0%)]	Loss: 0.759390
2026-02-13 11:26:16,483 - experiment_ablation_no_chaotic_embedding - INFO - [SYNC DEBUG] Epoch 16: sync_weight=0.1, desync_weight=0.1, loss_sync=0.499847
2026-02-13 11:26:16,926 - experiment_ablation_no_chaotic_embedding - INFO - Epoch 16: Train Loss: 0.9545, Train Acc: 0.8549, Val Loss: 1.1659, Val Acc: 0.6292
2026-02-13 11:26:17,255 - experiment_ablation_no_chaotic_embedding - INFO - Train Epoch 17: [0/472 (0.0%)]	Loss: 0.741039
2026-02-13 11:26:18,594 - experiment_ablation_no_chaotic_embedding - INFO - [SYNC DEBUG] Epoch 17: sync_weight=0.1, desync_weight=0.1, loss_sync=0.499660
2026-02-13 11:26:19,035 - experiment_ablation_no_chaotic_embedding - INFO - Epoch 17: Train Loss: 0.9237, Train Acc: 0.8661, Val Loss: 1.5666, Val Acc: 0.6517
2026-02-13 11:26:19,365 - experiment_ablation_no_chaotic_embedding - INFO - Train Epoch 18: [0/472 (0.0%)]	Loss: 0.733664
2026-02-13 11:26:20,748 - experiment_ablation_no_chaotic_embedding - INFO - [SYNC DEBUG] Epoch 18: sync_weight=0.1, desync_weight=0.1, loss_sync=0.499907
2026-02-13 11:26:21,199 - experiment_ablation_no_chaotic_embedding - INFO - Epoch 18: Train Loss: 0.8661, Train Acc: 0.8750, Val Loss: 0.5368, Val Acc: 0.8315
2026-02-13 11:26:21,272 - experiment_ablation_no_chaotic_embedding - INFO - Saved new best model at epoch 18
2026-02-13 11:26:21,627 - experiment_ablation_no_chaotic_embedding - INFO - Train Epoch 19: [0/472 (0.0%)]	Loss: 0.717326
2026-02-13 11:26:23,008 - experiment_ablation_no_chaotic_embedding - INFO - [SYNC DEBUG] Epoch 19: sync_weight=0.1, desync_weight=0.1, loss_sync=0.499731
2026-02-13 11:26:23,449 - experiment_ablation_no_chaotic_embedding - INFO - Epoch 19: Train Loss: 0.8515, Train Acc: 0.8862, Val Loss: 0.7045, Val Acc: 0.7978
2026-02-13 11:26:23,763 - experiment_ablation_no_chaotic_embedding - INFO - Train Epoch 20: [0/472 (0.0%)]	Loss: 0.832722
2026-02-13 11:26:25,178 - experiment_ablation_no_chaotic_embedding - INFO - [SYNC DEBUG] Epoch 20: sync_weight=0.1, desync_weight=0.1, loss_sync=0.499780
2026-02-13 11:26:25,616 - experiment_ablation_no_chaotic_embedding - INFO - Epoch 20: Train Loss: 0.9418, Train Acc: 0.8571, Val Loss: 1.3832, Val Acc: 0.6629
2026-02-13 11:26:26,029 - experiment_ablation_no_chaotic_embedding - INFO - Train Epoch 21: [0/472 (0.0%)]	Loss: 0.611951
2026-02-13 11:26:26,613 - experiment_ablation_no_chaotic_embedding - DEBUG - [STABILITY] lyap=0.000, max_norm=0.5, min_std=0.113
2026-02-13 11:26:27,414 - experiment_ablation_no_chaotic_embedding - INFO - [SYNC DEBUG] Epoch 21: sync_weight=0.1, desync_weight=0.1, loss_sync=0.499760
2026-02-13 11:26:27,853 - experiment_ablation_no_chaotic_embedding - INFO - Epoch 21: Train Loss: 0.8182, Train Acc: 0.9018, Val Loss: 1.8306, Val Acc: 0.5393
2026-02-13 11:26:28,179 - experiment_ablation_no_chaotic_embedding - INFO - Train Epoch 22: [0/472 (0.0%)]	Loss: 0.837537
2026-02-13 11:26:29,549 - experiment_ablation_no_chaotic_embedding - INFO - [SYNC DEBUG] Epoch 22: sync_weight=0.1, desync_weight=0.1, loss_sync=0.499732
2026-02-13 11:26:29,995 - experiment_ablation_no_chaotic_embedding - INFO - Epoch 22: Train Loss: 0.8424, Train Acc: 0.8772, Val Loss: 1.8481, Val Acc: 0.5618
2026-02-13 11:26:30,317 - experiment_ablation_no_chaotic_embedding - INFO - Train Epoch 23: [0/472 (0.0%)]	Loss: 0.804881
2026-02-13 11:26:31,648 - experiment_ablation_no_chaotic_embedding - INFO - [SYNC DEBUG] Epoch 23: sync_weight=0.1, desync_weight=0.1, loss_sync=0.499881
2026-02-13 11:26:32,092 - experiment_ablation_no_chaotic_embedding - INFO - Epoch 23: Train Loss: 0.8244, Train Acc: 0.8862, Val Loss: 1.2875, Val Acc: 0.7191
2026-02-13 11:26:32,413 - experiment_ablation_no_chaotic_embedding - INFO - Train Epoch 24: [0/472 (0.0%)]	Loss: 0.685583
2026-02-13 11:26:33,799 - experiment_ablation_no_chaotic_embedding - INFO - [SYNC DEBUG] Epoch 24: sync_weight=0.1, desync_weight=0.1, loss_sync=0.499798
2026-02-13 11:26:34,246 - experiment_ablation_no_chaotic_embedding - INFO - Epoch 24: Train Loss: 0.7762, Train Acc: 0.9308, Val Loss: 1.3604, Val Acc: 0.6854
2026-02-13 11:26:34,581 - experiment_ablation_no_chaotic_embedding - INFO - Train Epoch 25: [0/472 (0.0%)]	Loss: 0.712541
2026-02-13 11:26:35,910 - experiment_ablation_no_chaotic_embedding - INFO - [SYNC DEBUG] Epoch 25: sync_weight=0.1, desync_weight=0.1, loss_sync=0.499803
2026-02-13 11:26:36,354 - experiment_ablation_no_chaotic_embedding - INFO - Epoch 25: Train Loss: 0.7696, Train Acc: 0.9174, Val Loss: 0.9268, Val Acc: 0.7191
2026-02-13 11:26:36,690 - experiment_ablation_no_chaotic_embedding - INFO - Train Epoch 26: [0/472 (0.0%)]	Loss: 0.642173
2026-02-13 11:26:38,072 - experiment_ablation_no_chaotic_embedding - INFO - [SYNC DEBUG] Epoch 26: sync_weight=0.1, desync_weight=0.1, loss_sync=0.499743
2026-02-13 11:26:38,519 - experiment_ablation_no_chaotic_embedding - INFO - Epoch 26: Train Loss: 0.6878, Train Acc: 0.9397, Val Loss: 1.1895, Val Acc: 0.7303
2026-02-13 11:26:38,834 - experiment_ablation_no_chaotic_embedding - INFO - Train Epoch 27: [0/472 (0.0%)]	Loss: 0.715401
2026-02-13 11:26:40,173 - experiment_ablation_no_chaotic_embedding - INFO - [SYNC DEBUG] Epoch 27: sync_weight=0.1, desync_weight=0.1, loss_sync=0.499678
2026-02-13 11:26:40,617 - experiment_ablation_no_chaotic_embedding - INFO - Epoch 27: Train Loss: 0.7851, Train Acc: 0.9219, Val Loss: 0.6217, Val Acc: 0.8202
2026-02-13 11:26:40,945 - experiment_ablation_no_chaotic_embedding - INFO - Train Epoch 28: [0/472 (0.0%)]	Loss: 0.661959
2026-02-13 11:26:41,718 - experiment_ablation_no_chaotic_embedding - DEBUG - [STABILITY] lyap=0.005, max_norm=0.5, min_std=0.121
2026-02-13 11:26:42,289 - experiment_ablation_no_chaotic_embedding - INFO - [SYNC DEBUG] Epoch 28: sync_weight=0.1, desync_weight=0.1, loss_sync=0.499755
2026-02-13 11:26:42,735 - experiment_ablation_no_chaotic_embedding - INFO - Epoch 28: Train Loss: 0.7384, Train Acc: 0.9174, Val Loss: 1.0736, Val Acc: 0.7753
2026-02-13 11:26:43,056 - experiment_ablation_no_chaotic_embedding - INFO - Train Epoch 29: [0/472 (0.0%)]	Loss: 0.746222
2026-02-13 11:26:44,435 - experiment_ablation_no_chaotic_embedding - INFO - [SYNC DEBUG] Epoch 29: sync_weight=0.1, desync_weight=0.1, loss_sync=0.499826
2026-02-13 11:26:44,881 - experiment_ablation_no_chaotic_embedding - INFO - Epoch 29: Train Loss: 0.7702, Train Acc: 0.9174, Val Loss: 1.3366, Val Acc: 0.7416
2026-02-13 11:26:45,207 - experiment_ablation_no_chaotic_embedding - INFO - Train Epoch 30: [0/472 (0.0%)]	Loss: 0.624575
2026-02-13 11:26:46,562 - experiment_ablation_no_chaotic_embedding - INFO - [SYNC DEBUG] Epoch 30: sync_weight=0.1, desync_weight=0.1, loss_sync=0.499720
2026-02-13 11:26:47,003 - experiment_ablation_no_chaotic_embedding - INFO - Epoch 30: Train Loss: 0.7581, Train Acc: 0.9263, Val Loss: 1.8047, Val Acc: 0.5843
2026-02-13 11:26:47,398 - experiment_ablation_no_chaotic_embedding - INFO - Train Epoch 31: [0/472 (0.0%)]	Loss: 0.644892
2026-02-13 11:26:48,785 - experiment_ablation_no_chaotic_embedding - INFO - [SYNC DEBUG] Epoch 31: sync_weight=0.1, desync_weight=0.1, loss_sync=0.499730
2026-02-13 11:26:49,226 - experiment_ablation_no_chaotic_embedding - INFO - Epoch 31: Train Loss: 0.7652, Train Acc: 0.9241, Val Loss: 1.3602, Val Acc: 0.6742
2026-02-13 11:26:49,553 - experiment_ablation_no_chaotic_embedding - INFO - Train Epoch 32: [0/472 (0.0%)]	Loss: 0.905946
2026-02-13 11:26:50,924 - experiment_ablation_no_chaotic_embedding - INFO - [SYNC DEBUG] Epoch 32: sync_weight=0.1, desync_weight=0.1, loss_sync=0.499731
2026-02-13 11:26:51,366 - experiment_ablation_no_chaotic_embedding - INFO - Epoch 32: Train Loss: 0.7384, Train Acc: 0.9219, Val Loss: 1.0058, Val Acc: 0.7640
2026-02-13 11:26:51,688 - experiment_ablation_no_chaotic_embedding - INFO - Train Epoch 33: [0/472 (0.0%)]	Loss: 0.673354
2026-02-13 11:26:53,063 - experiment_ablation_no_chaotic_embedding - INFO - [SYNC DEBUG] Epoch 33: sync_weight=0.1, desync_weight=0.1, loss_sync=0.499637
2026-02-13 11:26:53,505 - experiment_ablation_no_chaotic_embedding - INFO - Epoch 33: Train Loss: 0.6596, Train Acc: 0.9420, Val Loss: 0.7623, Val Acc: 0.7978
2026-02-13 11:26:53,827 - experiment_ablation_no_chaotic_embedding - INFO - Train Epoch 34: [0/472 (0.0%)]	Loss: 0.582648
2026-02-13 11:26:55,167 - experiment_ablation_no_chaotic_embedding - INFO - [SYNC DEBUG] Epoch 34: sync_weight=0.1, desync_weight=0.1, loss_sync=0.499599
2026-02-13 11:26:55,610 - experiment_ablation_no_chaotic_embedding - INFO - Epoch 34: Train Loss: 0.6828, Train Acc: 0.9353, Val Loss: 1.1351, Val Acc: 0.7640
2026-02-13 11:26:55,936 - experiment_ablation_no_chaotic_embedding - INFO - Train Epoch 35: [0/472 (0.0%)]	Loss: 0.950849
2026-02-13 11:26:56,946 - experiment_ablation_no_chaotic_embedding - DEBUG - [STABILITY] lyap=0.005, max_norm=0.5, min_std=0.131
2026-02-13 11:26:57,351 - experiment_ablation_no_chaotic_embedding - INFO - [SYNC DEBUG] Epoch 35: sync_weight=0.1, desync_weight=0.1, loss_sync=0.499677
2026-02-13 11:26:57,787 - experiment_ablation_no_chaotic_embedding - INFO - Epoch 35: Train Loss: 0.6601, Train Acc: 0.9509, Val Loss: 0.7965, Val Acc: 0.7865
2026-02-13 11:26:58,112 - experiment_ablation_no_chaotic_embedding - INFO - Train Epoch 36: [0/472 (0.0%)]	Loss: 0.693451
2026-02-13 11:26:59,436 - experiment_ablation_no_chaotic_embedding - INFO - [SYNC DEBUG] Epoch 36: sync_weight=0.1, desync_weight=0.1, loss_sync=0.499741
2026-02-13 11:26:59,871 - experiment_ablation_no_chaotic_embedding - INFO - Epoch 36: Train Loss: 0.6638, Train Acc: 0.9531, Val Loss: 1.6987, Val Acc: 0.6067
2026-02-13 11:27:00,195 - experiment_ablation_no_chaotic_embedding - INFO - Train Epoch 37: [0/472 (0.0%)]	Loss: 0.827183
2026-02-13 11:27:01,564 - experiment_ablation_no_chaotic_embedding - INFO - [SYNC DEBUG] Epoch 37: sync_weight=0.1, desync_weight=0.1, loss_sync=0.499772
2026-02-13 11:27:02,008 - experiment_ablation_no_chaotic_embedding - INFO - Epoch 37: Train Loss: 0.6836, Train Acc: 0.9308, Val Loss: 1.7828, Val Acc: 0.6180
2026-02-13 11:27:02,327 - experiment_ablation_no_chaotic_embedding - INFO - Train Epoch 38: [0/472 (0.0%)]	Loss: 0.664644
2026-02-13 11:27:03,691 - experiment_ablation_no_chaotic_embedding - INFO - [SYNC DEBUG] Epoch 38: sync_weight=0.1, desync_weight=0.1, loss_sync=0.499620
2026-02-13 11:27:04,130 - experiment_ablation_no_chaotic_embedding - INFO - Epoch 38: Train Loss: 0.6761, Train Acc: 0.9464, Val Loss: 1.4543, Val Acc: 0.6404
2026-02-13 11:27:04,460 - experiment_ablation_no_chaotic_embedding - INFO - Train Epoch 39: [0/472 (0.0%)]	Loss: 0.607958
2026-02-13 11:27:05,802 - experiment_ablation_no_chaotic_embedding - INFO - [SYNC DEBUG] Epoch 39: sync_weight=0.1, desync_weight=0.1, loss_sync=0.499596
2026-02-13 11:27:06,253 - experiment_ablation_no_chaotic_embedding - INFO - Epoch 39: Train Loss: 0.6497, Train Acc: 0.9621, Val Loss: 0.8664, Val Acc: 0.7640
2026-02-13 11:27:06,574 - experiment_ablation_no_chaotic_embedding - INFO - Train Epoch 40: [0/472 (0.0%)]	Loss: 0.715474
2026-02-13 11:27:07,916 - experiment_ablation_no_chaotic_embedding - INFO - [SYNC DEBUG] Epoch 40: sync_weight=0.1, desync_weight=0.1, loss_sync=0.499691
2026-02-13 11:27:08,348 - experiment_ablation_no_chaotic_embedding - INFO - Epoch 40: Train Loss: 0.6780, Train Acc: 0.9375, Val Loss: 0.7275, Val Acc: 0.8315
2026-02-13 11:27:08,740 - experiment_ablation_no_chaotic_embedding - INFO - Train Epoch 41: [0/472 (0.0%)]	Loss: 0.611917
2026-02-13 11:27:10,074 - experiment_ablation_no_chaotic_embedding - INFO - [SYNC DEBUG] Epoch 41: sync_weight=0.1, desync_weight=0.1, loss_sync=0.499659
2026-02-13 11:27:10,513 - experiment_ablation_no_chaotic_embedding - INFO - Epoch 41: Train Loss: 0.6125, Train Acc: 0.9710, Val Loss: 0.9541, Val Acc: 0.7753
2026-02-13 11:27:10,852 - experiment_ablation_no_chaotic_embedding - INFO - Train Epoch 42: [0/472 (0.0%)]	Loss: 0.616341
2026-02-13 11:27:12,064 - experiment_ablation_no_chaotic_embedding - DEBUG - [STABILITY] lyap=0.012, max_norm=0.6, min_std=0.131
2026-02-13 11:27:12,256 - experiment_ablation_no_chaotic_embedding - INFO - [SYNC DEBUG] Epoch 42: sync_weight=0.1, desync_weight=0.1, loss_sync=0.499601
2026-02-13 11:27:12,702 - experiment_ablation_no_chaotic_embedding - INFO - Epoch 42: Train Loss: 0.6472, Train Acc: 0.9531, Val Loss: 0.8920, Val Acc: 0.7865
2026-02-13 11:27:13,027 - experiment_ablation_no_chaotic_embedding - INFO - Train Epoch 43: [0/472 (0.0%)]	Loss: 0.585128
2026-02-13 11:27:14,444 - experiment_ablation_no_chaotic_embedding - INFO - [SYNC DEBUG] Epoch 43: sync_weight=0.1, desync_weight=0.1, loss_sync=0.499672
2026-02-13 11:27:14,913 - experiment_ablation_no_chaotic_embedding - INFO - Epoch 43: Train Loss: 0.6555, Train Acc: 0.9487, Val Loss: 1.8659, Val Acc: 0.5955
2026-02-13 11:27:15,236 - experiment_ablation_no_chaotic_embedding - INFO - Train Epoch 44: [0/472 (0.0%)]	Loss: 0.634883
2026-02-13 11:27:16,562 - experiment_ablation_no_chaotic_embedding - INFO - [SYNC DEBUG] Epoch 44: sync_weight=0.1, desync_weight=0.1, loss_sync=0.499662
2026-02-13 11:27:17,013 - experiment_ablation_no_chaotic_embedding - INFO - Epoch 44: Train Loss: 0.6543, Train Acc: 0.9487, Val Loss: 1.1934, Val Acc: 0.7303
2026-02-13 11:27:17,347 - experiment_ablation_no_chaotic_embedding - INFO - Train Epoch 45: [0/472 (0.0%)]	Loss: 0.767150
2026-02-13 11:27:18,689 - experiment_ablation_no_chaotic_embedding - INFO - [SYNC DEBUG] Epoch 45: sync_weight=0.1, desync_weight=0.1, loss_sync=0.499628
2026-02-13 11:27:19,133 - experiment_ablation_no_chaotic_embedding - INFO - Epoch 45: Train Loss: 0.6102, Train Acc: 0.9688, Val Loss: 0.7287, Val Acc: 0.7753
2026-02-13 11:27:19,468 - experiment_ablation_no_chaotic_embedding - INFO - Train Epoch 46: [0/472 (0.0%)]	Loss: 0.546433
2026-02-13 11:27:20,908 - experiment_ablation_no_chaotic_embedding - INFO - [SYNC DEBUG] Epoch 46: sync_weight=0.1, desync_weight=0.1, loss_sync=0.499754
2026-02-13 11:27:21,349 - experiment_ablation_no_chaotic_embedding - INFO - Epoch 46: Train Loss: 0.6088, Train Acc: 0.9754, Val Loss: 0.7079, Val Acc: 0.8202
2026-02-13 11:27:21,677 - experiment_ablation_no_chaotic_embedding - INFO - Train Epoch 47: [0/472 (0.0%)]	Loss: 0.673058
2026-02-13 11:27:23,047 - experiment_ablation_no_chaotic_embedding - INFO - [SYNC DEBUG] Epoch 47: sync_weight=0.1, desync_weight=0.1, loss_sync=0.499786
2026-02-13 11:27:23,507 - experiment_ablation_no_chaotic_embedding - INFO - Epoch 47: Train Loss: 0.6248, Train Acc: 0.9598, Val Loss: 0.8403, Val Acc: 0.7079
2026-02-13 11:27:23,840 - experiment_ablation_no_chaotic_embedding - INFO - Train Epoch 48: [0/472 (0.0%)]	Loss: 0.601954
2026-02-13 11:27:25,167 - experiment_ablation_no_chaotic_embedding - INFO - [SYNC DEBUG] Epoch 48: sync_weight=0.1, desync_weight=0.1, loss_sync=0.499837
2026-02-13 11:27:25,615 - experiment_ablation_no_chaotic_embedding - INFO - Epoch 48: Train Loss: 0.6071, Train Acc: 0.9643, Val Loss: 1.5665, Val Acc: 0.7303
2026-02-13 11:27:25,937 - experiment_ablation_no_chaotic_embedding - INFO - Train Epoch 49: [0/472 (0.0%)]	Loss: 0.539524
2026-02-13 11:27:27,286 - experiment_ablation_no_chaotic_embedding - INFO - [SYNC DEBUG] Epoch 49: sync_weight=0.1, desync_weight=0.1, loss_sync=0.499881
2026-02-13 11:27:27,743 - experiment_ablation_no_chaotic_embedding - INFO - Epoch 49: Train Loss: 0.6038, Train Acc: 0.9777, Val Loss: 2.3542, Val Acc: 0.5618
2026-02-13 11:27:28,032 - experiment_ablation_no_chaotic_embedding - DEBUG - [STABILITY] lyap=0.019, max_norm=0.6, min_std=0.142
2026-02-13 11:27:28,062 - experiment_ablation_no_chaotic_embedding - INFO - Train Epoch 50: [0/472 (0.0%)]	Loss: 0.557986
2026-02-13 11:27:29,441 - experiment_ablation_no_chaotic_embedding - INFO - [SYNC DEBUG] Epoch 50: sync_weight=0.1, desync_weight=0.1, loss_sync=0.499684
2026-02-13 11:27:29,876 - experiment_ablation_no_chaotic_embedding - INFO - Epoch 50: Train Loss: 0.5700, Train Acc: 0.9799, Val Loss: 1.1182, Val Acc: 0.7079
2026-02-13 11:27:30,285 - experiment_ablation_no_chaotic_embedding - INFO - Train Epoch 51: [0/472 (0.0%)]	Loss: 0.671324
2026-02-13 11:27:31,646 - experiment_ablation_no_chaotic_embedding - INFO - [SYNC DEBUG] Epoch 51: sync_weight=0.1, desync_weight=0.1, loss_sync=0.499741
2026-02-13 11:27:32,086 - experiment_ablation_no_chaotic_embedding - INFO - Epoch 51: Train Loss: 0.6395, Train Acc: 0.9598, Val Loss: 1.1221, Val Acc: 0.7865
2026-02-13 11:27:32,405 - experiment_ablation_no_chaotic_embedding - INFO - Train Epoch 52: [0/472 (0.0%)]	Loss: 0.541010
2026-02-13 11:27:33,779 - experiment_ablation_no_chaotic_embedding - INFO - [SYNC DEBUG] Epoch 52: sync_weight=0.1, desync_weight=0.1, loss_sync=0.499474
2026-02-13 11:27:34,219 - experiment_ablation_no_chaotic_embedding - INFO - Epoch 52: Train Loss: 0.5937, Train Acc: 0.9710, Val Loss: 1.7806, Val Acc: 0.6067
2026-02-13 11:27:34,544 - experiment_ablation_no_chaotic_embedding - INFO - Train Epoch 53: [0/472 (0.0%)]	Loss: 0.576444
2026-02-13 11:27:35,917 - experiment_ablation_no_chaotic_embedding - INFO - [SYNC DEBUG] Epoch 53: sync_weight=0.1, desync_weight=0.1, loss_sync=0.499638
2026-02-13 11:27:36,352 - experiment_ablation_no_chaotic_embedding - INFO - Epoch 53: Train Loss: 0.5689, Train Acc: 0.9844, Val Loss: 1.9766, Val Acc: 0.6629
2026-02-13 11:27:36,672 - experiment_ablation_no_chaotic_embedding - INFO - Train Epoch 54: [0/472 (0.0%)]	Loss: 0.543358
2026-02-13 11:27:38,030 - experiment_ablation_no_chaotic_embedding - INFO - [SYNC DEBUG] Epoch 54: sync_weight=0.1, desync_weight=0.1, loss_sync=0.499628
2026-02-13 11:27:38,474 - experiment_ablation_no_chaotic_embedding - INFO - Epoch 54: Train Loss: 0.6194, Train Acc: 0.9643, Val Loss: 0.7263, Val Acc: 0.7865
2026-02-13 11:27:38,796 - experiment_ablation_no_chaotic_embedding - INFO - Train Epoch 55: [0/472 (0.0%)]	Loss: 0.616444
2026-02-13 11:27:40,148 - experiment_ablation_no_chaotic_embedding - INFO - [SYNC DEBUG] Epoch 55: sync_weight=0.1, desync_weight=0.1, loss_sync=0.499574
2026-02-13 11:27:40,586 - experiment_ablation_no_chaotic_embedding - INFO - Epoch 55: Train Loss: 0.5916, Train Acc: 0.9688, Val Loss: 1.6154, Val Acc: 0.7079
2026-02-13 11:27:40,908 - experiment_ablation_no_chaotic_embedding - INFO - Train Epoch 56: [0/472 (0.0%)]	Loss: 0.558838
2026-02-13 11:27:42,245 - experiment_ablation_no_chaotic_embedding - INFO - [SYNC DEBUG] Epoch 56: sync_weight=0.1, desync_weight=0.1, loss_sync=0.499582
2026-02-13 11:27:42,679 - experiment_ablation_no_chaotic_embedding - INFO - Epoch 56: Train Loss: 0.6092, Train Acc: 0.9621, Val Loss: 0.7657, Val Acc: 0.8539
2026-02-13 11:27:42,750 - experiment_ablation_no_chaotic_embedding - INFO - Saved new best model at epoch 56
2026-02-13 11:27:43,109 - experiment_ablation_no_chaotic_embedding - INFO - Train Epoch 57: [0/472 (0.0%)]	Loss: 0.652434
2026-02-13 11:27:43,287 - experiment_ablation_no_chaotic_embedding - DEBUG - [STABILITY] lyap=0.091, max_norm=0.7, min_std=0.157
2026-02-13 11:27:44,521 - experiment_ablation_no_chaotic_embedding - INFO - [SYNC DEBUG] Epoch 57: sync_weight=0.1, desync_weight=0.1, loss_sync=0.499642
2026-02-13 11:27:44,952 - experiment_ablation_no_chaotic_embedding - INFO - Epoch 57: Train Loss: 0.5987, Train Acc: 0.9821, Val Loss: 0.8394, Val Acc: 0.8539
2026-02-13 11:27:45,272 - experiment_ablation_no_chaotic_embedding - INFO - Train Epoch 58: [0/472 (0.0%)]	Loss: 0.541072
2026-02-13 11:27:46,646 - experiment_ablation_no_chaotic_embedding - INFO - [SYNC DEBUG] Epoch 58: sync_weight=0.1, desync_weight=0.1, loss_sync=0.499624
2026-02-13 11:27:47,091 - experiment_ablation_no_chaotic_embedding - INFO - Epoch 58: Train Loss: 0.5891, Train Acc: 0.9688, Val Loss: 1.4687, Val Acc: 0.6742
2026-02-13 11:27:47,414 - experiment_ablation_no_chaotic_embedding - INFO - Train Epoch 59: [0/472 (0.0%)]	Loss: 0.590081
2026-02-13 11:27:48,746 - experiment_ablation_no_chaotic_embedding - INFO - [SYNC DEBUG] Epoch 59: sync_weight=0.1, desync_weight=0.1, loss_sync=0.499741
2026-02-13 11:27:49,179 - experiment_ablation_no_chaotic_embedding - INFO - Epoch 59: Train Loss: 0.5835, Train Acc: 0.9754, Val Loss: 1.2186, Val Acc: 0.7640
2026-02-13 11:27:49,507 - experiment_ablation_no_chaotic_embedding - INFO - Train Epoch 60: [0/472 (0.0%)]	Loss: 0.516247
2026-02-13 11:27:50,879 - experiment_ablation_no_chaotic_embedding - INFO - [SYNC DEBUG] Epoch 60: sync_weight=0.1, desync_weight=0.1, loss_sync=0.499686
2026-02-13 11:27:51,316 - experiment_ablation_no_chaotic_embedding - INFO - Epoch 60: Train Loss: 0.5814, Train Acc: 0.9799, Val Loss: 1.3912, Val Acc: 0.7865
2026-02-13 11:27:51,705 - experiment_ablation_no_chaotic_embedding - INFO - Train Epoch 61: [0/472 (0.0%)]	Loss: 0.540746
2026-02-13 11:27:53,122 - experiment_ablation_no_chaotic_embedding - INFO - [SYNC DEBUG] Epoch 61: sync_weight=0.1, desync_weight=0.1, loss_sync=0.499619
2026-02-13 11:27:53,559 - experiment_ablation_no_chaotic_embedding - INFO - Epoch 61: Train Loss: 0.5725, Train Acc: 0.9732, Val Loss: 1.9670, Val Acc: 0.6292
2026-02-13 11:27:53,867 - experiment_ablation_no_chaotic_embedding - INFO - Train Epoch 62: [0/472 (0.0%)]	Loss: 0.641516
2026-02-13 11:27:55,240 - experiment_ablation_no_chaotic_embedding - INFO - [SYNC DEBUG] Epoch 62: sync_weight=0.1, desync_weight=0.1, loss_sync=0.499677
2026-02-13 11:27:55,680 - experiment_ablation_no_chaotic_embedding - INFO - Epoch 62: Train Loss: 0.5696, Train Acc: 0.9799, Val Loss: 1.1580, Val Acc: 0.7978
2026-02-13 11:27:55,999 - experiment_ablation_no_chaotic_embedding - INFO - Train Epoch 63: [0/472 (0.0%)]	Loss: 0.531028
2026-02-13 11:27:57,324 - experiment_ablation_no_chaotic_embedding - INFO - [SYNC DEBUG] Epoch 63: sync_weight=0.1, desync_weight=0.1, loss_sync=0.499735
2026-02-13 11:27:57,757 - experiment_ablation_no_chaotic_embedding - INFO - Epoch 63: Train Loss: 0.5629, Train Acc: 0.9821, Val Loss: 0.6549, Val Acc: 0.8652
2026-02-13 11:27:57,829 - experiment_ablation_no_chaotic_embedding - INFO - Saved new best model at epoch 63
2026-02-13 11:27:58,173 - experiment_ablation_no_chaotic_embedding - INFO - Train Epoch 64: [0/472 (0.0%)]	Loss: 0.558828
2026-02-13 11:27:58,539 - experiment_ablation_no_chaotic_embedding - DEBUG - [STABILITY] lyap=0.069, max_norm=0.8, min_std=0.166
2026-02-13 11:27:59,501 - experiment_ablation_no_chaotic_embedding - INFO - [SYNC DEBUG] Epoch 64: sync_weight=0.1, desync_weight=0.1, loss_sync=0.499435
2026-02-13 11:27:59,928 - experiment_ablation_no_chaotic_embedding - INFO - Epoch 64: Train Loss: 0.6002, Train Acc: 0.9754, Val Loss: 1.0298, Val Acc: 0.8315
2026-02-13 11:28:00,246 - experiment_ablation_no_chaotic_embedding - INFO - Train Epoch 65: [0/472 (0.0%)]	Loss: 0.502686
2026-02-13 11:28:01,663 - experiment_ablation_no_chaotic_embedding - INFO - [SYNC DEBUG] Epoch 65: sync_weight=0.1, desync_weight=0.1, loss_sync=0.499392
2026-02-13 11:28:02,105 - experiment_ablation_no_chaotic_embedding - INFO - Epoch 65: Train Loss: 0.5366, Train Acc: 0.9911, Val Loss: 0.4319, Val Acc: 0.8989
2026-02-13 11:28:02,179 - experiment_ablation_no_chaotic_embedding - INFO - Saved new best model at epoch 65
2026-02-13 11:28:02,546 - experiment_ablation_no_chaotic_embedding - INFO - Train Epoch 66: [0/472 (0.0%)]	Loss: 0.581274
2026-02-13 11:28:03,898 - experiment_ablation_no_chaotic_embedding - INFO - [SYNC DEBUG] Epoch 66: sync_weight=0.1, desync_weight=0.1, loss_sync=0.499782
2026-02-13 11:28:04,339 - experiment_ablation_no_chaotic_embedding - INFO - Epoch 66: Train Loss: 0.5499, Train Acc: 0.9844, Val Loss: 0.7103, Val Acc: 0.8202
2026-02-13 11:28:04,649 - experiment_ablation_no_chaotic_embedding - INFO - Train Epoch 67: [0/472 (0.0%)]	Loss: 0.510733
2026-02-13 11:28:06,022 - experiment_ablation_no_chaotic_embedding - INFO - [SYNC DEBUG] Epoch 67: sync_weight=0.1, desync_weight=0.1, loss_sync=0.499579
2026-02-13 11:28:06,467 - experiment_ablation_no_chaotic_embedding - INFO - Epoch 67: Train Loss: 0.5400, Train Acc: 0.9888, Val Loss: 1.8920, Val Acc: 0.6854
2026-02-13 11:28:06,778 - experiment_ablation_no_chaotic_embedding - INFO - Train Epoch 68: [0/472 (0.0%)]	Loss: 0.525082
2026-02-13 11:28:08,217 - experiment_ablation_no_chaotic_embedding - INFO - [SYNC DEBUG] Epoch 68: sync_weight=0.1, desync_weight=0.1, loss_sync=0.499581
2026-02-13 11:28:08,654 - experiment_ablation_no_chaotic_embedding - INFO - Epoch 68: Train Loss: 0.5489, Train Acc: 0.9844, Val Loss: 1.5545, Val Acc: 0.7191
2026-02-13 11:28:08,973 - experiment_ablation_no_chaotic_embedding - INFO - Train Epoch 69: [0/472 (0.0%)]	Loss: 0.537857
2026-02-13 11:28:10,439 - experiment_ablation_no_chaotic_embedding - INFO - [SYNC DEBUG] Epoch 69: sync_weight=0.1, desync_weight=0.1, loss_sync=0.499570
2026-02-13 11:28:10,871 - experiment_ablation_no_chaotic_embedding - INFO - Epoch 69: Train Loss: 0.5666, Train Acc: 0.9799, Val Loss: 0.9102, Val Acc: 0.8090
2026-02-13 11:28:11,181 - experiment_ablation_no_chaotic_embedding - INFO - Train Epoch 70: [0/472 (0.0%)]	Loss: 0.510574
2026-02-13 11:28:12,621 - experiment_ablation_no_chaotic_embedding - INFO - [SYNC DEBUG] Epoch 70: sync_weight=0.1, desync_weight=0.1, loss_sync=0.499523
2026-02-13 11:28:13,062 - experiment_ablation_no_chaotic_embedding - INFO - Epoch 70: Train Loss: 0.5434, Train Acc: 0.9866, Val Loss: 0.5548, Val Acc: 0.8652
2026-02-13 11:28:13,455 - experiment_ablation_no_chaotic_embedding - INFO - Train Epoch 71: [0/472 (0.0%)]	Loss: 0.513807
2026-02-13 11:28:14,054 - experiment_ablation_no_chaotic_embedding - DEBUG - [STABILITY] lyap=0.111, max_norm=0.9, min_std=0.178
2026-02-13 11:28:14,834 - experiment_ablation_no_chaotic_embedding - INFO - [SYNC DEBUG] Epoch 71: sync_weight=0.1, desync_weight=0.1, loss_sync=0.499641
2026-02-13 11:28:15,281 - experiment_ablation_no_chaotic_embedding - INFO - Epoch 71: Train Loss: 0.6069, Train Acc: 0.9732, Val Loss: 0.6239, Val Acc: 0.9101
2026-02-13 11:28:15,354 - experiment_ablation_no_chaotic_embedding - INFO - Saved new best model at epoch 71
2026-02-13 11:28:15,700 - experiment_ablation_no_chaotic_embedding - INFO - Train Epoch 72: [0/472 (0.0%)]	Loss: 0.514833
2026-02-13 11:28:17,096 - experiment_ablation_no_chaotic_embedding - INFO - [SYNC DEBUG] Epoch 72: sync_weight=0.1, desync_weight=0.1, loss_sync=0.499410
2026-02-13 11:28:17,531 - experiment_ablation_no_chaotic_embedding - INFO - Epoch 72: Train Loss: 0.5570, Train Acc: 0.9888, Val Loss: 1.0213, Val Acc: 0.7865
2026-02-13 11:28:17,853 - experiment_ablation_no_chaotic_embedding - INFO - Train Epoch 73: [0/472 (0.0%)]	Loss: 0.506562
2026-02-13 11:28:19,183 - experiment_ablation_no_chaotic_embedding - INFO - [SYNC DEBUG] Epoch 73: sync_weight=0.1, desync_weight=0.1, loss_sync=0.499843
2026-02-13 11:28:19,628 - experiment_ablation_no_chaotic_embedding - INFO - Epoch 73: Train Loss: 0.5364, Train Acc: 0.9933, Val Loss: 0.7714, Val Acc: 0.8202
2026-02-13 11:28:19,973 - experiment_ablation_no_chaotic_embedding - INFO - Train Epoch 74: [0/472 (0.0%)]	Loss: 0.508063
2026-02-13 11:28:21,355 - experiment_ablation_no_chaotic_embedding - INFO - [SYNC DEBUG] Epoch 74: sync_weight=0.1, desync_weight=0.1, loss_sync=0.499556
2026-02-13 11:28:21,793 - experiment_ablation_no_chaotic_embedding - INFO - Epoch 74: Train Loss: 0.5756, Train Acc: 0.9754, Val Loss: 0.8761, Val Acc: 0.8202
2026-02-13 11:28:22,131 - experiment_ablation_no_chaotic_embedding - INFO - Train Epoch 75: [0/472 (0.0%)]	Loss: 0.551270
2026-02-13 11:28:23,491 - experiment_ablation_no_chaotic_embedding - INFO - [SYNC DEBUG] Epoch 75: sync_weight=0.1, desync_weight=0.1, loss_sync=0.499533
2026-02-13 11:28:23,931 - experiment_ablation_no_chaotic_embedding - INFO - Epoch 75: Train Loss: 0.5536, Train Acc: 0.9866, Val Loss: 0.7649, Val Acc: 0.8427
2026-02-13 11:28:24,266 - experiment_ablation_no_chaotic_embedding - INFO - Train Epoch 76: [0/472 (0.0%)]	Loss: 0.508731
2026-02-13 11:28:25,590 - experiment_ablation_no_chaotic_embedding - INFO - [SYNC DEBUG] Epoch 76: sync_weight=0.1, desync_weight=0.1, loss_sync=0.499529
2026-02-13 11:28:26,027 - experiment_ablation_no_chaotic_embedding - INFO - Epoch 76: Train Loss: 0.5475, Train Acc: 0.9844, Val Loss: 1.0411, Val Acc: 0.7865
2026-02-13 11:28:26,355 - experiment_ablation_no_chaotic_embedding - INFO - Train Epoch 77: [0/472 (0.0%)]	Loss: 0.653650
2026-02-13 11:28:27,683 - experiment_ablation_no_chaotic_embedding - INFO - [SYNC DEBUG] Epoch 77: sync_weight=0.1, desync_weight=0.1, loss_sync=0.499425
2026-02-13 11:28:28,128 - experiment_ablation_no_chaotic_embedding - INFO - Epoch 77: Train Loss: 0.5860, Train Acc: 0.9665, Val Loss: 2.2046, Val Acc: 0.6854
2026-02-13 11:28:28,469 - experiment_ablation_no_chaotic_embedding - INFO - Train Epoch 78: [0/472 (0.0%)]	Loss: 0.612706
2026-02-13 11:28:29,266 - experiment_ablation_no_chaotic_embedding - DEBUG - [STABILITY] lyap=0.099, max_norm=1.0, min_std=0.197
2026-02-13 11:28:29,847 - experiment_ablation_no_chaotic_embedding - INFO - [SYNC DEBUG] Epoch 78: sync_weight=0.1, desync_weight=0.1, loss_sync=0.499697
2026-02-13 11:28:30,286 - experiment_ablation_no_chaotic_embedding - INFO - Epoch 78: Train Loss: 0.5527, Train Acc: 0.9777, Val Loss: 0.8202, Val Acc: 0.8090
2026-02-13 11:28:30,611 - experiment_ablation_no_chaotic_embedding - INFO - Train Epoch 79: [0/472 (0.0%)]	Loss: 0.511462
2026-02-13 11:28:31,964 - experiment_ablation_no_chaotic_embedding - INFO - [SYNC DEBUG] Epoch 79: sync_weight=0.1, desync_weight=0.1, loss_sync=0.499705
2026-02-13 11:28:32,390 - experiment_ablation_no_chaotic_embedding - INFO - Epoch 79: Train Loss: 0.5583, Train Acc: 0.9821, Val Loss: 1.3801, Val Acc: 0.7753
2026-02-13 11:28:32,706 - experiment_ablation_no_chaotic_embedding - INFO - Train Epoch 80: [0/472 (0.0%)]	Loss: 0.910732
2026-02-13 11:28:34,069 - experiment_ablation_no_chaotic_embedding - INFO - [SYNC DEBUG] Epoch 80: sync_weight=0.1, desync_weight=0.1, loss_sync=0.499623
2026-02-13 11:28:34,508 - experiment_ablation_no_chaotic_embedding - INFO - Epoch 80: Train Loss: 0.5701, Train Acc: 0.9777, Val Loss: 0.7611, Val Acc: 0.8090
2026-02-13 11:28:34,916 - experiment_ablation_no_chaotic_embedding - INFO - Train Epoch 81: [0/472 (0.0%)]	Loss: 0.501557
2026-02-13 11:28:36,285 - experiment_ablation_no_chaotic_embedding - INFO - [SYNC DEBUG] Epoch 81: sync_weight=0.1, desync_weight=0.1, loss_sync=0.499375
2026-02-13 11:28:36,733 - experiment_ablation_no_chaotic_embedding - INFO - Epoch 81: Train Loss: 0.5545, Train Acc: 0.9799, Val Loss: 1.2583, Val Acc: 0.7753
2026-02-13 11:28:37,058 - experiment_ablation_no_chaotic_embedding - INFO - Train Epoch 82: [0/472 (0.0%)]	Loss: 0.568434
2026-02-13 11:28:38,406 - experiment_ablation_no_chaotic_embedding - INFO - [SYNC DEBUG] Epoch 82: sync_weight=0.1, desync_weight=0.1, loss_sync=0.499323
2026-02-13 11:28:38,862 - experiment_ablation_no_chaotic_embedding - INFO - Epoch 82: Train Loss: 0.5551, Train Acc: 0.9777, Val Loss: 0.6296, Val Acc: 0.8202
2026-02-13 11:28:39,181 - experiment_ablation_no_chaotic_embedding - INFO - Train Epoch 83: [0/472 (0.0%)]	Loss: 0.521058
2026-02-13 11:28:40,627 - experiment_ablation_no_chaotic_embedding - INFO - [SYNC DEBUG] Epoch 83: sync_weight=0.1, desync_weight=0.1, loss_sync=0.499568
2026-02-13 11:28:41,073 - experiment_ablation_no_chaotic_embedding - INFO - Epoch 83: Train Loss: 0.5443, Train Acc: 0.9888, Val Loss: 1.2691, Val Acc: 0.7416
2026-02-13 11:28:41,392 - experiment_ablation_no_chaotic_embedding - INFO - Train Epoch 84: [0/472 (0.0%)]	Loss: 0.571903
2026-02-13 11:28:42,797 - experiment_ablation_no_chaotic_embedding - INFO - [SYNC DEBUG] Epoch 84: sync_weight=0.1, desync_weight=0.1, loss_sync=0.499585
2026-02-13 11:28:43,239 - experiment_ablation_no_chaotic_embedding - INFO - Epoch 84: Train Loss: 0.5476, Train Acc: 0.9754, Val Loss: 1.7732, Val Acc: 0.6966
2026-02-13 11:28:43,564 - experiment_ablation_no_chaotic_embedding - INFO - Train Epoch 85: [0/472 (0.0%)]	Loss: 0.611822
2026-02-13 11:28:44,589 - experiment_ablation_no_chaotic_embedding - DEBUG - [STABILITY] lyap=0.094, max_norm=1.0, min_std=0.207
2026-02-13 11:28:44,988 - experiment_ablation_no_chaotic_embedding - INFO - [SYNC DEBUG] Epoch 85: sync_weight=0.1, desync_weight=0.1, loss_sync=0.499487
2026-02-13 11:28:45,425 - experiment_ablation_no_chaotic_embedding - INFO - Epoch 85: Train Loss: 0.5878, Train Acc: 0.9710, Val Loss: 1.1127, Val Acc: 0.8090
2026-02-13 11:28:45,749 - experiment_ablation_no_chaotic_embedding - INFO - Train Epoch 86: [0/472 (0.0%)]	Loss: 0.570577
2026-02-13 11:28:47,072 - experiment_ablation_no_chaotic_embedding - INFO - [SYNC DEBUG] Epoch 86: sync_weight=0.1, desync_weight=0.1, loss_sync=0.499917
2026-02-13 11:28:47,517 - experiment_ablation_no_chaotic_embedding - INFO - Epoch 86: Train Loss: 0.5616, Train Acc: 0.9777, Val Loss: 1.0423, Val Acc: 0.7528
2026-02-13 11:28:47,850 - experiment_ablation_no_chaotic_embedding - INFO - Train Epoch 87: [0/472 (0.0%)]	Loss: 0.500087
2026-02-13 11:28:49,226 - experiment_ablation_no_chaotic_embedding - INFO - [SYNC DEBUG] Epoch 87: sync_weight=0.1, desync_weight=0.1, loss_sync=0.499715
2026-02-13 11:28:49,667 - experiment_ablation_no_chaotic_embedding - INFO - Epoch 87: Train Loss: 0.5553, Train Acc: 0.9866, Val Loss: 0.4547, Val Acc: 0.8989
2026-02-13 11:28:49,998 - experiment_ablation_no_chaotic_embedding - INFO - Train Epoch 88: [0/472 (0.0%)]	Loss: 0.506109
2026-02-13 11:28:51,375 - experiment_ablation_no_chaotic_embedding - INFO - [SYNC DEBUG] Epoch 88: sync_weight=0.1, desync_weight=0.1, loss_sync=0.499605
2026-02-13 11:28:51,821 - experiment_ablation_no_chaotic_embedding - INFO - Epoch 88: Train Loss: 0.5287, Train Acc: 0.9888, Val Loss: 0.5369, Val Acc: 0.8764
2026-02-13 11:28:52,150 - experiment_ablation_no_chaotic_embedding - INFO - Train Epoch 89: [0/472 (0.0%)]	Loss: 0.504975
2026-02-13 11:28:53,513 - experiment_ablation_no_chaotic_embedding - INFO - [SYNC DEBUG] Epoch 89: sync_weight=0.1, desync_weight=0.1, loss_sync=0.499203
2026-02-13 11:28:53,950 - experiment_ablation_no_chaotic_embedding - INFO - Epoch 89: Train Loss: 0.5355, Train Acc: 0.9888, Val Loss: 0.5377, Val Acc: 0.8652
2026-02-13 11:28:54,266 - experiment_ablation_no_chaotic_embedding - INFO - Train Epoch 90: [0/472 (0.0%)]	Loss: 0.559268
2026-02-13 11:28:55,591 - experiment_ablation_no_chaotic_embedding - INFO - [SYNC DEBUG] Epoch 90: sync_weight=0.1, desync_weight=0.1, loss_sync=0.499693
2026-02-13 11:28:56,033 - experiment_ablation_no_chaotic_embedding - INFO - Epoch 90: Train Loss: 0.5352, Train Acc: 0.9888, Val Loss: 0.8834, Val Acc: 0.8539
2026-02-13 11:28:56,412 - experiment_ablation_no_chaotic_embedding - INFO - Train Epoch 91: [0/472 (0.0%)]	Loss: 0.614036
2026-02-13 11:28:57,880 - experiment_ablation_no_chaotic_embedding - INFO - [SYNC DEBUG] Epoch 91: sync_weight=0.1, desync_weight=0.1, loss_sync=0.499291
2026-02-13 11:28:58,313 - experiment_ablation_no_chaotic_embedding - INFO - Epoch 91: Train Loss: 0.5359, Train Acc: 0.9911, Val Loss: 0.9715, Val Acc: 0.8202
2026-02-13 11:28:58,642 - experiment_ablation_no_chaotic_embedding - INFO - Train Epoch 92: [0/472 (0.0%)]	Loss: 0.504126
2026-02-13 11:28:59,877 - experiment_ablation_no_chaotic_embedding - DEBUG - [STABILITY] lyap=0.081, max_norm=1.0, min_std=0.211
2026-02-13 11:29:00,070 - experiment_ablation_no_chaotic_embedding - INFO - [SYNC DEBUG] Epoch 92: sync_weight=0.1, desync_weight=0.1, loss_sync=0.499511
2026-02-13 11:29:00,515 - experiment_ablation_no_chaotic_embedding - INFO - Epoch 92: Train Loss: 0.5434, Train Acc: 0.9777, Val Loss: 0.8699, Val Acc: 0.8315
2026-02-13 11:29:00,849 - experiment_ablation_no_chaotic_embedding - INFO - Train Epoch 93: [0/472 (0.0%)]	Loss: 0.548383
2026-02-13 11:29:02,224 - experiment_ablation_no_chaotic_embedding - INFO - [SYNC DEBUG] Epoch 93: sync_weight=0.1, desync_weight=0.1, loss_sync=0.499379
2026-02-13 11:29:02,682 - experiment_ablation_no_chaotic_embedding - INFO - Epoch 93: Train Loss: 0.5784, Train Acc: 0.9710, Val Loss: 0.8246, Val Acc: 0.8539
2026-02-13 11:29:03,011 - experiment_ablation_no_chaotic_embedding - INFO - Train Epoch 94: [0/472 (0.0%)]	Loss: 0.585035
2026-02-13 11:29:04,405 - experiment_ablation_no_chaotic_embedding - INFO - [SYNC DEBUG] Epoch 94: sync_weight=0.1, desync_weight=0.1, loss_sync=0.499714
2026-02-13 11:29:04,844 - experiment_ablation_no_chaotic_embedding - INFO - Epoch 94: Train Loss: 0.5515, Train Acc: 0.9888, Val Loss: 0.7032, Val Acc: 0.8764
2026-02-13 11:29:05,176 - experiment_ablation_no_chaotic_embedding - INFO - Train Epoch 95: [0/472 (0.0%)]	Loss: 0.502253
2026-02-13 11:29:06,590 - experiment_ablation_no_chaotic_embedding - INFO - [SYNC DEBUG] Epoch 95: sync_weight=0.1, desync_weight=0.1, loss_sync=0.499185
2026-02-13 11:29:07,038 - experiment_ablation_no_chaotic_embedding - INFO - Epoch 95: Train Loss: 0.5510, Train Acc: 0.9888, Val Loss: 1.9656, Val Acc: 0.6742
2026-02-13 11:29:07,364 - experiment_ablation_no_chaotic_embedding - INFO - Train Epoch 96: [0/472 (0.0%)]	Loss: 0.502589
2026-02-13 11:29:08,733 - experiment_ablation_no_chaotic_embedding - INFO - [SYNC DEBUG] Epoch 96: sync_weight=0.1, desync_weight=0.1, loss_sync=0.499621
2026-02-13 11:29:09,174 - experiment_ablation_no_chaotic_embedding - INFO - Epoch 96: Train Loss: 0.5278, Train Acc: 0.9933, Val Loss: 0.5484, Val Acc: 0.8876
2026-02-13 11:29:09,491 - experiment_ablation_no_chaotic_embedding - INFO - Train Epoch 97: [0/472 (0.0%)]	Loss: 0.509610
2026-02-13 11:29:10,817 - experiment_ablation_no_chaotic_embedding - INFO - [SYNC DEBUG] Epoch 97: sync_weight=0.1, desync_weight=0.1, loss_sync=0.499309
2026-02-13 11:29:11,267 - experiment_ablation_no_chaotic_embedding - INFO - Epoch 97: Train Loss: 0.5214, Train Acc: 0.9978, Val Loss: 0.8276, Val Acc: 0.8539
2026-02-13 11:29:11,594 - experiment_ablation_no_chaotic_embedding - INFO - Train Epoch 98: [0/472 (0.0%)]	Loss: 0.520779
2026-02-13 11:29:12,934 - experiment_ablation_no_chaotic_embedding - INFO - [SYNC DEBUG] Epoch 98: sync_weight=0.1, desync_weight=0.1, loss_sync=0.499830
2026-02-13 11:29:13,375 - experiment_ablation_no_chaotic_embedding - INFO - Epoch 98: Train Loss: 0.5271, Train Acc: 0.9933, Val Loss: 1.0092, Val Acc: 0.8090
2026-02-13 11:29:13,707 - experiment_ablation_no_chaotic_embedding - INFO - Train Epoch 99: [0/472 (0.0%)]	Loss: 0.527368
2026-02-13 11:29:15,072 - experiment_ablation_no_chaotic_embedding - INFO - [SYNC DEBUG] Epoch 99: sync_weight=0.1, desync_weight=0.1, loss_sync=0.499290
2026-02-13 11:29:15,526 - experiment_ablation_no_chaotic_embedding - INFO - Epoch 99: Train Loss: 0.5359, Train Acc: 0.9866, Val Loss: 0.6994, Val Acc: 0.8989
2026-02-13 11:29:15,529 - experiment_ablation_no_chaotic_embedding - INFO - Running final test evaluation...
2026-02-13 11:29:16,047 - experiment_ablation_no_chaotic_embedding - INFO - Test Results:
2026-02-13 11:29:16,047 - experiment_ablation_no_chaotic_embedding - INFO -   loss: 0.3788
2026-02-13 11:29:16,047 - experiment_ablation_no_chaotic_embedding - INFO -   accuracy: 0.8898
2026-02-13 11:29:16,049 - experiment_ablation_no_chaotic_embedding - INFO - Training completed
2026-02-13 11:55:19,550 - experiment_ablation_no_chaotic_embedding - INFO - Initialized experiment: ablation_no_chaotic_embedding
2026-02-13 11:55:19,550 - experiment_ablation_no_chaotic_embedding - INFO - Device: cuda
2026-02-13 11:55:19,550 - experiment_ablation_no_chaotic_embedding - INFO - Output directory: /scratch/project_2003370/yueyao/Model/experiments/configs/Ablation_study/no_chaotic_embedding/ablation_no_chaotic_embedding
2026-02-13 11:55:19,550 - experiment_ablation_no_chaotic_embedding - INFO - [SYNC LOSS] Enabled with mode: standard
2026-02-13 11:55:19,550 - experiment_ablation_no_chaotic_embedding - INFO - Initialized chaotic network experiment with lorenz system
2026-02-13 11:55:19,550 - experiment_ablation_no_chaotic_embedding - INFO - Setting up experiment components...
2026-02-13 11:55:19,550 - experiment_ablation_no_chaotic_embedding - INFO - Creating dataloaders...
2026-02-13 11:55:19,982 - experiment_ablation_no_chaotic_embedding - INFO - Detected 26 speakers in dataset
2026-02-13 11:55:19,982 - experiment_ablation_no_chaotic_embedding - INFO - Dataloaders created:
2026-02-13 11:55:19,982 - experiment_ablation_no_chaotic_embedding - INFO -   Train: 14 batches
2026-02-13 11:55:19,982 - experiment_ablation_no_chaotic_embedding - INFO -   Val: 3 batches
2026-02-13 11:55:19,983 - experiment_ablation_no_chaotic_embedding - INFO -   Test: 4 batches
2026-02-13 11:55:19,983 - experiment_ablation_no_chaotic_embedding - INFO - Creating model...
2026-02-13 11:55:19,983 - experiment_ablation_no_chaotic_embedding - INFO - Using actual num_speakers from dataset: 26
2026-02-13 11:56:25,955 - experiment_ablation_no_chaotic_embedding - INFO - Total parameters: 500,671
2026-02-13 11:56:25,955 - experiment_ablation_no_chaotic_embedding - INFO - Trainable parameters: 500,671
2026-02-13 11:56:25,955 - experiment_ablation_no_chaotic_embedding - INFO - Creating optimizer...
2026-02-13 11:56:25,955 - experiment_ablation_no_chaotic_embedding - INFO - Optimizer: AdamW
2026-02-13 11:56:25,955 - experiment_ablation_no_chaotic_embedding - INFO - Creating scheduler...
2026-02-13 11:56:25,955 - experiment_ablation_no_chaotic_embedding - INFO - Creating criterion...
2026-02-13 11:56:25,956 - experiment_ablation_no_chaotic_embedding - INFO - Criterion: CrossEntropyLoss
2026-02-13 11:56:26,028 - experiment_ablation_no_chaotic_embedding - INFO - Configuration saved to: /scratch/project_2003370/yueyao/Model/experiments/configs/Ablation_study/no_chaotic_embedding/ablation_no_chaotic_embedding/config.json
2026-02-13 11:56:26,028 - experiment_ablation_no_chaotic_embedding - INFO - Experiment setup completed
2026-02-13 11:56:26,029 - experiment_ablation_no_chaotic_embedding - INFO - Starting training for 100 epochs
2026-02-13 11:56:26,029 - experiment_ablation_no_chaotic_embedding - INFO - [SYNC LOSS] Warmup complete, synchronization loss activated!
2026-02-13 11:56:26,234 - experiment_ablation_no_chaotic_embedding - INFO - 
================================================================================
2026-02-13 11:56:26,234 - experiment_ablation_no_chaotic_embedding - INFO - COMPREHENSIVE DEBUG - FIRST BATCH
2026-02-13 11:56:26,234 - experiment_ablation_no_chaotic_embedding - INFO - ================================================================================
2026-02-13 11:56:26,234 - experiment_ablation_no_chaotic_embedding - INFO - Batch Info:
2026-02-13 11:56:26,234 - experiment_ablation_no_chaotic_embedding - INFO -   Audio shape: torch.Size([32, 48000])
2026-02-13 11:56:26,234 - experiment_ablation_no_chaotic_embedding - INFO -   Targets shape: torch.Size([32])
2026-02-13 11:56:26,235 - experiment_ablation_no_chaotic_embedding - INFO -   Targets (first 8): tensor([12,  7,  3, 17, 18, 19,  9,  1], device='cuda:0')
2026-02-13 11:56:26,332 - experiment_ablation_no_chaotic_embedding - INFO - ================================================================================

2026-02-13 11:56:26,410 - experiment_ablation_no_chaotic_embedding - INFO - [STABILITY] Initialized LyapunovStabilityLoss
2026-02-13 11:56:26,411 - experiment_ablation_no_chaotic_embedding - DEBUG - [STABILITY] lyap=-0.009, max_norm=0.2, min_std=0.057
2026-02-13 11:56:26,443 - experiment_ablation_no_chaotic_embedding - INFO - Train Epoch 0: [0/472 (0.0%)]	Loss: 6.717903
2026-02-13 11:56:27,842 - experiment_ablation_no_chaotic_embedding - INFO - [SYNC DEBUG] Epoch 0: sync_weight=0.1, desync_weight=0.1, loss_sync=0.499952
2026-02-13 11:56:28,307 - experiment_ablation_no_chaotic_embedding - INFO - Epoch 0: Train Loss: 6.1814, Train Acc: 0.0558, Val Loss: 4.3375, Val Acc: 0.0449
2026-02-13 11:56:28,375 - experiment_ablation_no_chaotic_embedding - INFO - Saved new best model at epoch 0
2026-02-13 11:56:28,828 - experiment_ablation_no_chaotic_embedding - INFO - Train Epoch 1: [0/472 (0.0%)]	Loss: 4.339998
2026-02-13 11:56:30,187 - experiment_ablation_no_chaotic_embedding - INFO - [SYNC DEBUG] Epoch 1: sync_weight=0.1, desync_weight=0.1, loss_sync=0.499890
2026-02-13 11:56:30,659 - experiment_ablation_no_chaotic_embedding - INFO - Epoch 1: Train Loss: 4.1101, Train Acc: 0.1830, Val Loss: 5.0098, Val Acc: 0.0449
2026-02-13 11:56:30,998 - experiment_ablation_no_chaotic_embedding - INFO - Train Epoch 2: [0/472 (0.0%)]	Loss: 3.344496
2026-02-13 11:56:32,359 - experiment_ablation_no_chaotic_embedding - INFO - [SYNC DEBUG] Epoch 2: sync_weight=0.1, desync_weight=0.1, loss_sync=0.499880
2026-02-13 11:56:32,827 - experiment_ablation_no_chaotic_embedding - INFO - Epoch 2: Train Loss: 3.3260, Train Acc: 0.3058, Val Loss: 5.0665, Val Acc: 0.0449
2026-02-13 11:56:33,165 - experiment_ablation_no_chaotic_embedding - INFO - Train Epoch 3: [0/472 (0.0%)]	Loss: 2.843862
2026-02-13 11:56:34,558 - experiment_ablation_no_chaotic_embedding - INFO - [SYNC DEBUG] Epoch 3: sync_weight=0.1, desync_weight=0.1, loss_sync=0.499834
2026-02-13 11:56:35,036 - experiment_ablation_no_chaotic_embedding - INFO - Epoch 3: Train Loss: 2.7196, Train Acc: 0.3549, Val Loss: 4.0037, Val Acc: 0.0449
2026-02-13 11:56:35,371 - experiment_ablation_no_chaotic_embedding - INFO - Train Epoch 4: [0/472 (0.0%)]	Loss: 3.140053
2026-02-13 11:56:36,742 - experiment_ablation_no_chaotic_embedding - INFO - [SYNC DEBUG] Epoch 4: sync_weight=0.1, desync_weight=0.1, loss_sync=0.499821
2026-02-13 11:56:37,214 - experiment_ablation_no_chaotic_embedding - INFO - Epoch 4: Train Loss: 2.3712, Train Acc: 0.4665, Val Loss: 2.9398, Val Acc: 0.2921
2026-02-13 11:56:37,289 - experiment_ablation_no_chaotic_embedding - INFO - Saved new best model at epoch 4
2026-02-13 11:56:37,667 - experiment_ablation_no_chaotic_embedding - INFO - Train Epoch 5: [0/472 (0.0%)]	Loss: 1.886235
2026-02-13 11:56:39,095 - experiment_ablation_no_chaotic_embedding - INFO - [SYNC DEBUG] Epoch 5: sync_weight=0.1, desync_weight=0.1, loss_sync=0.499864
2026-02-13 11:56:39,570 - experiment_ablation_no_chaotic_embedding - INFO - Epoch 5: Train Loss: 1.9840, Train Acc: 0.5446, Val Loss: 2.0054, Val Acc: 0.4719
2026-02-13 11:56:39,636 - experiment_ablation_no_chaotic_embedding - INFO - Saved new best model at epoch 5
2026-02-13 11:56:40,010 - experiment_ablation_no_chaotic_embedding - INFO - Train Epoch 6: [0/472 (0.0%)]	Loss: 1.468648
2026-02-13 11:56:41,392 - experiment_ablation_no_chaotic_embedding - INFO - [SYNC DEBUG] Epoch 6: sync_weight=0.1, desync_weight=0.1, loss_sync=0.499931
2026-02-13 11:56:41,856 - experiment_ablation_no_chaotic_embedding - INFO - Epoch 6: Train Loss: 1.7454, Train Acc: 0.6183, Val Loss: 2.8539, Val Acc: 0.3708
2026-02-13 11:56:42,207 - experiment_ablation_no_chaotic_embedding - INFO - Train Epoch 7: [0/472 (0.0%)]	Loss: 1.421211
2026-02-13 11:56:42,386 - experiment_ablation_no_chaotic_embedding - DEBUG - [STABILITY] lyap=-0.006, max_norm=0.4, min_std=0.100
2026-02-13 11:56:43,590 - experiment_ablation_no_chaotic_embedding - INFO - [SYNC DEBUG] Epoch 7: sync_weight=0.1, desync_weight=0.1, loss_sync=0.499833
2026-02-13 11:56:44,071 - experiment_ablation_no_chaotic_embedding - INFO - Epoch 7: Train Loss: 1.5799, Train Acc: 0.6473, Val Loss: 1.9760, Val Acc: 0.5393
2026-02-13 11:56:44,143 - experiment_ablation_no_chaotic_embedding - INFO - Saved new best model at epoch 7
2026-02-13 11:56:44,520 - experiment_ablation_no_chaotic_embedding - INFO - Train Epoch 8: [0/472 (0.0%)]	Loss: 1.707126
2026-02-13 11:56:45,913 - experiment_ablation_no_chaotic_embedding - INFO - [SYNC DEBUG] Epoch 8: sync_weight=0.1, desync_weight=0.1, loss_sync=0.499967
2026-02-13 11:56:46,395 - experiment_ablation_no_chaotic_embedding - INFO - Epoch 8: Train Loss: 1.3926, Train Acc: 0.7143, Val Loss: 2.1401, Val Acc: 0.5169
2026-02-13 11:56:46,737 - experiment_ablation_no_chaotic_embedding - INFO - Train Epoch 9: [0/472 (0.0%)]	Loss: 1.009524
2026-02-13 11:56:48,133 - experiment_ablation_no_chaotic_embedding - INFO - [SYNC DEBUG] Epoch 9: sync_weight=0.1, desync_weight=0.1, loss_sync=0.499876
2026-02-13 11:56:48,604 - experiment_ablation_no_chaotic_embedding - INFO - Epoch 9: Train Loss: 1.3570, Train Acc: 0.7321, Val Loss: 1.4309, Val Acc: 0.6517
2026-02-13 11:56:48,673 - experiment_ablation_no_chaotic_embedding - INFO - Saved new best model at epoch 9
2026-02-13 11:56:49,059 - experiment_ablation_no_chaotic_embedding - INFO - Train Epoch 10: [0/472 (0.0%)]	Loss: 1.591264
2026-02-13 11:56:50,493 - experiment_ablation_no_chaotic_embedding - INFO - [SYNC DEBUG] Epoch 10: sync_weight=0.1, desync_weight=0.1, loss_sync=0.499799
2026-02-13 11:56:50,958 - experiment_ablation_no_chaotic_embedding - INFO - Epoch 10: Train Loss: 1.2611, Train Acc: 0.7634, Val Loss: 1.6482, Val Acc: 0.5281
2026-02-13 11:56:51,366 - experiment_ablation_no_chaotic_embedding - INFO - Train Epoch 11: [0/472 (0.0%)]	Loss: 1.020547
2026-02-13 11:56:52,770 - experiment_ablation_no_chaotic_embedding - INFO - [SYNC DEBUG] Epoch 11: sync_weight=0.1, desync_weight=0.1, loss_sync=0.499899
2026-02-13 11:56:53,235 - experiment_ablation_no_chaotic_embedding - INFO - Epoch 11: Train Loss: 1.1565, Train Acc: 0.7991, Val Loss: 1.1486, Val Acc: 0.6517
2026-02-13 11:56:53,598 - experiment_ablation_no_chaotic_embedding - INFO - Train Epoch 12: [0/472 (0.0%)]	Loss: 0.926636
2026-02-13 11:56:54,938 - experiment_ablation_no_chaotic_embedding - INFO - [SYNC DEBUG] Epoch 12: sync_weight=0.1, desync_weight=0.1, loss_sync=0.499882
2026-02-13 11:56:55,401 - experiment_ablation_no_chaotic_embedding - INFO - Epoch 12: Train Loss: 1.1263, Train Acc: 0.7991, Val Loss: 2.4738, Val Acc: 0.4494
2026-02-13 11:56:55,750 - experiment_ablation_no_chaotic_embedding - INFO - Train Epoch 13: [0/472 (0.0%)]	Loss: 1.175178
2026-02-13 11:56:57,091 - experiment_ablation_no_chaotic_embedding - INFO - [SYNC DEBUG] Epoch 13: sync_weight=0.1, desync_weight=0.1, loss_sync=0.499770
2026-02-13 11:56:57,558 - experiment_ablation_no_chaotic_embedding - INFO - Epoch 13: Train Loss: 1.0902, Train Acc: 0.8147, Val Loss: 1.2110, Val Acc: 0.6180
2026-02-13 11:56:57,913 - experiment_ablation_no_chaotic_embedding - INFO - Train Epoch 14: [0/472 (0.0%)]	Loss: 1.264475
2026-02-13 11:56:58,293 - experiment_ablation_no_chaotic_embedding - DEBUG - [STABILITY] lyap=-0.007, max_norm=0.4, min_std=0.111
2026-02-13 11:56:59,253 - experiment_ablation_no_chaotic_embedding - INFO - [SYNC DEBUG] Epoch 14: sync_weight=0.1, desync_weight=0.1, loss_sync=0.499752
2026-02-13 11:56:59,731 - experiment_ablation_no_chaotic_embedding - INFO - Epoch 14: Train Loss: 1.0038, Train Acc: 0.8170, Val Loss: 1.2659, Val Acc: 0.7416
2026-02-13 11:56:59,804 - experiment_ablation_no_chaotic_embedding - INFO - Saved new best model at epoch 14
2026-02-13 11:57:00,189 - experiment_ablation_no_chaotic_embedding - INFO - Train Epoch 15: [0/472 (0.0%)]	Loss: 1.069252
2026-02-13 11:57:01,545 - experiment_ablation_no_chaotic_embedding - INFO - [SYNC DEBUG] Epoch 15: sync_weight=0.1, desync_weight=0.1, loss_sync=0.499811
2026-02-13 11:57:02,014 - experiment_ablation_no_chaotic_embedding - INFO - Epoch 15: Train Loss: 0.9598, Train Acc: 0.8482, Val Loss: 1.3169, Val Acc: 0.6180
2026-02-13 11:57:02,364 - experiment_ablation_no_chaotic_embedding - INFO - Train Epoch 16: [0/472 (0.0%)]	Loss: 0.759390
2026-02-13 11:57:03,734 - experiment_ablation_no_chaotic_embedding - INFO - [SYNC DEBUG] Epoch 16: sync_weight=0.1, desync_weight=0.1, loss_sync=0.499847
2026-02-13 11:57:04,203 - experiment_ablation_no_chaotic_embedding - INFO - Epoch 16: Train Loss: 0.9545, Train Acc: 0.8549, Val Loss: 1.1659, Val Acc: 0.6292
2026-02-13 11:57:04,558 - experiment_ablation_no_chaotic_embedding - INFO - Train Epoch 17: [0/472 (0.0%)]	Loss: 0.741039
2026-02-13 11:57:05,952 - experiment_ablation_no_chaotic_embedding - INFO - [SYNC DEBUG] Epoch 17: sync_weight=0.1, desync_weight=0.1, loss_sync=0.499660
2026-02-13 11:57:06,420 - experiment_ablation_no_chaotic_embedding - INFO - Epoch 17: Train Loss: 0.9237, Train Acc: 0.8661, Val Loss: 1.5666, Val Acc: 0.6517
2026-02-13 11:57:06,767 - experiment_ablation_no_chaotic_embedding - INFO - Train Epoch 18: [0/472 (0.0%)]	Loss: 0.733664
2026-02-13 11:57:08,100 - experiment_ablation_no_chaotic_embedding - INFO - [SYNC DEBUG] Epoch 18: sync_weight=0.1, desync_weight=0.1, loss_sync=0.499907
2026-02-13 11:57:08,573 - experiment_ablation_no_chaotic_embedding - INFO - Epoch 18: Train Loss: 0.8661, Train Acc: 0.8750, Val Loss: 0.5368, Val Acc: 0.8315
2026-02-13 11:57:08,647 - experiment_ablation_no_chaotic_embedding - INFO - Saved new best model at epoch 18
2026-02-13 11:57:09,044 - experiment_ablation_no_chaotic_embedding - INFO - Train Epoch 19: [0/472 (0.0%)]	Loss: 0.717326
2026-02-13 11:57:10,390 - experiment_ablation_no_chaotic_embedding - INFO - [SYNC DEBUG] Epoch 19: sync_weight=0.1, desync_weight=0.1, loss_sync=0.499731
2026-02-13 11:57:10,859 - experiment_ablation_no_chaotic_embedding - INFO - Epoch 19: Train Loss: 0.8515, Train Acc: 0.8862, Val Loss: 0.7045, Val Acc: 0.7978
2026-02-13 11:57:11,220 - experiment_ablation_no_chaotic_embedding - INFO - Train Epoch 20: [0/472 (0.0%)]	Loss: 0.832722
2026-02-13 11:57:12,639 - experiment_ablation_no_chaotic_embedding - INFO - [SYNC DEBUG] Epoch 20: sync_weight=0.1, desync_weight=0.1, loss_sync=0.499780
2026-02-13 11:57:13,114 - experiment_ablation_no_chaotic_embedding - INFO - Epoch 20: Train Loss: 0.9418, Train Acc: 0.8571, Val Loss: 1.3832, Val Acc: 0.6629
2026-02-13 11:57:13,537 - experiment_ablation_no_chaotic_embedding - INFO - Train Epoch 21: [0/472 (0.0%)]	Loss: 0.611951
2026-02-13 11:57:14,129 - experiment_ablation_no_chaotic_embedding - DEBUG - [STABILITY] lyap=0.000, max_norm=0.5, min_std=0.113
2026-02-13 11:57:14,934 - experiment_ablation_no_chaotic_embedding - INFO - [SYNC DEBUG] Epoch 21: sync_weight=0.1, desync_weight=0.1, loss_sync=0.499760
2026-02-13 11:57:15,421 - experiment_ablation_no_chaotic_embedding - INFO - Epoch 21: Train Loss: 0.8182, Train Acc: 0.9018, Val Loss: 1.8306, Val Acc: 0.5393
2026-02-13 11:57:15,784 - experiment_ablation_no_chaotic_embedding - INFO - Train Epoch 22: [0/472 (0.0%)]	Loss: 0.837537
2026-02-13 11:57:17,171 - experiment_ablation_no_chaotic_embedding - INFO - [SYNC DEBUG] Epoch 22: sync_weight=0.1, desync_weight=0.1, loss_sync=0.499732
2026-02-13 11:57:17,652 - experiment_ablation_no_chaotic_embedding - INFO - Epoch 22: Train Loss: 0.8424, Train Acc: 0.8772, Val Loss: 1.8481, Val Acc: 0.5618
2026-02-13 11:57:18,003 - experiment_ablation_no_chaotic_embedding - INFO - Train Epoch 23: [0/472 (0.0%)]	Loss: 0.804881
2026-02-13 11:57:19,406 - experiment_ablation_no_chaotic_embedding - INFO - [SYNC DEBUG] Epoch 23: sync_weight=0.1, desync_weight=0.1, loss_sync=0.499881
2026-02-13 11:57:19,886 - experiment_ablation_no_chaotic_embedding - INFO - Epoch 23: Train Loss: 0.8244, Train Acc: 0.8862, Val Loss: 1.2875, Val Acc: 0.7191
2026-02-13 11:57:20,233 - experiment_ablation_no_chaotic_embedding - INFO - Train Epoch 24: [0/472 (0.0%)]	Loss: 0.685583
2026-02-13 11:57:21,666 - experiment_ablation_no_chaotic_embedding - INFO - [SYNC DEBUG] Epoch 24: sync_weight=0.1, desync_weight=0.1, loss_sync=0.499798
2026-02-13 11:57:22,142 - experiment_ablation_no_chaotic_embedding - INFO - Epoch 24: Train Loss: 0.7762, Train Acc: 0.9308, Val Loss: 1.3604, Val Acc: 0.6854
2026-02-13 11:57:22,502 - experiment_ablation_no_chaotic_embedding - INFO - Train Epoch 25: [0/472 (0.0%)]	Loss: 0.712541
2026-02-13 11:57:23,860 - experiment_ablation_no_chaotic_embedding - INFO - [SYNC DEBUG] Epoch 25: sync_weight=0.1, desync_weight=0.1, loss_sync=0.499803
2026-02-13 11:57:24,332 - experiment_ablation_no_chaotic_embedding - INFO - Epoch 25: Train Loss: 0.7696, Train Acc: 0.9174, Val Loss: 0.9268, Val Acc: 0.7191
2026-02-13 11:57:24,693 - experiment_ablation_no_chaotic_embedding - INFO - Train Epoch 26: [0/472 (0.0%)]	Loss: 0.642173
2026-02-13 11:57:26,041 - experiment_ablation_no_chaotic_embedding - INFO - [SYNC DEBUG] Epoch 26: sync_weight=0.1, desync_weight=0.1, loss_sync=0.499743
2026-02-13 11:57:26,525 - experiment_ablation_no_chaotic_embedding - INFO - Epoch 26: Train Loss: 0.6878, Train Acc: 0.9397, Val Loss: 1.1895, Val Acc: 0.7303
2026-02-13 11:57:26,881 - experiment_ablation_no_chaotic_embedding - INFO - Train Epoch 27: [0/472 (0.0%)]	Loss: 0.715401
2026-02-13 11:57:28,254 - experiment_ablation_no_chaotic_embedding - INFO - [SYNC DEBUG] Epoch 27: sync_weight=0.1, desync_weight=0.1, loss_sync=0.499678
2026-02-13 11:57:28,724 - experiment_ablation_no_chaotic_embedding - INFO - Epoch 27: Train Loss: 0.7851, Train Acc: 0.9219, Val Loss: 0.6217, Val Acc: 0.8202
2026-02-13 11:57:29,069 - experiment_ablation_no_chaotic_embedding - INFO - Train Epoch 28: [0/472 (0.0%)]	Loss: 0.661959
2026-02-13 11:57:29,891 - experiment_ablation_no_chaotic_embedding - DEBUG - [STABILITY] lyap=0.005, max_norm=0.5, min_std=0.121
2026-02-13 11:57:30,484 - experiment_ablation_no_chaotic_embedding - INFO - [SYNC DEBUG] Epoch 28: sync_weight=0.1, desync_weight=0.1, loss_sync=0.499755
2026-02-13 11:57:30,971 - experiment_ablation_no_chaotic_embedding - INFO - Epoch 28: Train Loss: 0.7384, Train Acc: 0.9174, Val Loss: 1.0736, Val Acc: 0.7753
2026-02-13 11:57:31,329 - experiment_ablation_no_chaotic_embedding - INFO - Train Epoch 29: [0/472 (0.0%)]	Loss: 0.746222
2026-02-13 11:57:32,720 - experiment_ablation_no_chaotic_embedding - INFO - [SYNC DEBUG] Epoch 29: sync_weight=0.1, desync_weight=0.1, loss_sync=0.499826
2026-02-13 11:57:33,190 - experiment_ablation_no_chaotic_embedding - INFO - Epoch 29: Train Loss: 0.7702, Train Acc: 0.9174, Val Loss: 1.3366, Val Acc: 0.7416
2026-02-13 11:57:33,538 - experiment_ablation_no_chaotic_embedding - INFO - Train Epoch 30: [0/472 (0.0%)]	Loss: 0.624575
2026-02-13 11:57:34,869 - experiment_ablation_no_chaotic_embedding - INFO - [SYNC DEBUG] Epoch 30: sync_weight=0.1, desync_weight=0.1, loss_sync=0.499720
2026-02-13 11:57:35,337 - experiment_ablation_no_chaotic_embedding - INFO - Epoch 30: Train Loss: 0.7581, Train Acc: 0.9263, Val Loss: 1.8047, Val Acc: 0.5843
2026-02-13 11:57:35,757 - experiment_ablation_no_chaotic_embedding - INFO - Train Epoch 31: [0/472 (0.0%)]	Loss: 0.644892
2026-02-13 11:57:37,146 - experiment_ablation_no_chaotic_embedding - INFO - [SYNC DEBUG] Epoch 31: sync_weight=0.1, desync_weight=0.1, loss_sync=0.499730
2026-02-13 11:57:37,616 - experiment_ablation_no_chaotic_embedding - INFO - Epoch 31: Train Loss: 0.7652, Train Acc: 0.9241, Val Loss: 1.3602, Val Acc: 0.6742
2026-02-13 11:57:37,966 - experiment_ablation_no_chaotic_embedding - INFO - Train Epoch 32: [0/472 (0.0%)]	Loss: 0.905946
2026-02-13 11:57:39,306 - experiment_ablation_no_chaotic_embedding - INFO - [SYNC DEBUG] Epoch 32: sync_weight=0.1, desync_weight=0.1, loss_sync=0.499731
2026-02-13 11:57:39,777 - experiment_ablation_no_chaotic_embedding - INFO - Epoch 32: Train Loss: 0.7384, Train Acc: 0.9219, Val Loss: 1.0058, Val Acc: 0.7640
2026-02-13 11:57:40,129 - experiment_ablation_no_chaotic_embedding - INFO - Train Epoch 33: [0/472 (0.0%)]	Loss: 0.673354
2026-02-13 11:57:41,468 - experiment_ablation_no_chaotic_embedding - INFO - [SYNC DEBUG] Epoch 33: sync_weight=0.1, desync_weight=0.1, loss_sync=0.499637
2026-02-13 11:57:41,939 - experiment_ablation_no_chaotic_embedding - INFO - Epoch 33: Train Loss: 0.6596, Train Acc: 0.9420, Val Loss: 0.7623, Val Acc: 0.7978
2026-02-13 11:57:42,283 - experiment_ablation_no_chaotic_embedding - INFO - Train Epoch 34: [0/472 (0.0%)]	Loss: 0.582648
2026-02-13 11:57:43,632 - experiment_ablation_no_chaotic_embedding - INFO - [SYNC DEBUG] Epoch 34: sync_weight=0.1, desync_weight=0.1, loss_sync=0.499599
2026-02-13 11:57:44,111 - experiment_ablation_no_chaotic_embedding - INFO - Epoch 34: Train Loss: 0.6828, Train Acc: 0.9353, Val Loss: 1.1351, Val Acc: 0.7640
2026-02-13 11:57:44,476 - experiment_ablation_no_chaotic_embedding - INFO - Train Epoch 35: [0/472 (0.0%)]	Loss: 0.950849
2026-02-13 11:57:45,481 - experiment_ablation_no_chaotic_embedding - DEBUG - [STABILITY] lyap=0.005, max_norm=0.5, min_std=0.131
2026-02-13 11:57:45,870 - experiment_ablation_no_chaotic_embedding - INFO - [SYNC DEBUG] Epoch 35: sync_weight=0.1, desync_weight=0.1, loss_sync=0.499677
2026-02-13 11:57:46,341 - experiment_ablation_no_chaotic_embedding - INFO - Epoch 35: Train Loss: 0.6601, Train Acc: 0.9509, Val Loss: 0.7965, Val Acc: 0.7865
2026-02-13 11:57:46,698 - experiment_ablation_no_chaotic_embedding - INFO - Train Epoch 36: [0/472 (0.0%)]	Loss: 0.693451
2026-02-13 11:57:48,088 - experiment_ablation_no_chaotic_embedding - INFO - [SYNC DEBUG] Epoch 36: sync_weight=0.1, desync_weight=0.1, loss_sync=0.499741
2026-02-13 11:57:48,569 - experiment_ablation_no_chaotic_embedding - INFO - Epoch 36: Train Loss: 0.6638, Train Acc: 0.9531, Val Loss: 1.6987, Val Acc: 0.6067
2026-02-13 11:57:48,928 - experiment_ablation_no_chaotic_embedding - INFO - Train Epoch 37: [0/472 (0.0%)]	Loss: 0.827183
2026-02-13 11:57:50,293 - experiment_ablation_no_chaotic_embedding - INFO - [SYNC DEBUG] Epoch 37: sync_weight=0.1, desync_weight=0.1, loss_sync=0.499772
2026-02-13 11:57:50,768 - experiment_ablation_no_chaotic_embedding - INFO - Epoch 37: Train Loss: 0.6836, Train Acc: 0.9308, Val Loss: 1.7828, Val Acc: 0.6180
2026-02-13 11:57:51,126 - experiment_ablation_no_chaotic_embedding - INFO - Train Epoch 38: [0/472 (0.0%)]	Loss: 0.664644
2026-02-13 11:57:52,472 - experiment_ablation_no_chaotic_embedding - INFO - [SYNC DEBUG] Epoch 38: sync_weight=0.1, desync_weight=0.1, loss_sync=0.499620
2026-02-13 11:57:52,947 - experiment_ablation_no_chaotic_embedding - INFO - Epoch 38: Train Loss: 0.6761, Train Acc: 0.9464, Val Loss: 1.4543, Val Acc: 0.6404
2026-02-13 11:57:53,318 - experiment_ablation_no_chaotic_embedding - INFO - Train Epoch 39: [0/472 (0.0%)]	Loss: 0.607958
2026-02-13 11:57:54,699 - experiment_ablation_no_chaotic_embedding - INFO - [SYNC DEBUG] Epoch 39: sync_weight=0.1, desync_weight=0.1, loss_sync=0.499596
2026-02-13 11:57:55,178 - experiment_ablation_no_chaotic_embedding - INFO - Epoch 39: Train Loss: 0.6497, Train Acc: 0.9621, Val Loss: 0.8664, Val Acc: 0.7640
2026-02-13 11:57:55,534 - experiment_ablation_no_chaotic_embedding - INFO - Train Epoch 40: [0/472 (0.0%)]	Loss: 0.715474
2026-02-13 11:57:56,895 - experiment_ablation_no_chaotic_embedding - INFO - [SYNC DEBUG] Epoch 40: sync_weight=0.1, desync_weight=0.1, loss_sync=0.499691
2026-02-13 11:57:57,371 - experiment_ablation_no_chaotic_embedding - INFO - Epoch 40: Train Loss: 0.6780, Train Acc: 0.9375, Val Loss: 0.7275, Val Acc: 0.8315
2026-02-13 11:57:57,794 - experiment_ablation_no_chaotic_embedding - INFO - Train Epoch 41: [0/472 (0.0%)]	Loss: 0.611917
2026-02-13 11:57:59,133 - experiment_ablation_no_chaotic_embedding - INFO - [SYNC DEBUG] Epoch 41: sync_weight=0.1, desync_weight=0.1, loss_sync=0.499659
2026-02-13 11:57:59,618 - experiment_ablation_no_chaotic_embedding - INFO - Epoch 41: Train Loss: 0.6125, Train Acc: 0.9710, Val Loss: 0.9541, Val Acc: 0.7753
2026-02-13 11:57:59,967 - experiment_ablation_no_chaotic_embedding - INFO - Train Epoch 42: [0/472 (0.0%)]	Loss: 0.616341
2026-02-13 11:58:01,157 - experiment_ablation_no_chaotic_embedding - DEBUG - [STABILITY] lyap=0.012, max_norm=0.6, min_std=0.131
2026-02-13 11:58:01,348 - experiment_ablation_no_chaotic_embedding - INFO - [SYNC DEBUG] Epoch 42: sync_weight=0.1, desync_weight=0.1, loss_sync=0.499601
2026-02-13 11:58:01,822 - experiment_ablation_no_chaotic_embedding - INFO - Epoch 42: Train Loss: 0.6472, Train Acc: 0.9531, Val Loss: 0.8920, Val Acc: 0.7865
2026-02-13 11:58:02,184 - experiment_ablation_no_chaotic_embedding - INFO - Train Epoch 43: [0/472 (0.0%)]	Loss: 0.585128
2026-02-13 11:58:03,617 - experiment_ablation_no_chaotic_embedding - INFO - [SYNC DEBUG] Epoch 43: sync_weight=0.1, desync_weight=0.1, loss_sync=0.499672
2026-02-13 11:58:04,099 - experiment_ablation_no_chaotic_embedding - INFO - Epoch 43: Train Loss: 0.6555, Train Acc: 0.9487, Val Loss: 1.8659, Val Acc: 0.5955
2026-02-13 11:58:04,440 - experiment_ablation_no_chaotic_embedding - INFO - Train Epoch 44: [0/472 (0.0%)]	Loss: 0.634883
2026-02-13 11:58:05,842 - experiment_ablation_no_chaotic_embedding - INFO - [SYNC DEBUG] Epoch 44: sync_weight=0.1, desync_weight=0.1, loss_sync=0.499662
2026-02-13 11:58:06,325 - experiment_ablation_no_chaotic_embedding - INFO - Epoch 44: Train Loss: 0.6543, Train Acc: 0.9487, Val Loss: 1.1934, Val Acc: 0.7303
2026-02-13 11:58:06,664 - experiment_ablation_no_chaotic_embedding - INFO - Train Epoch 45: [0/472 (0.0%)]	Loss: 0.767150
2026-02-13 11:58:08,033 - experiment_ablation_no_chaotic_embedding - INFO - [SYNC DEBUG] Epoch 45: sync_weight=0.1, desync_weight=0.1, loss_sync=0.499628
2026-02-13 11:58:08,513 - experiment_ablation_no_chaotic_embedding - INFO - Epoch 45: Train Loss: 0.6102, Train Acc: 0.9688, Val Loss: 0.7287, Val Acc: 0.7753
2026-02-13 11:58:08,850 - experiment_ablation_no_chaotic_embedding - INFO - Train Epoch 46: [0/472 (0.0%)]	Loss: 0.546433
2026-02-13 11:58:10,243 - experiment_ablation_no_chaotic_embedding - INFO - [SYNC DEBUG] Epoch 46: sync_weight=0.1, desync_weight=0.1, loss_sync=0.499754
2026-02-13 11:58:10,719 - experiment_ablation_no_chaotic_embedding - INFO - Epoch 46: Train Loss: 0.6088, Train Acc: 0.9754, Val Loss: 0.7079, Val Acc: 0.8202
2026-02-13 11:58:11,075 - experiment_ablation_no_chaotic_embedding - INFO - Train Epoch 47: [0/472 (0.0%)]	Loss: 0.673058
2026-02-13 11:58:12,500 - experiment_ablation_no_chaotic_embedding - INFO - [SYNC DEBUG] Epoch 47: sync_weight=0.1, desync_weight=0.1, loss_sync=0.499786
2026-02-13 11:58:12,989 - experiment_ablation_no_chaotic_embedding - INFO - Epoch 47: Train Loss: 0.6248, Train Acc: 0.9598, Val Loss: 0.8403, Val Acc: 0.7079
2026-02-13 11:58:13,340 - experiment_ablation_no_chaotic_embedding - INFO - Train Epoch 48: [0/472 (0.0%)]	Loss: 0.601954
2026-02-13 11:58:14,743 - experiment_ablation_no_chaotic_embedding - INFO - [SYNC DEBUG] Epoch 48: sync_weight=0.1, desync_weight=0.1, loss_sync=0.499837
2026-02-13 11:58:15,215 - experiment_ablation_no_chaotic_embedding - INFO - Epoch 48: Train Loss: 0.6071, Train Acc: 0.9643, Val Loss: 1.5665, Val Acc: 0.7303
2026-02-13 11:58:15,579 - experiment_ablation_no_chaotic_embedding - INFO - Train Epoch 49: [0/472 (0.0%)]	Loss: 0.539524
2026-02-13 11:58:16,933 - experiment_ablation_no_chaotic_embedding - INFO - [SYNC DEBUG] Epoch 49: sync_weight=0.1, desync_weight=0.1, loss_sync=0.499881
2026-02-13 11:58:17,414 - experiment_ablation_no_chaotic_embedding - INFO - Epoch 49: Train Loss: 0.6038, Train Acc: 0.9777, Val Loss: 2.3542, Val Acc: 0.5618
2026-02-13 11:58:17,752 - experiment_ablation_no_chaotic_embedding - DEBUG - [STABILITY] lyap=0.019, max_norm=0.6, min_std=0.142
2026-02-13 11:58:17,783 - experiment_ablation_no_chaotic_embedding - INFO - Train Epoch 50: [0/472 (0.0%)]	Loss: 0.557986
2026-02-13 11:58:19,187 - experiment_ablation_no_chaotic_embedding - INFO - [SYNC DEBUG] Epoch 50: sync_weight=0.1, desync_weight=0.1, loss_sync=0.499684
2026-02-13 11:58:19,671 - experiment_ablation_no_chaotic_embedding - INFO - Epoch 50: Train Loss: 0.5700, Train Acc: 0.9799, Val Loss: 1.1182, Val Acc: 0.7079
2026-02-13 11:58:20,083 - experiment_ablation_no_chaotic_embedding - INFO - Train Epoch 51: [0/472 (0.0%)]	Loss: 0.671324
2026-02-13 11:58:21,534 - experiment_ablation_no_chaotic_embedding - INFO - [SYNC DEBUG] Epoch 51: sync_weight=0.1, desync_weight=0.1, loss_sync=0.499741
2026-02-13 11:58:22,018 - experiment_ablation_no_chaotic_embedding - INFO - Epoch 51: Train Loss: 0.6395, Train Acc: 0.9598, Val Loss: 1.1221, Val Acc: 0.7865
2026-02-13 11:58:22,362 - experiment_ablation_no_chaotic_embedding - INFO - Train Epoch 52: [0/472 (0.0%)]	Loss: 0.541010
2026-02-13 11:58:23,776 - experiment_ablation_no_chaotic_embedding - INFO - [SYNC DEBUG] Epoch 52: sync_weight=0.1, desync_weight=0.1, loss_sync=0.499474
2026-02-13 11:58:24,263 - experiment_ablation_no_chaotic_embedding - INFO - Epoch 52: Train Loss: 0.5937, Train Acc: 0.9710, Val Loss: 1.7806, Val Acc: 0.6067
2026-02-13 11:58:24,612 - experiment_ablation_no_chaotic_embedding - INFO - Train Epoch 53: [0/472 (0.0%)]	Loss: 0.576444
2026-02-13 11:58:26,011 - experiment_ablation_no_chaotic_embedding - INFO - [SYNC DEBUG] Epoch 53: sync_weight=0.1, desync_weight=0.1, loss_sync=0.499638
2026-02-13 11:58:26,482 - experiment_ablation_no_chaotic_embedding - INFO - Epoch 53: Train Loss: 0.5689, Train Acc: 0.9844, Val Loss: 1.9766, Val Acc: 0.6629
2026-02-13 11:58:26,846 - experiment_ablation_no_chaotic_embedding - INFO - Train Epoch 54: [0/472 (0.0%)]	Loss: 0.543358
2026-02-13 11:58:28,260 - experiment_ablation_no_chaotic_embedding - INFO - [SYNC DEBUG] Epoch 54: sync_weight=0.1, desync_weight=0.1, loss_sync=0.499628
2026-02-13 11:58:28,741 - experiment_ablation_no_chaotic_embedding - INFO - Epoch 54: Train Loss: 0.6194, Train Acc: 0.9643, Val Loss: 0.7263, Val Acc: 0.7865
2026-02-13 11:58:29,094 - experiment_ablation_no_chaotic_embedding - INFO - Train Epoch 55: [0/472 (0.0%)]	Loss: 0.616444
2026-02-13 11:58:30,425 - experiment_ablation_no_chaotic_embedding - INFO - [SYNC DEBUG] Epoch 55: sync_weight=0.1, desync_weight=0.1, loss_sync=0.499574
2026-02-13 11:58:30,897 - experiment_ablation_no_chaotic_embedding - INFO - Epoch 55: Train Loss: 0.5916, Train Acc: 0.9688, Val Loss: 1.6154, Val Acc: 0.7079
2026-02-13 11:58:31,246 - experiment_ablation_no_chaotic_embedding - INFO - Train Epoch 56: [0/472 (0.0%)]	Loss: 0.558838
2026-02-13 11:58:32,590 - experiment_ablation_no_chaotic_embedding - INFO - [SYNC DEBUG] Epoch 56: sync_weight=0.1, desync_weight=0.1, loss_sync=0.499582
2026-02-13 11:58:33,072 - experiment_ablation_no_chaotic_embedding - INFO - Epoch 56: Train Loss: 0.6092, Train Acc: 0.9621, Val Loss: 0.7657, Val Acc: 0.8539
2026-02-13 11:58:33,145 - experiment_ablation_no_chaotic_embedding - INFO - Saved new best model at epoch 56
2026-02-13 11:58:33,526 - experiment_ablation_no_chaotic_embedding - INFO - Train Epoch 57: [0/472 (0.0%)]	Loss: 0.652434
2026-02-13 11:58:33,699 - experiment_ablation_no_chaotic_embedding - DEBUG - [STABILITY] lyap=0.091, max_norm=0.7, min_std=0.157
2026-02-13 11:58:34,948 - experiment_ablation_no_chaotic_embedding - INFO - [SYNC DEBUG] Epoch 57: sync_weight=0.1, desync_weight=0.1, loss_sync=0.499642
2026-02-13 11:58:35,416 - experiment_ablation_no_chaotic_embedding - INFO - Epoch 57: Train Loss: 0.5987, Train Acc: 0.9821, Val Loss: 0.8394, Val Acc: 0.8539
2026-02-13 11:58:35,771 - experiment_ablation_no_chaotic_embedding - INFO - Train Epoch 58: [0/472 (0.0%)]	Loss: 0.541072
2026-02-13 11:58:37,117 - experiment_ablation_no_chaotic_embedding - INFO - [SYNC DEBUG] Epoch 58: sync_weight=0.1, desync_weight=0.1, loss_sync=0.499624
2026-02-13 11:58:37,596 - experiment_ablation_no_chaotic_embedding - INFO - Epoch 58: Train Loss: 0.5891, Train Acc: 0.9688, Val Loss: 1.4687, Val Acc: 0.6742
2026-02-13 11:58:37,948 - experiment_ablation_no_chaotic_embedding - INFO - Train Epoch 59: [0/472 (0.0%)]	Loss: 0.590081
2026-02-13 11:58:39,277 - experiment_ablation_no_chaotic_embedding - INFO - [SYNC DEBUG] Epoch 59: sync_weight=0.1, desync_weight=0.1, loss_sync=0.499741
2026-02-13 11:58:39,759 - experiment_ablation_no_chaotic_embedding - INFO - Epoch 59: Train Loss: 0.5835, Train Acc: 0.9754, Val Loss: 1.2186, Val Acc: 0.7640
2026-02-13 11:58:40,106 - experiment_ablation_no_chaotic_embedding - INFO - Train Epoch 60: [0/472 (0.0%)]	Loss: 0.516247
2026-02-13 11:58:41,463 - experiment_ablation_no_chaotic_embedding - INFO - [SYNC DEBUG] Epoch 60: sync_weight=0.1, desync_weight=0.1, loss_sync=0.499686
2026-02-13 11:58:41,947 - experiment_ablation_no_chaotic_embedding - INFO - Epoch 60: Train Loss: 0.5814, Train Acc: 0.9799, Val Loss: 1.3912, Val Acc: 0.7865
2026-02-13 11:58:42,361 - experiment_ablation_no_chaotic_embedding - INFO - Train Epoch 61: [0/472 (0.0%)]	Loss: 0.540746
2026-02-13 11:58:43,762 - experiment_ablation_no_chaotic_embedding - INFO - [SYNC DEBUG] Epoch 61: sync_weight=0.1, desync_weight=0.1, loss_sync=0.499619
2026-02-13 11:58:44,233 - experiment_ablation_no_chaotic_embedding - INFO - Epoch 61: Train Loss: 0.5725, Train Acc: 0.9732, Val Loss: 1.9670, Val Acc: 0.6292
2026-02-13 11:58:44,586 - experiment_ablation_no_chaotic_embedding - INFO - Train Epoch 62: [0/472 (0.0%)]	Loss: 0.641516
2026-02-13 11:58:45,937 - experiment_ablation_no_chaotic_embedding - INFO - [SYNC DEBUG] Epoch 62: sync_weight=0.1, desync_weight=0.1, loss_sync=0.499677
2026-02-13 11:58:46,406 - experiment_ablation_no_chaotic_embedding - INFO - Epoch 62: Train Loss: 0.5696, Train Acc: 0.9799, Val Loss: 1.1580, Val Acc: 0.7978
2026-02-13 11:58:46,764 - experiment_ablation_no_chaotic_embedding - INFO - Train Epoch 63: [0/472 (0.0%)]	Loss: 0.531028
2026-02-13 11:58:48,124 - experiment_ablation_no_chaotic_embedding - INFO - [SYNC DEBUG] Epoch 63: sync_weight=0.1, desync_weight=0.1, loss_sync=0.499735
2026-02-13 11:58:48,598 - experiment_ablation_no_chaotic_embedding - INFO - Epoch 63: Train Loss: 0.5629, Train Acc: 0.9821, Val Loss: 0.6549, Val Acc: 0.8652
2026-02-13 11:58:48,674 - experiment_ablation_no_chaotic_embedding - INFO - Saved new best model at epoch 63
2026-02-13 11:58:49,063 - experiment_ablation_no_chaotic_embedding - INFO - Train Epoch 64: [0/472 (0.0%)]	Loss: 0.558828
2026-02-13 11:58:49,441 - experiment_ablation_no_chaotic_embedding - DEBUG - [STABILITY] lyap=0.069, max_norm=0.8, min_std=0.166
2026-02-13 11:58:50,422 - experiment_ablation_no_chaotic_embedding - INFO - [SYNC DEBUG] Epoch 64: sync_weight=0.1, desync_weight=0.1, loss_sync=0.499435
2026-02-13 11:58:50,898 - experiment_ablation_no_chaotic_embedding - INFO - Epoch 64: Train Loss: 0.6002, Train Acc: 0.9754, Val Loss: 1.0298, Val Acc: 0.8315
2026-02-13 11:58:51,241 - experiment_ablation_no_chaotic_embedding - INFO - Train Epoch 65: [0/472 (0.0%)]	Loss: 0.502686
2026-02-13 11:58:52,677 - experiment_ablation_no_chaotic_embedding - INFO - [SYNC DEBUG] Epoch 65: sync_weight=0.1, desync_weight=0.1, loss_sync=0.499392
2026-02-13 11:58:53,161 - experiment_ablation_no_chaotic_embedding - INFO - Epoch 65: Train Loss: 0.5366, Train Acc: 0.9911, Val Loss: 0.4319, Val Acc: 0.8989
2026-02-13 11:58:53,234 - experiment_ablation_no_chaotic_embedding - INFO - Saved new best model at epoch 65
2026-02-13 11:58:53,631 - experiment_ablation_no_chaotic_embedding - INFO - Train Epoch 66: [0/472 (0.0%)]	Loss: 0.581274
2026-02-13 11:58:55,044 - experiment_ablation_no_chaotic_embedding - INFO - [SYNC DEBUG] Epoch 66: sync_weight=0.1, desync_weight=0.1, loss_sync=0.499782
2026-02-13 11:58:55,534 - experiment_ablation_no_chaotic_embedding - INFO - Epoch 66: Train Loss: 0.5499, Train Acc: 0.9844, Val Loss: 0.7103, Val Acc: 0.8202
2026-02-13 11:58:55,882 - experiment_ablation_no_chaotic_embedding - INFO - Train Epoch 67: [0/472 (0.0%)]	Loss: 0.510733
2026-02-13 11:58:57,324 - experiment_ablation_no_chaotic_embedding - INFO - [SYNC DEBUG] Epoch 67: sync_weight=0.1, desync_weight=0.1, loss_sync=0.499579
2026-02-13 11:58:57,818 - experiment_ablation_no_chaotic_embedding - INFO - Epoch 67: Train Loss: 0.5400, Train Acc: 0.9888, Val Loss: 1.8920, Val Acc: 0.6854
2026-02-13 11:58:58,164 - experiment_ablation_no_chaotic_embedding - INFO - Train Epoch 68: [0/472 (0.0%)]	Loss: 0.525082
2026-02-13 11:58:59,570 - experiment_ablation_no_chaotic_embedding - INFO - [SYNC DEBUG] Epoch 68: sync_weight=0.1, desync_weight=0.1, loss_sync=0.499581
2026-02-13 11:59:00,052 - experiment_ablation_no_chaotic_embedding - INFO - Epoch 68: Train Loss: 0.5489, Train Acc: 0.9844, Val Loss: 1.5545, Val Acc: 0.7191
2026-02-13 11:59:00,408 - experiment_ablation_no_chaotic_embedding - INFO - Train Epoch 69: [0/472 (0.0%)]	Loss: 0.537857
2026-02-13 11:59:01,816 - experiment_ablation_no_chaotic_embedding - INFO - [SYNC DEBUG] Epoch 69: sync_weight=0.1, desync_weight=0.1, loss_sync=0.499570
2026-02-13 11:59:02,286 - experiment_ablation_no_chaotic_embedding - INFO - Epoch 69: Train Loss: 0.5666, Train Acc: 0.9799, Val Loss: 0.9102, Val Acc: 0.8090
2026-02-13 11:59:02,638 - experiment_ablation_no_chaotic_embedding - INFO - Train Epoch 70: [0/472 (0.0%)]	Loss: 0.510574
2026-02-13 11:59:03,992 - experiment_ablation_no_chaotic_embedding - INFO - [SYNC DEBUG] Epoch 70: sync_weight=0.1, desync_weight=0.1, loss_sync=0.499523
2026-02-13 11:59:04,474 - experiment_ablation_no_chaotic_embedding - INFO - Epoch 70: Train Loss: 0.5434, Train Acc: 0.9866, Val Loss: 0.5548, Val Acc: 0.8652
2026-02-13 11:59:04,891 - experiment_ablation_no_chaotic_embedding - INFO - Train Epoch 71: [0/472 (0.0%)]	Loss: 0.513807
2026-02-13 11:59:05,473 - experiment_ablation_no_chaotic_embedding - DEBUG - [STABILITY] lyap=0.111, max_norm=0.9, min_std=0.178
2026-02-13 11:59:06,244 - experiment_ablation_no_chaotic_embedding - INFO - [SYNC DEBUG] Epoch 71: sync_weight=0.1, desync_weight=0.1, loss_sync=0.499641
2026-02-13 11:59:06,721 - experiment_ablation_no_chaotic_embedding - INFO - Epoch 71: Train Loss: 0.6069, Train Acc: 0.9732, Val Loss: 0.6239, Val Acc: 0.9101
2026-02-13 11:59:06,794 - experiment_ablation_no_chaotic_embedding - INFO - Saved new best model at epoch 71
2026-02-13 11:59:07,176 - experiment_ablation_no_chaotic_embedding - INFO - Train Epoch 72: [0/472 (0.0%)]	Loss: 0.514833
2026-02-13 11:59:08,577 - experiment_ablation_no_chaotic_embedding - INFO - [SYNC DEBUG] Epoch 72: sync_weight=0.1, desync_weight=0.1, loss_sync=0.499410
2026-02-13 11:59:09,054 - experiment_ablation_no_chaotic_embedding - INFO - Epoch 72: Train Loss: 0.5570, Train Acc: 0.9888, Val Loss: 1.0213, Val Acc: 0.7865
2026-02-13 11:59:09,398 - experiment_ablation_no_chaotic_embedding - INFO - Train Epoch 73: [0/472 (0.0%)]	Loss: 0.506562
2026-02-13 11:59:10,795 - experiment_ablation_no_chaotic_embedding - INFO - [SYNC DEBUG] Epoch 73: sync_weight=0.1, desync_weight=0.1, loss_sync=0.499843
2026-02-13 11:59:11,285 - experiment_ablation_no_chaotic_embedding - INFO - Epoch 73: Train Loss: 0.5364, Train Acc: 0.9933, Val Loss: 0.7714, Val Acc: 0.8202
2026-02-13 11:59:11,643 - experiment_ablation_no_chaotic_embedding - INFO - Train Epoch 74: [0/472 (0.0%)]	Loss: 0.508063
2026-02-13 11:59:13,057 - experiment_ablation_no_chaotic_embedding - INFO - [SYNC DEBUG] Epoch 74: sync_weight=0.1, desync_weight=0.1, loss_sync=0.499556
2026-02-13 11:59:13,559 - experiment_ablation_no_chaotic_embedding - INFO - Epoch 74: Train Loss: 0.5756, Train Acc: 0.9754, Val Loss: 0.8761, Val Acc: 0.8202
2026-02-13 11:59:13,920 - experiment_ablation_no_chaotic_embedding - INFO - Train Epoch 75: [0/472 (0.0%)]	Loss: 0.551270
2026-02-13 11:59:15,338 - experiment_ablation_no_chaotic_embedding - INFO - [SYNC DEBUG] Epoch 75: sync_weight=0.1, desync_weight=0.1, loss_sync=0.499533
2026-02-13 11:59:15,831 - experiment_ablation_no_chaotic_embedding - INFO - Epoch 75: Train Loss: 0.5536, Train Acc: 0.9866, Val Loss: 0.7649, Val Acc: 0.8427
2026-02-13 11:59:16,177 - experiment_ablation_no_chaotic_embedding - INFO - Train Epoch 76: [0/472 (0.0%)]	Loss: 0.508731
2026-02-13 11:59:17,596 - experiment_ablation_no_chaotic_embedding - INFO - [SYNC DEBUG] Epoch 76: sync_weight=0.1, desync_weight=0.1, loss_sync=0.499529
2026-02-13 11:59:18,090 - experiment_ablation_no_chaotic_embedding - INFO - Epoch 76: Train Loss: 0.5475, Train Acc: 0.9844, Val Loss: 1.0411, Val Acc: 0.7865
2026-02-13 11:59:18,446 - experiment_ablation_no_chaotic_embedding - INFO - Train Epoch 77: [0/472 (0.0%)]	Loss: 0.653650
2026-02-13 11:59:19,863 - experiment_ablation_no_chaotic_embedding - INFO - [SYNC DEBUG] Epoch 77: sync_weight=0.1, desync_weight=0.1, loss_sync=0.499425
2026-02-13 11:59:20,337 - experiment_ablation_no_chaotic_embedding - INFO - Epoch 77: Train Loss: 0.5860, Train Acc: 0.9665, Val Loss: 2.2046, Val Acc: 0.6854
2026-02-13 11:59:20,692 - experiment_ablation_no_chaotic_embedding - INFO - Train Epoch 78: [0/472 (0.0%)]	Loss: 0.612706
2026-02-13 11:59:21,451 - experiment_ablation_no_chaotic_embedding - DEBUG - [STABILITY] lyap=0.099, max_norm=1.0, min_std=0.197
2026-02-13 11:59:22,024 - experiment_ablation_no_chaotic_embedding - INFO - [SYNC DEBUG] Epoch 78: sync_weight=0.1, desync_weight=0.1, loss_sync=0.499697
2026-02-13 11:59:22,498 - experiment_ablation_no_chaotic_embedding - INFO - Epoch 78: Train Loss: 0.5527, Train Acc: 0.9777, Val Loss: 0.8202, Val Acc: 0.8090
2026-02-13 11:59:22,858 - experiment_ablation_no_chaotic_embedding - INFO - Train Epoch 79: [0/472 (0.0%)]	Loss: 0.511462
2026-02-13 11:59:24,230 - experiment_ablation_no_chaotic_embedding - INFO - [SYNC DEBUG] Epoch 79: sync_weight=0.1, desync_weight=0.1, loss_sync=0.499705
2026-02-13 11:59:24,707 - experiment_ablation_no_chaotic_embedding - INFO - Epoch 79: Train Loss: 0.5583, Train Acc: 0.9821, Val Loss: 1.3801, Val Acc: 0.7753
2026-02-13 11:59:25,072 - experiment_ablation_no_chaotic_embedding - INFO - Train Epoch 80: [0/472 (0.0%)]	Loss: 0.910732
2026-02-13 11:59:26,418 - experiment_ablation_no_chaotic_embedding - INFO - [SYNC DEBUG] Epoch 80: sync_weight=0.1, desync_weight=0.1, loss_sync=0.499623
2026-02-13 11:59:26,892 - experiment_ablation_no_chaotic_embedding - INFO - Epoch 80: Train Loss: 0.5701, Train Acc: 0.9777, Val Loss: 0.7611, Val Acc: 0.8090
2026-02-13 11:59:27,314 - experiment_ablation_no_chaotic_embedding - INFO - Train Epoch 81: [0/472 (0.0%)]	Loss: 0.501557
2026-02-13 11:59:28,664 - experiment_ablation_no_chaotic_embedding - INFO - [SYNC DEBUG] Epoch 81: sync_weight=0.1, desync_weight=0.1, loss_sync=0.499375
2026-02-13 11:59:29,137 - experiment_ablation_no_chaotic_embedding - INFO - Epoch 81: Train Loss: 0.5545, Train Acc: 0.9799, Val Loss: 1.2583, Val Acc: 0.7753
2026-02-13 11:59:29,504 - experiment_ablation_no_chaotic_embedding - INFO - Train Epoch 82: [0/472 (0.0%)]	Loss: 0.568434
2026-02-13 11:59:30,848 - experiment_ablation_no_chaotic_embedding - INFO - [SYNC DEBUG] Epoch 82: sync_weight=0.1, desync_weight=0.1, loss_sync=0.499323
2026-02-13 11:59:31,337 - experiment_ablation_no_chaotic_embedding - INFO - Epoch 82: Train Loss: 0.5551, Train Acc: 0.9777, Val Loss: 0.6296, Val Acc: 0.8202
2026-02-13 11:59:31,701 - experiment_ablation_no_chaotic_embedding - INFO - Train Epoch 83: [0/472 (0.0%)]	Loss: 0.521058
2026-02-13 11:59:33,107 - experiment_ablation_no_chaotic_embedding - INFO - [SYNC DEBUG] Epoch 83: sync_weight=0.1, desync_weight=0.1, loss_sync=0.499568
2026-02-13 11:59:33,601 - experiment_ablation_no_chaotic_embedding - INFO - Epoch 83: Train Loss: 0.5443, Train Acc: 0.9888, Val Loss: 1.2691, Val Acc: 0.7416
2026-02-13 11:59:33,948 - experiment_ablation_no_chaotic_embedding - INFO - Train Epoch 84: [0/472 (0.0%)]	Loss: 0.571903
2026-02-13 11:59:35,346 - experiment_ablation_no_chaotic_embedding - INFO - [SYNC DEBUG] Epoch 84: sync_weight=0.1, desync_weight=0.1, loss_sync=0.499585
2026-02-13 11:59:35,833 - experiment_ablation_no_chaotic_embedding - INFO - Epoch 84: Train Loss: 0.5476, Train Acc: 0.9754, Val Loss: 1.7732, Val Acc: 0.6966
2026-02-13 11:59:36,196 - experiment_ablation_no_chaotic_embedding - INFO - Train Epoch 85: [0/472 (0.0%)]	Loss: 0.611822
2026-02-13 11:59:37,180 - experiment_ablation_no_chaotic_embedding - DEBUG - [STABILITY] lyap=0.094, max_norm=1.0, min_std=0.207
2026-02-13 11:59:37,573 - experiment_ablation_no_chaotic_embedding - INFO - [SYNC DEBUG] Epoch 85: sync_weight=0.1, desync_weight=0.1, loss_sync=0.499487
2026-02-13 11:59:38,042 - experiment_ablation_no_chaotic_embedding - INFO - Epoch 85: Train Loss: 0.5878, Train Acc: 0.9710, Val Loss: 1.1127, Val Acc: 0.8090
2026-02-13 11:59:38,412 - experiment_ablation_no_chaotic_embedding - INFO - Train Epoch 86: [0/472 (0.0%)]	Loss: 0.570577
2026-02-13 11:59:39,757 - experiment_ablation_no_chaotic_embedding - INFO - [SYNC DEBUG] Epoch 86: sync_weight=0.1, desync_weight=0.1, loss_sync=0.499917
2026-02-13 11:59:40,232 - experiment_ablation_no_chaotic_embedding - INFO - Epoch 86: Train Loss: 0.5616, Train Acc: 0.9777, Val Loss: 1.0423, Val Acc: 0.7528
2026-02-13 11:59:40,583 - experiment_ablation_no_chaotic_embedding - INFO - Train Epoch 87: [0/472 (0.0%)]	Loss: 0.500087
2026-02-13 11:59:41,939 - experiment_ablation_no_chaotic_embedding - INFO - [SYNC DEBUG] Epoch 87: sync_weight=0.1, desync_weight=0.1, loss_sync=0.499715
2026-02-13 11:59:42,421 - experiment_ablation_no_chaotic_embedding - INFO - Epoch 87: Train Loss: 0.5553, Train Acc: 0.9866, Val Loss: 0.4547, Val Acc: 0.8989
2026-02-13 11:59:42,779 - experiment_ablation_no_chaotic_embedding - INFO - Train Epoch 88: [0/472 (0.0%)]	Loss: 0.506109
2026-02-13 11:59:44,125 - experiment_ablation_no_chaotic_embedding - INFO - [SYNC DEBUG] Epoch 88: sync_weight=0.1, desync_weight=0.1, loss_sync=0.499605
2026-02-13 11:59:44,602 - experiment_ablation_no_chaotic_embedding - INFO - Epoch 88: Train Loss: 0.5287, Train Acc: 0.9888, Val Loss: 0.5369, Val Acc: 0.8764
2026-02-13 11:59:44,956 - experiment_ablation_no_chaotic_embedding - INFO - Train Epoch 89: [0/472 (0.0%)]	Loss: 0.504975
2026-02-13 11:59:46,307 - experiment_ablation_no_chaotic_embedding - INFO - [SYNC DEBUG] Epoch 89: sync_weight=0.1, desync_weight=0.1, loss_sync=0.499203
2026-02-13 11:59:46,782 - experiment_ablation_no_chaotic_embedding - INFO - Epoch 89: Train Loss: 0.5355, Train Acc: 0.9888, Val Loss: 0.5377, Val Acc: 0.8652
2026-02-13 11:59:47,135 - experiment_ablation_no_chaotic_embedding - INFO - Train Epoch 90: [0/472 (0.0%)]	Loss: 0.559268
2026-02-13 11:59:48,520 - experiment_ablation_no_chaotic_embedding - INFO - [SYNC DEBUG] Epoch 90: sync_weight=0.1, desync_weight=0.1, loss_sync=0.499693
2026-02-13 11:59:48,994 - experiment_ablation_no_chaotic_embedding - INFO - Epoch 90: Train Loss: 0.5352, Train Acc: 0.9888, Val Loss: 0.8834, Val Acc: 0.8539
2026-02-13 11:59:49,410 - experiment_ablation_no_chaotic_embedding - INFO - Train Epoch 91: [0/472 (0.0%)]	Loss: 0.614036
2026-02-13 11:59:50,865 - experiment_ablation_no_chaotic_embedding - INFO - [SYNC DEBUG] Epoch 91: sync_weight=0.1, desync_weight=0.1, loss_sync=0.499291
2026-02-13 11:59:51,346 - experiment_ablation_no_chaotic_embedding - INFO - Epoch 91: Train Loss: 0.5359, Train Acc: 0.9911, Val Loss: 0.9715, Val Acc: 0.8202
2026-02-13 11:59:51,711 - experiment_ablation_no_chaotic_embedding - INFO - Train Epoch 92: [0/472 (0.0%)]	Loss: 0.504126
2026-02-13 11:59:52,874 - experiment_ablation_no_chaotic_embedding - DEBUG - [STABILITY] lyap=0.081, max_norm=1.0, min_std=0.211
2026-02-13 11:59:53,062 - experiment_ablation_no_chaotic_embedding - INFO - [SYNC DEBUG] Epoch 92: sync_weight=0.1, desync_weight=0.1, loss_sync=0.499511
2026-02-13 11:59:53,547 - experiment_ablation_no_chaotic_embedding - INFO - Epoch 92: Train Loss: 0.5434, Train Acc: 0.9777, Val Loss: 0.8699, Val Acc: 0.8315
2026-02-13 11:59:53,917 - experiment_ablation_no_chaotic_embedding - INFO - Train Epoch 93: [0/472 (0.0%)]	Loss: 0.548383
2026-02-13 11:59:55,267 - experiment_ablation_no_chaotic_embedding - INFO - [SYNC DEBUG] Epoch 93: sync_weight=0.1, desync_weight=0.1, loss_sync=0.499379
2026-02-13 11:59:55,745 - experiment_ablation_no_chaotic_embedding - INFO - Epoch 93: Train Loss: 0.5784, Train Acc: 0.9710, Val Loss: 0.8246, Val Acc: 0.8539
2026-02-13 11:59:56,106 - experiment_ablation_no_chaotic_embedding - INFO - Train Epoch 94: [0/472 (0.0%)]	Loss: 0.585035
2026-02-13 11:59:57,522 - experiment_ablation_no_chaotic_embedding - INFO - [SYNC DEBUG] Epoch 94: sync_weight=0.1, desync_weight=0.1, loss_sync=0.499714
2026-02-13 11:59:58,011 - experiment_ablation_no_chaotic_embedding - INFO - Epoch 94: Train Loss: 0.5515, Train Acc: 0.9888, Val Loss: 0.7032, Val Acc: 0.8764
2026-02-13 11:59:58,357 - experiment_ablation_no_chaotic_embedding - INFO - Train Epoch 95: [0/472 (0.0%)]	Loss: 0.502253
2026-02-13 11:59:59,766 - experiment_ablation_no_chaotic_embedding - INFO - [SYNC DEBUG] Epoch 95: sync_weight=0.1, desync_weight=0.1, loss_sync=0.499185
2026-02-13 12:00:00,258 - experiment_ablation_no_chaotic_embedding - INFO - Epoch 95: Train Loss: 0.5510, Train Acc: 0.9888, Val Loss: 1.9656, Val Acc: 0.6742
2026-02-13 12:00:00,636 - experiment_ablation_no_chaotic_embedding - INFO - Train Epoch 96: [0/472 (0.0%)]	Loss: 0.502589
2026-02-13 12:00:02,032 - experiment_ablation_no_chaotic_embedding - INFO - [SYNC DEBUG] Epoch 96: sync_weight=0.1, desync_weight=0.1, loss_sync=0.499621
2026-02-13 12:00:02,509 - experiment_ablation_no_chaotic_embedding - INFO - Epoch 96: Train Loss: 0.5278, Train Acc: 0.9933, Val Loss: 0.5484, Val Acc: 0.8876
2026-02-13 12:00:02,868 - experiment_ablation_no_chaotic_embedding - INFO - Train Epoch 97: [0/472 (0.0%)]	Loss: 0.509610
2026-02-13 12:00:04,213 - experiment_ablation_no_chaotic_embedding - INFO - [SYNC DEBUG] Epoch 97: sync_weight=0.1, desync_weight=0.1, loss_sync=0.499309
2026-02-13 12:00:04,704 - experiment_ablation_no_chaotic_embedding - INFO - Epoch 97: Train Loss: 0.5214, Train Acc: 0.9978, Val Loss: 0.8276, Val Acc: 0.8539
2026-02-13 12:00:05,064 - experiment_ablation_no_chaotic_embedding - INFO - Train Epoch 98: [0/472 (0.0%)]	Loss: 0.520779
2026-02-13 12:00:06,503 - experiment_ablation_no_chaotic_embedding - INFO - [SYNC DEBUG] Epoch 98: sync_weight=0.1, desync_weight=0.1, loss_sync=0.499830
2026-02-13 12:00:06,982 - experiment_ablation_no_chaotic_embedding - INFO - Epoch 98: Train Loss: 0.5271, Train Acc: 0.9933, Val Loss: 1.0092, Val Acc: 0.8090
2026-02-13 12:00:07,338 - experiment_ablation_no_chaotic_embedding - INFO - Train Epoch 99: [0/472 (0.0%)]	Loss: 0.527368
2026-02-13 12:00:08,703 - experiment_ablation_no_chaotic_embedding - INFO - [SYNC DEBUG] Epoch 99: sync_weight=0.1, desync_weight=0.1, loss_sync=0.499290
2026-02-13 12:00:09,177 - experiment_ablation_no_chaotic_embedding - INFO - Epoch 99: Train Loss: 0.5359, Train Acc: 0.9866, Val Loss: 0.6994, Val Acc: 0.8989
2026-02-13 12:00:09,180 - experiment_ablation_no_chaotic_embedding - INFO - Running final test evaluation...
2026-02-13 12:00:09,734 - experiment_ablation_no_chaotic_embedding - INFO - Test Results:
2026-02-13 12:00:09,734 - experiment_ablation_no_chaotic_embedding - INFO -   loss: 0.3788
2026-02-13 12:00:09,734 - experiment_ablation_no_chaotic_embedding - INFO -   accuracy: 0.8898
2026-02-13 12:00:09,736 - experiment_ablation_no_chaotic_embedding - INFO - Training completed
2026-02-13 12:32:49,262 - experiment_ablation_no_chaotic_embedding - INFO - Initialized experiment: ablation_no_chaotic_embedding
2026-02-13 12:32:49,282 - experiment_ablation_no_chaotic_embedding - INFO - Device: cuda
2026-02-13 12:32:49,282 - experiment_ablation_no_chaotic_embedding - INFO - Output directory: /scratch/project_2003370/yueyao/Model/experiments/configs/Ablation_study/no_chaotic_embedding/ablation_no_chaotic_embedding
2026-02-13 12:32:49,283 - experiment_ablation_no_chaotic_embedding - INFO - [SYNC LOSS] Enabled with mode: standard
2026-02-13 12:32:49,283 - experiment_ablation_no_chaotic_embedding - INFO - Initialized chaotic network experiment with lorenz system
2026-02-13 12:32:49,283 - experiment_ablation_no_chaotic_embedding - INFO - Setting up experiment components...
2026-02-13 12:32:49,283 - experiment_ablation_no_chaotic_embedding - INFO - Creating dataloaders...
2026-02-13 12:32:49,720 - experiment_ablation_no_chaotic_embedding - INFO - Detected 26 speakers in dataset
2026-02-13 12:32:49,720 - experiment_ablation_no_chaotic_embedding - INFO - Dataloaders created:
2026-02-13 12:32:49,720 - experiment_ablation_no_chaotic_embedding - INFO -   Train: 14 batches
2026-02-13 12:32:49,720 - experiment_ablation_no_chaotic_embedding - INFO -   Val: 3 batches
2026-02-13 12:32:49,720 - experiment_ablation_no_chaotic_embedding - INFO -   Test: 4 batches
2026-02-13 12:32:49,720 - experiment_ablation_no_chaotic_embedding - INFO - Creating model...
2026-02-13 12:32:49,720 - experiment_ablation_no_chaotic_embedding - INFO - Using actual num_speakers from dataset: 26
2026-02-13 12:33:56,229 - experiment_ablation_no_chaotic_embedding - INFO - Total parameters: 500,671
2026-02-13 12:33:56,229 - experiment_ablation_no_chaotic_embedding - INFO - Trainable parameters: 500,671
2026-02-13 12:33:56,229 - experiment_ablation_no_chaotic_embedding - INFO - Creating optimizer...
2026-02-13 12:33:56,229 - experiment_ablation_no_chaotic_embedding - INFO - Optimizer: AdamW
2026-02-13 12:33:56,229 - experiment_ablation_no_chaotic_embedding - INFO - Creating scheduler...
2026-02-13 12:33:56,229 - experiment_ablation_no_chaotic_embedding - INFO - Creating criterion...
2026-02-13 12:33:56,229 - experiment_ablation_no_chaotic_embedding - INFO - Criterion: CrossEntropyLoss
2026-02-13 12:33:56,330 - experiment_ablation_no_chaotic_embedding - INFO - Configuration saved to: /scratch/project_2003370/yueyao/Model/experiments/configs/Ablation_study/no_chaotic_embedding/ablation_no_chaotic_embedding/config.json
2026-02-13 12:33:56,330 - experiment_ablation_no_chaotic_embedding - INFO - Experiment setup completed
2026-02-13 12:33:56,331 - experiment_ablation_no_chaotic_embedding - INFO - Starting training for 100 epochs
2026-02-13 12:33:56,331 - experiment_ablation_no_chaotic_embedding - INFO - [SYNC LOSS] Warmup complete, synchronization loss activated!
2026-02-13 12:33:56,519 - experiment_ablation_no_chaotic_embedding - INFO - 
================================================================================
2026-02-13 12:33:56,520 - experiment_ablation_no_chaotic_embedding - INFO - COMPREHENSIVE DEBUG - FIRST BATCH
2026-02-13 12:33:56,520 - experiment_ablation_no_chaotic_embedding - INFO - ================================================================================
2026-02-13 12:33:56,520 - experiment_ablation_no_chaotic_embedding - INFO - Batch Info:
2026-02-13 12:33:56,520 - experiment_ablation_no_chaotic_embedding - INFO -   Audio shape: torch.Size([32, 48000])
2026-02-13 12:33:56,520 - experiment_ablation_no_chaotic_embedding - INFO -   Targets shape: torch.Size([32])
2026-02-13 12:33:56,521 - experiment_ablation_no_chaotic_embedding - INFO -   Targets (first 8): tensor([12,  7,  3, 17, 18, 19,  9,  1], device='cuda:0')
2026-02-13 12:33:56,624 - experiment_ablation_no_chaotic_embedding - INFO - ================================================================================

2026-02-13 12:33:56,691 - experiment_ablation_no_chaotic_embedding - INFO - [STABILITY] Initialized LyapunovStabilityLoss
2026-02-13 12:33:56,693 - experiment_ablation_no_chaotic_embedding - DEBUG - [STABILITY] lyap=-0.009, max_norm=0.2, min_std=0.057
2026-02-13 12:33:56,726 - experiment_ablation_no_chaotic_embedding - INFO - Train Epoch 0: [0/472 (0.0%)]	Loss: 6.717903
2026-02-13 12:33:58,083 - experiment_ablation_no_chaotic_embedding - INFO - [SYNC DEBUG] Epoch 0: sync_weight=0.1, desync_weight=0.1, loss_sync=0.499952
2026-02-13 12:33:58,533 - experiment_ablation_no_chaotic_embedding - INFO - Epoch 0: Train Loss: 6.1814, Train Acc: 0.0558, Val Loss: 4.3375, Val Acc: 0.0449
2026-02-13 12:33:58,599 - experiment_ablation_no_chaotic_embedding - INFO - Saved new best model at epoch 0
2026-02-13 12:33:59,027 - experiment_ablation_no_chaotic_embedding - INFO - Train Epoch 1: [0/472 (0.0%)]	Loss: 4.339998
2026-02-13 12:34:00,372 - experiment_ablation_no_chaotic_embedding - INFO - [SYNC DEBUG] Epoch 1: sync_weight=0.1, desync_weight=0.1, loss_sync=0.499890
2026-02-13 12:34:00,819 - experiment_ablation_no_chaotic_embedding - INFO - Epoch 1: Train Loss: 4.1101, Train Acc: 0.1830, Val Loss: 5.0098, Val Acc: 0.0449
2026-02-13 12:34:01,156 - experiment_ablation_no_chaotic_embedding - INFO - Train Epoch 2: [0/472 (0.0%)]	Loss: 3.344496
2026-02-13 12:34:02,500 - experiment_ablation_no_chaotic_embedding - INFO - [SYNC DEBUG] Epoch 2: sync_weight=0.1, desync_weight=0.1, loss_sync=0.499880
2026-02-13 12:34:02,955 - experiment_ablation_no_chaotic_embedding - INFO - Epoch 2: Train Loss: 3.3260, Train Acc: 0.3058, Val Loss: 5.0665, Val Acc: 0.0449
2026-02-13 12:34:03,297 - experiment_ablation_no_chaotic_embedding - INFO - Train Epoch 3: [0/472 (0.0%)]	Loss: 2.843862
2026-02-13 12:34:04,633 - experiment_ablation_no_chaotic_embedding - INFO - [SYNC DEBUG] Epoch 3: sync_weight=0.1, desync_weight=0.1, loss_sync=0.499834
2026-02-13 12:34:05,079 - experiment_ablation_no_chaotic_embedding - INFO - Epoch 3: Train Loss: 2.7196, Train Acc: 0.3549, Val Loss: 4.0037, Val Acc: 0.0449
2026-02-13 12:34:05,400 - experiment_ablation_no_chaotic_embedding - INFO - Train Epoch 4: [0/472 (0.0%)]	Loss: 3.140053
2026-02-13 12:34:06,747 - experiment_ablation_no_chaotic_embedding - INFO - [SYNC DEBUG] Epoch 4: sync_weight=0.1, desync_weight=0.1, loss_sync=0.499821
2026-02-13 12:34:07,207 - experiment_ablation_no_chaotic_embedding - INFO - Epoch 4: Train Loss: 2.3712, Train Acc: 0.4665, Val Loss: 2.9398, Val Acc: 0.2921
2026-02-13 12:34:07,281 - experiment_ablation_no_chaotic_embedding - INFO - Saved new best model at epoch 4
2026-02-13 12:34:07,649 - experiment_ablation_no_chaotic_embedding - INFO - Train Epoch 5: [0/472 (0.0%)]	Loss: 1.886235
2026-02-13 12:34:08,999 - experiment_ablation_no_chaotic_embedding - INFO - [SYNC DEBUG] Epoch 5: sync_weight=0.1, desync_weight=0.1, loss_sync=0.499864
2026-02-13 12:34:09,445 - experiment_ablation_no_chaotic_embedding - INFO - Epoch 5: Train Loss: 1.9840, Train Acc: 0.5446, Val Loss: 2.0054, Val Acc: 0.4719
2026-02-13 12:34:09,511 - experiment_ablation_no_chaotic_embedding - INFO - Saved new best model at epoch 5
2026-02-13 12:34:09,878 - experiment_ablation_no_chaotic_embedding - INFO - Train Epoch 6: [0/472 (0.0%)]	Loss: 1.468648
2026-02-13 12:34:11,215 - experiment_ablation_no_chaotic_embedding - INFO - [SYNC DEBUG] Epoch 6: sync_weight=0.1, desync_weight=0.1, loss_sync=0.499931
2026-02-13 12:34:11,667 - experiment_ablation_no_chaotic_embedding - INFO - Epoch 6: Train Loss: 1.7454, Train Acc: 0.6183, Val Loss: 2.8539, Val Acc: 0.3708
2026-02-13 12:34:12,011 - experiment_ablation_no_chaotic_embedding - INFO - Train Epoch 7: [0/472 (0.0%)]	Loss: 1.421211
2026-02-13 12:34:12,179 - experiment_ablation_no_chaotic_embedding - DEBUG - [STABILITY] lyap=-0.006, max_norm=0.4, min_std=0.100
2026-02-13 12:34:13,350 - experiment_ablation_no_chaotic_embedding - INFO - [SYNC DEBUG] Epoch 7: sync_weight=0.1, desync_weight=0.1, loss_sync=0.499833
2026-02-13 12:34:13,802 - experiment_ablation_no_chaotic_embedding - INFO - Epoch 7: Train Loss: 1.5799, Train Acc: 0.6473, Val Loss: 1.9760, Val Acc: 0.5393
2026-02-13 12:34:13,871 - experiment_ablation_no_chaotic_embedding - INFO - Saved new best model at epoch 7
2026-02-13 12:34:14,251 - experiment_ablation_no_chaotic_embedding - INFO - Train Epoch 8: [0/472 (0.0%)]	Loss: 1.707126
2026-02-13 12:34:15,610 - experiment_ablation_no_chaotic_embedding - INFO - [SYNC DEBUG] Epoch 8: sync_weight=0.1, desync_weight=0.1, loss_sync=0.499967
2026-02-13 12:34:16,064 - experiment_ablation_no_chaotic_embedding - INFO - Epoch 8: Train Loss: 1.3926, Train Acc: 0.7143, Val Loss: 2.1401, Val Acc: 0.5169
2026-02-13 12:34:16,399 - experiment_ablation_no_chaotic_embedding - INFO - Train Epoch 9: [0/472 (0.0%)]	Loss: 1.009524
2026-02-13 12:34:17,761 - experiment_ablation_no_chaotic_embedding - INFO - [SYNC DEBUG] Epoch 9: sync_weight=0.1, desync_weight=0.1, loss_sync=0.499876
2026-02-13 12:34:18,226 - experiment_ablation_no_chaotic_embedding - INFO - Epoch 9: Train Loss: 1.3570, Train Acc: 0.7321, Val Loss: 1.4309, Val Acc: 0.6517
2026-02-13 12:34:18,299 - experiment_ablation_no_chaotic_embedding - INFO - Saved new best model at epoch 9
2026-02-13 12:34:18,666 - experiment_ablation_no_chaotic_embedding - INFO - Train Epoch 10: [0/472 (0.0%)]	Loss: 1.591264
2026-02-13 12:34:20,009 - experiment_ablation_no_chaotic_embedding - INFO - [SYNC DEBUG] Epoch 10: sync_weight=0.1, desync_weight=0.1, loss_sync=0.499799
2026-02-13 12:34:20,454 - experiment_ablation_no_chaotic_embedding - INFO - Epoch 10: Train Loss: 1.2611, Train Acc: 0.7634, Val Loss: 1.6482, Val Acc: 0.5281
2026-02-13 12:34:20,852 - experiment_ablation_no_chaotic_embedding - INFO - Train Epoch 11: [0/472 (0.0%)]	Loss: 1.020547
2026-02-13 12:34:22,181 - experiment_ablation_no_chaotic_embedding - INFO - [SYNC DEBUG] Epoch 11: sync_weight=0.1, desync_weight=0.1, loss_sync=0.499899
2026-02-13 12:34:22,633 - experiment_ablation_no_chaotic_embedding - INFO - Epoch 11: Train Loss: 1.1565, Train Acc: 0.7991, Val Loss: 1.1486, Val Acc: 0.6517
2026-02-13 12:34:22,961 - experiment_ablation_no_chaotic_embedding - INFO - Train Epoch 12: [0/472 (0.0%)]	Loss: 0.926636
2026-02-13 12:34:24,325 - experiment_ablation_no_chaotic_embedding - INFO - [SYNC DEBUG] Epoch 12: sync_weight=0.1, desync_weight=0.1, loss_sync=0.499882
2026-02-13 12:34:24,776 - experiment_ablation_no_chaotic_embedding - INFO - Epoch 12: Train Loss: 1.1263, Train Acc: 0.7991, Val Loss: 2.4738, Val Acc: 0.4494
2026-02-13 12:34:25,112 - experiment_ablation_no_chaotic_embedding - INFO - Train Epoch 13: [0/472 (0.0%)]	Loss: 1.175178
2026-02-13 12:34:26,440 - experiment_ablation_no_chaotic_embedding - INFO - [SYNC DEBUG] Epoch 13: sync_weight=0.1, desync_weight=0.1, loss_sync=0.499770
2026-02-13 12:34:26,893 - experiment_ablation_no_chaotic_embedding - INFO - Epoch 13: Train Loss: 1.0902, Train Acc: 0.8147, Val Loss: 1.2110, Val Acc: 0.6180
2026-02-13 12:34:27,237 - experiment_ablation_no_chaotic_embedding - INFO - Train Epoch 14: [0/472 (0.0%)]	Loss: 1.264475
2026-02-13 12:34:27,613 - experiment_ablation_no_chaotic_embedding - DEBUG - [STABILITY] lyap=-0.007, max_norm=0.4, min_std=0.111
2026-02-13 12:34:28,577 - experiment_ablation_no_chaotic_embedding - INFO - [SYNC DEBUG] Epoch 14: sync_weight=0.1, desync_weight=0.1, loss_sync=0.499752
2026-02-13 12:34:29,031 - experiment_ablation_no_chaotic_embedding - INFO - Epoch 14: Train Loss: 1.0038, Train Acc: 0.8170, Val Loss: 1.2659, Val Acc: 0.7416
2026-02-13 12:34:29,103 - experiment_ablation_no_chaotic_embedding - INFO - Saved new best model at epoch 14
2026-02-13 12:34:29,466 - experiment_ablation_no_chaotic_embedding - INFO - Train Epoch 15: [0/472 (0.0%)]	Loss: 1.069252
2026-02-13 12:34:30,803 - experiment_ablation_no_chaotic_embedding - INFO - [SYNC DEBUG] Epoch 15: sync_weight=0.1, desync_weight=0.1, loss_sync=0.499811
2026-02-13 12:34:31,247 - experiment_ablation_no_chaotic_embedding - INFO - Epoch 15: Train Loss: 0.9598, Train Acc: 0.8482, Val Loss: 1.3169, Val Acc: 0.6180
2026-02-13 12:34:31,601 - experiment_ablation_no_chaotic_embedding - INFO - Train Epoch 16: [0/472 (0.0%)]	Loss: 0.759390
2026-02-13 12:34:32,929 - experiment_ablation_no_chaotic_embedding - INFO - [SYNC DEBUG] Epoch 16: sync_weight=0.1, desync_weight=0.1, loss_sync=0.499847
2026-02-13 12:34:33,387 - experiment_ablation_no_chaotic_embedding - INFO - Epoch 16: Train Loss: 0.9545, Train Acc: 0.8549, Val Loss: 1.1659, Val Acc: 0.6292
2026-02-13 12:34:33,728 - experiment_ablation_no_chaotic_embedding - INFO - Train Epoch 17: [0/472 (0.0%)]	Loss: 0.741039
2026-02-13 12:34:35,080 - experiment_ablation_no_chaotic_embedding - INFO - [SYNC DEBUG] Epoch 17: sync_weight=0.1, desync_weight=0.1, loss_sync=0.499660
2026-02-13 12:34:35,547 - experiment_ablation_no_chaotic_embedding - INFO - Epoch 17: Train Loss: 0.9237, Train Acc: 0.8661, Val Loss: 1.5666, Val Acc: 0.6517
2026-02-13 12:34:35,876 - experiment_ablation_no_chaotic_embedding - INFO - Train Epoch 18: [0/472 (0.0%)]	Loss: 0.733664
2026-02-13 12:34:37,227 - experiment_ablation_no_chaotic_embedding - INFO - [SYNC DEBUG] Epoch 18: sync_weight=0.1, desync_weight=0.1, loss_sync=0.499907
2026-02-13 12:34:37,681 - experiment_ablation_no_chaotic_embedding - INFO - Epoch 18: Train Loss: 0.8661, Train Acc: 0.8750, Val Loss: 0.5368, Val Acc: 0.8315
2026-02-13 12:34:37,754 - experiment_ablation_no_chaotic_embedding - INFO - Saved new best model at epoch 18
2026-02-13 12:34:38,148 - experiment_ablation_no_chaotic_embedding - INFO - Train Epoch 19: [0/472 (0.0%)]	Loss: 0.717326
2026-02-13 12:34:39,519 - experiment_ablation_no_chaotic_embedding - INFO - [SYNC DEBUG] Epoch 19: sync_weight=0.1, desync_weight=0.1, loss_sync=0.499731
2026-02-13 12:34:39,970 - experiment_ablation_no_chaotic_embedding - INFO - Epoch 19: Train Loss: 0.8515, Train Acc: 0.8862, Val Loss: 0.7045, Val Acc: 0.7978
2026-02-13 12:34:40,311 - experiment_ablation_no_chaotic_embedding - INFO - Train Epoch 20: [0/472 (0.0%)]	Loss: 0.832722
2026-02-13 12:34:41,661 - experiment_ablation_no_chaotic_embedding - INFO - [SYNC DEBUG] Epoch 20: sync_weight=0.1, desync_weight=0.1, loss_sync=0.499780
2026-02-13 12:34:42,128 - experiment_ablation_no_chaotic_embedding - INFO - Epoch 20: Train Loss: 0.9418, Train Acc: 0.8571, Val Loss: 1.3832, Val Acc: 0.6629
2026-02-13 12:34:42,533 - experiment_ablation_no_chaotic_embedding - INFO - Train Epoch 21: [0/472 (0.0%)]	Loss: 0.611951
2026-02-13 12:34:43,107 - experiment_ablation_no_chaotic_embedding - DEBUG - [STABILITY] lyap=0.000, max_norm=0.5, min_std=0.113
2026-02-13 12:34:43,880 - experiment_ablation_no_chaotic_embedding - INFO - [SYNC DEBUG] Epoch 21: sync_weight=0.1, desync_weight=0.1, loss_sync=0.499760
2026-02-13 12:34:44,344 - experiment_ablation_no_chaotic_embedding - INFO - Epoch 21: Train Loss: 0.8182, Train Acc: 0.9018, Val Loss: 1.8306, Val Acc: 0.5393
2026-02-13 12:34:44,688 - experiment_ablation_no_chaotic_embedding - INFO - Train Epoch 22: [0/472 (0.0%)]	Loss: 0.837537
2026-02-13 12:34:46,057 - experiment_ablation_no_chaotic_embedding - INFO - [SYNC DEBUG] Epoch 22: sync_weight=0.1, desync_weight=0.1, loss_sync=0.499732
2026-02-13 12:34:46,515 - experiment_ablation_no_chaotic_embedding - INFO - Epoch 22: Train Loss: 0.8424, Train Acc: 0.8772, Val Loss: 1.8481, Val Acc: 0.5618
2026-02-13 12:34:46,845 - experiment_ablation_no_chaotic_embedding - INFO - Train Epoch 23: [0/472 (0.0%)]	Loss: 0.804881
2026-02-13 12:34:48,175 - experiment_ablation_no_chaotic_embedding - INFO - [SYNC DEBUG] Epoch 23: sync_weight=0.1, desync_weight=0.1, loss_sync=0.499881
2026-02-13 12:34:48,628 - experiment_ablation_no_chaotic_embedding - INFO - Epoch 23: Train Loss: 0.8244, Train Acc: 0.8862, Val Loss: 1.2875, Val Acc: 0.7191
2026-02-13 12:34:48,967 - experiment_ablation_no_chaotic_embedding - INFO - Train Epoch 24: [0/472 (0.0%)]	Loss: 0.685583
2026-02-13 12:34:50,300 - experiment_ablation_no_chaotic_embedding - INFO - [SYNC DEBUG] Epoch 24: sync_weight=0.1, desync_weight=0.1, loss_sync=0.499798
2026-02-13 12:34:50,753 - experiment_ablation_no_chaotic_embedding - INFO - Epoch 24: Train Loss: 0.7762, Train Acc: 0.9308, Val Loss: 1.3604, Val Acc: 0.6854
2026-02-13 12:34:51,085 - experiment_ablation_no_chaotic_embedding - INFO - Train Epoch 25: [0/472 (0.0%)]	Loss: 0.712541
2026-02-13 12:34:52,435 - experiment_ablation_no_chaotic_embedding - INFO - [SYNC DEBUG] Epoch 25: sync_weight=0.1, desync_weight=0.1, loss_sync=0.499803
2026-02-13 12:34:52,889 - experiment_ablation_no_chaotic_embedding - INFO - Epoch 25: Train Loss: 0.7696, Train Acc: 0.9174, Val Loss: 0.9268, Val Acc: 0.7191
2026-02-13 12:34:53,228 - experiment_ablation_no_chaotic_embedding - INFO - Train Epoch 26: [0/472 (0.0%)]	Loss: 0.642173
2026-02-13 12:34:54,569 - experiment_ablation_no_chaotic_embedding - INFO - [SYNC DEBUG] Epoch 26: sync_weight=0.1, desync_weight=0.1, loss_sync=0.499743
2026-02-13 12:34:55,025 - experiment_ablation_no_chaotic_embedding - INFO - Epoch 26: Train Loss: 0.6878, Train Acc: 0.9397, Val Loss: 1.1895, Val Acc: 0.7303
2026-02-13 12:34:55,368 - experiment_ablation_no_chaotic_embedding - INFO - Train Epoch 27: [0/472 (0.0%)]	Loss: 0.715401
2026-02-13 12:34:56,706 - experiment_ablation_no_chaotic_embedding - INFO - [SYNC DEBUG] Epoch 27: sync_weight=0.1, desync_weight=0.1, loss_sync=0.499678
2026-02-13 12:34:57,154 - experiment_ablation_no_chaotic_embedding - INFO - Epoch 27: Train Loss: 0.7851, Train Acc: 0.9219, Val Loss: 0.6217, Val Acc: 0.8202
2026-02-13 12:34:57,493 - experiment_ablation_no_chaotic_embedding - INFO - Train Epoch 28: [0/472 (0.0%)]	Loss: 0.661959
2026-02-13 12:34:58,257 - experiment_ablation_no_chaotic_embedding - DEBUG - [STABILITY] lyap=0.005, max_norm=0.5, min_std=0.121
2026-02-13 12:34:58,839 - experiment_ablation_no_chaotic_embedding - INFO - [SYNC DEBUG] Epoch 28: sync_weight=0.1, desync_weight=0.1, loss_sync=0.499755
2026-02-13 12:34:59,288 - experiment_ablation_no_chaotic_embedding - INFO - Epoch 28: Train Loss: 0.7384, Train Acc: 0.9174, Val Loss: 1.0736, Val Acc: 0.7753
2026-02-13 12:34:59,616 - experiment_ablation_no_chaotic_embedding - INFO - Train Epoch 29: [0/472 (0.0%)]	Loss: 0.746222
2026-02-13 12:35:00,958 - experiment_ablation_no_chaotic_embedding - INFO - [SYNC DEBUG] Epoch 29: sync_weight=0.1, desync_weight=0.1, loss_sync=0.499826
2026-02-13 12:35:01,413 - experiment_ablation_no_chaotic_embedding - INFO - Epoch 29: Train Loss: 0.7702, Train Acc: 0.9174, Val Loss: 1.3366, Val Acc: 0.7416
2026-02-13 12:35:01,755 - experiment_ablation_no_chaotic_embedding - INFO - Train Epoch 30: [0/472 (0.0%)]	Loss: 0.624575
2026-02-13 12:35:03,102 - experiment_ablation_no_chaotic_embedding - INFO - [SYNC DEBUG] Epoch 30: sync_weight=0.1, desync_weight=0.1, loss_sync=0.499720
2026-02-13 12:35:03,552 - experiment_ablation_no_chaotic_embedding - INFO - Epoch 30: Train Loss: 0.7581, Train Acc: 0.9263, Val Loss: 1.8047, Val Acc: 0.5843
2026-02-13 12:35:03,953 - experiment_ablation_no_chaotic_embedding - INFO - Train Epoch 31: [0/472 (0.0%)]	Loss: 0.644892
2026-02-13 12:35:05,277 - experiment_ablation_no_chaotic_embedding - INFO - [SYNC DEBUG] Epoch 31: sync_weight=0.1, desync_weight=0.1, loss_sync=0.499730
2026-02-13 12:35:05,723 - experiment_ablation_no_chaotic_embedding - INFO - Epoch 31: Train Loss: 0.7652, Train Acc: 0.9241, Val Loss: 1.3602, Val Acc: 0.6742
2026-02-13 12:35:06,049 - experiment_ablation_no_chaotic_embedding - INFO - Train Epoch 32: [0/472 (0.0%)]	Loss: 0.905946
2026-02-13 12:35:07,408 - experiment_ablation_no_chaotic_embedding - INFO - [SYNC DEBUG] Epoch 32: sync_weight=0.1, desync_weight=0.1, loss_sync=0.499731
2026-02-13 12:35:07,855 - experiment_ablation_no_chaotic_embedding - INFO - Epoch 32: Train Loss: 0.7384, Train Acc: 0.9219, Val Loss: 1.0058, Val Acc: 0.7640
2026-02-13 12:35:08,194 - experiment_ablation_no_chaotic_embedding - INFO - Train Epoch 33: [0/472 (0.0%)]	Loss: 0.673354
2026-02-13 12:35:09,556 - experiment_ablation_no_chaotic_embedding - INFO - [SYNC DEBUG] Epoch 33: sync_weight=0.1, desync_weight=0.1, loss_sync=0.499637
2026-02-13 12:35:10,013 - experiment_ablation_no_chaotic_embedding - INFO - Epoch 33: Train Loss: 0.6596, Train Acc: 0.9420, Val Loss: 0.7623, Val Acc: 0.7978
2026-02-13 12:35:10,354 - experiment_ablation_no_chaotic_embedding - INFO - Train Epoch 34: [0/472 (0.0%)]	Loss: 0.582648
2026-02-13 12:35:11,684 - experiment_ablation_no_chaotic_embedding - INFO - [SYNC DEBUG] Epoch 34: sync_weight=0.1, desync_weight=0.1, loss_sync=0.499599
2026-02-13 12:35:12,133 - experiment_ablation_no_chaotic_embedding - INFO - Epoch 34: Train Loss: 0.6828, Train Acc: 0.9353, Val Loss: 1.1351, Val Acc: 0.7640
2026-02-13 12:35:12,468 - experiment_ablation_no_chaotic_embedding - INFO - Train Epoch 35: [0/472 (0.0%)]	Loss: 0.950849
2026-02-13 12:35:13,420 - experiment_ablation_no_chaotic_embedding - DEBUG - [STABILITY] lyap=0.005, max_norm=0.5, min_std=0.131
2026-02-13 12:35:13,800 - experiment_ablation_no_chaotic_embedding - INFO - [SYNC DEBUG] Epoch 35: sync_weight=0.1, desync_weight=0.1, loss_sync=0.499677
2026-02-13 12:35:14,252 - experiment_ablation_no_chaotic_embedding - INFO - Epoch 35: Train Loss: 0.6601, Train Acc: 0.9509, Val Loss: 0.7965, Val Acc: 0.7865
2026-02-13 12:35:14,581 - experiment_ablation_no_chaotic_embedding - INFO - Train Epoch 36: [0/472 (0.0%)]	Loss: 0.693451
2026-02-13 12:35:15,920 - experiment_ablation_no_chaotic_embedding - INFO - [SYNC DEBUG] Epoch 36: sync_weight=0.1, desync_weight=0.1, loss_sync=0.499741
2026-02-13 12:35:16,372 - experiment_ablation_no_chaotic_embedding - INFO - Epoch 36: Train Loss: 0.6638, Train Acc: 0.9531, Val Loss: 1.6987, Val Acc: 0.6067
2026-02-13 12:35:16,723 - experiment_ablation_no_chaotic_embedding - INFO - Train Epoch 37: [0/472 (0.0%)]	Loss: 0.827183
2026-02-13 12:35:18,063 - experiment_ablation_no_chaotic_embedding - INFO - [SYNC DEBUG] Epoch 37: sync_weight=0.1, desync_weight=0.1, loss_sync=0.499772
2026-02-13 12:35:18,524 - experiment_ablation_no_chaotic_embedding - INFO - Epoch 37: Train Loss: 0.6836, Train Acc: 0.9308, Val Loss: 1.7828, Val Acc: 0.6180
2026-02-13 12:35:18,853 - experiment_ablation_no_chaotic_embedding - INFO - Train Epoch 38: [0/472 (0.0%)]	Loss: 0.664644
2026-02-13 12:35:20,200 - experiment_ablation_no_chaotic_embedding - INFO - [SYNC DEBUG] Epoch 38: sync_weight=0.1, desync_weight=0.1, loss_sync=0.499620
2026-02-13 12:35:20,647 - experiment_ablation_no_chaotic_embedding - INFO - Epoch 38: Train Loss: 0.6761, Train Acc: 0.9464, Val Loss: 1.4543, Val Acc: 0.6404
2026-02-13 12:35:20,976 - experiment_ablation_no_chaotic_embedding - INFO - Train Epoch 39: [0/472 (0.0%)]	Loss: 0.607958
2026-02-13 12:35:22,320 - experiment_ablation_no_chaotic_embedding - INFO - [SYNC DEBUG] Epoch 39: sync_weight=0.1, desync_weight=0.1, loss_sync=0.499596
2026-02-13 12:35:22,776 - experiment_ablation_no_chaotic_embedding - INFO - Epoch 39: Train Loss: 0.6497, Train Acc: 0.9621, Val Loss: 0.8664, Val Acc: 0.7640
2026-02-13 12:35:23,104 - experiment_ablation_no_chaotic_embedding - INFO - Train Epoch 40: [0/472 (0.0%)]	Loss: 0.715474
2026-02-13 12:35:24,447 - experiment_ablation_no_chaotic_embedding - INFO - [SYNC DEBUG] Epoch 40: sync_weight=0.1, desync_weight=0.1, loss_sync=0.499691
2026-02-13 12:35:24,897 - experiment_ablation_no_chaotic_embedding - INFO - Epoch 40: Train Loss: 0.6780, Train Acc: 0.9375, Val Loss: 0.7275, Val Acc: 0.8315
2026-02-13 12:35:25,290 - experiment_ablation_no_chaotic_embedding - INFO - Train Epoch 41: [0/472 (0.0%)]	Loss: 0.611917
2026-02-13 12:35:26,632 - experiment_ablation_no_chaotic_embedding - INFO - [SYNC DEBUG] Epoch 41: sync_weight=0.1, desync_weight=0.1, loss_sync=0.499659
2026-02-13 12:35:27,080 - experiment_ablation_no_chaotic_embedding - INFO - Epoch 41: Train Loss: 0.6125, Train Acc: 0.9710, Val Loss: 0.9541, Val Acc: 0.7753
2026-02-13 12:35:27,406 - experiment_ablation_no_chaotic_embedding - INFO - Train Epoch 42: [0/472 (0.0%)]	Loss: 0.616341
2026-02-13 12:35:28,557 - experiment_ablation_no_chaotic_embedding - DEBUG - [STABILITY] lyap=0.012, max_norm=0.6, min_std=0.131
2026-02-13 12:35:28,736 - experiment_ablation_no_chaotic_embedding - INFO - [SYNC DEBUG] Epoch 42: sync_weight=0.1, desync_weight=0.1, loss_sync=0.499601
2026-02-13 12:35:29,191 - experiment_ablation_no_chaotic_embedding - INFO - Epoch 42: Train Loss: 0.6472, Train Acc: 0.9531, Val Loss: 0.8920, Val Acc: 0.7865
2026-02-13 12:35:29,526 - experiment_ablation_no_chaotic_embedding - INFO - Train Epoch 43: [0/472 (0.0%)]	Loss: 0.585128
2026-02-13 12:35:30,875 - experiment_ablation_no_chaotic_embedding - INFO - [SYNC DEBUG] Epoch 43: sync_weight=0.1, desync_weight=0.1, loss_sync=0.499672
2026-02-13 12:35:31,322 - experiment_ablation_no_chaotic_embedding - INFO - Epoch 43: Train Loss: 0.6555, Train Acc: 0.9487, Val Loss: 1.8659, Val Acc: 0.5955
2026-02-13 12:35:31,668 - experiment_ablation_no_chaotic_embedding - INFO - Train Epoch 44: [0/472 (0.0%)]	Loss: 0.634883
2026-02-13 12:35:33,014 - experiment_ablation_no_chaotic_embedding - INFO - [SYNC DEBUG] Epoch 44: sync_weight=0.1, desync_weight=0.1, loss_sync=0.499662
2026-02-13 12:35:33,466 - experiment_ablation_no_chaotic_embedding - INFO - Epoch 44: Train Loss: 0.6543, Train Acc: 0.9487, Val Loss: 1.1934, Val Acc: 0.7303
2026-02-13 12:35:33,800 - experiment_ablation_no_chaotic_embedding - INFO - Train Epoch 45: [0/472 (0.0%)]	Loss: 0.767150
2026-02-13 12:35:35,138 - experiment_ablation_no_chaotic_embedding - INFO - [SYNC DEBUG] Epoch 45: sync_weight=0.1, desync_weight=0.1, loss_sync=0.499628
2026-02-13 12:35:35,585 - experiment_ablation_no_chaotic_embedding - INFO - Epoch 45: Train Loss: 0.6102, Train Acc: 0.9688, Val Loss: 0.7287, Val Acc: 0.7753
2026-02-13 12:35:35,914 - experiment_ablation_no_chaotic_embedding - INFO - Train Epoch 46: [0/472 (0.0%)]	Loss: 0.546433
2026-02-13 12:35:37,275 - experiment_ablation_no_chaotic_embedding - INFO - [SYNC DEBUG] Epoch 46: sync_weight=0.1, desync_weight=0.1, loss_sync=0.499754
2026-02-13 12:35:37,725 - experiment_ablation_no_chaotic_embedding - INFO - Epoch 46: Train Loss: 0.6088, Train Acc: 0.9754, Val Loss: 0.7079, Val Acc: 0.8202
2026-02-13 12:35:38,053 - experiment_ablation_no_chaotic_embedding - INFO - Train Epoch 47: [0/472 (0.0%)]	Loss: 0.673058
2026-02-13 12:35:39,384 - experiment_ablation_no_chaotic_embedding - INFO - [SYNC DEBUG] Epoch 47: sync_weight=0.1, desync_weight=0.1, loss_sync=0.499786
2026-02-13 12:35:39,829 - experiment_ablation_no_chaotic_embedding - INFO - Epoch 47: Train Loss: 0.6248, Train Acc: 0.9598, Val Loss: 0.8403, Val Acc: 0.7079
2026-02-13 12:35:40,164 - experiment_ablation_no_chaotic_embedding - INFO - Train Epoch 48: [0/472 (0.0%)]	Loss: 0.601954
2026-02-13 12:35:41,504 - experiment_ablation_no_chaotic_embedding - INFO - [SYNC DEBUG] Epoch 48: sync_weight=0.1, desync_weight=0.1, loss_sync=0.499837
2026-02-13 12:35:41,965 - experiment_ablation_no_chaotic_embedding - INFO - Epoch 48: Train Loss: 0.6071, Train Acc: 0.9643, Val Loss: 1.5665, Val Acc: 0.7303
2026-02-13 12:35:42,289 - experiment_ablation_no_chaotic_embedding - INFO - Train Epoch 49: [0/472 (0.0%)]	Loss: 0.539524
2026-02-13 12:35:43,626 - experiment_ablation_no_chaotic_embedding - INFO - [SYNC DEBUG] Epoch 49: sync_weight=0.1, desync_weight=0.1, loss_sync=0.499881
2026-02-13 12:35:44,075 - experiment_ablation_no_chaotic_embedding - INFO - Epoch 49: Train Loss: 0.6038, Train Acc: 0.9777, Val Loss: 2.3542, Val Acc: 0.5618
2026-02-13 12:35:44,384 - experiment_ablation_no_chaotic_embedding - DEBUG - [STABILITY] lyap=0.019, max_norm=0.6, min_std=0.142
2026-02-13 12:35:44,415 - experiment_ablation_no_chaotic_embedding - INFO - Train Epoch 50: [0/472 (0.0%)]	Loss: 0.557986
2026-02-13 12:35:45,764 - experiment_ablation_no_chaotic_embedding - INFO - [SYNC DEBUG] Epoch 50: sync_weight=0.1, desync_weight=0.1, loss_sync=0.499684
2026-02-13 12:35:46,215 - experiment_ablation_no_chaotic_embedding - INFO - Epoch 50: Train Loss: 0.5700, Train Acc: 0.9799, Val Loss: 1.1182, Val Acc: 0.7079
2026-02-13 12:35:46,627 - experiment_ablation_no_chaotic_embedding - INFO - Train Epoch 51: [0/472 (0.0%)]	Loss: 0.671324
2026-02-13 12:35:47,957 - experiment_ablation_no_chaotic_embedding - INFO - [SYNC DEBUG] Epoch 51: sync_weight=0.1, desync_weight=0.1, loss_sync=0.499741
2026-02-13 12:35:48,401 - experiment_ablation_no_chaotic_embedding - INFO - Epoch 51: Train Loss: 0.6395, Train Acc: 0.9598, Val Loss: 1.1221, Val Acc: 0.7865
2026-02-13 12:35:48,738 - experiment_ablation_no_chaotic_embedding - INFO - Train Epoch 52: [0/472 (0.0%)]	Loss: 0.541010
2026-02-13 12:35:50,093 - experiment_ablation_no_chaotic_embedding - INFO - [SYNC DEBUG] Epoch 52: sync_weight=0.1, desync_weight=0.1, loss_sync=0.499474
2026-02-13 12:35:50,544 - experiment_ablation_no_chaotic_embedding - INFO - Epoch 52: Train Loss: 0.5937, Train Acc: 0.9710, Val Loss: 1.7806, Val Acc: 0.6067
2026-02-13 12:35:50,875 - experiment_ablation_no_chaotic_embedding - INFO - Train Epoch 53: [0/472 (0.0%)]	Loss: 0.576444
2026-02-13 12:35:52,211 - experiment_ablation_no_chaotic_embedding - INFO - [SYNC DEBUG] Epoch 53: sync_weight=0.1, desync_weight=0.1, loss_sync=0.499638
2026-02-13 12:35:52,665 - experiment_ablation_no_chaotic_embedding - INFO - Epoch 53: Train Loss: 0.5689, Train Acc: 0.9844, Val Loss: 1.9766, Val Acc: 0.6629
2026-02-13 12:35:52,990 - experiment_ablation_no_chaotic_embedding - INFO - Train Epoch 54: [0/472 (0.0%)]	Loss: 0.543358
2026-02-13 12:35:54,317 - experiment_ablation_no_chaotic_embedding - INFO - [SYNC DEBUG] Epoch 54: sync_weight=0.1, desync_weight=0.1, loss_sync=0.499628
2026-02-13 12:35:54,769 - experiment_ablation_no_chaotic_embedding - INFO - Epoch 54: Train Loss: 0.6194, Train Acc: 0.9643, Val Loss: 0.7263, Val Acc: 0.7865
2026-02-13 12:35:55,091 - experiment_ablation_no_chaotic_embedding - INFO - Train Epoch 55: [0/472 (0.0%)]	Loss: 0.616444
2026-02-13 12:35:56,429 - experiment_ablation_no_chaotic_embedding - INFO - [SYNC DEBUG] Epoch 55: sync_weight=0.1, desync_weight=0.1, loss_sync=0.499574
2026-02-13 12:35:56,881 - experiment_ablation_no_chaotic_embedding - INFO - Epoch 55: Train Loss: 0.5916, Train Acc: 0.9688, Val Loss: 1.6154, Val Acc: 0.7079
2026-02-13 12:35:57,215 - experiment_ablation_no_chaotic_embedding - INFO - Train Epoch 56: [0/472 (0.0%)]	Loss: 0.558838
2026-02-13 12:35:58,572 - experiment_ablation_no_chaotic_embedding - INFO - [SYNC DEBUG] Epoch 56: sync_weight=0.1, desync_weight=0.1, loss_sync=0.499582
2026-02-13 12:35:59,026 - experiment_ablation_no_chaotic_embedding - INFO - Epoch 56: Train Loss: 0.6092, Train Acc: 0.9621, Val Loss: 0.7657, Val Acc: 0.8539
2026-02-13 12:35:59,098 - experiment_ablation_no_chaotic_embedding - INFO - Saved new best model at epoch 56
2026-02-13 12:35:59,465 - experiment_ablation_no_chaotic_embedding - INFO - Train Epoch 57: [0/472 (0.0%)]	Loss: 0.652434
2026-02-13 12:35:59,634 - experiment_ablation_no_chaotic_embedding - DEBUG - [STABILITY] lyap=0.091, max_norm=0.7, min_std=0.157
2026-02-13 12:36:00,791 - experiment_ablation_no_chaotic_embedding - INFO - [SYNC DEBUG] Epoch 57: sync_weight=0.1, desync_weight=0.1, loss_sync=0.499642
2026-02-13 12:36:01,233 - experiment_ablation_no_chaotic_embedding - INFO - Epoch 57: Train Loss: 0.5987, Train Acc: 0.9821, Val Loss: 0.8394, Val Acc: 0.8539
2026-02-13 12:36:01,566 - experiment_ablation_no_chaotic_embedding - INFO - Train Epoch 58: [0/472 (0.0%)]	Loss: 0.541072
2026-02-13 12:36:02,924 - experiment_ablation_no_chaotic_embedding - INFO - [SYNC DEBUG] Epoch 58: sync_weight=0.1, desync_weight=0.1, loss_sync=0.499624
2026-02-13 12:36:03,379 - experiment_ablation_no_chaotic_embedding - INFO - Epoch 58: Train Loss: 0.5891, Train Acc: 0.9688, Val Loss: 1.4687, Val Acc: 0.6742
2026-02-13 12:36:03,722 - experiment_ablation_no_chaotic_embedding - INFO - Train Epoch 59: [0/472 (0.0%)]	Loss: 0.590081
2026-02-13 12:36:05,054 - experiment_ablation_no_chaotic_embedding - INFO - [SYNC DEBUG] Epoch 59: sync_weight=0.1, desync_weight=0.1, loss_sync=0.499741
2026-02-13 12:36:05,504 - experiment_ablation_no_chaotic_embedding - INFO - Epoch 59: Train Loss: 0.5835, Train Acc: 0.9754, Val Loss: 1.2186, Val Acc: 0.7640
2026-02-13 12:36:05,831 - experiment_ablation_no_chaotic_embedding - INFO - Train Epoch 60: [0/472 (0.0%)]	Loss: 0.516247
2026-02-13 12:36:07,185 - experiment_ablation_no_chaotic_embedding - INFO - [SYNC DEBUG] Epoch 60: sync_weight=0.1, desync_weight=0.1, loss_sync=0.499686
2026-02-13 12:36:07,637 - experiment_ablation_no_chaotic_embedding - INFO - Epoch 60: Train Loss: 0.5814, Train Acc: 0.9799, Val Loss: 1.3912, Val Acc: 0.7865
2026-02-13 12:36:08,030 - experiment_ablation_no_chaotic_embedding - INFO - Train Epoch 61: [0/472 (0.0%)]	Loss: 0.540746
2026-02-13 12:36:09,365 - experiment_ablation_no_chaotic_embedding - INFO - [SYNC DEBUG] Epoch 61: sync_weight=0.1, desync_weight=0.1, loss_sync=0.499619
2026-02-13 12:36:09,812 - experiment_ablation_no_chaotic_embedding - INFO - Epoch 61: Train Loss: 0.5725, Train Acc: 0.9732, Val Loss: 1.9670, Val Acc: 0.6292
2026-02-13 12:36:10,152 - experiment_ablation_no_chaotic_embedding - INFO - Train Epoch 62: [0/472 (0.0%)]	Loss: 0.641516
2026-02-13 12:36:11,488 - experiment_ablation_no_chaotic_embedding - INFO - [SYNC DEBUG] Epoch 62: sync_weight=0.1, desync_weight=0.1, loss_sync=0.499677
2026-02-13 12:36:11,939 - experiment_ablation_no_chaotic_embedding - INFO - Epoch 62: Train Loss: 0.5696, Train Acc: 0.9799, Val Loss: 1.1580, Val Acc: 0.7978
2026-02-13 12:36:12,275 - experiment_ablation_no_chaotic_embedding - INFO - Train Epoch 63: [0/472 (0.0%)]	Loss: 0.531028
2026-02-13 12:36:13,626 - experiment_ablation_no_chaotic_embedding - INFO - [SYNC DEBUG] Epoch 63: sync_weight=0.1, desync_weight=0.1, loss_sync=0.499735
2026-02-13 12:36:14,073 - experiment_ablation_no_chaotic_embedding - INFO - Epoch 63: Train Loss: 0.5629, Train Acc: 0.9821, Val Loss: 0.6549, Val Acc: 0.8652
2026-02-13 12:36:14,159 - experiment_ablation_no_chaotic_embedding - INFO - Saved new best model at epoch 63
2026-02-13 12:36:14,569 - experiment_ablation_no_chaotic_embedding - INFO - Train Epoch 64: [0/472 (0.0%)]	Loss: 0.558828
2026-02-13 12:36:14,942 - experiment_ablation_no_chaotic_embedding - DEBUG - [STABILITY] lyap=0.069, max_norm=0.8, min_std=0.166
2026-02-13 12:36:15,914 - experiment_ablation_no_chaotic_embedding - INFO - [SYNC DEBUG] Epoch 64: sync_weight=0.1, desync_weight=0.1, loss_sync=0.499435
2026-02-13 12:36:16,372 - experiment_ablation_no_chaotic_embedding - INFO - Epoch 64: Train Loss: 0.6002, Train Acc: 0.9754, Val Loss: 1.0298, Val Acc: 0.8315
2026-02-13 12:36:16,718 - experiment_ablation_no_chaotic_embedding - INFO - Train Epoch 65: [0/472 (0.0%)]	Loss: 0.502686
2026-02-13 12:36:18,039 - experiment_ablation_no_chaotic_embedding - INFO - [SYNC DEBUG] Epoch 65: sync_weight=0.1, desync_weight=0.1, loss_sync=0.499392
2026-02-13 12:36:18,485 - experiment_ablation_no_chaotic_embedding - INFO - Epoch 65: Train Loss: 0.5366, Train Acc: 0.9911, Val Loss: 0.4319, Val Acc: 0.8989
2026-02-13 12:36:18,558 - experiment_ablation_no_chaotic_embedding - INFO - Saved new best model at epoch 65
2026-02-13 12:36:18,937 - experiment_ablation_no_chaotic_embedding - INFO - Train Epoch 66: [0/472 (0.0%)]	Loss: 0.581274
2026-02-13 12:36:20,282 - experiment_ablation_no_chaotic_embedding - INFO - [SYNC DEBUG] Epoch 66: sync_weight=0.1, desync_weight=0.1, loss_sync=0.499782
2026-02-13 12:36:20,741 - experiment_ablation_no_chaotic_embedding - INFO - Epoch 66: Train Loss: 0.5499, Train Acc: 0.9844, Val Loss: 0.7103, Val Acc: 0.8202
2026-02-13 12:36:21,065 - experiment_ablation_no_chaotic_embedding - INFO - Train Epoch 67: [0/472 (0.0%)]	Loss: 0.510733
2026-02-13 12:36:22,437 - experiment_ablation_no_chaotic_embedding - INFO - [SYNC DEBUG] Epoch 67: sync_weight=0.1, desync_weight=0.1, loss_sync=0.499579
2026-02-13 12:36:22,899 - experiment_ablation_no_chaotic_embedding - INFO - Epoch 67: Train Loss: 0.5400, Train Acc: 0.9888, Val Loss: 1.8920, Val Acc: 0.6854
2026-02-13 12:36:23,238 - experiment_ablation_no_chaotic_embedding - INFO - Train Epoch 68: [0/472 (0.0%)]	Loss: 0.525082
2026-02-13 12:36:24,599 - experiment_ablation_no_chaotic_embedding - INFO - [SYNC DEBUG] Epoch 68: sync_weight=0.1, desync_weight=0.1, loss_sync=0.499581
2026-02-13 12:36:25,054 - experiment_ablation_no_chaotic_embedding - INFO - Epoch 68: Train Loss: 0.5489, Train Acc: 0.9844, Val Loss: 1.5545, Val Acc: 0.7191
2026-02-13 12:36:25,402 - experiment_ablation_no_chaotic_embedding - INFO - Train Epoch 69: [0/472 (0.0%)]	Loss: 0.537857
2026-02-13 12:36:26,759 - experiment_ablation_no_chaotic_embedding - INFO - [SYNC DEBUG] Epoch 69: sync_weight=0.1, desync_weight=0.1, loss_sync=0.499570
2026-02-13 12:36:27,209 - experiment_ablation_no_chaotic_embedding - INFO - Epoch 69: Train Loss: 0.5666, Train Acc: 0.9799, Val Loss: 0.9102, Val Acc: 0.8090
2026-02-13 12:36:27,552 - experiment_ablation_no_chaotic_embedding - INFO - Train Epoch 70: [0/472 (0.0%)]	Loss: 0.510574
2026-02-13 12:36:28,897 - experiment_ablation_no_chaotic_embedding - INFO - [SYNC DEBUG] Epoch 70: sync_weight=0.1, desync_weight=0.1, loss_sync=0.499523
2026-02-13 12:36:29,349 - experiment_ablation_no_chaotic_embedding - INFO - Epoch 70: Train Loss: 0.5434, Train Acc: 0.9866, Val Loss: 0.5548, Val Acc: 0.8652
2026-02-13 12:36:29,749 - experiment_ablation_no_chaotic_embedding - INFO - Train Epoch 71: [0/472 (0.0%)]	Loss: 0.513807
2026-02-13 12:36:30,316 - experiment_ablation_no_chaotic_embedding - DEBUG - [STABILITY] lyap=0.111, max_norm=0.9, min_std=0.178
2026-02-13 12:36:31,089 - experiment_ablation_no_chaotic_embedding - INFO - [SYNC DEBUG] Epoch 71: sync_weight=0.1, desync_weight=0.1, loss_sync=0.499641
2026-02-13 12:36:31,545 - experiment_ablation_no_chaotic_embedding - INFO - Epoch 71: Train Loss: 0.6069, Train Acc: 0.9732, Val Loss: 0.6239, Val Acc: 0.9101
2026-02-13 12:36:31,616 - experiment_ablation_no_chaotic_embedding - INFO - Saved new best model at epoch 71
2026-02-13 12:36:31,983 - experiment_ablation_no_chaotic_embedding - INFO - Train Epoch 72: [0/472 (0.0%)]	Loss: 0.514833
2026-02-13 12:36:33,320 - experiment_ablation_no_chaotic_embedding - INFO - [SYNC DEBUG] Epoch 72: sync_weight=0.1, desync_weight=0.1, loss_sync=0.499410
2026-02-13 12:36:33,764 - experiment_ablation_no_chaotic_embedding - INFO - Epoch 72: Train Loss: 0.5570, Train Acc: 0.9888, Val Loss: 1.0213, Val Acc: 0.7865
2026-02-13 12:36:34,104 - experiment_ablation_no_chaotic_embedding - INFO - Train Epoch 73: [0/472 (0.0%)]	Loss: 0.506562
2026-02-13 12:36:35,445 - experiment_ablation_no_chaotic_embedding - INFO - [SYNC DEBUG] Epoch 73: sync_weight=0.1, desync_weight=0.1, loss_sync=0.499843
2026-02-13 12:36:35,906 - experiment_ablation_no_chaotic_embedding - INFO - Epoch 73: Train Loss: 0.5364, Train Acc: 0.9933, Val Loss: 0.7714, Val Acc: 0.8202
2026-02-13 12:36:36,254 - experiment_ablation_no_chaotic_embedding - INFO - Train Epoch 74: [0/472 (0.0%)]	Loss: 0.508063
2026-02-13 12:36:37,621 - experiment_ablation_no_chaotic_embedding - INFO - [SYNC DEBUG] Epoch 74: sync_weight=0.1, desync_weight=0.1, loss_sync=0.499556
2026-02-13 12:36:38,078 - experiment_ablation_no_chaotic_embedding - INFO - Epoch 74: Train Loss: 0.5756, Train Acc: 0.9754, Val Loss: 0.8761, Val Acc: 0.8202
2026-02-13 12:36:38,431 - experiment_ablation_no_chaotic_embedding - INFO - Train Epoch 75: [0/472 (0.0%)]	Loss: 0.551270
2026-02-13 12:36:39,780 - experiment_ablation_no_chaotic_embedding - INFO - [SYNC DEBUG] Epoch 75: sync_weight=0.1, desync_weight=0.1, loss_sync=0.499533
2026-02-13 12:36:40,234 - experiment_ablation_no_chaotic_embedding - INFO - Epoch 75: Train Loss: 0.5536, Train Acc: 0.9866, Val Loss: 0.7649, Val Acc: 0.8427
2026-02-13 12:36:40,570 - experiment_ablation_no_chaotic_embedding - INFO - Train Epoch 76: [0/472 (0.0%)]	Loss: 0.508731
2026-02-13 12:36:41,932 - experiment_ablation_no_chaotic_embedding - INFO - [SYNC DEBUG] Epoch 76: sync_weight=0.1, desync_weight=0.1, loss_sync=0.499529
2026-02-13 12:36:42,384 - experiment_ablation_no_chaotic_embedding - INFO - Epoch 76: Train Loss: 0.5475, Train Acc: 0.9844, Val Loss: 1.0411, Val Acc: 0.7865
2026-02-13 12:36:42,725 - experiment_ablation_no_chaotic_embedding - INFO - Train Epoch 77: [0/472 (0.0%)]	Loss: 0.653650
2026-02-13 12:36:44,084 - experiment_ablation_no_chaotic_embedding - INFO - [SYNC DEBUG] Epoch 77: sync_weight=0.1, desync_weight=0.1, loss_sync=0.499425
2026-02-13 12:36:44,538 - experiment_ablation_no_chaotic_embedding - INFO - Epoch 77: Train Loss: 0.5860, Train Acc: 0.9665, Val Loss: 2.2046, Val Acc: 0.6854
2026-02-13 12:36:44,867 - experiment_ablation_no_chaotic_embedding - INFO - Train Epoch 78: [0/472 (0.0%)]	Loss: 0.612706
2026-02-13 12:36:45,650 - experiment_ablation_no_chaotic_embedding - DEBUG - [STABILITY] lyap=0.099, max_norm=1.0, min_std=0.197
2026-02-13 12:36:46,229 - experiment_ablation_no_chaotic_embedding - INFO - [SYNC DEBUG] Epoch 78: sync_weight=0.1, desync_weight=0.1, loss_sync=0.499697
2026-02-13 12:36:46,678 - experiment_ablation_no_chaotic_embedding - INFO - Epoch 78: Train Loss: 0.5527, Train Acc: 0.9777, Val Loss: 0.8202, Val Acc: 0.8090
2026-02-13 12:36:47,009 - experiment_ablation_no_chaotic_embedding - INFO - Train Epoch 79: [0/472 (0.0%)]	Loss: 0.511462
2026-02-13 12:36:48,342 - experiment_ablation_no_chaotic_embedding - INFO - [SYNC DEBUG] Epoch 79: sync_weight=0.1, desync_weight=0.1, loss_sync=0.499705
2026-02-13 12:36:48,790 - experiment_ablation_no_chaotic_embedding - INFO - Epoch 79: Train Loss: 0.5583, Train Acc: 0.9821, Val Loss: 1.3801, Val Acc: 0.7753
2026-02-13 12:36:49,133 - experiment_ablation_no_chaotic_embedding - INFO - Train Epoch 80: [0/472 (0.0%)]	Loss: 0.910732
2026-02-13 12:36:50,482 - experiment_ablation_no_chaotic_embedding - INFO - [SYNC DEBUG] Epoch 80: sync_weight=0.1, desync_weight=0.1, loss_sync=0.499623
2026-02-13 12:36:50,931 - experiment_ablation_no_chaotic_embedding - INFO - Epoch 80: Train Loss: 0.5701, Train Acc: 0.9777, Val Loss: 0.7611, Val Acc: 0.8090
2026-02-13 12:36:51,322 - experiment_ablation_no_chaotic_embedding - INFO - Train Epoch 81: [0/472 (0.0%)]	Loss: 0.501557
2026-02-13 12:36:52,655 - experiment_ablation_no_chaotic_embedding - INFO - [SYNC DEBUG] Epoch 81: sync_weight=0.1, desync_weight=0.1, loss_sync=0.499375
2026-02-13 12:36:53,101 - experiment_ablation_no_chaotic_embedding - INFO - Epoch 81: Train Loss: 0.5545, Train Acc: 0.9799, Val Loss: 1.2583, Val Acc: 0.7753
2026-02-13 12:36:53,433 - experiment_ablation_no_chaotic_embedding - INFO - Train Epoch 82: [0/472 (0.0%)]	Loss: 0.568434
2026-02-13 12:36:54,771 - experiment_ablation_no_chaotic_embedding - INFO - [SYNC DEBUG] Epoch 82: sync_weight=0.1, desync_weight=0.1, loss_sync=0.499323
2026-02-13 12:36:55,222 - experiment_ablation_no_chaotic_embedding - INFO - Epoch 82: Train Loss: 0.5551, Train Acc: 0.9777, Val Loss: 0.6296, Val Acc: 0.8202
2026-02-13 12:36:55,565 - experiment_ablation_no_chaotic_embedding - INFO - Train Epoch 83: [0/472 (0.0%)]	Loss: 0.521058
2026-02-13 12:36:56,913 - experiment_ablation_no_chaotic_embedding - INFO - [SYNC DEBUG] Epoch 83: sync_weight=0.1, desync_weight=0.1, loss_sync=0.499568
2026-02-13 12:36:57,366 - experiment_ablation_no_chaotic_embedding - INFO - Epoch 83: Train Loss: 0.5443, Train Acc: 0.9888, Val Loss: 1.2691, Val Acc: 0.7416
2026-02-13 12:36:57,697 - experiment_ablation_no_chaotic_embedding - INFO - Train Epoch 84: [0/472 (0.0%)]	Loss: 0.571903
2026-02-13 12:36:59,025 - experiment_ablation_no_chaotic_embedding - INFO - [SYNC DEBUG] Epoch 84: sync_weight=0.1, desync_weight=0.1, loss_sync=0.499585
2026-02-13 12:36:59,472 - experiment_ablation_no_chaotic_embedding - INFO - Epoch 84: Train Loss: 0.5476, Train Acc: 0.9754, Val Loss: 1.7732, Val Acc: 0.6966
2026-02-13 12:36:59,810 - experiment_ablation_no_chaotic_embedding - INFO - Train Epoch 85: [0/472 (0.0%)]	Loss: 0.611822
2026-02-13 12:37:00,771 - experiment_ablation_no_chaotic_embedding - DEBUG - [STABILITY] lyap=0.094, max_norm=1.0, min_std=0.207
2026-02-13 12:37:01,151 - experiment_ablation_no_chaotic_embedding - INFO - [SYNC DEBUG] Epoch 85: sync_weight=0.1, desync_weight=0.1, loss_sync=0.499487
2026-02-13 12:37:01,602 - experiment_ablation_no_chaotic_embedding - INFO - Epoch 85: Train Loss: 0.5878, Train Acc: 0.9710, Val Loss: 1.1127, Val Acc: 0.8090
2026-02-13 12:37:01,926 - experiment_ablation_no_chaotic_embedding - INFO - Train Epoch 86: [0/472 (0.0%)]	Loss: 0.570577
2026-02-13 12:37:03,263 - experiment_ablation_no_chaotic_embedding - INFO - [SYNC DEBUG] Epoch 86: sync_weight=0.1, desync_weight=0.1, loss_sync=0.499917
2026-02-13 12:37:03,709 - experiment_ablation_no_chaotic_embedding - INFO - Epoch 86: Train Loss: 0.5616, Train Acc: 0.9777, Val Loss: 1.0423, Val Acc: 0.7528
2026-02-13 12:37:04,043 - experiment_ablation_no_chaotic_embedding - INFO - Train Epoch 87: [0/472 (0.0%)]	Loss: 0.500087
2026-02-13 12:37:05,393 - experiment_ablation_no_chaotic_embedding - INFO - [SYNC DEBUG] Epoch 87: sync_weight=0.1, desync_weight=0.1, loss_sync=0.499715
2026-02-13 12:37:05,838 - experiment_ablation_no_chaotic_embedding - INFO - Epoch 87: Train Loss: 0.5553, Train Acc: 0.9866, Val Loss: 0.4547, Val Acc: 0.8989
2026-02-13 12:37:06,175 - experiment_ablation_no_chaotic_embedding - INFO - Train Epoch 88: [0/472 (0.0%)]	Loss: 0.506109
2026-02-13 12:37:07,538 - experiment_ablation_no_chaotic_embedding - INFO - [SYNC DEBUG] Epoch 88: sync_weight=0.1, desync_weight=0.1, loss_sync=0.499605
2026-02-13 12:37:07,986 - experiment_ablation_no_chaotic_embedding - INFO - Epoch 88: Train Loss: 0.5287, Train Acc: 0.9888, Val Loss: 0.5369, Val Acc: 0.8764
2026-02-13 12:37:08,320 - experiment_ablation_no_chaotic_embedding - INFO - Train Epoch 89: [0/472 (0.0%)]	Loss: 0.504975
2026-02-13 12:37:09,678 - experiment_ablation_no_chaotic_embedding - INFO - [SYNC DEBUG] Epoch 89: sync_weight=0.1, desync_weight=0.1, loss_sync=0.499203
2026-02-13 12:37:10,129 - experiment_ablation_no_chaotic_embedding - INFO - Epoch 89: Train Loss: 0.5355, Train Acc: 0.9888, Val Loss: 0.5377, Val Acc: 0.8652
2026-02-13 12:37:10,466 - experiment_ablation_no_chaotic_embedding - INFO - Train Epoch 90: [0/472 (0.0%)]	Loss: 0.559268
2026-02-13 12:37:11,807 - experiment_ablation_no_chaotic_embedding - INFO - [SYNC DEBUG] Epoch 90: sync_weight=0.1, desync_weight=0.1, loss_sync=0.499693
2026-02-13 12:37:12,255 - experiment_ablation_no_chaotic_embedding - INFO - Epoch 90: Train Loss: 0.5352, Train Acc: 0.9888, Val Loss: 0.8834, Val Acc: 0.8539
2026-02-13 12:37:12,656 - experiment_ablation_no_chaotic_embedding - INFO - Train Epoch 91: [0/472 (0.0%)]	Loss: 0.614036
2026-02-13 12:37:13,976 - experiment_ablation_no_chaotic_embedding - INFO - [SYNC DEBUG] Epoch 91: sync_weight=0.1, desync_weight=0.1, loss_sync=0.499291
2026-02-13 12:37:14,422 - experiment_ablation_no_chaotic_embedding - INFO - Epoch 91: Train Loss: 0.5359, Train Acc: 0.9911, Val Loss: 0.9715, Val Acc: 0.8202
2026-02-13 12:37:14,756 - experiment_ablation_no_chaotic_embedding - INFO - Train Epoch 92: [0/472 (0.0%)]	Loss: 0.504126
2026-02-13 12:37:15,913 - experiment_ablation_no_chaotic_embedding - DEBUG - [STABILITY] lyap=0.081, max_norm=1.0, min_std=0.211
2026-02-13 12:37:16,095 - experiment_ablation_no_chaotic_embedding - INFO - [SYNC DEBUG] Epoch 92: sync_weight=0.1, desync_weight=0.1, loss_sync=0.499511
2026-02-13 12:37:16,544 - experiment_ablation_no_chaotic_embedding - INFO - Epoch 92: Train Loss: 0.5434, Train Acc: 0.9777, Val Loss: 0.8699, Val Acc: 0.8315
2026-02-13 12:37:16,876 - experiment_ablation_no_chaotic_embedding - INFO - Train Epoch 93: [0/472 (0.0%)]	Loss: 0.548383
2026-02-13 12:37:18,230 - experiment_ablation_no_chaotic_embedding - INFO - [SYNC DEBUG] Epoch 93: sync_weight=0.1, desync_weight=0.1, loss_sync=0.499379
2026-02-13 12:37:18,686 - experiment_ablation_no_chaotic_embedding - INFO - Epoch 93: Train Loss: 0.5784, Train Acc: 0.9710, Val Loss: 0.8246, Val Acc: 0.8539
2026-02-13 12:37:19,017 - experiment_ablation_no_chaotic_embedding - INFO - Train Epoch 94: [0/472 (0.0%)]	Loss: 0.585035
2026-02-13 12:37:20,369 - experiment_ablation_no_chaotic_embedding - INFO - [SYNC DEBUG] Epoch 94: sync_weight=0.1, desync_weight=0.1, loss_sync=0.499714
2026-02-13 12:37:20,826 - experiment_ablation_no_chaotic_embedding - INFO - Epoch 94: Train Loss: 0.5515, Train Acc: 0.9888, Val Loss: 0.7032, Val Acc: 0.8764
2026-02-13 12:37:21,165 - experiment_ablation_no_chaotic_embedding - INFO - Train Epoch 95: [0/472 (0.0%)]	Loss: 0.502253
2026-02-13 12:37:22,506 - experiment_ablation_no_chaotic_embedding - INFO - [SYNC DEBUG] Epoch 95: sync_weight=0.1, desync_weight=0.1, loss_sync=0.499185
2026-02-13 12:37:22,963 - experiment_ablation_no_chaotic_embedding - INFO - Epoch 95: Train Loss: 0.5510, Train Acc: 0.9888, Val Loss: 1.9656, Val Acc: 0.6742
2026-02-13 12:37:23,287 - experiment_ablation_no_chaotic_embedding - INFO - Train Epoch 96: [0/472 (0.0%)]	Loss: 0.502589
2026-02-13 12:37:24,616 - experiment_ablation_no_chaotic_embedding - INFO - [SYNC DEBUG] Epoch 96: sync_weight=0.1, desync_weight=0.1, loss_sync=0.499621
2026-02-13 12:37:25,063 - experiment_ablation_no_chaotic_embedding - INFO - Epoch 96: Train Loss: 0.5278, Train Acc: 0.9933, Val Loss: 0.5484, Val Acc: 0.8876
2026-02-13 12:37:25,403 - experiment_ablation_no_chaotic_embedding - INFO - Train Epoch 97: [0/472 (0.0%)]	Loss: 0.509610
2026-02-13 12:37:26,756 - experiment_ablation_no_chaotic_embedding - INFO - [SYNC DEBUG] Epoch 97: sync_weight=0.1, desync_weight=0.1, loss_sync=0.499309
2026-02-13 12:37:27,214 - experiment_ablation_no_chaotic_embedding - INFO - Epoch 97: Train Loss: 0.5214, Train Acc: 0.9978, Val Loss: 0.8276, Val Acc: 0.8539
2026-02-13 12:37:27,554 - experiment_ablation_no_chaotic_embedding - INFO - Train Epoch 98: [0/472 (0.0%)]	Loss: 0.520779
2026-02-13 12:37:28,885 - experiment_ablation_no_chaotic_embedding - INFO - [SYNC DEBUG] Epoch 98: sync_weight=0.1, desync_weight=0.1, loss_sync=0.499830
2026-02-13 12:37:29,338 - experiment_ablation_no_chaotic_embedding - INFO - Epoch 98: Train Loss: 0.5271, Train Acc: 0.9933, Val Loss: 1.0092, Val Acc: 0.8090
2026-02-13 12:37:29,663 - experiment_ablation_no_chaotic_embedding - INFO - Train Epoch 99: [0/472 (0.0%)]	Loss: 0.527368
2026-02-13 12:37:31,006 - experiment_ablation_no_chaotic_embedding - INFO - [SYNC DEBUG] Epoch 99: sync_weight=0.1, desync_weight=0.1, loss_sync=0.499290
2026-02-13 12:37:31,453 - experiment_ablation_no_chaotic_embedding - INFO - Epoch 99: Train Loss: 0.5359, Train Acc: 0.9866, Val Loss: 0.6994, Val Acc: 0.8989
2026-02-13 12:37:31,456 - experiment_ablation_no_chaotic_embedding - INFO - Running final test evaluation...
2026-02-13 12:37:31,979 - experiment_ablation_no_chaotic_embedding - INFO - Test Results:
2026-02-13 12:37:31,979 - experiment_ablation_no_chaotic_embedding - INFO -   loss: 0.3788
2026-02-13 12:37:31,979 - experiment_ablation_no_chaotic_embedding - INFO -   accuracy: 0.8898
2026-02-13 12:37:31,981 - experiment_ablation_no_chaotic_embedding - INFO - Training completed
2026-02-15 03:14:59,891 - experiment_ablation_no_chaotic_embedding - INFO - Initialized experiment: ablation_no_chaotic_embedding
2026-02-15 03:14:59,907 - experiment_ablation_no_chaotic_embedding - INFO - Device: cuda
2026-02-15 03:14:59,907 - experiment_ablation_no_chaotic_embedding - INFO - Output directory: /scratch/project_2003370/yueyao/Model/experiments/configs/Ablation_study/no_chaotic_embedding/ablation_no_chaotic_embedding
2026-02-15 03:14:59,908 - experiment_ablation_no_chaotic_embedding - INFO - [SYNC LOSS] Enabled with mode: standard
2026-02-15 03:14:59,908 - experiment_ablation_no_chaotic_embedding - INFO - Initialized chaotic network experiment with lorenz system
2026-02-15 03:14:59,908 - experiment_ablation_no_chaotic_embedding - INFO - Setting up experiment components...
2026-02-15 03:14:59,908 - experiment_ablation_no_chaotic_embedding - INFO - Creating dataloaders...
2026-02-15 03:15:00,306 - experiment_ablation_no_chaotic_embedding - INFO - Detected 26 speakers in dataset
2026-02-15 03:15:00,306 - experiment_ablation_no_chaotic_embedding - INFO - Dataloaders created:
2026-02-15 03:15:00,306 - experiment_ablation_no_chaotic_embedding - INFO -   Train: 14 batches
2026-02-15 03:15:00,306 - experiment_ablation_no_chaotic_embedding - INFO -   Val: 3 batches
2026-02-15 03:15:00,306 - experiment_ablation_no_chaotic_embedding - INFO -   Test: 4 batches
2026-02-15 03:15:00,306 - experiment_ablation_no_chaotic_embedding - INFO - Creating model...
2026-02-15 03:15:00,306 - experiment_ablation_no_chaotic_embedding - INFO - Using actual num_speakers from dataset: 26
2026-02-15 03:16:05,797 - experiment_ablation_no_chaotic_embedding - INFO - Total parameters: 500,671
2026-02-15 03:16:05,797 - experiment_ablation_no_chaotic_embedding - INFO - Trainable parameters: 500,671
2026-02-15 03:16:05,797 - experiment_ablation_no_chaotic_embedding - INFO - Creating optimizer...
2026-02-15 03:16:05,797 - experiment_ablation_no_chaotic_embedding - INFO - Optimizer: AdamW
2026-02-15 03:16:05,797 - experiment_ablation_no_chaotic_embedding - INFO - Creating scheduler...
2026-02-15 03:16:05,797 - experiment_ablation_no_chaotic_embedding - INFO - Creating criterion...
2026-02-15 03:16:05,797 - experiment_ablation_no_chaotic_embedding - INFO - Criterion: CrossEntropyLoss
2026-02-15 03:16:05,896 - experiment_ablation_no_chaotic_embedding - INFO - Configuration saved to: /scratch/project_2003370/yueyao/Model/experiments/configs/Ablation_study/no_chaotic_embedding/ablation_no_chaotic_embedding/config.json
2026-02-15 03:16:05,897 - experiment_ablation_no_chaotic_embedding - INFO - Experiment setup completed
2026-02-15 03:16:05,901 - experiment_ablation_no_chaotic_embedding - INFO - Starting training for 100 epochs
2026-02-15 03:16:05,901 - experiment_ablation_no_chaotic_embedding - INFO - [SYNC LOSS] Warmup complete, synchronization loss activated!
2026-02-15 03:16:06,085 - experiment_ablation_no_chaotic_embedding - INFO - 
================================================================================
2026-02-15 03:16:06,085 - experiment_ablation_no_chaotic_embedding - INFO - COMPREHENSIVE DEBUG - FIRST BATCH
2026-02-15 03:16:06,086 - experiment_ablation_no_chaotic_embedding - INFO - ================================================================================
2026-02-15 03:16:06,086 - experiment_ablation_no_chaotic_embedding - INFO - Batch Info:
2026-02-15 03:16:06,086 - experiment_ablation_no_chaotic_embedding - INFO -   Audio shape: torch.Size([32, 48000])
2026-02-15 03:16:06,086 - experiment_ablation_no_chaotic_embedding - INFO -   Targets shape: torch.Size([32])
2026-02-15 03:16:06,087 - experiment_ablation_no_chaotic_embedding - INFO -   Targets (first 8): tensor([12,  7,  3, 17, 18, 19,  9,  1], device='cuda:0')
2026-02-15 03:16:06,310 - experiment_ablation_no_chaotic_embedding - INFO - ================================================================================

2026-02-15 03:16:06,582 - experiment_ablation_no_chaotic_embedding - INFO - [STABILITY] Initialized LyapunovStabilityLoss
2026-02-15 03:16:06,584 - experiment_ablation_no_chaotic_embedding - DEBUG - [STABILITY] lyap=-0.009, max_norm=0.2, min_std=0.057
2026-02-15 03:16:06,654 - experiment_ablation_no_chaotic_embedding - INFO - Train Epoch 0: [0/472 (0.0%)]	Loss: 6.718009
2026-02-15 03:16:11,007 - experiment_ablation_no_chaotic_embedding - INFO - [SYNC DEBUG] Epoch 0: sync_weight=0.1, desync_weight=0.1, loss_sync=0.499866
2026-02-15 03:16:11,585 - experiment_ablation_no_chaotic_embedding - INFO - Epoch 0: Train Loss: 5.1895, Train Acc: 0.1071, Val Loss: 5.5005, Val Acc: 0.0449
2026-02-15 03:16:11,656 - experiment_ablation_no_chaotic_embedding - INFO - Saved new best model at epoch 0
2026-02-15 03:16:12,232 - experiment_ablation_no_chaotic_embedding - INFO - Train Epoch 1: [0/472 (0.0%)]	Loss: 3.812448
2026-02-15 03:16:15,961 - experiment_ablation_no_chaotic_embedding - INFO - [SYNC DEBUG] Epoch 1: sync_weight=0.1, desync_weight=0.1, loss_sync=0.499796
2026-02-15 03:16:16,637 - experiment_ablation_no_chaotic_embedding - INFO - Epoch 1: Train Loss: 3.4646, Train Acc: 0.2746, Val Loss: 4.5223, Val Acc: 0.1011
2026-02-15 03:16:16,712 - experiment_ablation_no_chaotic_embedding - INFO - Saved new best model at epoch 1
2026-02-15 03:16:17,361 - experiment_ablation_no_chaotic_embedding - INFO - Train Epoch 2: [0/472 (0.0%)]	Loss: 2.983220
2026-02-15 03:16:20,952 - experiment_ablation_no_chaotic_embedding - INFO - [SYNC DEBUG] Epoch 2: sync_weight=0.1, desync_weight=0.1, loss_sync=0.499712
2026-02-15 03:16:21,498 - experiment_ablation_no_chaotic_embedding - INFO - Epoch 2: Train Loss: 2.7467, Train Acc: 0.3728, Val Loss: 4.8221, Val Acc: 0.1348
2026-02-15 03:16:21,580 - experiment_ablation_no_chaotic_embedding - INFO - Saved new best model at epoch 2
2026-02-15 03:16:22,159 - experiment_ablation_no_chaotic_embedding - INFO - Train Epoch 3: [0/472 (0.0%)]	Loss: 2.475794
2026-02-15 03:16:26,389 - experiment_ablation_no_chaotic_embedding - INFO - [SYNC DEBUG] Epoch 3: sync_weight=0.1, desync_weight=0.1, loss_sync=0.499512
2026-02-15 03:16:26,998 - experiment_ablation_no_chaotic_embedding - INFO - Epoch 3: Train Loss: 2.1940, Train Acc: 0.5112, Val Loss: 3.6602, Val Acc: 0.2472
2026-02-15 03:16:27,070 - experiment_ablation_no_chaotic_embedding - INFO - Saved new best model at epoch 3
2026-02-15 03:16:27,685 - experiment_ablation_no_chaotic_embedding - INFO - Train Epoch 4: [0/472 (0.0%)]	Loss: 2.359496
2026-02-15 03:16:31,099 - experiment_ablation_no_chaotic_embedding - INFO - [SYNC DEBUG] Epoch 4: sync_weight=0.1, desync_weight=0.1, loss_sync=0.499612
2026-02-15 03:16:31,767 - experiment_ablation_no_chaotic_embedding - INFO - Epoch 4: Train Loss: 1.8156, Train Acc: 0.6004, Val Loss: 3.9571, Val Acc: 0.2135
2026-02-15 03:16:32,343 - experiment_ablation_no_chaotic_embedding - INFO - Train Epoch 5: [0/472 (0.0%)]	Loss: 1.539558
2026-02-15 03:16:36,413 - experiment_ablation_no_chaotic_embedding - INFO - [SYNC DEBUG] Epoch 5: sync_weight=0.1, desync_weight=0.1, loss_sync=0.499471
2026-02-15 03:16:36,903 - experiment_ablation_no_chaotic_embedding - INFO - Epoch 5: Train Loss: 1.5853, Train Acc: 0.6138, Val Loss: 5.0110, Val Acc: 0.1348
2026-02-15 03:16:37,406 - experiment_ablation_no_chaotic_embedding - INFO - Train Epoch 6: [0/472 (0.0%)]	Loss: 1.359752
2026-02-15 03:16:41,578 - experiment_ablation_no_chaotic_embedding - INFO - [SYNC DEBUG] Epoch 6: sync_weight=0.1, desync_weight=0.1, loss_sync=0.499621
2026-02-15 03:16:42,173 - experiment_ablation_no_chaotic_embedding - INFO - Epoch 6: Train Loss: 1.4867, Train Acc: 0.7054, Val Loss: 4.8713, Val Acc: 0.2022
2026-02-15 03:16:42,758 - experiment_ablation_no_chaotic_embedding - INFO - Train Epoch 7: [0/472 (0.0%)]	Loss: 1.215885
2026-02-15 03:16:43,295 - experiment_ablation_no_chaotic_embedding - DEBUG - [STABILITY] lyap=0.061, max_norm=0.9, min_std=0.257
2026-02-15 03:16:46,253 - experiment_ablation_no_chaotic_embedding - INFO - [SYNC DEBUG] Epoch 7: sync_weight=0.1, desync_weight=0.1, loss_sync=0.499545
2026-02-15 03:16:46,943 - experiment_ablation_no_chaotic_embedding - INFO - Epoch 7: Train Loss: 1.2833, Train Acc: 0.7545, Val Loss: 3.8368, Val Acc: 0.2135
2026-02-15 03:16:47,492 - experiment_ablation_no_chaotic_embedding - INFO - Train Epoch 8: [0/472 (0.0%)]	Loss: 1.285106
2026-02-15 03:16:51,910 - experiment_ablation_no_chaotic_embedding - INFO - [SYNC DEBUG] Epoch 8: sync_weight=0.1, desync_weight=0.1, loss_sync=0.499620
2026-02-15 03:16:52,490 - experiment_ablation_no_chaotic_embedding - INFO - Epoch 8: Train Loss: 1.2014, Train Acc: 0.7701, Val Loss: 2.1810, Val Acc: 0.5393
2026-02-15 03:16:52,572 - experiment_ablation_no_chaotic_embedding - INFO - Saved new best model at epoch 8
2026-02-15 03:16:53,110 - experiment_ablation_no_chaotic_embedding - INFO - Train Epoch 9: [0/472 (0.0%)]	Loss: 1.166808
2026-02-15 03:16:57,093 - experiment_ablation_no_chaotic_embedding - INFO - [SYNC DEBUG] Epoch 9: sync_weight=0.1, desync_weight=0.1, loss_sync=0.499455
2026-02-15 03:16:57,741 - experiment_ablation_no_chaotic_embedding - INFO - Epoch 9: Train Loss: 1.1122, Train Acc: 0.8013, Val Loss: 3.6133, Val Acc: 0.2697
2026-02-15 03:16:58,289 - experiment_ablation_no_chaotic_embedding - INFO - Train Epoch 10: [0/472 (0.0%)]	Loss: 1.391945
2026-02-15 03:17:01,873 - experiment_ablation_no_chaotic_embedding - INFO - [SYNC DEBUG] Epoch 10: sync_weight=0.1, desync_weight=0.1, loss_sync=0.499245
2026-02-15 03:17:02,474 - experiment_ablation_no_chaotic_embedding - INFO - Epoch 10: Train Loss: 1.1144, Train Acc: 0.7879, Val Loss: 3.2425, Val Acc: 0.2921
2026-02-15 03:17:03,191 - experiment_ablation_no_chaotic_embedding - INFO - Train Epoch 11: [0/472 (0.0%)]	Loss: 1.019808
2026-02-15 03:17:07,551 - experiment_ablation_no_chaotic_embedding - INFO - [SYNC DEBUG] Epoch 11: sync_weight=0.1, desync_weight=0.1, loss_sync=0.499262
2026-02-15 03:17:08,198 - experiment_ablation_no_chaotic_embedding - INFO - Epoch 11: Train Loss: 1.0370, Train Acc: 0.8281, Val Loss: 4.0478, Val Acc: 0.2584
2026-02-15 03:17:08,693 - experiment_ablation_no_chaotic_embedding - INFO - Train Epoch 12: [0/472 (0.0%)]	Loss: 0.856331
2026-02-15 03:17:12,502 - experiment_ablation_no_chaotic_embedding - INFO - [SYNC DEBUG] Epoch 12: sync_weight=0.1, desync_weight=0.1, loss_sync=0.499657
2026-02-15 03:17:13,219 - experiment_ablation_no_chaotic_embedding - INFO - Epoch 12: Train Loss: 0.9389, Train Acc: 0.8571, Val Loss: 1.5699, Val Acc: 0.6292
2026-02-15 03:17:13,293 - experiment_ablation_no_chaotic_embedding - INFO - Saved new best model at epoch 12
2026-02-15 03:17:13,915 - experiment_ablation_no_chaotic_embedding - INFO - Train Epoch 13: [0/472 (0.0%)]	Loss: 0.983044
2026-02-15 03:17:17,631 - experiment_ablation_no_chaotic_embedding - INFO - [SYNC DEBUG] Epoch 13: sync_weight=0.1, desync_weight=0.1, loss_sync=0.499555
2026-02-15 03:17:18,125 - experiment_ablation_no_chaotic_embedding - INFO - Epoch 13: Train Loss: 1.0327, Train Acc: 0.8192, Val Loss: 2.4782, Val Acc: 0.5506
2026-02-15 03:17:18,694 - experiment_ablation_no_chaotic_embedding - INFO - Train Epoch 14: [0/472 (0.0%)]	Loss: 1.049815
2026-02-15 03:17:19,922 - experiment_ablation_no_chaotic_embedding - DEBUG - [STABILITY] lyap=0.081, max_norm=1.3, min_std=0.336
2026-02-15 03:17:22,997 - experiment_ablation_no_chaotic_embedding - INFO - [SYNC DEBUG] Epoch 14: sync_weight=0.1, desync_weight=0.1, loss_sync=0.499343
2026-02-15 03:17:23,626 - experiment_ablation_no_chaotic_embedding - INFO - Epoch 14: Train Loss: 1.0753, Train Acc: 0.7924, Val Loss: 0.5212, Val Acc: 0.8427
2026-02-15 03:17:23,701 - experiment_ablation_no_chaotic_embedding - INFO - Saved new best model at epoch 14
2026-02-15 03:17:24,296 - experiment_ablation_no_chaotic_embedding - INFO - Train Epoch 15: [0/472 (0.0%)]	Loss: 0.956133
2026-02-15 03:17:27,841 - experiment_ablation_no_chaotic_embedding - INFO - [SYNC DEBUG] Epoch 15: sync_weight=0.1, desync_weight=0.1, loss_sync=0.499197
2026-02-15 03:17:28,442 - experiment_ablation_no_chaotic_embedding - INFO - Epoch 15: Train Loss: 0.9154, Train Acc: 0.8661, Val Loss: 1.2576, Val Acc: 0.6180
2026-02-15 03:17:29,017 - experiment_ablation_no_chaotic_embedding - INFO - Train Epoch 16: [0/472 (0.0%)]	Loss: 0.772489
2026-02-15 03:17:32,929 - experiment_ablation_no_chaotic_embedding - INFO - [SYNC DEBUG] Epoch 16: sync_weight=0.1, desync_weight=0.1, loss_sync=0.499360
2026-02-15 03:17:33,472 - experiment_ablation_no_chaotic_embedding - INFO - Epoch 16: Train Loss: 0.9310, Train Acc: 0.8594, Val Loss: 0.7076, Val Acc: 0.7640
2026-02-15 03:17:33,944 - experiment_ablation_no_chaotic_embedding - INFO - Train Epoch 17: [0/472 (0.0%)]	Loss: 0.733081
2026-02-15 03:17:38,246 - experiment_ablation_no_chaotic_embedding - INFO - [SYNC DEBUG] Epoch 17: sync_weight=0.1, desync_weight=0.1, loss_sync=0.499057
2026-02-15 03:17:38,945 - experiment_ablation_no_chaotic_embedding - INFO - Epoch 17: Train Loss: 0.8323, Train Acc: 0.8951, Val Loss: 0.7823, Val Acc: 0.7978
2026-02-15 03:17:39,467 - experiment_ablation_no_chaotic_embedding - INFO - Train Epoch 18: [0/472 (0.0%)]	Loss: 0.784012
2026-02-15 03:17:42,911 - experiment_ablation_no_chaotic_embedding - INFO - [SYNC DEBUG] Epoch 18: sync_weight=0.1, desync_weight=0.1, loss_sync=0.499345
2026-02-15 03:17:43,595 - experiment_ablation_no_chaotic_embedding - INFO - Epoch 18: Train Loss: 0.8439, Train Acc: 0.8750, Val Loss: 2.3232, Val Acc: 0.5169
2026-02-15 03:17:44,133 - experiment_ablation_no_chaotic_embedding - INFO - Train Epoch 19: [0/472 (0.0%)]	Loss: 0.739093
2026-02-15 03:17:48,472 - experiment_ablation_no_chaotic_embedding - INFO - [SYNC DEBUG] Epoch 19: sync_weight=0.1, desync_weight=0.1, loss_sync=0.499327
2026-02-15 03:17:48,993 - experiment_ablation_no_chaotic_embedding - INFO - Epoch 19: Train Loss: 0.7700, Train Acc: 0.9152, Val Loss: 0.8723, Val Acc: 0.7303
2026-02-15 03:17:49,457 - experiment_ablation_no_chaotic_embedding - INFO - Train Epoch 20: [0/472 (0.0%)]	Loss: 0.750587
2026-02-15 03:17:53,679 - experiment_ablation_no_chaotic_embedding - INFO - [SYNC DEBUG] Epoch 20: sync_weight=0.1, desync_weight=0.1, loss_sync=0.499523
2026-02-15 03:17:54,333 - experiment_ablation_no_chaotic_embedding - INFO - Epoch 20: Train Loss: 0.8074, Train Acc: 0.8929, Val Loss: 0.9615, Val Acc: 0.7079
2026-02-15 03:17:55,029 - experiment_ablation_no_chaotic_embedding - INFO - Train Epoch 21: [0/472 (0.0%)]	Loss: 0.702396
2026-02-15 03:17:56,727 - experiment_ablation_no_chaotic_embedding - DEBUG - [STABILITY] lyap=0.115, max_norm=1.4, min_std=0.340
2026-02-15 03:17:58,408 - experiment_ablation_no_chaotic_embedding - INFO - [SYNC DEBUG] Epoch 21: sync_weight=0.1, desync_weight=0.1, loss_sync=0.499088
2026-02-15 03:17:58,994 - experiment_ablation_no_chaotic_embedding - INFO - Epoch 21: Train Loss: 0.8381, Train Acc: 0.8862, Val Loss: 1.6492, Val Acc: 0.6180
2026-02-15 03:17:59,575 - experiment_ablation_no_chaotic_embedding - INFO - Train Epoch 22: [0/472 (0.0%)]	Loss: 0.904996
2026-02-15 03:18:03,833 - experiment_ablation_no_chaotic_embedding - INFO - [SYNC DEBUG] Epoch 22: sync_weight=0.1, desync_weight=0.1, loss_sync=0.499472
2026-02-15 03:18:04,423 - experiment_ablation_no_chaotic_embedding - INFO - Epoch 22: Train Loss: 0.7139, Train Acc: 0.9263, Val Loss: 0.8198, Val Acc: 0.7865
2026-02-15 03:18:04,906 - experiment_ablation_no_chaotic_embedding - INFO - Train Epoch 23: [0/472 (0.0%)]	Loss: 0.643369
2026-02-15 03:18:08,690 - experiment_ablation_no_chaotic_embedding - INFO - [SYNC DEBUG] Epoch 23: sync_weight=0.1, desync_weight=0.1, loss_sync=0.499303
2026-02-15 03:18:09,316 - experiment_ablation_no_chaotic_embedding - INFO - Epoch 23: Train Loss: 0.6837, Train Acc: 0.9375, Val Loss: 2.6599, Val Acc: 0.4607
2026-02-15 03:18:09,879 - experiment_ablation_no_chaotic_embedding - INFO - Train Epoch 24: [0/472 (0.0%)]	Loss: 0.802547
2026-02-15 03:18:13,643 - experiment_ablation_no_chaotic_embedding - INFO - [SYNC DEBUG] Epoch 24: sync_weight=0.1, desync_weight=0.1, loss_sync=0.499233
2026-02-15 03:18:14,211 - experiment_ablation_no_chaotic_embedding - INFO - Epoch 24: Train Loss: 0.7256, Train Acc: 0.9286, Val Loss: 1.8463, Val Acc: 0.6629
2026-02-15 03:18:14,823 - experiment_ablation_no_chaotic_embedding - INFO - Train Epoch 25: [0/472 (0.0%)]	Loss: 0.616852
2026-02-15 03:18:19,157 - experiment_ablation_no_chaotic_embedding - INFO - [SYNC DEBUG] Epoch 25: sync_weight=0.1, desync_weight=0.1, loss_sync=0.499508
2026-02-15 03:18:19,810 - experiment_ablation_no_chaotic_embedding - INFO - Epoch 25: Train Loss: 0.8112, Train Acc: 0.9152, Val Loss: 4.1701, Val Acc: 0.2809
2026-02-15 03:18:20,361 - experiment_ablation_no_chaotic_embedding - INFO - Train Epoch 26: [0/472 (0.0%)]	Loss: 0.557662
2026-02-15 03:18:23,907 - experiment_ablation_no_chaotic_embedding - INFO - [SYNC DEBUG] Epoch 26: sync_weight=0.1, desync_weight=0.1, loss_sync=0.499151
2026-02-15 03:18:24,499 - experiment_ablation_no_chaotic_embedding - INFO - Epoch 26: Train Loss: 0.6836, Train Acc: 0.9397, Val Loss: 1.0670, Val Acc: 0.7416
2026-02-15 03:18:25,100 - experiment_ablation_no_chaotic_embedding - INFO - Train Epoch 27: [0/472 (0.0%)]	Loss: 0.615988
2026-02-15 03:18:28,983 - experiment_ablation_no_chaotic_embedding - INFO - [SYNC DEBUG] Epoch 27: sync_weight=0.1, desync_weight=0.1, loss_sync=0.499777
2026-02-15 03:18:29,469 - experiment_ablation_no_chaotic_embedding - INFO - Epoch 27: Train Loss: 0.7256, Train Acc: 0.9286, Val Loss: 0.9151, Val Acc: 0.7978
2026-02-15 03:18:29,947 - experiment_ablation_no_chaotic_embedding - INFO - Train Epoch 28: [0/472 (0.0%)]	Loss: 0.564230
2026-02-15 03:18:32,298 - experiment_ablation_no_chaotic_embedding - DEBUG - [STABILITY] lyap=0.087, max_norm=1.9, min_std=0.410
2026-02-15 03:18:34,094 - experiment_ablation_no_chaotic_embedding - INFO - [SYNC DEBUG] Epoch 28: sync_weight=0.1, desync_weight=0.1, loss_sync=0.498956
2026-02-15 03:18:34,778 - experiment_ablation_no_chaotic_embedding - INFO - Epoch 28: Train Loss: 0.7198, Train Acc: 0.9241, Val Loss: 3.2881, Val Acc: 0.4045
2026-02-15 03:18:35,337 - experiment_ablation_no_chaotic_embedding - INFO - Train Epoch 29: [0/472 (0.0%)]	Loss: 0.853129
2026-02-15 03:18:38,701 - experiment_ablation_no_chaotic_embedding - INFO - [SYNC DEBUG] Epoch 29: sync_weight=0.1, desync_weight=0.1, loss_sync=0.499513
2026-02-15 03:18:39,397 - experiment_ablation_no_chaotic_embedding - INFO - Epoch 29: Train Loss: 0.6930, Train Acc: 0.9174, Val Loss: 1.7290, Val Acc: 0.6292
2026-02-15 03:18:39,953 - experiment_ablation_no_chaotic_embedding - INFO - Train Epoch 30: [0/472 (0.0%)]	Loss: 0.640582
2026-02-15 03:18:44,249 - experiment_ablation_no_chaotic_embedding - INFO - [SYNC DEBUG] Epoch 30: sync_weight=0.1, desync_weight=0.1, loss_sync=0.498825
2026-02-15 03:18:44,805 - experiment_ablation_no_chaotic_embedding - INFO - Epoch 30: Train Loss: 0.6632, Train Acc: 0.9464, Val Loss: 2.6855, Val Acc: 0.5169
2026-02-15 03:18:45,320 - experiment_ablation_no_chaotic_embedding - INFO - Train Epoch 31: [0/472 (0.0%)]	Loss: 0.555265
2026-02-15 03:18:49,009 - experiment_ablation_no_chaotic_embedding - INFO - [SYNC DEBUG] Epoch 31: sync_weight=0.1, desync_weight=0.1, loss_sync=0.499420
2026-02-15 03:18:49,609 - experiment_ablation_no_chaotic_embedding - INFO - Epoch 31: Train Loss: 0.6750, Train Acc: 0.9464, Val Loss: 0.8528, Val Acc: 0.7865
2026-02-15 03:18:50,212 - experiment_ablation_no_chaotic_embedding - INFO - Train Epoch 32: [0/472 (0.0%)]	Loss: 0.613513
2026-02-15 03:18:54,022 - experiment_ablation_no_chaotic_embedding - INFO - [SYNC DEBUG] Epoch 32: sync_weight=0.1, desync_weight=0.1, loss_sync=0.499079
2026-02-15 03:18:54,487 - experiment_ablation_no_chaotic_embedding - INFO - Epoch 32: Train Loss: 0.6304, Train Acc: 0.9576, Val Loss: 1.9427, Val Acc: 0.5955
2026-02-15 03:18:55,091 - experiment_ablation_no_chaotic_embedding - INFO - Train Epoch 33: [0/472 (0.0%)]	Loss: 0.635708
2026-02-15 03:18:59,428 - experiment_ablation_no_chaotic_embedding - INFO - [SYNC DEBUG] Epoch 33: sync_weight=0.1, desync_weight=0.1, loss_sync=0.499312
2026-02-15 03:19:00,103 - experiment_ablation_no_chaotic_embedding - INFO - Epoch 33: Train Loss: 0.6490, Train Acc: 0.9487, Val Loss: 1.6973, Val Acc: 0.6292
2026-02-15 03:19:00,632 - experiment_ablation_no_chaotic_embedding - INFO - Train Epoch 34: [0/472 (0.0%)]	Loss: 0.802834
2026-02-15 03:19:04,028 - experiment_ablation_no_chaotic_embedding - INFO - [SYNC DEBUG] Epoch 34: sync_weight=0.1, desync_weight=0.1, loss_sync=0.499870
2026-02-15 03:19:04,628 - experiment_ablation_no_chaotic_embedding - INFO - Epoch 34: Train Loss: 0.6786, Train Acc: 0.9464, Val Loss: 3.1859, Val Acc: 0.3933
2026-02-15 03:19:05,229 - experiment_ablation_no_chaotic_embedding - INFO - Train Epoch 35: [0/472 (0.0%)]	Loss: 0.563117
2026-02-15 03:19:08,340 - experiment_ablation_no_chaotic_embedding - DEBUG - [STABILITY] lyap=0.090, max_norm=2.3, min_std=0.475
2026-02-15 03:19:09,414 - experiment_ablation_no_chaotic_embedding - INFO - [SYNC DEBUG] Epoch 35: sync_weight=0.1, desync_weight=0.1, loss_sync=0.499000
2026-02-15 03:19:09,882 - experiment_ablation_no_chaotic_embedding - INFO - Epoch 35: Train Loss: 0.7181, Train Acc: 0.9263, Val Loss: 3.2759, Val Acc: 0.5056
2026-02-15 03:19:10,356 - experiment_ablation_no_chaotic_embedding - INFO - Train Epoch 36: [0/472 (0.0%)]	Loss: 0.644239
2026-02-15 03:19:14,368 - experiment_ablation_no_chaotic_embedding - INFO - [SYNC DEBUG] Epoch 36: sync_weight=0.1, desync_weight=0.1, loss_sync=0.498707
2026-02-15 03:19:15,071 - experiment_ablation_no_chaotic_embedding - INFO - Epoch 36: Train Loss: 0.6885, Train Acc: 0.9330, Val Loss: 5.2494, Val Acc: 0.2809
2026-02-15 03:19:15,601 - experiment_ablation_no_chaotic_embedding - INFO - Train Epoch 37: [0/472 (0.0%)]	Loss: 0.700182
2026-02-15 03:19:19,222 - experiment_ablation_no_chaotic_embedding - INFO - [SYNC DEBUG] Epoch 37: sync_weight=0.1, desync_weight=0.1, loss_sync=0.498801
2026-02-15 03:19:19,690 - experiment_ablation_no_chaotic_embedding - INFO - Epoch 37: Train Loss: 0.6730, Train Acc: 0.9375, Val Loss: 5.0600, Val Acc: 0.2360
2026-02-15 03:19:20,272 - experiment_ablation_no_chaotic_embedding - INFO - Train Epoch 38: [0/472 (0.0%)]	Loss: 0.873098
2026-02-15 03:19:24,622 - experiment_ablation_no_chaotic_embedding - INFO - [SYNC DEBUG] Epoch 38: sync_weight=0.1, desync_weight=0.1, loss_sync=0.498934
2026-02-15 03:19:25,194 - experiment_ablation_no_chaotic_embedding - INFO - Epoch 38: Train Loss: 0.6735, Train Acc: 0.9375, Val Loss: 6.0577, Val Acc: 0.1910
2026-02-15 03:19:25,759 - experiment_ablation_no_chaotic_embedding - INFO - Train Epoch 39: [0/472 (0.0%)]	Loss: 0.533427
2026-02-15 03:19:29,115 - experiment_ablation_no_chaotic_embedding - INFO - [SYNC DEBUG] Epoch 39: sync_weight=0.1, desync_weight=0.1, loss_sync=0.498879
2026-02-15 03:19:29,694 - experiment_ablation_no_chaotic_embedding - INFO - Epoch 39: Train Loss: 0.6491, Train Acc: 0.9353, Val Loss: 8.1885, Val Acc: 0.0674
2026-02-15 03:19:30,345 - experiment_ablation_no_chaotic_embedding - INFO - Train Epoch 40: [0/472 (0.0%)]	Loss: 0.614261
2026-02-15 03:19:34,818 - experiment_ablation_no_chaotic_embedding - INFO - [SYNC DEBUG] Epoch 40: sync_weight=0.1, desync_weight=0.1, loss_sync=0.499166
2026-02-15 03:19:35,391 - experiment_ablation_no_chaotic_embedding - INFO - Epoch 40: Train Loss: 0.6842, Train Acc: 0.9464, Val Loss: 7.4838, Val Acc: 0.1348
2026-02-15 03:19:35,972 - experiment_ablation_no_chaotic_embedding - INFO - Train Epoch 41: [0/472 (0.0%)]	Loss: 0.557904
2026-02-15 03:19:39,982 - experiment_ablation_no_chaotic_embedding - INFO - [SYNC DEBUG] Epoch 41: sync_weight=0.1, desync_weight=0.1, loss_sync=0.499314
2026-02-15 03:19:40,551 - experiment_ablation_no_chaotic_embedding - INFO - Epoch 41: Train Loss: 0.6001, Train Acc: 0.9643, Val Loss: 0.7839, Val Acc: 0.8202
2026-02-15 03:19:41,111 - experiment_ablation_no_chaotic_embedding - INFO - Train Epoch 42: [0/472 (0.0%)]	Loss: 0.546509
2026-02-15 03:19:44,114 - experiment_ablation_no_chaotic_embedding - DEBUG - [STABILITY] lyap=0.088, max_norm=3.3, min_std=0.630
2026-02-15 03:19:44,432 - experiment_ablation_no_chaotic_embedding - INFO - [SYNC DEBUG] Epoch 42: sync_weight=0.1, desync_weight=0.1, loss_sync=0.499381
2026-02-15 03:19:45,033 - experiment_ablation_no_chaotic_embedding - INFO - Epoch 42: Train Loss: 0.6098, Train Acc: 0.9732, Val Loss: 3.3390, Val Acc: 0.4382
2026-02-15 03:19:45,603 - experiment_ablation_no_chaotic_embedding - INFO - Train Epoch 43: [0/472 (0.0%)]	Loss: 0.609223
2026-02-15 03:19:49,993 - experiment_ablation_no_chaotic_embedding - INFO - [SYNC DEBUG] Epoch 43: sync_weight=0.1, desync_weight=0.1, loss_sync=0.498903
2026-02-15 03:19:50,578 - experiment_ablation_no_chaotic_embedding - INFO - Epoch 43: Train Loss: 0.6463, Train Acc: 0.9554, Val Loss: 9.4027, Val Acc: 0.0449
2026-02-15 03:19:51,015 - experiment_ablation_no_chaotic_embedding - INFO - Train Epoch 44: [0/472 (0.0%)]	Loss: 0.642848
2026-02-15 03:19:54,870 - experiment_ablation_no_chaotic_embedding - INFO - [SYNC DEBUG] Epoch 44: sync_weight=0.1, desync_weight=0.1, loss_sync=0.499026
2026-02-15 03:19:55,505 - experiment_ablation_no_chaotic_embedding - INFO - Epoch 44: Train Loss: 0.6308, Train Acc: 0.9576, Val Loss: 4.0927, Val Acc: 0.4382
2026-02-15 03:19:56,129 - experiment_ablation_no_chaotic_embedding - INFO - Train Epoch 45: [0/472 (0.0%)]	Loss: 0.628993
2026-02-15 03:19:59,823 - experiment_ablation_no_chaotic_embedding - INFO - [SYNC DEBUG] Epoch 45: sync_weight=0.1, desync_weight=0.1, loss_sync=0.498796
2026-02-15 03:20:00,355 - experiment_ablation_no_chaotic_embedding - INFO - Epoch 45: Train Loss: 0.6507, Train Acc: 0.9442, Val Loss: 2.9613, Val Acc: 0.5618
2026-02-15 03:20:00,965 - experiment_ablation_no_chaotic_embedding - INFO - Train Epoch 46: [0/472 (0.0%)]	Loss: 0.651274
2026-02-15 03:20:05,111 - experiment_ablation_no_chaotic_embedding - INFO - [SYNC DEBUG] Epoch 46: sync_weight=0.1, desync_weight=0.1, loss_sync=0.499022
2026-02-15 03:20:05,720 - experiment_ablation_no_chaotic_embedding - INFO - Epoch 46: Train Loss: 0.6350, Train Acc: 0.9754, Val Loss: 4.6781, Val Acc: 0.3371
2026-02-15 03:20:06,314 - experiment_ablation_no_chaotic_embedding - INFO - Train Epoch 47: [0/472 (0.0%)]	Loss: 0.545240
2026-02-15 03:20:09,610 - experiment_ablation_no_chaotic_embedding - INFO - [SYNC DEBUG] Epoch 47: sync_weight=0.1, desync_weight=0.1, loss_sync=0.499090
2026-02-15 03:20:10,290 - experiment_ablation_no_chaotic_embedding - INFO - Epoch 47: Train Loss: 0.5780, Train Acc: 0.9754, Val Loss: 6.0025, Val Acc: 0.2247
2026-02-15 03:20:10,918 - experiment_ablation_no_chaotic_embedding - INFO - Train Epoch 48: [0/472 (0.0%)]	Loss: 0.598115
2026-02-15 03:20:15,123 - experiment_ablation_no_chaotic_embedding - INFO - [SYNC DEBUG] Epoch 48: sync_weight=0.1, desync_weight=0.1, loss_sync=0.498495
2026-02-15 03:20:15,642 - experiment_ablation_no_chaotic_embedding - INFO - Epoch 48: Train Loss: 0.6112, Train Acc: 0.9576, Val Loss: 2.1578, Val Acc: 0.6180
2026-02-15 03:20:16,082 - experiment_ablation_no_chaotic_embedding - INFO - Train Epoch 49: [0/472 (0.0%)]	Loss: 0.654219
2026-02-15 03:20:20,093 - experiment_ablation_no_chaotic_embedding - INFO - [SYNC DEBUG] Epoch 49: sync_weight=0.1, desync_weight=0.1, loss_sync=0.499088
2026-02-15 03:20:20,768 - experiment_ablation_no_chaotic_embedding - INFO - Epoch 49: Train Loss: 0.6341, Train Acc: 0.9554, Val Loss: 7.8524, Val Acc: 0.1124
2026-02-15 03:20:21,257 - experiment_ablation_no_chaotic_embedding - DEBUG - [STABILITY] lyap=0.103, max_norm=4.7, min_std=0.860
2026-02-15 03:20:21,318 - experiment_ablation_no_chaotic_embedding - INFO - Train Epoch 50: [0/472 (0.0%)]	Loss: 0.623701
2026-02-15 03:20:24,814 - experiment_ablation_no_chaotic_embedding - INFO - [SYNC DEBUG] Epoch 50: sync_weight=0.1, desync_weight=0.1, loss_sync=0.499241
2026-02-15 03:20:25,423 - experiment_ablation_no_chaotic_embedding - INFO - Epoch 50: Train Loss: 0.5882, Train Acc: 0.9688, Val Loss: 1.9597, Val Acc: 0.6742
2026-02-15 03:20:26,014 - experiment_ablation_no_chaotic_embedding - INFO - Train Epoch 51: [0/472 (0.0%)]	Loss: 0.634975
2026-02-15 03:20:30,180 - experiment_ablation_no_chaotic_embedding - INFO - [SYNC DEBUG] Epoch 51: sync_weight=0.1, desync_weight=0.1, loss_sync=0.498781
2026-02-15 03:20:30,808 - experiment_ablation_no_chaotic_embedding - INFO - Epoch 51: Train Loss: 0.6429, Train Acc: 0.9621, Val Loss: 5.8946, Val Acc: 0.1910
2026-02-15 03:20:31,313 - experiment_ablation_no_chaotic_embedding - INFO - Train Epoch 52: [0/472 (0.0%)]	Loss: 0.609674
2026-02-15 03:20:34,691 - experiment_ablation_no_chaotic_embedding - INFO - [SYNC DEBUG] Epoch 52: sync_weight=0.1, desync_weight=0.1, loss_sync=0.498708
2026-02-15 03:20:35,339 - experiment_ablation_no_chaotic_embedding - INFO - Epoch 52: Train Loss: 0.6429, Train Acc: 0.9531, Val Loss: 2.8097, Val Acc: 0.4719
2026-02-15 03:20:35,971 - experiment_ablation_no_chaotic_embedding - INFO - Train Epoch 53: [0/472 (0.0%)]	Loss: 0.517799
2026-02-15 03:20:40,285 - experiment_ablation_no_chaotic_embedding - INFO - [SYNC DEBUG] Epoch 53: sync_weight=0.1, desync_weight=0.1, loss_sync=0.499938
2026-02-15 03:20:40,794 - experiment_ablation_no_chaotic_embedding - INFO - Epoch 53: Train Loss: 0.5718, Train Acc: 0.9710, Val Loss: 2.3790, Val Acc: 0.6067
2026-02-15 03:20:41,282 - experiment_ablation_no_chaotic_embedding - INFO - Train Epoch 54: [0/472 (0.0%)]	Loss: 0.504284
2026-02-15 03:20:45,505 - experiment_ablation_no_chaotic_embedding - INFO - [SYNC DEBUG] Epoch 54: sync_weight=0.1, desync_weight=0.1, loss_sync=0.498801
2026-02-15 03:20:46,139 - experiment_ablation_no_chaotic_embedding - INFO - Epoch 54: Train Loss: 0.5905, Train Acc: 0.9665, Val Loss: 7.7243, Val Acc: 0.1798
2026-02-15 03:20:46,706 - experiment_ablation_no_chaotic_embedding - INFO - Train Epoch 55: [0/472 (0.0%)]	Loss: 0.509870
2026-02-15 03:20:49,861 - experiment_ablation_no_chaotic_embedding - INFO - [SYNC DEBUG] Epoch 55: sync_weight=0.1, desync_weight=0.1, loss_sync=0.498094
2026-02-15 03:20:50,452 - experiment_ablation_no_chaotic_embedding - INFO - Epoch 55: Train Loss: 0.6527, Train Acc: 0.9442, Val Loss: 6.2549, Val Acc: 0.1798
2026-02-15 03:20:51,063 - experiment_ablation_no_chaotic_embedding - INFO - Train Epoch 56: [0/472 (0.0%)]	Loss: 0.525435
2026-02-15 03:20:55,369 - experiment_ablation_no_chaotic_embedding - INFO - [SYNC DEBUG] Epoch 56: sync_weight=0.1, desync_weight=0.1, loss_sync=0.499671
2026-02-15 03:20:55,948 - experiment_ablation_no_chaotic_embedding - INFO - Epoch 56: Train Loss: 0.5924, Train Acc: 0.9710, Val Loss: 6.8377, Val Acc: 0.2135
2026-02-15 03:20:56,372 - experiment_ablation_no_chaotic_embedding - INFO - Train Epoch 57: [0/472 (0.0%)]	Loss: 0.513380
2026-02-15 03:20:56,829 - experiment_ablation_no_chaotic_embedding - DEBUG - [STABILITY] lyap=0.091, max_norm=5.5, min_std=0.973
2026-02-15 03:21:00,137 - experiment_ablation_no_chaotic_embedding - INFO - [SYNC DEBUG] Epoch 57: sync_weight=0.1, desync_weight=0.1, loss_sync=0.498622
2026-02-15 03:21:00,815 - experiment_ablation_no_chaotic_embedding - INFO - Epoch 57: Train Loss: 0.6106, Train Acc: 0.9665, Val Loss: 1.9607, Val Acc: 0.6629
2026-02-15 03:21:01,359 - experiment_ablation_no_chaotic_embedding - INFO - Train Epoch 58: [0/472 (0.0%)]	Loss: 0.509940
2026-02-15 03:21:05,082 - experiment_ablation_no_chaotic_embedding - INFO - [SYNC DEBUG] Epoch 58: sync_weight=0.1, desync_weight=0.1, loss_sync=0.498990
2026-02-15 03:21:05,606 - experiment_ablation_no_chaotic_embedding - INFO - Epoch 58: Train Loss: 0.5742, Train Acc: 0.9777, Val Loss: 9.7875, Val Acc: 0.1124
2026-02-15 03:21:06,200 - experiment_ablation_no_chaotic_embedding - INFO - Train Epoch 59: [0/472 (0.0%)]	Loss: 0.689082
2026-02-15 03:21:10,443 - experiment_ablation_no_chaotic_embedding - INFO - [SYNC DEBUG] Epoch 59: sync_weight=0.1, desync_weight=0.1, loss_sync=0.497817
2026-02-15 03:21:11,119 - experiment_ablation_no_chaotic_embedding - INFO - Epoch 59: Train Loss: 0.6424, Train Acc: 0.9554, Val Loss: 1.6978, Val Acc: 0.6966
2026-02-15 03:21:11,732 - experiment_ablation_no_chaotic_embedding - INFO - Train Epoch 60: [0/472 (0.0%)]	Loss: 0.522310
2026-02-15 03:21:15,118 - experiment_ablation_no_chaotic_embedding - INFO - [SYNC DEBUG] Epoch 60: sync_weight=0.1, desync_weight=0.1, loss_sync=0.498668
2026-02-15 03:21:15,799 - experiment_ablation_no_chaotic_embedding - INFO - Epoch 60: Train Loss: 0.6665, Train Acc: 0.9509, Val Loss: 8.9287, Val Acc: 0.1011
2026-02-15 03:21:16,448 - experiment_ablation_no_chaotic_embedding - INFO - Train Epoch 61: [0/472 (0.0%)]	Loss: 0.802809
2026-02-15 03:21:20,507 - experiment_ablation_no_chaotic_embedding - INFO - [SYNC DEBUG] Epoch 61: sync_weight=0.1, desync_weight=0.1, loss_sync=0.498521
2026-02-15 03:21:20,992 - experiment_ablation_no_chaotic_embedding - INFO - Epoch 61: Train Loss: 0.6341, Train Acc: 0.9531, Val Loss: 6.0141, Val Acc: 0.1685
2026-02-15 03:21:21,519 - experiment_ablation_no_chaotic_embedding - INFO - Train Epoch 62: [0/472 (0.0%)]	Loss: 0.509852
2026-02-15 03:21:25,671 - experiment_ablation_no_chaotic_embedding - INFO - [SYNC DEBUG] Epoch 62: sync_weight=0.1, desync_weight=0.1, loss_sync=0.497800
2026-02-15 03:21:26,320 - experiment_ablation_no_chaotic_embedding - INFO - Epoch 62: Train Loss: 0.5701, Train Acc: 0.9754, Val Loss: 1.4833, Val Acc: 0.7416
2026-02-15 03:21:26,898 - experiment_ablation_no_chaotic_embedding - INFO - Train Epoch 63: [0/472 (0.0%)]	Loss: 0.674741
2026-02-15 03:21:30,189 - experiment_ablation_no_chaotic_embedding - INFO - [SYNC DEBUG] Epoch 63: sync_weight=0.1, desync_weight=0.1, loss_sync=0.498907
2026-02-15 03:21:30,774 - experiment_ablation_no_chaotic_embedding - INFO - Epoch 63: Train Loss: 0.5802, Train Acc: 0.9621, Val Loss: 4.7209, Val Acc: 0.3371
2026-02-15 03:21:31,404 - experiment_ablation_no_chaotic_embedding - INFO - Train Epoch 64: [0/472 (0.0%)]	Loss: 0.524547
2026-02-15 03:21:32,613 - experiment_ablation_no_chaotic_embedding - DEBUG - [STABILITY] lyap=0.116, max_norm=5.2, min_std=0.943
2026-02-15 03:21:35,544 - experiment_ablation_no_chaotic_embedding - INFO - [SYNC DEBUG] Epoch 64: sync_weight=0.1, desync_weight=0.1, loss_sync=0.499132
2026-02-15 03:21:36,215 - experiment_ablation_no_chaotic_embedding - INFO - Epoch 64: Train Loss: 0.6031, Train Acc: 0.9688, Val Loss: 5.8229, Val Acc: 0.3258
2026-02-15 03:21:36,675 - experiment_ablation_no_chaotic_embedding - INFO - Train Epoch 65: [0/472 (0.0%)]	Loss: 0.529842
2026-02-15 03:21:40,161 - experiment_ablation_no_chaotic_embedding - INFO - [SYNC DEBUG] Epoch 65: sync_weight=0.1, desync_weight=0.1, loss_sync=0.498577
2026-02-15 03:21:40,740 - experiment_ablation_no_chaotic_embedding - INFO - Epoch 65: Train Loss: 0.5688, Train Acc: 0.9710, Val Loss: 9.7051, Val Acc: 0.0674
2026-02-15 03:21:41,319 - experiment_ablation_no_chaotic_embedding - INFO - Train Epoch 66: [0/472 (0.0%)]	Loss: 0.555059
2026-02-15 03:21:45,126 - experiment_ablation_no_chaotic_embedding - INFO - [SYNC DEBUG] Epoch 66: sync_weight=0.1, desync_weight=0.1, loss_sync=0.498710
2026-02-15 03:21:45,661 - experiment_ablation_no_chaotic_embedding - INFO - Epoch 66: Train Loss: 0.5977, Train Acc: 0.9643, Val Loss: 3.5855, Val Acc: 0.4157
2026-02-15 03:21:46,146 - experiment_ablation_no_chaotic_embedding - INFO - Train Epoch 67: [0/472 (0.0%)]	Loss: 0.509472
2026-02-15 03:21:50,293 - experiment_ablation_no_chaotic_embedding - INFO - [SYNC DEBUG] Epoch 67: sync_weight=0.1, desync_weight=0.1, loss_sync=0.498453
2026-02-15 03:21:50,897 - experiment_ablation_no_chaotic_embedding - INFO - Epoch 67: Train Loss: 0.5882, Train Acc: 0.9688, Val Loss: 10.8283, Val Acc: 0.0787
2026-02-15 03:21:51,488 - experiment_ablation_no_chaotic_embedding - INFO - Train Epoch 68: [0/472 (0.0%)]	Loss: 0.552619
2026-02-15 03:21:54,745 - experiment_ablation_no_chaotic_embedding - INFO - [SYNC DEBUG] Epoch 68: sync_weight=0.1, desync_weight=0.1, loss_sync=0.498253
2026-02-15 03:21:55,357 - experiment_ablation_no_chaotic_embedding - INFO - Epoch 68: Train Loss: 0.5484, Train Acc: 0.9821, Val Loss: 5.2391, Val Acc: 0.3258
2026-02-15 03:21:55,984 - experiment_ablation_no_chaotic_embedding - INFO - Train Epoch 69: [0/472 (0.0%)]	Loss: 0.548491
2026-02-15 03:22:00,193 - experiment_ablation_no_chaotic_embedding - INFO - [SYNC DEBUG] Epoch 69: sync_weight=0.1, desync_weight=0.1, loss_sync=0.498439
2026-02-15 03:22:00,717 - experiment_ablation_no_chaotic_embedding - INFO - Epoch 69: Train Loss: 0.5931, Train Acc: 0.9643, Val Loss: 5.8831, Val Acc: 0.2921
2026-02-15 03:22:01,177 - experiment_ablation_no_chaotic_embedding - INFO - Train Epoch 70: [0/472 (0.0%)]	Loss: 0.527252
2026-02-15 03:22:05,146 - experiment_ablation_no_chaotic_embedding - INFO - [SYNC DEBUG] Epoch 70: sync_weight=0.1, desync_weight=0.1, loss_sync=0.498771
2026-02-15 03:22:05,841 - experiment_ablation_no_chaotic_embedding - INFO - Epoch 70: Train Loss: 0.6386, Train Acc: 0.9621, Val Loss: 6.0370, Val Acc: 0.2135
2026-02-15 03:22:06,553 - experiment_ablation_no_chaotic_embedding - INFO - Train Epoch 71: [0/472 (0.0%)]	Loss: 0.508598
2026-02-15 03:22:08,389 - experiment_ablation_no_chaotic_embedding - DEBUG - [STABILITY] lyap=0.107, max_norm=6.9, min_std=1.183
2026-02-15 03:22:10,106 - experiment_ablation_no_chaotic_embedding - INFO - [SYNC DEBUG] Epoch 71: sync_weight=0.1, desync_weight=0.1, loss_sync=0.496584
2026-02-15 03:22:10,743 - experiment_ablation_no_chaotic_embedding - INFO - Epoch 71: Train Loss: 0.5950, Train Acc: 0.9688, Val Loss: 12.9150, Val Acc: 0.0449
2026-02-15 03:22:11,313 - experiment_ablation_no_chaotic_embedding - INFO - Train Epoch 72: [0/472 (0.0%)]	Loss: 0.519955
2026-02-15 03:22:15,611 - experiment_ablation_no_chaotic_embedding - INFO - [SYNC DEBUG] Epoch 72: sync_weight=0.1, desync_weight=0.1, loss_sync=0.498775
2026-02-15 03:22:16,285 - experiment_ablation_no_chaotic_embedding - INFO - Epoch 72: Train Loss: 0.6540, Train Acc: 0.9576, Val Loss: 2.7882, Val Acc: 0.5506
2026-02-15 03:22:16,794 - experiment_ablation_no_chaotic_embedding - INFO - Train Epoch 73: [0/472 (0.0%)]	Loss: 0.516618
2026-02-15 03:22:20,620 - experiment_ablation_no_chaotic_embedding - INFO - [SYNC DEBUG] Epoch 73: sync_weight=0.1, desync_weight=0.1, loss_sync=0.498632
2026-02-15 03:22:21,292 - experiment_ablation_no_chaotic_embedding - INFO - Epoch 73: Train Loss: 0.5778, Train Acc: 0.9821, Val Loss: 7.8815, Val Acc: 0.0787
2026-02-15 03:22:21,870 - experiment_ablation_no_chaotic_embedding - INFO - Train Epoch 74: [0/472 (0.0%)]	Loss: 0.555758
2026-02-15 03:22:25,877 - experiment_ablation_no_chaotic_embedding - INFO - [SYNC DEBUG] Epoch 74: sync_weight=0.1, desync_weight=0.1, loss_sync=0.497447
2026-02-15 03:22:26,415 - experiment_ablation_no_chaotic_embedding - INFO - Epoch 74: Train Loss: 0.5808, Train Acc: 0.9688, Val Loss: 4.5974, Val Acc: 0.3371
2026-02-15 03:22:27,043 - experiment_ablation_no_chaotic_embedding - INFO - Train Epoch 75: [0/472 (0.0%)]	Loss: 0.579146
2026-02-15 03:22:31,344 - experiment_ablation_no_chaotic_embedding - INFO - [SYNC DEBUG] Epoch 75: sync_weight=0.1, desync_weight=0.1, loss_sync=0.498546
2026-02-15 03:22:32,034 - experiment_ablation_no_chaotic_embedding - INFO - Epoch 75: Train Loss: 0.6107, Train Acc: 0.9643, Val Loss: 3.7548, Val Acc: 0.4719
2026-02-15 03:22:32,550 - experiment_ablation_no_chaotic_embedding - INFO - Train Epoch 76: [0/472 (0.0%)]	Loss: 0.518085
2026-02-15 03:22:36,016 - experiment_ablation_no_chaotic_embedding - INFO - [SYNC DEBUG] Epoch 76: sync_weight=0.1, desync_weight=0.1, loss_sync=0.497624
2026-02-15 03:22:36,674 - experiment_ablation_no_chaotic_embedding - INFO - Epoch 76: Train Loss: 0.5538, Train Acc: 0.9777, Val Loss: 2.3551, Val Acc: 0.6292
2026-02-15 03:22:37,226 - experiment_ablation_no_chaotic_embedding - INFO - Train Epoch 77: [0/472 (0.0%)]	Loss: 0.540398
2026-02-15 03:22:41,389 - experiment_ablation_no_chaotic_embedding - INFO - [SYNC DEBUG] Epoch 77: sync_weight=0.1, desync_weight=0.1, loss_sync=0.498075
2026-02-15 03:22:41,900 - experiment_ablation_no_chaotic_embedding - INFO - Epoch 77: Train Loss: 0.6181, Train Acc: 0.9598, Val Loss: 1.2432, Val Acc: 0.8090
2026-02-15 03:22:42,401 - experiment_ablation_no_chaotic_embedding - INFO - Train Epoch 78: [0/472 (0.0%)]	Loss: 0.553203
2026-02-15 03:22:44,724 - experiment_ablation_no_chaotic_embedding - DEBUG - [STABILITY] lyap=0.111, max_norm=3.0, min_std=0.545
2026-02-15 03:22:46,528 - experiment_ablation_no_chaotic_embedding - INFO - [SYNC DEBUG] Epoch 78: sync_weight=0.1, desync_weight=0.1, loss_sync=0.498854
2026-02-15 03:22:47,143 - experiment_ablation_no_chaotic_embedding - INFO - Epoch 78: Train Loss: 0.6088, Train Acc: 0.9621, Val Loss: 3.1257, Val Acc: 0.5281
2026-02-15 03:22:47,750 - experiment_ablation_no_chaotic_embedding - INFO - Train Epoch 79: [0/472 (0.0%)]	Loss: 0.553391
2026-02-15 03:22:51,067 - experiment_ablation_no_chaotic_embedding - INFO - [SYNC DEBUG] Epoch 79: sync_weight=0.1, desync_weight=0.1, loss_sync=0.498263
2026-02-15 03:22:51,655 - experiment_ablation_no_chaotic_embedding - INFO - Epoch 79: Train Loss: 0.5397, Train Acc: 0.9866, Val Loss: 2.5096, Val Acc: 0.6292
2026-02-15 03:22:52,252 - experiment_ablation_no_chaotic_embedding - INFO - Train Epoch 80: [0/472 (0.0%)]	Loss: 0.545034
2026-02-15 03:22:56,552 - experiment_ablation_no_chaotic_embedding - INFO - [SYNC DEBUG] Epoch 80: sync_weight=0.1, desync_weight=0.1, loss_sync=0.497666
2026-02-15 03:22:57,240 - experiment_ablation_no_chaotic_embedding - INFO - Epoch 80: Train Loss: 0.6065, Train Acc: 0.9598, Val Loss: 1.2350, Val Acc: 0.7640
2026-02-15 03:22:57,811 - experiment_ablation_no_chaotic_embedding - INFO - Train Epoch 81: [0/472 (0.0%)]	Loss: 0.508359
2026-02-15 03:23:01,586 - experiment_ablation_no_chaotic_embedding - INFO - [SYNC DEBUG] Epoch 81: sync_weight=0.1, desync_weight=0.1, loss_sync=0.498350
2026-02-15 03:23:02,254 - experiment_ablation_no_chaotic_embedding - INFO - Epoch 81: Train Loss: 0.5828, Train Acc: 0.9688, Val Loss: 2.2202, Val Acc: 0.6854
2026-02-15 03:23:02,819 - experiment_ablation_no_chaotic_embedding - INFO - Train Epoch 82: [0/472 (0.0%)]	Loss: 0.521590
2026-02-15 03:23:06,496 - experiment_ablation_no_chaotic_embedding - INFO - [SYNC DEBUG] Epoch 82: sync_weight=0.1, desync_weight=0.1, loss_sync=0.496427
2026-02-15 03:23:07,066 - experiment_ablation_no_chaotic_embedding - INFO - Epoch 82: Train Loss: 0.5525, Train Acc: 0.9799, Val Loss: 1.1381, Val Acc: 0.7640
2026-02-15 03:23:07,592 - experiment_ablation_no_chaotic_embedding - INFO - Train Epoch 83: [0/472 (0.0%)]	Loss: 0.511662
2026-02-15 03:23:11,952 - experiment_ablation_no_chaotic_embedding - INFO - [SYNC DEBUG] Epoch 83: sync_weight=0.1, desync_weight=0.1, loss_sync=0.498290
2026-02-15 03:23:12,613 - experiment_ablation_no_chaotic_embedding - INFO - Epoch 83: Train Loss: 0.5646, Train Acc: 0.9866, Val Loss: 2.9443, Val Acc: 0.5169
2026-02-15 03:23:13,197 - experiment_ablation_no_chaotic_embedding - INFO - Train Epoch 84: [0/472 (0.0%)]	Loss: 0.503451
2026-02-15 03:23:16,615 - experiment_ablation_no_chaotic_embedding - INFO - [SYNC DEBUG] Epoch 84: sync_weight=0.1, desync_weight=0.1, loss_sync=0.498536
2026-02-15 03:23:17,296 - experiment_ablation_no_chaotic_embedding - INFO - Epoch 84: Train Loss: 0.5829, Train Acc: 0.9710, Val Loss: 2.0534, Val Acc: 0.6629
2026-02-15 03:23:17,838 - experiment_ablation_no_chaotic_embedding - INFO - Train Epoch 85: [0/472 (0.0%)]	Loss: 0.520502
2026-02-15 03:23:21,028 - experiment_ablation_no_chaotic_embedding - DEBUG - [STABILITY] lyap=0.094, max_norm=4.5, min_std=0.769
2026-02-15 03:23:22,024 - experiment_ablation_no_chaotic_embedding - INFO - [SYNC DEBUG] Epoch 85: sync_weight=0.1, desync_weight=0.1, loss_sync=0.497790
2026-02-15 03:23:22,534 - experiment_ablation_no_chaotic_embedding - INFO - Epoch 85: Train Loss: 0.5617, Train Acc: 0.9777, Val Loss: 2.3547, Val Acc: 0.6292
2026-02-15 03:23:23,051 - experiment_ablation_no_chaotic_embedding - INFO - Train Epoch 86: [0/472 (0.0%)]	Loss: 0.504417
2026-02-15 03:23:27,100 - experiment_ablation_no_chaotic_embedding - INFO - [SYNC DEBUG] Epoch 86: sync_weight=0.1, desync_weight=0.1, loss_sync=0.498264
2026-02-15 03:23:27,755 - experiment_ablation_no_chaotic_embedding - INFO - Epoch 86: Train Loss: 0.6027, Train Acc: 0.9643, Val Loss: 2.6699, Val Acc: 0.5843
2026-02-15 03:23:28,298 - experiment_ablation_no_chaotic_embedding - INFO - Train Epoch 87: [0/472 (0.0%)]	Loss: 0.572095
2026-02-15 03:23:32,012 - experiment_ablation_no_chaotic_embedding - INFO - [SYNC DEBUG] Epoch 87: sync_weight=0.1, desync_weight=0.1, loss_sync=0.496393
2026-02-15 03:23:32,676 - experiment_ablation_no_chaotic_embedding - INFO - Epoch 87: Train Loss: 0.5958, Train Acc: 0.9665, Val Loss: 2.0041, Val Acc: 0.7528
2026-02-15 03:23:33,210 - experiment_ablation_no_chaotic_embedding - INFO - Train Epoch 88: [0/472 (0.0%)]	Loss: 0.580105
2026-02-15 03:23:37,566 - experiment_ablation_no_chaotic_embedding - INFO - [SYNC DEBUG] Epoch 88: sync_weight=0.1, desync_weight=0.1, loss_sync=0.497704
2026-02-15 03:23:38,139 - experiment_ablation_no_chaotic_embedding - INFO - Epoch 88: Train Loss: 0.5661, Train Acc: 0.9799, Val Loss: 1.2477, Val Acc: 0.7753
2026-02-15 03:23:38,582 - experiment_ablation_no_chaotic_embedding - INFO - Train Epoch 89: [0/472 (0.0%)]	Loss: 0.527244
2026-02-15 03:23:42,424 - experiment_ablation_no_chaotic_embedding - INFO - [SYNC DEBUG] Epoch 89: sync_weight=0.1, desync_weight=0.1, loss_sync=0.497383
2026-02-15 03:23:43,074 - experiment_ablation_no_chaotic_embedding - INFO - Epoch 89: Train Loss: 0.5661, Train Acc: 0.9754, Val Loss: 0.4905, Val Acc: 0.8989
2026-02-15 03:23:43,148 - experiment_ablation_no_chaotic_embedding - INFO - Saved new best model at epoch 89
2026-02-15 03:23:43,761 - experiment_ablation_no_chaotic_embedding - INFO - Train Epoch 90: [0/472 (0.0%)]	Loss: 0.659936
2026-02-15 03:23:47,376 - experiment_ablation_no_chaotic_embedding - INFO - [SYNC DEBUG] Epoch 90: sync_weight=0.1, desync_weight=0.1, loss_sync=0.497361
2026-02-15 03:23:47,836 - experiment_ablation_no_chaotic_embedding - INFO - Epoch 90: Train Loss: 0.5944, Train Acc: 0.9598, Val Loss: 0.8793, Val Acc: 0.8202
2026-02-15 03:23:48,483 - experiment_ablation_no_chaotic_embedding - INFO - Train Epoch 91: [0/472 (0.0%)]	Loss: 0.760302
2026-02-15 03:23:52,795 - experiment_ablation_no_chaotic_embedding - INFO - [SYNC DEBUG] Epoch 91: sync_weight=0.1, desync_weight=0.1, loss_sync=0.497771
2026-02-15 03:23:53,435 - experiment_ablation_no_chaotic_embedding - INFO - Epoch 91: Train Loss: 0.5359, Train Acc: 0.9821, Val Loss: 0.4599, Val Acc: 0.8764
2026-02-15 03:23:54,045 - experiment_ablation_no_chaotic_embedding - INFO - Train Epoch 92: [0/472 (0.0%)]	Loss: 0.509416
2026-02-15 03:23:56,984 - experiment_ablation_no_chaotic_embedding - DEBUG - [STABILITY] lyap=0.102, max_norm=4.4, min_std=0.797
2026-02-15 03:23:57,486 - experiment_ablation_no_chaotic_embedding - INFO - [SYNC DEBUG] Epoch 92: sync_weight=0.1, desync_weight=0.1, loss_sync=0.500140
2026-02-15 03:23:58,074 - experiment_ablation_no_chaotic_embedding - INFO - Epoch 92: Train Loss: 0.5991, Train Acc: 0.9821, Val Loss: 1.0243, Val Acc: 0.7753
2026-02-15 03:23:58,642 - experiment_ablation_no_chaotic_embedding - INFO - Train Epoch 93: [0/472 (0.0%)]	Loss: 0.603230
2026-02-15 03:24:02,727 - experiment_ablation_no_chaotic_embedding - INFO - [SYNC DEBUG] Epoch 93: sync_weight=0.1, desync_weight=0.1, loss_sync=0.497677
2026-02-15 03:24:03,218 - experiment_ablation_no_chaotic_embedding - INFO - Epoch 93: Train Loss: 0.5604, Train Acc: 0.9777, Val Loss: 2.0885, Val Acc: 0.6966
2026-02-15 03:24:03,777 - experiment_ablation_no_chaotic_embedding - INFO - Train Epoch 94: [0/472 (0.0%)]	Loss: 0.606707
2026-02-15 03:24:07,895 - experiment_ablation_no_chaotic_embedding - INFO - [SYNC DEBUG] Epoch 94: sync_weight=0.1, desync_weight=0.1, loss_sync=0.497873
2026-02-15 03:24:08,590 - experiment_ablation_no_chaotic_embedding - INFO - Epoch 94: Train Loss: 0.5476, Train Acc: 0.9777, Val Loss: 0.3797, Val Acc: 0.8764
2026-02-15 03:24:09,129 - experiment_ablation_no_chaotic_embedding - INFO - Train Epoch 95: [0/472 (0.0%)]	Loss: 0.516583
2026-02-15 03:24:12,704 - experiment_ablation_no_chaotic_embedding - INFO - [SYNC DEBUG] Epoch 95: sync_weight=0.1, desync_weight=0.1, loss_sync=0.496428
2026-02-15 03:24:13,319 - experiment_ablation_no_chaotic_embedding - INFO - Epoch 95: Train Loss: 0.5723, Train Acc: 0.9710, Val Loss: 2.1489, Val Acc: 0.6517
2026-02-15 03:24:13,896 - experiment_ablation_no_chaotic_embedding - INFO - Train Epoch 96: [0/472 (0.0%)]	Loss: 0.512132
2026-02-15 03:24:18,148 - experiment_ablation_no_chaotic_embedding - INFO - [SYNC DEBUG] Epoch 96: sync_weight=0.1, desync_weight=0.1, loss_sync=0.498169
2026-02-15 03:24:18,698 - experiment_ablation_no_chaotic_embedding - INFO - Epoch 96: Train Loss: 0.5770, Train Acc: 0.9799, Val Loss: 2.1294, Val Acc: 0.6966
2026-02-15 03:24:19,171 - experiment_ablation_no_chaotic_embedding - INFO - Train Epoch 97: [0/472 (0.0%)]	Loss: 0.524619
2026-02-15 03:24:23,017 - experiment_ablation_no_chaotic_embedding - INFO - [SYNC DEBUG] Epoch 97: sync_weight=0.1, desync_weight=0.1, loss_sync=0.498928
2026-02-15 03:24:23,623 - experiment_ablation_no_chaotic_embedding - INFO - Epoch 97: Train Loss: 0.5887, Train Acc: 0.9799, Val Loss: 1.9957, Val Acc: 0.6292
2026-02-15 03:24:24,230 - experiment_ablation_no_chaotic_embedding - INFO - Train Epoch 98: [0/472 (0.0%)]	Loss: 0.611473
2026-02-15 03:24:27,831 - experiment_ablation_no_chaotic_embedding - INFO - [SYNC DEBUG] Epoch 98: sync_weight=0.1, desync_weight=0.1, loss_sync=0.497872
2026-02-15 03:24:28,301 - experiment_ablation_no_chaotic_embedding - INFO - Epoch 98: Train Loss: 0.5806, Train Acc: 0.9799, Val Loss: 4.3635, Val Acc: 0.4382
2026-02-15 03:24:28,886 - experiment_ablation_no_chaotic_embedding - INFO - Train Epoch 99: [0/472 (0.0%)]	Loss: 0.700665
2026-02-15 03:24:33,229 - experiment_ablation_no_chaotic_embedding - INFO - [SYNC DEBUG] Epoch 99: sync_weight=0.1, desync_weight=0.1, loss_sync=0.498512
2026-02-15 03:24:33,871 - experiment_ablation_no_chaotic_embedding - INFO - Epoch 99: Train Loss: 0.5956, Train Acc: 0.9710, Val Loss: 5.4665, Val Acc: 0.3258
2026-02-15 03:24:33,875 - experiment_ablation_no_chaotic_embedding - INFO - Running final test evaluation...
2026-02-15 03:24:34,611 - experiment_ablation_no_chaotic_embedding - INFO - Test Results:
2026-02-15 03:24:34,611 - experiment_ablation_no_chaotic_embedding - INFO -   loss: 6.1773
2026-02-15 03:24:34,611 - experiment_ablation_no_chaotic_embedding - INFO -   accuracy: 0.3136
2026-02-15 03:24:34,613 - experiment_ablation_no_chaotic_embedding - INFO - Training completed
2026-02-15 05:01:08,745 - experiment_ablation_no_chaotic_embedding - INFO - Initialized experiment: ablation_no_chaotic_embedding
2026-02-15 05:01:08,764 - experiment_ablation_no_chaotic_embedding - INFO - Device: cuda
2026-02-15 05:01:08,764 - experiment_ablation_no_chaotic_embedding - INFO - Output directory: /scratch/project_2003370/yueyao/Model/experiments/configs/Ablation_study/no_chaotic_embedding/ablation_no_chaotic_embedding
2026-02-15 05:01:08,764 - experiment_ablation_no_chaotic_embedding - INFO - [SYNC LOSS] Enabled with mode: standard
2026-02-15 05:01:08,764 - experiment_ablation_no_chaotic_embedding - INFO - Initialized chaotic network experiment with lorenz system
2026-02-15 05:01:08,764 - experiment_ablation_no_chaotic_embedding - INFO - Setting up experiment components...
2026-02-15 05:01:08,765 - experiment_ablation_no_chaotic_embedding - INFO - Creating dataloaders...
2026-02-15 05:01:09,171 - experiment_ablation_no_chaotic_embedding - INFO - Detected 26 speakers in dataset
2026-02-15 05:01:09,171 - experiment_ablation_no_chaotic_embedding - INFO - Dataloaders created:
2026-02-15 05:01:09,171 - experiment_ablation_no_chaotic_embedding - INFO -   Train: 14 batches
2026-02-15 05:01:09,171 - experiment_ablation_no_chaotic_embedding - INFO -   Val: 3 batches
2026-02-15 05:01:09,172 - experiment_ablation_no_chaotic_embedding - INFO -   Test: 4 batches
2026-02-15 05:01:09,172 - experiment_ablation_no_chaotic_embedding - INFO - Creating model...
2026-02-15 05:01:09,172 - experiment_ablation_no_chaotic_embedding - INFO - Using actual num_speakers from dataset: 26
2026-02-15 05:02:14,728 - experiment_ablation_no_chaotic_embedding - INFO - Total parameters: 500,671
2026-02-15 05:02:14,728 - experiment_ablation_no_chaotic_embedding - INFO - Trainable parameters: 500,671
2026-02-15 05:02:14,728 - experiment_ablation_no_chaotic_embedding - INFO - Creating optimizer...
2026-02-15 05:02:14,729 - experiment_ablation_no_chaotic_embedding - INFO - Optimizer: AdamW
2026-02-15 05:02:14,729 - experiment_ablation_no_chaotic_embedding - INFO - Creating scheduler...
2026-02-15 05:02:14,729 - experiment_ablation_no_chaotic_embedding - INFO - Creating criterion...
2026-02-15 05:02:14,729 - experiment_ablation_no_chaotic_embedding - INFO - Criterion: CrossEntropyLoss
2026-02-15 05:02:14,811 - experiment_ablation_no_chaotic_embedding - INFO - Configuration saved to: /scratch/project_2003370/yueyao/Model/experiments/configs/Ablation_study/no_chaotic_embedding/ablation_no_chaotic_embedding/config.json
2026-02-15 05:02:14,811 - experiment_ablation_no_chaotic_embedding - INFO - Experiment setup completed
2026-02-15 05:02:14,813 - experiment_ablation_no_chaotic_embedding - INFO - Starting training for 100 epochs
2026-02-15 05:02:14,813 - experiment_ablation_no_chaotic_embedding - INFO - [SYNC LOSS] Warmup complete, synchronization loss activated!
2026-02-15 05:02:15,048 - experiment_ablation_no_chaotic_embedding - INFO - 
================================================================================
2026-02-15 05:02:15,048 - experiment_ablation_no_chaotic_embedding - INFO - COMPREHENSIVE DEBUG - FIRST BATCH
2026-02-15 05:02:15,048 - experiment_ablation_no_chaotic_embedding - INFO - ================================================================================
2026-02-15 05:02:15,048 - experiment_ablation_no_chaotic_embedding - INFO - Batch Info:
2026-02-15 05:02:15,048 - experiment_ablation_no_chaotic_embedding - INFO -   Audio shape: torch.Size([32, 48000])
2026-02-15 05:02:15,048 - experiment_ablation_no_chaotic_embedding - INFO -   Targets shape: torch.Size([32])
2026-02-15 05:02:15,049 - experiment_ablation_no_chaotic_embedding - INFO -   Targets (first 8): tensor([12,  7,  3, 17, 18, 19,  9,  1], device='cuda:0')
2026-02-15 05:02:15,153 - experiment_ablation_no_chaotic_embedding - INFO - ================================================================================

2026-02-15 05:02:15,220 - experiment_ablation_no_chaotic_embedding - INFO - [STABILITY] Initialized LyapunovStabilityLoss
2026-02-15 05:02:15,222 - experiment_ablation_no_chaotic_embedding - DEBUG - [STABILITY] lyap=-0.009, max_norm=0.2, min_std=0.057
2026-02-15 05:02:15,255 - experiment_ablation_no_chaotic_embedding - INFO - Train Epoch 0: [0/472 (0.0%)]	Loss: 6.717903
2026-02-15 05:02:16,594 - experiment_ablation_no_chaotic_embedding - INFO - [SYNC DEBUG] Epoch 0: sync_weight=0.1, desync_weight=0.1, loss_sync=0.499952
2026-02-15 05:02:17,107 - experiment_ablation_no_chaotic_embedding - INFO - Epoch 0: Train Loss: 6.1814, Train Acc: 0.0558, Val Loss: 4.3375, Val Acc: 0.0449
2026-02-15 05:02:17,165 - experiment_ablation_no_chaotic_embedding - INFO - Saved new best model at epoch 0
2026-02-15 05:02:17,193 - experiment_ablation_no_chaotic_embedding - ERROR - Training failed with error: name 'checkpoint_state' is not defined
2026-02-15 05:54:20,851 - experiment_ablation_no_chaotic_embedding - INFO - Initialized experiment: ablation_no_chaotic_embedding
2026-02-15 05:54:20,870 - experiment_ablation_no_chaotic_embedding - INFO - Device: cuda
2026-02-15 05:54:20,870 - experiment_ablation_no_chaotic_embedding - INFO - Output directory: /scratch/project_2003370/yueyao/Model/experiments/configs/Ablation_study/no_chaotic_embedding/ablation_no_chaotic_embedding
2026-02-15 05:54:20,870 - experiment_ablation_no_chaotic_embedding - INFO - [SYNC LOSS] Enabled with mode: standard
2026-02-15 05:54:20,870 - experiment_ablation_no_chaotic_embedding - INFO - Initialized chaotic network experiment with lorenz system
2026-02-15 05:54:20,870 - experiment_ablation_no_chaotic_embedding - INFO - Setting up experiment components...
2026-02-15 05:54:20,870 - experiment_ablation_no_chaotic_embedding - INFO - Creating dataloaders...
2026-02-15 05:54:21,266 - experiment_ablation_no_chaotic_embedding - INFO - Detected 26 speakers in dataset
2026-02-15 05:54:21,266 - experiment_ablation_no_chaotic_embedding - INFO - Dataloaders created:
2026-02-15 05:54:21,266 - experiment_ablation_no_chaotic_embedding - INFO -   Train: 14 batches
2026-02-15 05:54:21,266 - experiment_ablation_no_chaotic_embedding - INFO -   Val: 3 batches
2026-02-15 05:54:21,266 - experiment_ablation_no_chaotic_embedding - INFO -   Test: 4 batches
2026-02-15 05:54:21,266 - experiment_ablation_no_chaotic_embedding - INFO - Creating model...
2026-02-15 05:54:21,266 - experiment_ablation_no_chaotic_embedding - INFO - Using actual num_speakers from dataset: 26
2026-02-15 05:55:26,999 - experiment_ablation_no_chaotic_embedding - INFO - Total parameters: 500,671
2026-02-15 05:55:26,999 - experiment_ablation_no_chaotic_embedding - INFO - Trainable parameters: 500,671
2026-02-15 05:55:26,999 - experiment_ablation_no_chaotic_embedding - INFO - Creating optimizer...
2026-02-15 05:55:26,999 - experiment_ablation_no_chaotic_embedding - INFO - Optimizer: AdamW
2026-02-15 05:55:26,999 - experiment_ablation_no_chaotic_embedding - INFO - Creating scheduler...
2026-02-15 05:55:26,999 - experiment_ablation_no_chaotic_embedding - INFO - Creating criterion...
2026-02-15 05:55:26,999 - experiment_ablation_no_chaotic_embedding - INFO - Criterion: CrossEntropyLoss
2026-02-15 05:55:27,086 - experiment_ablation_no_chaotic_embedding - INFO - Configuration saved to: /scratch/project_2003370/yueyao/Model/experiments/configs/Ablation_study/no_chaotic_embedding/ablation_no_chaotic_embedding/config.json
2026-02-15 05:55:27,086 - experiment_ablation_no_chaotic_embedding - INFO - Experiment setup completed
2026-02-15 05:55:27,087 - experiment_ablation_no_chaotic_embedding - INFO - Starting training for 100 epochs
2026-02-15 05:55:27,087 - experiment_ablation_no_chaotic_embedding - INFO - [SYNC LOSS] Warmup complete, synchronization loss activated!
2026-02-15 05:55:27,302 - experiment_ablation_no_chaotic_embedding - INFO - 
================================================================================
2026-02-15 05:55:27,302 - experiment_ablation_no_chaotic_embedding - INFO - COMPREHENSIVE DEBUG - FIRST BATCH
2026-02-15 05:55:27,302 - experiment_ablation_no_chaotic_embedding - INFO - ================================================================================
2026-02-15 05:55:27,303 - experiment_ablation_no_chaotic_embedding - INFO - Batch Info:
2026-02-15 05:55:27,303 - experiment_ablation_no_chaotic_embedding - INFO -   Audio shape: torch.Size([32, 48000])
2026-02-15 05:55:27,303 - experiment_ablation_no_chaotic_embedding - INFO -   Targets shape: torch.Size([32])
2026-02-15 05:55:27,304 - experiment_ablation_no_chaotic_embedding - INFO -   Targets (first 8): tensor([12,  7,  3, 17, 18, 19,  9,  1], device='cuda:0')
2026-02-15 05:55:27,419 - experiment_ablation_no_chaotic_embedding - INFO - ================================================================================

2026-02-15 05:55:27,486 - experiment_ablation_no_chaotic_embedding - INFO - [STABILITY] Initialized LyapunovStabilityLoss
2026-02-15 05:55:27,488 - experiment_ablation_no_chaotic_embedding - DEBUG - [STABILITY] lyap=-0.009, max_norm=0.2, min_std=0.057
2026-02-15 05:55:27,521 - experiment_ablation_no_chaotic_embedding - INFO - Train Epoch 0: [0/472 (0.0%)]	Loss: 6.717903
2026-02-15 05:55:28,900 - experiment_ablation_no_chaotic_embedding - INFO - [SYNC DEBUG] Epoch 0: sync_weight=0.1, desync_weight=0.1, loss_sync=0.499952
2026-02-15 05:55:29,389 - experiment_ablation_no_chaotic_embedding - INFO - Epoch 0: Train Loss: 6.1814, Train Acc: 0.0558, Val Loss: 4.3375, Val Acc: 0.0449
2026-02-15 05:55:29,447 - experiment_ablation_no_chaotic_embedding - INFO - Saved new best model at epoch 0
2026-02-15 05:55:29,475 - experiment_ablation_no_chaotic_embedding - ERROR - Training failed with error: name 'checkpoint_manager' is not defined
2026-02-15 06:38:43,418 - experiment_ablation_no_chaotic_embedding - INFO - Initialized experiment: ablation_no_chaotic_embedding
2026-02-15 06:38:43,427 - experiment_ablation_no_chaotic_embedding - INFO - Device: cuda
2026-02-15 06:38:43,427 - experiment_ablation_no_chaotic_embedding - INFO - Output directory: /scratch/project_2003370/yueyao/Model/experiments/configs/Ablation_study/no_chaotic_embedding/ablation_no_chaotic_embedding
2026-02-15 07:28:01,624 - experiment_ablation_no_chaotic_embedding - INFO - Initialized experiment: ablation_no_chaotic_embedding
2026-02-15 07:28:01,624 - experiment_ablation_no_chaotic_embedding - INFO - Device: cuda
2026-02-15 07:28:01,624 - experiment_ablation_no_chaotic_embedding - INFO - Output directory: /scratch/project_2003370/yueyao/Model/experiments/configs/Ablation_study/no_chaotic_embedding/ablation_no_chaotic_embedding
2026-02-15 07:28:01,624 - experiment_ablation_no_chaotic_embedding - INFO - [SYNC LOSS] Enabled with mode: standard
2026-02-15 07:28:01,624 - experiment_ablation_no_chaotic_embedding - INFO - Initialized chaotic network experiment with lorenz system
2026-02-15 07:28:01,625 - experiment_ablation_no_chaotic_embedding - INFO - Setting up experiment components...
2026-02-15 07:28:01,625 - experiment_ablation_no_chaotic_embedding - INFO - Creating dataloaders...
2026-02-15 07:28:02,009 - experiment_ablation_no_chaotic_embedding - INFO - Detected 26 speakers in dataset
2026-02-15 07:28:02,009 - experiment_ablation_no_chaotic_embedding - INFO - Dataloaders created:
2026-02-15 07:28:02,009 - experiment_ablation_no_chaotic_embedding - INFO -   Train: 14 batches
2026-02-15 07:28:02,009 - experiment_ablation_no_chaotic_embedding - INFO -   Val: 3 batches
2026-02-15 07:28:02,009 - experiment_ablation_no_chaotic_embedding - INFO -   Test: 4 batches
2026-02-15 07:28:02,009 - experiment_ablation_no_chaotic_embedding - INFO - Creating model...
2026-02-15 07:28:02,009 - experiment_ablation_no_chaotic_embedding - INFO - Using actual num_speakers from dataset: 26
2026-02-15 07:29:07,689 - experiment_ablation_no_chaotic_embedding - INFO - Total parameters: 565,119
2026-02-15 07:29:07,689 - experiment_ablation_no_chaotic_embedding - INFO - Trainable parameters: 565,119
2026-02-15 07:29:07,689 - experiment_ablation_no_chaotic_embedding - INFO - Creating optimizer...
2026-02-15 07:29:07,690 - experiment_ablation_no_chaotic_embedding - INFO - Optimizer: AdamW
2026-02-15 07:29:07,690 - experiment_ablation_no_chaotic_embedding - INFO - Creating scheduler...
2026-02-15 07:29:07,690 - experiment_ablation_no_chaotic_embedding - INFO - Creating criterion...
2026-02-15 07:29:07,690 - experiment_ablation_no_chaotic_embedding - INFO - Criterion: CrossEntropyLoss
2026-02-15 07:29:07,775 - experiment_ablation_no_chaotic_embedding - INFO - Configuration saved to: /scratch/project_2003370/yueyao/Model/experiments/configs/Ablation_study/no_chaotic_embedding/ablation_no_chaotic_embedding/config.json
2026-02-15 07:29:07,775 - experiment_ablation_no_chaotic_embedding - INFO - Experiment setup completed
2026-02-15 07:29:07,776 - experiment_ablation_no_chaotic_embedding - INFO - Starting training for 100 epochs
2026-02-15 07:29:07,776 - experiment_ablation_no_chaotic_embedding - INFO - [SYNC LOSS] Warmup complete, synchronization loss activated!
2026-02-15 07:29:07,961 - experiment_ablation_no_chaotic_embedding - INFO - 
================================================================================
2026-02-15 07:29:07,961 - experiment_ablation_no_chaotic_embedding - INFO - COMPREHENSIVE DEBUG - FIRST BATCH
2026-02-15 07:29:07,961 - experiment_ablation_no_chaotic_embedding - INFO - ================================================================================
2026-02-15 07:29:07,961 - experiment_ablation_no_chaotic_embedding - INFO - Batch Info:
2026-02-15 07:29:07,961 - experiment_ablation_no_chaotic_embedding - INFO -   Audio shape: torch.Size([32, 48000])
2026-02-15 07:29:07,961 - experiment_ablation_no_chaotic_embedding - INFO -   Targets shape: torch.Size([32])
2026-02-15 07:29:07,962 - experiment_ablation_no_chaotic_embedding - INFO -   Targets (first 8): tensor([17, 11,  8, 15, 14,  3, 24, 12], device='cuda:0')
2026-02-15 07:29:08,065 - experiment_ablation_no_chaotic_embedding - INFO - ================================================================================

2026-02-15 07:29:08,132 - experiment_ablation_no_chaotic_embedding - INFO - [STABILITY] Initialized LyapunovStabilityLoss
2026-02-15 07:29:08,134 - experiment_ablation_no_chaotic_embedding - DEBUG - [STABILITY] lyap=-0.015, max_norm=0.2, min_std=0.062
2026-02-15 07:29:08,167 - experiment_ablation_no_chaotic_embedding - INFO - Train Epoch 0: [0/472 (0.0%)]	Loss: 6.475871
2026-02-15 07:29:09,512 - experiment_ablation_no_chaotic_embedding - INFO - [SYNC DEBUG] Epoch 0: sync_weight=0.1, desync_weight=0.1, loss_sync=0.499883
2026-02-15 07:29:09,967 - experiment_ablation_no_chaotic_embedding - INFO - Epoch 0: Train Loss: 5.2846, Train Acc: 0.0759, Val Loss: 5.2055, Val Acc: 0.0449
2026-02-15 07:29:10,025 - experiment_ablation_no_chaotic_embedding - INFO - Saved new best model at epoch 0
2026-02-15 07:29:10,452 - experiment_ablation_no_chaotic_embedding - INFO - Train Epoch 1: [0/472 (0.0%)]	Loss: 4.367191
2026-02-15 07:29:11,785 - experiment_ablation_no_chaotic_embedding - INFO - [SYNC DEBUG] Epoch 1: sync_weight=0.1, desync_weight=0.1, loss_sync=0.499905
2026-02-15 07:29:12,223 - experiment_ablation_no_chaotic_embedding - INFO - Epoch 1: Train Loss: 4.0015, Train Acc: 0.1741, Val Loss: 5.5434, Val Acc: 0.0449
2026-02-15 07:29:12,553 - experiment_ablation_no_chaotic_embedding - INFO - Train Epoch 2: [0/472 (0.0%)]	Loss: 3.365638
2026-02-15 07:29:13,872 - experiment_ablation_no_chaotic_embedding - INFO - [SYNC DEBUG] Epoch 2: sync_weight=0.1, desync_weight=0.1, loss_sync=0.499856
2026-02-15 07:29:14,314 - experiment_ablation_no_chaotic_embedding - INFO - Epoch 2: Train Loss: 2.9540, Train Acc: 0.3795, Val Loss: 4.7793, Val Acc: 0.0449
2026-02-15 07:29:14,646 - experiment_ablation_no_chaotic_embedding - INFO - Train Epoch 3: [0/472 (0.0%)]	Loss: 2.759587
2026-02-15 07:29:15,973 - experiment_ablation_no_chaotic_embedding - INFO - [SYNC DEBUG] Epoch 3: sync_weight=0.1, desync_weight=0.1, loss_sync=0.499774
2026-02-15 07:29:16,421 - experiment_ablation_no_chaotic_embedding - INFO - Epoch 3: Train Loss: 2.8009, Train Acc: 0.3705, Val Loss: 3.6238, Val Acc: 0.1685
2026-02-15 07:29:16,489 - experiment_ablation_no_chaotic_embedding - INFO - Saved new best model at epoch 3
2026-02-15 07:29:16,855 - experiment_ablation_no_chaotic_embedding - INFO - Train Epoch 4: [0/472 (0.0%)]	Loss: 2.309675
2026-02-15 07:29:18,183 - experiment_ablation_no_chaotic_embedding - INFO - [SYNC DEBUG] Epoch 4: sync_weight=0.1, desync_weight=0.1, loss_sync=0.499892
2026-02-15 07:29:18,623 - experiment_ablation_no_chaotic_embedding - INFO - Epoch 4: Train Loss: 2.3066, Train Acc: 0.4866, Val Loss: 2.7689, Val Acc: 0.3146
2026-02-15 07:29:18,680 - experiment_ablation_no_chaotic_embedding - INFO - Saved new best model at epoch 4
2026-02-15 07:29:19,039 - experiment_ablation_no_chaotic_embedding - INFO - Train Epoch 5: [0/472 (0.0%)]	Loss: 2.001825
2026-02-15 07:29:20,366 - experiment_ablation_no_chaotic_embedding - INFO - [SYNC DEBUG] Epoch 5: sync_weight=0.1, desync_weight=0.1, loss_sync=0.499845
2026-02-15 07:29:20,812 - experiment_ablation_no_chaotic_embedding - INFO - Epoch 5: Train Loss: 1.9783, Train Acc: 0.5536, Val Loss: 3.0460, Val Acc: 0.2809
2026-02-15 07:29:21,155 - experiment_ablation_no_chaotic_embedding - INFO - Train Epoch 6: [0/472 (0.0%)]	Loss: 1.850292
2026-02-15 07:29:22,476 - experiment_ablation_no_chaotic_embedding - INFO - [SYNC DEBUG] Epoch 6: sync_weight=0.1, desync_weight=0.1, loss_sync=0.499747
2026-02-15 07:29:22,934 - experiment_ablation_no_chaotic_embedding - INFO - Epoch 6: Train Loss: 1.7718, Train Acc: 0.5938, Val Loss: 3.1273, Val Acc: 0.3146
2026-02-15 07:29:23,255 - experiment_ablation_no_chaotic_embedding - INFO - Train Epoch 7: [0/472 (0.0%)]	Loss: 1.276608
2026-02-15 07:29:23,426 - experiment_ablation_no_chaotic_embedding - DEBUG - [STABILITY] lyap=-0.004, max_norm=0.3, min_std=0.090
2026-02-15 07:29:24,590 - experiment_ablation_no_chaotic_embedding - INFO - [SYNC DEBUG] Epoch 7: sync_weight=0.1, desync_weight=0.1, loss_sync=0.499725
2026-02-15 07:29:25,030 - experiment_ablation_no_chaotic_embedding - INFO - Epoch 7: Train Loss: 1.5976, Train Acc: 0.6585, Val Loss: 1.5622, Val Acc: 0.5506
2026-02-15 07:29:25,092 - experiment_ablation_no_chaotic_embedding - INFO - Saved new best model at epoch 7
2026-02-15 07:29:25,443 - experiment_ablation_no_chaotic_embedding - INFO - Train Epoch 8: [0/472 (0.0%)]	Loss: 1.461338
2026-02-15 07:29:26,786 - experiment_ablation_no_chaotic_embedding - INFO - [SYNC DEBUG] Epoch 8: sync_weight=0.1, desync_weight=0.1, loss_sync=0.499870
2026-02-15 07:29:27,225 - experiment_ablation_no_chaotic_embedding - INFO - Epoch 8: Train Loss: 1.4059, Train Acc: 0.7076, Val Loss: 0.9455, Val Acc: 0.6517
2026-02-15 07:29:27,291 - experiment_ablation_no_chaotic_embedding - INFO - Saved new best model at epoch 8
2026-02-15 07:29:27,641 - experiment_ablation_no_chaotic_embedding - INFO - Train Epoch 9: [0/472 (0.0%)]	Loss: 1.396124
2026-02-15 07:29:28,975 - experiment_ablation_no_chaotic_embedding - INFO - [SYNC DEBUG] Epoch 9: sync_weight=0.1, desync_weight=0.1, loss_sync=0.499826
2026-02-15 07:29:29,417 - experiment_ablation_no_chaotic_embedding - INFO - Epoch 9: Train Loss: 1.3427, Train Acc: 0.7165, Val Loss: 0.9212, Val Acc: 0.6742
2026-02-15 07:29:29,478 - experiment_ablation_no_chaotic_embedding - INFO - Saved new best model at epoch 9
2026-02-15 07:29:29,828 - experiment_ablation_no_chaotic_embedding - INFO - Train Epoch 10: [0/472 (0.0%)]	Loss: 1.354300
2026-02-15 07:29:31,147 - experiment_ablation_no_chaotic_embedding - INFO - [SYNC DEBUG] Epoch 10: sync_weight=0.1, desync_weight=0.1, loss_sync=0.499708
2026-02-15 07:29:31,592 - experiment_ablation_no_chaotic_embedding - INFO - Epoch 10: Train Loss: 1.3037, Train Acc: 0.7545, Val Loss: 1.3454, Val Acc: 0.6292
2026-02-15 07:29:31,973 - experiment_ablation_no_chaotic_embedding - INFO - Train Epoch 11: [0/472 (0.0%)]	Loss: 0.991555
2026-02-15 07:29:33,291 - experiment_ablation_no_chaotic_embedding - INFO - [SYNC DEBUG] Epoch 11: sync_weight=0.1, desync_weight=0.1, loss_sync=0.499815
2026-02-15 07:29:33,737 - experiment_ablation_no_chaotic_embedding - INFO - Epoch 11: Train Loss: 1.1872, Train Acc: 0.7879, Val Loss: 1.4617, Val Acc: 0.5730
2026-02-15 07:29:34,066 - experiment_ablation_no_chaotic_embedding - INFO - Train Epoch 12: [0/472 (0.0%)]	Loss: 1.061137
2026-02-15 07:29:35,425 - experiment_ablation_no_chaotic_embedding - INFO - [SYNC DEBUG] Epoch 12: sync_weight=0.1, desync_weight=0.1, loss_sync=0.499606
2026-02-15 07:29:35,881 - experiment_ablation_no_chaotic_embedding - INFO - Epoch 12: Train Loss: 1.2370, Train Acc: 0.7679, Val Loss: 0.8631, Val Acc: 0.7191
2026-02-15 07:29:35,946 - experiment_ablation_no_chaotic_embedding - INFO - Saved new best model at epoch 12
2026-02-15 07:29:36,326 - experiment_ablation_no_chaotic_embedding - INFO - Train Epoch 13: [0/472 (0.0%)]	Loss: 1.154367
2026-02-15 07:29:37,671 - experiment_ablation_no_chaotic_embedding - INFO - [SYNC DEBUG] Epoch 13: sync_weight=0.1, desync_weight=0.1, loss_sync=0.499534
2026-02-15 07:29:38,126 - experiment_ablation_no_chaotic_embedding - INFO - Epoch 13: Train Loss: 1.1556, Train Acc: 0.7924, Val Loss: 1.4140, Val Acc: 0.6854
2026-02-15 07:29:38,470 - experiment_ablation_no_chaotic_embedding - INFO - Train Epoch 14: [0/472 (0.0%)]	Loss: 1.015463
2026-02-15 07:29:38,837 - experiment_ablation_no_chaotic_embedding - DEBUG - [STABILITY] lyap=-0.003, max_norm=0.3, min_std=0.103
2026-02-15 07:29:39,790 - experiment_ablation_no_chaotic_embedding - INFO - [SYNC DEBUG] Epoch 14: sync_weight=0.1, desync_weight=0.1, loss_sync=0.499724
2026-02-15 07:29:40,231 - experiment_ablation_no_chaotic_embedding - INFO - Epoch 14: Train Loss: 1.0159, Train Acc: 0.8281, Val Loss: 0.8307, Val Acc: 0.7416
2026-02-15 07:29:40,301 - experiment_ablation_no_chaotic_embedding - INFO - Saved new best model at epoch 14
2026-02-15 07:29:40,662 - experiment_ablation_no_chaotic_embedding - INFO - Train Epoch 15: [0/472 (0.0%)]	Loss: 1.009922
2026-02-15 07:29:41,986 - experiment_ablation_no_chaotic_embedding - INFO - [SYNC DEBUG] Epoch 15: sync_weight=0.1, desync_weight=0.1, loss_sync=0.499722
2026-02-15 07:29:42,434 - experiment_ablation_no_chaotic_embedding - INFO - Epoch 15: Train Loss: 1.0206, Train Acc: 0.8281, Val Loss: 0.9589, Val Acc: 0.7191
2026-02-15 07:29:42,758 - experiment_ablation_no_chaotic_embedding - INFO - Train Epoch 16: [0/472 (0.0%)]	Loss: 0.905326
2026-02-15 07:29:44,095 - experiment_ablation_no_chaotic_embedding - INFO - [SYNC DEBUG] Epoch 16: sync_weight=0.1, desync_weight=0.1, loss_sync=0.499731
2026-02-15 07:29:44,542 - experiment_ablation_no_chaotic_embedding - INFO - Epoch 16: Train Loss: 0.9524, Train Acc: 0.8549, Val Loss: 1.2573, Val Acc: 0.6180
2026-02-15 07:29:44,901 - experiment_ablation_no_chaotic_embedding - INFO - Train Epoch 17: [0/472 (0.0%)]	Loss: 1.235623
2026-02-15 07:29:46,232 - experiment_ablation_no_chaotic_embedding - INFO - [SYNC DEBUG] Epoch 17: sync_weight=0.1, desync_weight=0.1, loss_sync=0.499774
2026-02-15 07:29:46,696 - experiment_ablation_no_chaotic_embedding - INFO - Epoch 17: Train Loss: 0.9076, Train Acc: 0.8862, Val Loss: 0.9561, Val Acc: 0.7191
2026-02-15 07:29:47,057 - experiment_ablation_no_chaotic_embedding - INFO - Train Epoch 18: [0/472 (0.0%)]	Loss: 1.004952
2026-02-15 07:29:48,410 - experiment_ablation_no_chaotic_embedding - INFO - [SYNC DEBUG] Epoch 18: sync_weight=0.1, desync_weight=0.1, loss_sync=0.499507
2026-02-15 07:29:48,856 - experiment_ablation_no_chaotic_embedding - INFO - Epoch 18: Train Loss: 0.8998, Train Acc: 0.8705, Val Loss: 1.1582, Val Acc: 0.7303
2026-02-15 07:29:49,186 - experiment_ablation_no_chaotic_embedding - INFO - Train Epoch 19: [0/472 (0.0%)]	Loss: 0.919742
2026-02-15 07:29:50,538 - experiment_ablation_no_chaotic_embedding - INFO - [SYNC DEBUG] Epoch 19: sync_weight=0.1, desync_weight=0.1, loss_sync=0.499839
2026-02-15 07:29:50,982 - experiment_ablation_no_chaotic_embedding - INFO - Epoch 19: Train Loss: 0.8930, Train Acc: 0.8571, Val Loss: 1.3914, Val Acc: 0.6966
2026-02-15 07:29:51,310 - experiment_ablation_no_chaotic_embedding - INFO - Train Epoch 20: [0/472 (0.0%)]	Loss: 0.706647
2026-02-15 07:29:52,643 - experiment_ablation_no_chaotic_embedding - INFO - [SYNC DEBUG] Epoch 20: sync_weight=0.1, desync_weight=0.1, loss_sync=0.499471
2026-02-15 07:29:53,110 - experiment_ablation_no_chaotic_embedding - INFO - Epoch 20: Train Loss: 0.8147, Train Acc: 0.9018, Val Loss: 1.5530, Val Acc: 0.5730
2026-02-15 07:29:53,496 - experiment_ablation_no_chaotic_embedding - INFO - Train Epoch 21: [0/472 (0.0%)]	Loss: 0.813694
2026-02-15 07:29:54,062 - experiment_ablation_no_chaotic_embedding - DEBUG - [STABILITY] lyap=0.029, max_norm=0.3, min_std=0.107
2026-02-15 07:29:54,821 - experiment_ablation_no_chaotic_embedding - INFO - [SYNC DEBUG] Epoch 21: sync_weight=0.1, desync_weight=0.1, loss_sync=0.499528
2026-02-15 07:29:55,294 - experiment_ablation_no_chaotic_embedding - INFO - Epoch 21: Train Loss: 0.8467, Train Acc: 0.8929, Val Loss: 2.2223, Val Acc: 0.5056
2026-02-15 07:29:55,618 - experiment_ablation_no_chaotic_embedding - INFO - Train Epoch 22: [0/472 (0.0%)]	Loss: 0.711888
2026-02-15 07:29:56,945 - experiment_ablation_no_chaotic_embedding - INFO - [SYNC DEBUG] Epoch 22: sync_weight=0.1, desync_weight=0.1, loss_sync=0.499644
2026-02-15 07:29:57,385 - experiment_ablation_no_chaotic_embedding - INFO - Epoch 22: Train Loss: 0.7890, Train Acc: 0.9085, Val Loss: 0.8207, Val Acc: 0.7753
2026-02-15 07:29:57,448 - experiment_ablation_no_chaotic_embedding - INFO - Saved new best model at epoch 22
2026-02-15 07:29:57,798 - experiment_ablation_no_chaotic_embedding - INFO - Train Epoch 23: [0/472 (0.0%)]	Loss: 0.667199
2026-02-15 07:29:59,129 - experiment_ablation_no_chaotic_embedding - INFO - [SYNC DEBUG] Epoch 23: sync_weight=0.1, desync_weight=0.1, loss_sync=0.499752
2026-02-15 07:29:59,571 - experiment_ablation_no_chaotic_embedding - INFO - Epoch 23: Train Loss: 0.7555, Train Acc: 0.9152, Val Loss: 0.5192, Val Acc: 0.8202
2026-02-15 07:29:59,630 - experiment_ablation_no_chaotic_embedding - INFO - Saved new best model at epoch 23
2026-02-15 07:30:00,005 - experiment_ablation_no_chaotic_embedding - INFO - Train Epoch 24: [0/472 (0.0%)]	Loss: 0.877937
2026-02-15 07:30:01,336 - experiment_ablation_no_chaotic_embedding - INFO - [SYNC DEBUG] Epoch 24: sync_weight=0.1, desync_weight=0.1, loss_sync=0.499671
2026-02-15 07:30:01,776 - experiment_ablation_no_chaotic_embedding - INFO - Epoch 24: Train Loss: 0.8409, Train Acc: 0.8951, Val Loss: 1.4502, Val Acc: 0.6404
2026-02-15 07:30:02,102 - experiment_ablation_no_chaotic_embedding - INFO - Train Epoch 25: [0/472 (0.0%)]	Loss: 0.667216
2026-02-15 07:30:03,434 - experiment_ablation_no_chaotic_embedding - INFO - [SYNC DEBUG] Epoch 25: sync_weight=0.1, desync_weight=0.1, loss_sync=0.499531
2026-02-15 07:30:03,879 - experiment_ablation_no_chaotic_embedding - INFO - Epoch 25: Train Loss: 0.8163, Train Acc: 0.8973, Val Loss: 0.8594, Val Acc: 0.7865
2026-02-15 07:30:04,205 - experiment_ablation_no_chaotic_embedding - INFO - Train Epoch 26: [0/472 (0.0%)]	Loss: 0.812264
2026-02-15 07:30:05,539 - experiment_ablation_no_chaotic_embedding - INFO - [SYNC DEBUG] Epoch 26: sync_weight=0.1, desync_weight=0.1, loss_sync=0.499837
2026-02-15 07:30:05,980 - experiment_ablation_no_chaotic_embedding - INFO - Epoch 26: Train Loss: 0.7830, Train Acc: 0.9219, Val Loss: 1.5095, Val Acc: 0.6629
2026-02-15 07:30:06,314 - experiment_ablation_no_chaotic_embedding - INFO - Train Epoch 27: [0/472 (0.0%)]	Loss: 0.768031
2026-02-15 07:30:07,639 - experiment_ablation_no_chaotic_embedding - INFO - [SYNC DEBUG] Epoch 27: sync_weight=0.1, desync_weight=0.1, loss_sync=0.499561
2026-02-15 07:30:08,084 - experiment_ablation_no_chaotic_embedding - INFO - Epoch 27: Train Loss: 0.7251, Train Acc: 0.9397, Val Loss: 0.7598, Val Acc: 0.7303
2026-02-15 07:30:08,414 - experiment_ablation_no_chaotic_embedding - INFO - Train Epoch 28: [0/472 (0.0%)]	Loss: 0.981807
2026-02-15 07:30:09,174 - experiment_ablation_no_chaotic_embedding - DEBUG - [STABILITY] lyap=0.067, max_norm=0.4, min_std=0.104
2026-02-15 07:30:09,744 - experiment_ablation_no_chaotic_embedding - INFO - [SYNC DEBUG] Epoch 28: sync_weight=0.1, desync_weight=0.1, loss_sync=0.499542
2026-02-15 07:30:10,196 - experiment_ablation_no_chaotic_embedding - INFO - Epoch 28: Train Loss: 0.7451, Train Acc: 0.9174, Val Loss: 1.9953, Val Acc: 0.5618
2026-02-15 07:30:10,527 - experiment_ablation_no_chaotic_embedding - INFO - Train Epoch 29: [0/472 (0.0%)]	Loss: 0.878190
2026-02-15 07:30:11,853 - experiment_ablation_no_chaotic_embedding - INFO - [SYNC DEBUG] Epoch 29: sync_weight=0.1, desync_weight=0.1, loss_sync=0.499437
2026-02-15 07:30:12,295 - experiment_ablation_no_chaotic_embedding - INFO - Epoch 29: Train Loss: 0.7168, Train Acc: 0.9420, Val Loss: 1.3327, Val Acc: 0.6742
2026-02-15 07:30:12,627 - experiment_ablation_no_chaotic_embedding - INFO - Train Epoch 30: [0/472 (0.0%)]	Loss: 0.878035
2026-02-15 07:30:13,954 - experiment_ablation_no_chaotic_embedding - INFO - [SYNC DEBUG] Epoch 30: sync_weight=0.1, desync_weight=0.1, loss_sync=0.499865
2026-02-15 07:30:14,395 - experiment_ablation_no_chaotic_embedding - INFO - Epoch 30: Train Loss: 0.7086, Train Acc: 0.9196, Val Loss: 3.8139, Val Acc: 0.3258
2026-02-15 07:30:14,787 - experiment_ablation_no_chaotic_embedding - INFO - Train Epoch 31: [0/472 (0.0%)]	Loss: 0.767356
2026-02-15 07:30:16,105 - experiment_ablation_no_chaotic_embedding - INFO - [SYNC DEBUG] Epoch 31: sync_weight=0.1, desync_weight=0.1, loss_sync=0.499651
2026-02-15 07:30:16,546 - experiment_ablation_no_chaotic_embedding - INFO - Epoch 31: Train Loss: 0.7183, Train Acc: 0.9196, Val Loss: 0.9910, Val Acc: 0.7303
2026-02-15 07:30:16,869 - experiment_ablation_no_chaotic_embedding - INFO - Train Epoch 32: [0/472 (0.0%)]	Loss: 0.571041
2026-02-15 07:30:18,200 - experiment_ablation_no_chaotic_embedding - INFO - [SYNC DEBUG] Epoch 32: sync_weight=0.1, desync_weight=0.1, loss_sync=0.499713
2026-02-15 07:30:18,644 - experiment_ablation_no_chaotic_embedding - INFO - Epoch 32: Train Loss: 0.6837, Train Acc: 0.9464, Val Loss: 1.5800, Val Acc: 0.6180
2026-02-15 07:30:18,979 - experiment_ablation_no_chaotic_embedding - INFO - Train Epoch 33: [0/472 (0.0%)]	Loss: 0.815178
2026-02-15 07:30:20,304 - experiment_ablation_no_chaotic_embedding - INFO - [SYNC DEBUG] Epoch 33: sync_weight=0.1, desync_weight=0.1, loss_sync=0.499691
2026-02-15 07:30:20,742 - experiment_ablation_no_chaotic_embedding - INFO - Epoch 33: Train Loss: 0.7273, Train Acc: 0.9129, Val Loss: 0.7955, Val Acc: 0.7978
2026-02-15 07:30:21,075 - experiment_ablation_no_chaotic_embedding - INFO - Train Epoch 34: [0/472 (0.0%)]	Loss: 0.838140
2026-02-15 07:30:22,409 - experiment_ablation_no_chaotic_embedding - INFO - [SYNC DEBUG] Epoch 34: sync_weight=0.1, desync_weight=0.1, loss_sync=0.499523
2026-02-15 07:30:22,885 - experiment_ablation_no_chaotic_embedding - INFO - Epoch 34: Train Loss: 0.6891, Train Acc: 0.9330, Val Loss: 1.0785, Val Acc: 0.7191
2026-02-15 07:30:23,220 - experiment_ablation_no_chaotic_embedding - INFO - Train Epoch 35: [0/472 (0.0%)]	Loss: 0.611837
2026-02-15 07:30:24,173 - experiment_ablation_no_chaotic_embedding - DEBUG - [STABILITY] lyap=0.055, max_norm=0.4, min_std=0.116
2026-02-15 07:30:24,544 - experiment_ablation_no_chaotic_embedding - INFO - [SYNC DEBUG] Epoch 35: sync_weight=0.1, desync_weight=0.1, loss_sync=0.499505
2026-02-15 07:30:24,982 - experiment_ablation_no_chaotic_embedding - INFO - Epoch 35: Train Loss: 0.6690, Train Acc: 0.9531, Val Loss: 0.7747, Val Acc: 0.7978
2026-02-15 07:30:25,307 - experiment_ablation_no_chaotic_embedding - INFO - Train Epoch 36: [0/472 (0.0%)]	Loss: 0.824023
2026-02-15 07:30:26,674 - experiment_ablation_no_chaotic_embedding - INFO - [SYNC DEBUG] Epoch 36: sync_weight=0.1, desync_weight=0.1, loss_sync=0.499814
2026-02-15 07:30:27,126 - experiment_ablation_no_chaotic_embedding - INFO - Epoch 36: Train Loss: 0.7359, Train Acc: 0.9196, Val Loss: 0.5835, Val Acc: 0.7753
2026-02-15 07:30:27,443 - experiment_ablation_no_chaotic_embedding - INFO - Train Epoch 37: [0/472 (0.0%)]	Loss: 0.580269
2026-02-15 07:30:28,764 - experiment_ablation_no_chaotic_embedding - INFO - [SYNC DEBUG] Epoch 37: sync_weight=0.1, desync_weight=0.1, loss_sync=0.499501
2026-02-15 07:30:29,210 - experiment_ablation_no_chaotic_embedding - INFO - Epoch 37: Train Loss: 0.6110, Train Acc: 0.9710, Val Loss: 0.6838, Val Acc: 0.8652
2026-02-15 07:30:29,273 - experiment_ablation_no_chaotic_embedding - INFO - Saved new best model at epoch 37
2026-02-15 07:30:29,636 - experiment_ablation_no_chaotic_embedding - INFO - Train Epoch 38: [0/472 (0.0%)]	Loss: 0.665264
2026-02-15 07:30:30,947 - experiment_ablation_no_chaotic_embedding - INFO - [SYNC DEBUG] Epoch 38: sync_weight=0.1, desync_weight=0.1, loss_sync=0.499593
2026-02-15 07:30:31,390 - experiment_ablation_no_chaotic_embedding - INFO - Epoch 38: Train Loss: 0.6948, Train Acc: 0.9420, Val Loss: 0.7930, Val Acc: 0.7978
2026-02-15 07:30:31,714 - experiment_ablation_no_chaotic_embedding - INFO - Train Epoch 39: [0/472 (0.0%)]	Loss: 0.577209
2026-02-15 07:30:33,041 - experiment_ablation_no_chaotic_embedding - INFO - [SYNC DEBUG] Epoch 39: sync_weight=0.1, desync_weight=0.1, loss_sync=0.499344
2026-02-15 07:30:33,523 - experiment_ablation_no_chaotic_embedding - INFO - Epoch 39: Train Loss: 0.6309, Train Acc: 0.9688, Val Loss: 1.2244, Val Acc: 0.6742
2026-02-15 07:30:33,849 - experiment_ablation_no_chaotic_embedding - INFO - Train Epoch 40: [0/472 (0.0%)]	Loss: 0.560192
2026-02-15 07:30:35,177 - experiment_ablation_no_chaotic_embedding - INFO - [SYNC DEBUG] Epoch 40: sync_weight=0.1, desync_weight=0.1, loss_sync=0.499542
2026-02-15 07:30:35,622 - experiment_ablation_no_chaotic_embedding - INFO - Epoch 40: Train Loss: 0.5970, Train Acc: 0.9754, Val Loss: 0.7478, Val Acc: 0.7865
2026-02-15 07:30:36,013 - experiment_ablation_no_chaotic_embedding - INFO - Train Epoch 41: [0/472 (0.0%)]	Loss: 0.853685
2026-02-15 07:30:37,344 - experiment_ablation_no_chaotic_embedding - INFO - [SYNC DEBUG] Epoch 41: sync_weight=0.1, desync_weight=0.1, loss_sync=0.499735
2026-02-15 07:30:37,818 - experiment_ablation_no_chaotic_embedding - INFO - Epoch 41: Train Loss: 0.6131, Train Acc: 0.9799, Val Loss: 1.6341, Val Acc: 0.6742
2026-02-15 07:30:38,146 - experiment_ablation_no_chaotic_embedding - INFO - Train Epoch 42: [0/472 (0.0%)]	Loss: 0.627894
2026-02-15 07:30:39,297 - experiment_ablation_no_chaotic_embedding - DEBUG - [STABILITY] lyap=0.075, max_norm=0.4, min_std=0.131
2026-02-15 07:30:39,474 - experiment_ablation_no_chaotic_embedding - INFO - [SYNC DEBUG] Epoch 42: sync_weight=0.1, desync_weight=0.1, loss_sync=0.499745
2026-02-15 07:30:39,910 - experiment_ablation_no_chaotic_embedding - INFO - Epoch 42: Train Loss: 0.6264, Train Acc: 0.9598, Val Loss: 1.9099, Val Acc: 0.6742
2026-02-15 07:30:40,235 - experiment_ablation_no_chaotic_embedding - INFO - Train Epoch 43: [0/472 (0.0%)]	Loss: 0.522633
2026-02-15 07:30:41,572 - experiment_ablation_no_chaotic_embedding - INFO - [SYNC DEBUG] Epoch 43: sync_weight=0.1, desync_weight=0.1, loss_sync=0.499776
2026-02-15 07:30:42,011 - experiment_ablation_no_chaotic_embedding - INFO - Epoch 43: Train Loss: 0.6070, Train Acc: 0.9665, Val Loss: 0.7306, Val Acc: 0.8090
2026-02-15 07:30:42,334 - experiment_ablation_no_chaotic_embedding - INFO - Train Epoch 44: [0/472 (0.0%)]	Loss: 0.622149
2026-02-15 07:30:43,683 - experiment_ablation_no_chaotic_embedding - INFO - [SYNC DEBUG] Epoch 44: sync_weight=0.1, desync_weight=0.1, loss_sync=0.499704
2026-02-15 07:30:44,156 - experiment_ablation_no_chaotic_embedding - INFO - Epoch 44: Train Loss: 0.6233, Train Acc: 0.9643, Val Loss: 0.9977, Val Acc: 0.7640
2026-02-15 07:30:44,493 - experiment_ablation_no_chaotic_embedding - INFO - Train Epoch 45: [0/472 (0.0%)]	Loss: 0.531215
2026-02-15 07:30:45,812 - experiment_ablation_no_chaotic_embedding - INFO - [SYNC DEBUG] Epoch 45: sync_weight=0.1, desync_weight=0.1, loss_sync=0.499589
2026-02-15 07:30:46,253 - experiment_ablation_no_chaotic_embedding - INFO - Epoch 45: Train Loss: 0.6017, Train Acc: 0.9799, Val Loss: 1.2332, Val Acc: 0.7303
2026-02-15 07:30:46,583 - experiment_ablation_no_chaotic_embedding - INFO - Train Epoch 46: [0/472 (0.0%)]	Loss: 0.641473
2026-02-15 07:30:47,911 - experiment_ablation_no_chaotic_embedding - INFO - [SYNC DEBUG] Epoch 46: sync_weight=0.1, desync_weight=0.1, loss_sync=0.499450
2026-02-15 07:30:48,356 - experiment_ablation_no_chaotic_embedding - INFO - Epoch 46: Train Loss: 0.6141, Train Acc: 0.9576, Val Loss: 0.5316, Val Acc: 0.8427
2026-02-15 07:30:48,680 - experiment_ablation_no_chaotic_embedding - INFO - Train Epoch 47: [0/472 (0.0%)]	Loss: 0.510678
2026-02-15 07:30:50,012 - experiment_ablation_no_chaotic_embedding - INFO - [SYNC DEBUG] Epoch 47: sync_weight=0.1, desync_weight=0.1, loss_sync=0.499691
2026-02-15 07:30:50,460 - experiment_ablation_no_chaotic_embedding - INFO - Epoch 47: Train Loss: 0.6055, Train Acc: 0.9688, Val Loss: 1.9096, Val Acc: 0.6966
2026-02-15 07:30:50,785 - experiment_ablation_no_chaotic_embedding - INFO - Train Epoch 48: [0/472 (0.0%)]	Loss: 0.634275
2026-02-15 07:30:52,127 - experiment_ablation_no_chaotic_embedding - INFO - [SYNC DEBUG] Epoch 48: sync_weight=0.1, desync_weight=0.1, loss_sync=0.499615
2026-02-15 07:30:52,577 - experiment_ablation_no_chaotic_embedding - INFO - Epoch 48: Train Loss: 0.5883, Train Acc: 0.9777, Val Loss: 1.0003, Val Acc: 0.7865
2026-02-15 07:30:52,902 - experiment_ablation_no_chaotic_embedding - INFO - Train Epoch 49: [0/472 (0.0%)]	Loss: 0.544449
2026-02-15 07:30:54,225 - experiment_ablation_no_chaotic_embedding - INFO - [SYNC DEBUG] Epoch 49: sync_weight=0.1, desync_weight=0.1, loss_sync=0.499409
2026-02-15 07:30:54,667 - experiment_ablation_no_chaotic_embedding - INFO - Epoch 49: Train Loss: 0.6011, Train Acc: 0.9710, Val Loss: 1.4107, Val Acc: 0.7865
2026-02-15 07:30:54,956 - experiment_ablation_no_chaotic_embedding - DEBUG - [STABILITY] lyap=0.082, max_norm=0.5, min_std=0.139
2026-02-15 07:30:54,986 - experiment_ablation_no_chaotic_embedding - INFO - Train Epoch 50: [0/472 (0.0%)]	Loss: 0.617217
2026-02-15 07:30:56,298 - experiment_ablation_no_chaotic_embedding - INFO - [SYNC DEBUG] Epoch 50: sync_weight=0.1, desync_weight=0.1, loss_sync=0.499341
2026-02-15 07:30:56,739 - experiment_ablation_no_chaotic_embedding - INFO - Epoch 50: Train Loss: 0.6377, Train Acc: 0.9576, Val Loss: 2.7047, Val Acc: 0.5618
2026-02-15 07:30:57,152 - experiment_ablation_no_chaotic_embedding - INFO - Train Epoch 51: [0/472 (0.0%)]	Loss: 0.721109
2026-02-15 07:30:58,486 - experiment_ablation_no_chaotic_embedding - INFO - [SYNC DEBUG] Epoch 51: sync_weight=0.1, desync_weight=0.1, loss_sync=0.499464
2026-02-15 07:30:58,946 - experiment_ablation_no_chaotic_embedding - INFO - Epoch 51: Train Loss: 0.6759, Train Acc: 0.9442, Val Loss: 1.0167, Val Acc: 0.7416
2026-02-15 07:30:59,274 - experiment_ablation_no_chaotic_embedding - INFO - Train Epoch 52: [0/472 (0.0%)]	Loss: 0.563817
2026-02-15 07:31:00,594 - experiment_ablation_no_chaotic_embedding - INFO - [SYNC DEBUG] Epoch 52: sync_weight=0.1, desync_weight=0.1, loss_sync=0.499523
2026-02-15 07:31:01,039 - experiment_ablation_no_chaotic_embedding - INFO - Epoch 52: Train Loss: 0.6081, Train Acc: 0.9710, Val Loss: 1.2482, Val Acc: 0.7416
2026-02-15 07:31:01,356 - experiment_ablation_no_chaotic_embedding - INFO - Train Epoch 53: [0/472 (0.0%)]	Loss: 0.576267
2026-02-15 07:31:02,693 - experiment_ablation_no_chaotic_embedding - INFO - [SYNC DEBUG] Epoch 53: sync_weight=0.1, desync_weight=0.1, loss_sync=0.499391
2026-02-15 07:31:03,138 - experiment_ablation_no_chaotic_embedding - INFO - Epoch 53: Train Loss: 0.5860, Train Acc: 0.9688, Val Loss: 0.7944, Val Acc: 0.7978
2026-02-15 07:31:03,462 - experiment_ablation_no_chaotic_embedding - INFO - Train Epoch 54: [0/472 (0.0%)]	Loss: 0.530192
2026-02-15 07:31:04,784 - experiment_ablation_no_chaotic_embedding - INFO - [SYNC DEBUG] Epoch 54: sync_weight=0.1, desync_weight=0.1, loss_sync=0.499180
2026-02-15 07:31:05,249 - experiment_ablation_no_chaotic_embedding - INFO - Epoch 54: Train Loss: 0.5859, Train Acc: 0.9732, Val Loss: 1.9671, Val Acc: 0.6404
2026-02-15 07:31:05,579 - experiment_ablation_no_chaotic_embedding - INFO - Train Epoch 55: [0/472 (0.0%)]	Loss: 0.592655
2026-02-15 07:31:06,902 - experiment_ablation_no_chaotic_embedding - INFO - [SYNC DEBUG] Epoch 55: sync_weight=0.1, desync_weight=0.1, loss_sync=0.499342
2026-02-15 07:31:07,375 - experiment_ablation_no_chaotic_embedding - INFO - Epoch 55: Train Loss: 0.6264, Train Acc: 0.9576, Val Loss: 2.6377, Val Acc: 0.5730
2026-02-15 07:31:07,716 - experiment_ablation_no_chaotic_embedding - INFO - Train Epoch 56: [0/472 (0.0%)]	Loss: 0.554191
2026-02-15 07:31:09,047 - experiment_ablation_no_chaotic_embedding - INFO - [SYNC DEBUG] Epoch 56: sync_weight=0.1, desync_weight=0.1, loss_sync=0.499637
2026-02-15 07:31:09,484 - experiment_ablation_no_chaotic_embedding - INFO - Epoch 56: Train Loss: 0.5978, Train Acc: 0.9688, Val Loss: 0.5524, Val Acc: 0.8202
2026-02-15 07:31:09,803 - experiment_ablation_no_chaotic_embedding - INFO - Train Epoch 57: [0/472 (0.0%)]	Loss: 0.839789
2026-02-15 07:31:09,976 - experiment_ablation_no_chaotic_embedding - DEBUG - [STABILITY] lyap=0.090, max_norm=0.5, min_std=0.147
2026-02-15 07:31:11,121 - experiment_ablation_no_chaotic_embedding - INFO - [SYNC DEBUG] Epoch 57: sync_weight=0.1, desync_weight=0.1, loss_sync=0.499529
2026-02-15 07:31:11,562 - experiment_ablation_no_chaotic_embedding - INFO - Epoch 57: Train Loss: 0.6409, Train Acc: 0.9621, Val Loss: 1.7302, Val Acc: 0.6292
2026-02-15 07:31:11,899 - experiment_ablation_no_chaotic_embedding - INFO - Train Epoch 58: [0/472 (0.0%)]	Loss: 0.914801
2026-02-15 07:31:13,229 - experiment_ablation_no_chaotic_embedding - INFO - [SYNC DEBUG] Epoch 58: sync_weight=0.1, desync_weight=0.1, loss_sync=0.499561
2026-02-15 07:31:13,694 - experiment_ablation_no_chaotic_embedding - INFO - Epoch 58: Train Loss: 0.6364, Train Acc: 0.9531, Val Loss: 0.9779, Val Acc: 0.7978
2026-02-15 07:31:14,024 - experiment_ablation_no_chaotic_embedding - INFO - Train Epoch 59: [0/472 (0.0%)]	Loss: 0.577466
2026-02-15 07:31:15,357 - experiment_ablation_no_chaotic_embedding - INFO - [SYNC DEBUG] Epoch 59: sync_weight=0.1, desync_weight=0.1, loss_sync=0.499527
2026-02-15 07:31:15,807 - experiment_ablation_no_chaotic_embedding - INFO - Epoch 59: Train Loss: 0.5691, Train Acc: 0.9844, Val Loss: 0.7316, Val Acc: 0.8315
2026-02-15 07:31:16,128 - experiment_ablation_no_chaotic_embedding - INFO - Train Epoch 60: [0/472 (0.0%)]	Loss: 0.639528
2026-02-15 07:31:17,463 - experiment_ablation_no_chaotic_embedding - INFO - [SYNC DEBUG] Epoch 60: sync_weight=0.1, desync_weight=0.1, loss_sync=0.498987
2026-02-15 07:31:17,897 - experiment_ablation_no_chaotic_embedding - INFO - Epoch 60: Train Loss: 0.6158, Train Acc: 0.9710, Val Loss: 0.6151, Val Acc: 0.8202
2026-02-15 07:31:18,298 - experiment_ablation_no_chaotic_embedding - INFO - Train Epoch 61: [0/472 (0.0%)]	Loss: 0.581010
2026-02-15 07:31:19,641 - experiment_ablation_no_chaotic_embedding - INFO - [SYNC DEBUG] Epoch 61: sync_weight=0.1, desync_weight=0.1, loss_sync=0.499411
2026-02-15 07:31:20,084 - experiment_ablation_no_chaotic_embedding - INFO - Epoch 61: Train Loss: 0.5933, Train Acc: 0.9688, Val Loss: 0.8518, Val Acc: 0.8090
2026-02-15 07:31:20,408 - experiment_ablation_no_chaotic_embedding - INFO - Train Epoch 62: [0/472 (0.0%)]	Loss: 0.584515
2026-02-15 07:31:21,721 - experiment_ablation_no_chaotic_embedding - INFO - [SYNC DEBUG] Epoch 62: sync_weight=0.1, desync_weight=0.1, loss_sync=0.499784
2026-02-15 07:31:22,159 - experiment_ablation_no_chaotic_embedding - INFO - Epoch 62: Train Loss: 0.5850, Train Acc: 0.9688, Val Loss: 0.6687, Val Acc: 0.8764
2026-02-15 07:31:22,222 - experiment_ablation_no_chaotic_embedding - INFO - Saved new best model at epoch 62
2026-02-15 07:31:22,574 - experiment_ablation_no_chaotic_embedding - INFO - Train Epoch 63: [0/472 (0.0%)]	Loss: 0.509400
2026-02-15 07:31:23,920 - experiment_ablation_no_chaotic_embedding - INFO - [SYNC DEBUG] Epoch 63: sync_weight=0.1, desync_weight=0.1, loss_sync=0.499438
2026-02-15 07:31:24,386 - experiment_ablation_no_chaotic_embedding - INFO - Epoch 63: Train Loss: 0.5865, Train Acc: 0.9732, Val Loss: 0.8361, Val Acc: 0.7528
2026-02-15 07:31:24,704 - experiment_ablation_no_chaotic_embedding - INFO - Train Epoch 64: [0/472 (0.0%)]	Loss: 0.525782
2026-02-15 07:31:25,082 - experiment_ablation_no_chaotic_embedding - DEBUG - [STABILITY] lyap=0.072, max_norm=0.5, min_std=0.144
2026-02-15 07:31:26,037 - experiment_ablation_no_chaotic_embedding - INFO - [SYNC DEBUG] Epoch 64: sync_weight=0.1, desync_weight=0.1, loss_sync=0.499835
2026-02-15 07:31:26,472 - experiment_ablation_no_chaotic_embedding - INFO - Epoch 64: Train Loss: 0.5775, Train Acc: 0.9732, Val Loss: 0.5080, Val Acc: 0.8876
2026-02-15 07:31:26,534 - experiment_ablation_no_chaotic_embedding - INFO - Saved new best model at epoch 64
2026-02-15 07:31:26,888 - experiment_ablation_no_chaotic_embedding - INFO - Train Epoch 65: [0/472 (0.0%)]	Loss: 0.515415
2026-02-15 07:31:28,222 - experiment_ablation_no_chaotic_embedding - INFO - [SYNC DEBUG] Epoch 65: sync_weight=0.1, desync_weight=0.1, loss_sync=0.499764
2026-02-15 07:31:28,662 - experiment_ablation_no_chaotic_embedding - INFO - Epoch 65: Train Loss: 0.5778, Train Acc: 0.9732, Val Loss: 0.4636, Val Acc: 0.8989
2026-02-15 07:31:28,729 - experiment_ablation_no_chaotic_embedding - INFO - Saved new best model at epoch 65
2026-02-15 07:31:29,084 - experiment_ablation_no_chaotic_embedding - INFO - Train Epoch 66: [0/472 (0.0%)]	Loss: 0.576446
2026-02-15 07:31:30,398 - experiment_ablation_no_chaotic_embedding - INFO - [SYNC DEBUG] Epoch 66: sync_weight=0.1, desync_weight=0.1, loss_sync=0.499681
2026-02-15 07:31:30,842 - experiment_ablation_no_chaotic_embedding - INFO - Epoch 66: Train Loss: 0.5754, Train Acc: 0.9754, Val Loss: 0.8838, Val Acc: 0.7978
2026-02-15 07:31:31,168 - experiment_ablation_no_chaotic_embedding - INFO - Train Epoch 67: [0/472 (0.0%)]	Loss: 0.530801
2026-02-15 07:31:32,497 - experiment_ablation_no_chaotic_embedding - INFO - [SYNC DEBUG] Epoch 67: sync_weight=0.1, desync_weight=0.1, loss_sync=0.499564
2026-02-15 07:31:32,942 - experiment_ablation_no_chaotic_embedding - INFO - Epoch 67: Train Loss: 0.5422, Train Acc: 0.9911, Val Loss: 0.4950, Val Acc: 0.8764
2026-02-15 07:31:33,276 - experiment_ablation_no_chaotic_embedding - INFO - Train Epoch 68: [0/472 (0.0%)]	Loss: 0.513519
2026-02-15 07:31:34,598 - experiment_ablation_no_chaotic_embedding - INFO - [SYNC DEBUG] Epoch 68: sync_weight=0.1, desync_weight=0.1, loss_sync=0.499355
2026-02-15 07:31:35,041 - experiment_ablation_no_chaotic_embedding - INFO - Epoch 68: Train Loss: 0.5704, Train Acc: 0.9777, Val Loss: 1.9135, Val Acc: 0.7079
2026-02-15 07:31:35,355 - experiment_ablation_no_chaotic_embedding - INFO - Train Epoch 69: [0/472 (0.0%)]	Loss: 0.557957
2026-02-15 07:31:36,677 - experiment_ablation_no_chaotic_embedding - INFO - [SYNC DEBUG] Epoch 69: sync_weight=0.1, desync_weight=0.1, loss_sync=0.499679
2026-02-15 07:31:37,123 - experiment_ablation_no_chaotic_embedding - INFO - Epoch 69: Train Loss: 0.6024, Train Acc: 0.9754, Val Loss: 0.8925, Val Acc: 0.7865
2026-02-15 07:31:37,464 - experiment_ablation_no_chaotic_embedding - INFO - Train Epoch 70: [0/472 (0.0%)]	Loss: 0.519299
2026-02-15 07:31:38,785 - experiment_ablation_no_chaotic_embedding - INFO - [SYNC DEBUG] Epoch 70: sync_weight=0.1, desync_weight=0.1, loss_sync=0.499498
2026-02-15 07:31:39,228 - experiment_ablation_no_chaotic_embedding - INFO - Epoch 70: Train Loss: 0.5616, Train Acc: 0.9799, Val Loss: 0.9012, Val Acc: 0.8202
2026-02-15 07:31:39,615 - experiment_ablation_no_chaotic_embedding - INFO - Train Epoch 71: [0/472 (0.0%)]	Loss: 0.540115
2026-02-15 07:31:40,189 - experiment_ablation_no_chaotic_embedding - DEBUG - [STABILITY] lyap=0.102, max_norm=0.5, min_std=0.156
2026-02-15 07:31:40,966 - experiment_ablation_no_chaotic_embedding - INFO - [SYNC DEBUG] Epoch 71: sync_weight=0.1, desync_weight=0.1, loss_sync=0.499626
2026-02-15 07:31:41,417 - experiment_ablation_no_chaotic_embedding - INFO - Epoch 71: Train Loss: 0.5534, Train Acc: 0.9799, Val Loss: 0.8939, Val Acc: 0.8090
2026-02-15 07:31:41,749 - experiment_ablation_no_chaotic_embedding - INFO - Train Epoch 72: [0/472 (0.0%)]	Loss: 0.682866
2026-02-15 07:31:43,083 - experiment_ablation_no_chaotic_embedding - INFO - [SYNC DEBUG] Epoch 72: sync_weight=0.1, desync_weight=0.1, loss_sync=0.499366
2026-02-15 07:31:43,529 - experiment_ablation_no_chaotic_embedding - INFO - Epoch 72: Train Loss: 0.5802, Train Acc: 0.9710, Val Loss: 1.3196, Val Acc: 0.7079
2026-02-15 07:31:43,875 - experiment_ablation_no_chaotic_embedding - INFO - Train Epoch 73: [0/472 (0.0%)]	Loss: 0.669270
2026-02-15 07:31:45,199 - experiment_ablation_no_chaotic_embedding - INFO - [SYNC DEBUG] Epoch 73: sync_weight=0.1, desync_weight=0.1, loss_sync=0.499583
2026-02-15 07:31:45,671 - experiment_ablation_no_chaotic_embedding - INFO - Epoch 73: Train Loss: 0.5663, Train Acc: 0.9732, Val Loss: 0.6491, Val Acc: 0.8989
2026-02-15 07:31:46,012 - experiment_ablation_no_chaotic_embedding - INFO - Train Epoch 74: [0/472 (0.0%)]	Loss: 0.667667
2026-02-15 07:31:47,345 - experiment_ablation_no_chaotic_embedding - INFO - [SYNC DEBUG] Epoch 74: sync_weight=0.1, desync_weight=0.1, loss_sync=0.499485
2026-02-15 07:31:47,783 - experiment_ablation_no_chaotic_embedding - INFO - Epoch 74: Train Loss: 0.5532, Train Acc: 0.9888, Val Loss: 0.5726, Val Acc: 0.8539
2026-02-15 07:31:48,115 - experiment_ablation_no_chaotic_embedding - INFO - Train Epoch 75: [0/472 (0.0%)]	Loss: 0.549073
2026-02-15 07:31:49,451 - experiment_ablation_no_chaotic_embedding - INFO - [SYNC DEBUG] Epoch 75: sync_weight=0.1, desync_weight=0.1, loss_sync=0.499955
2026-02-15 07:31:49,901 - experiment_ablation_no_chaotic_embedding - INFO - Epoch 75: Train Loss: 0.5570, Train Acc: 0.9777, Val Loss: 0.6337, Val Acc: 0.8652
2026-02-15 07:31:50,225 - experiment_ablation_no_chaotic_embedding - INFO - Train Epoch 76: [0/472 (0.0%)]	Loss: 0.523971
2026-02-15 07:31:51,561 - experiment_ablation_no_chaotic_embedding - INFO - [SYNC DEBUG] Epoch 76: sync_weight=0.1, desync_weight=0.1, loss_sync=0.499256
2026-02-15 07:31:52,025 - experiment_ablation_no_chaotic_embedding - INFO - Epoch 76: Train Loss: 0.5249, Train Acc: 0.9955, Val Loss: 0.9355, Val Acc: 0.7753
2026-02-15 07:31:52,360 - experiment_ablation_no_chaotic_embedding - INFO - Train Epoch 77: [0/472 (0.0%)]	Loss: 0.627587
2026-02-15 07:31:53,699 - experiment_ablation_no_chaotic_embedding - INFO - [SYNC DEBUG] Epoch 77: sync_weight=0.1, desync_weight=0.1, loss_sync=0.499467
2026-02-15 07:31:54,157 - experiment_ablation_no_chaotic_embedding - INFO - Epoch 77: Train Loss: 0.5623, Train Acc: 0.9777, Val Loss: 0.6825, Val Acc: 0.8876
2026-02-15 07:31:54,490 - experiment_ablation_no_chaotic_embedding - INFO - Train Epoch 78: [0/472 (0.0%)]	Loss: 0.503164
2026-02-15 07:31:55,267 - experiment_ablation_no_chaotic_embedding - DEBUG - [STABILITY] lyap=0.093, max_norm=0.5, min_std=0.158
2026-02-15 07:31:55,837 - experiment_ablation_no_chaotic_embedding - INFO - [SYNC DEBUG] Epoch 78: sync_weight=0.1, desync_weight=0.1, loss_sync=0.499449
2026-02-15 07:31:56,275 - experiment_ablation_no_chaotic_embedding - INFO - Epoch 78: Train Loss: 0.5586, Train Acc: 0.9777, Val Loss: 0.9886, Val Acc: 0.8202
2026-02-15 07:31:56,606 - experiment_ablation_no_chaotic_embedding - INFO - Train Epoch 79: [0/472 (0.0%)]	Loss: 0.538474
2026-02-15 07:31:57,928 - experiment_ablation_no_chaotic_embedding - INFO - [SYNC DEBUG] Epoch 79: sync_weight=0.1, desync_weight=0.1, loss_sync=0.499369
2026-02-15 07:31:58,369 - experiment_ablation_no_chaotic_embedding - INFO - Epoch 79: Train Loss: 0.5598, Train Acc: 0.9710, Val Loss: 1.4303, Val Acc: 0.7416
2026-02-15 07:31:58,687 - experiment_ablation_no_chaotic_embedding - INFO - Train Epoch 80: [0/472 (0.0%)]	Loss: 0.534031
2026-02-15 07:32:00,016 - experiment_ablation_no_chaotic_embedding - INFO - [SYNC DEBUG] Epoch 80: sync_weight=0.1, desync_weight=0.1, loss_sync=0.499338
2026-02-15 07:32:00,465 - experiment_ablation_no_chaotic_embedding - INFO - Epoch 80: Train Loss: 0.5402, Train Acc: 0.9821, Val Loss: 0.9226, Val Acc: 0.8202
2026-02-15 07:32:00,851 - experiment_ablation_no_chaotic_embedding - INFO - Train Epoch 81: [0/472 (0.0%)]	Loss: 0.586843
2026-02-15 07:32:02,175 - experiment_ablation_no_chaotic_embedding - INFO - [SYNC DEBUG] Epoch 81: sync_weight=0.1, desync_weight=0.1, loss_sync=0.499260
2026-02-15 07:32:02,616 - experiment_ablation_no_chaotic_embedding - INFO - Epoch 81: Train Loss: 0.5596, Train Acc: 0.9777, Val Loss: 1.2100, Val Acc: 0.7528
2026-02-15 07:32:02,943 - experiment_ablation_no_chaotic_embedding - INFO - Train Epoch 82: [0/472 (0.0%)]	Loss: 0.630932
2026-02-15 07:32:04,267 - experiment_ablation_no_chaotic_embedding - INFO - [SYNC DEBUG] Epoch 82: sync_weight=0.1, desync_weight=0.1, loss_sync=0.499564
2026-02-15 07:32:04,705 - experiment_ablation_no_chaotic_embedding - INFO - Epoch 82: Train Loss: 0.5683, Train Acc: 0.9777, Val Loss: 0.2622, Val Acc: 0.9213
2026-02-15 07:32:04,767 - experiment_ablation_no_chaotic_embedding - INFO - Saved new best model at epoch 82
2026-02-15 07:32:05,120 - experiment_ablation_no_chaotic_embedding - INFO - Train Epoch 83: [0/472 (0.0%)]	Loss: 0.568911
2026-02-15 07:32:06,451 - experiment_ablation_no_chaotic_embedding - INFO - [SYNC DEBUG] Epoch 83: sync_weight=0.1, desync_weight=0.1, loss_sync=0.499702
2026-02-15 07:32:06,913 - experiment_ablation_no_chaotic_embedding - INFO - Epoch 83: Train Loss: 0.6208, Train Acc: 0.9621, Val Loss: 0.6987, Val Acc: 0.8315
2026-02-15 07:32:07,259 - experiment_ablation_no_chaotic_embedding - INFO - Train Epoch 84: [0/472 (0.0%)]	Loss: 0.641095
2026-02-15 07:32:08,577 - experiment_ablation_no_chaotic_embedding - INFO - [SYNC DEBUG] Epoch 84: sync_weight=0.1, desync_weight=0.1, loss_sync=0.498981
2026-02-15 07:32:09,016 - experiment_ablation_no_chaotic_embedding - INFO - Epoch 84: Train Loss: 0.5632, Train Acc: 0.9754, Val Loss: 0.8402, Val Acc: 0.8315
2026-02-15 07:32:09,352 - experiment_ablation_no_chaotic_embedding - INFO - Train Epoch 85: [0/472 (0.0%)]	Loss: 0.545624
2026-02-15 07:32:10,308 - experiment_ablation_no_chaotic_embedding - DEBUG - [STABILITY] lyap=0.081, max_norm=0.6, min_std=0.166
2026-02-15 07:32:10,685 - experiment_ablation_no_chaotic_embedding - INFO - [SYNC DEBUG] Epoch 85: sync_weight=0.1, desync_weight=0.1, loss_sync=0.499511
2026-02-15 07:32:11,126 - experiment_ablation_no_chaotic_embedding - INFO - Epoch 85: Train Loss: 0.5667, Train Acc: 0.9754, Val Loss: 1.4335, Val Acc: 0.7079
2026-02-15 07:32:11,456 - experiment_ablation_no_chaotic_embedding - INFO - Train Epoch 86: [0/472 (0.0%)]	Loss: 0.532810
2026-02-15 07:32:12,779 - experiment_ablation_no_chaotic_embedding - INFO - [SYNC DEBUG] Epoch 86: sync_weight=0.1, desync_weight=0.1, loss_sync=0.499438
2026-02-15 07:32:13,223 - experiment_ablation_no_chaotic_embedding - INFO - Epoch 86: Train Loss: 0.5554, Train Acc: 0.9844, Val Loss: 1.8255, Val Acc: 0.6404
2026-02-15 07:32:13,574 - experiment_ablation_no_chaotic_embedding - INFO - Train Epoch 87: [0/472 (0.0%)]	Loss: 0.511103
2026-02-15 07:32:14,901 - experiment_ablation_no_chaotic_embedding - INFO - [SYNC DEBUG] Epoch 87: sync_weight=0.1, desync_weight=0.1, loss_sync=0.499509
2026-02-15 07:32:15,353 - experiment_ablation_no_chaotic_embedding - INFO - Epoch 87: Train Loss: 0.5458, Train Acc: 0.9777, Val Loss: 1.0824, Val Acc: 0.8202
2026-02-15 07:32:15,684 - experiment_ablation_no_chaotic_embedding - INFO - Train Epoch 88: [0/472 (0.0%)]	Loss: 0.524926
2026-02-15 07:32:17,031 - experiment_ablation_no_chaotic_embedding - INFO - [SYNC DEBUG] Epoch 88: sync_weight=0.1, desync_weight=0.1, loss_sync=0.499436
2026-02-15 07:32:17,464 - experiment_ablation_no_chaotic_embedding - INFO - Epoch 88: Train Loss: 0.5638, Train Acc: 0.9777, Val Loss: 1.5347, Val Acc: 0.7303
2026-02-15 07:32:17,798 - experiment_ablation_no_chaotic_embedding - INFO - Train Epoch 89: [0/472 (0.0%)]	Loss: 0.502969
2026-02-15 07:32:19,147 - experiment_ablation_no_chaotic_embedding - INFO - [SYNC DEBUG] Epoch 89: sync_weight=0.1, desync_weight=0.1, loss_sync=0.499207
2026-02-15 07:32:19,590 - experiment_ablation_no_chaotic_embedding - INFO - Epoch 89: Train Loss: 0.5292, Train Acc: 0.9911, Val Loss: 1.8577, Val Acc: 0.6742
2026-02-15 07:32:19,936 - experiment_ablation_no_chaotic_embedding - INFO - Train Epoch 90: [0/472 (0.0%)]	Loss: 0.509757
2026-02-15 07:32:21,274 - experiment_ablation_no_chaotic_embedding - INFO - [SYNC DEBUG] Epoch 90: sync_weight=0.1, desync_weight=0.1, loss_sync=0.499414
2026-02-15 07:32:21,716 - experiment_ablation_no_chaotic_embedding - INFO - Epoch 90: Train Loss: 0.6041, Train Acc: 0.9665, Val Loss: 0.8602, Val Acc: 0.8090
2026-02-15 07:32:22,108 - experiment_ablation_no_chaotic_embedding - INFO - Train Epoch 91: [0/472 (0.0%)]	Loss: 0.535372
2026-02-15 07:32:23,428 - experiment_ablation_no_chaotic_embedding - INFO - [SYNC DEBUG] Epoch 91: sync_weight=0.1, desync_weight=0.1, loss_sync=0.499438
2026-02-15 07:32:23,867 - experiment_ablation_no_chaotic_embedding - INFO - Epoch 91: Train Loss: 0.5519, Train Acc: 0.9866, Val Loss: 0.5035, Val Acc: 0.8876
2026-02-15 07:32:24,222 - experiment_ablation_no_chaotic_embedding - INFO - Train Epoch 92: [0/472 (0.0%)]	Loss: 0.514908
2026-02-15 07:32:25,370 - experiment_ablation_no_chaotic_embedding - DEBUG - [STABILITY] lyap=0.077, max_norm=0.6, min_std=0.165
2026-02-15 07:32:25,551 - experiment_ablation_no_chaotic_embedding - INFO - [SYNC DEBUG] Epoch 92: sync_weight=0.1, desync_weight=0.1, loss_sync=0.498794
2026-02-15 07:32:25,987 - experiment_ablation_no_chaotic_embedding - INFO - Epoch 92: Train Loss: 0.5757, Train Acc: 0.9821, Val Loss: 1.4236, Val Acc: 0.7191
2026-02-15 07:32:26,311 - experiment_ablation_no_chaotic_embedding - INFO - Train Epoch 93: [0/472 (0.0%)]	Loss: 0.503225
2026-02-15 07:32:27,644 - experiment_ablation_no_chaotic_embedding - INFO - [SYNC DEBUG] Epoch 93: sync_weight=0.1, desync_weight=0.1, loss_sync=0.499377
2026-02-15 07:32:28,080 - experiment_ablation_no_chaotic_embedding - INFO - Epoch 93: Train Loss: 0.5362, Train Acc: 0.9888, Val Loss: 1.4100, Val Acc: 0.7753
2026-02-15 07:32:28,424 - experiment_ablation_no_chaotic_embedding - INFO - Train Epoch 94: [0/472 (0.0%)]	Loss: 0.542997
2026-02-15 07:32:29,779 - experiment_ablation_no_chaotic_embedding - INFO - [SYNC DEBUG] Epoch 94: sync_weight=0.1, desync_weight=0.1, loss_sync=0.499567
2026-02-15 07:32:30,228 - experiment_ablation_no_chaotic_embedding - INFO - Epoch 94: Train Loss: 0.6004, Train Acc: 0.9688, Val Loss: 1.6815, Val Acc: 0.7191
2026-02-15 07:32:30,550 - experiment_ablation_no_chaotic_embedding - INFO - Train Epoch 95: [0/472 (0.0%)]	Loss: 0.527496
2026-02-15 07:32:31,884 - experiment_ablation_no_chaotic_embedding - INFO - [SYNC DEBUG] Epoch 95: sync_weight=0.1, desync_weight=0.1, loss_sync=0.499414
2026-02-15 07:32:32,318 - experiment_ablation_no_chaotic_embedding - INFO - Epoch 95: Train Loss: 0.5474, Train Acc: 0.9844, Val Loss: 0.3064, Val Acc: 0.8989
2026-02-15 07:32:32,655 - experiment_ablation_no_chaotic_embedding - INFO - Train Epoch 96: [0/472 (0.0%)]	Loss: 0.565732
2026-02-15 07:32:33,980 - experiment_ablation_no_chaotic_embedding - INFO - [SYNC DEBUG] Epoch 96: sync_weight=0.1, desync_weight=0.1, loss_sync=0.499554
2026-02-15 07:32:34,425 - experiment_ablation_no_chaotic_embedding - INFO - Epoch 96: Train Loss: 0.5548, Train Acc: 0.9844, Val Loss: 1.7809, Val Acc: 0.6854
2026-02-15 07:32:34,772 - experiment_ablation_no_chaotic_embedding - INFO - Train Epoch 97: [0/472 (0.0%)]	Loss: 0.512961
2026-02-15 07:32:36,087 - experiment_ablation_no_chaotic_embedding - INFO - [SYNC DEBUG] Epoch 97: sync_weight=0.1, desync_weight=0.1, loss_sync=0.499144
2026-02-15 07:32:36,550 - experiment_ablation_no_chaotic_embedding - INFO - Epoch 97: Train Loss: 0.5223, Train Acc: 0.9911, Val Loss: 0.9790, Val Acc: 0.7753
2026-02-15 07:32:36,870 - experiment_ablation_no_chaotic_embedding - INFO - Train Epoch 98: [0/472 (0.0%)]	Loss: 0.524709
2026-02-15 07:32:38,188 - experiment_ablation_no_chaotic_embedding - INFO - [SYNC DEBUG] Epoch 98: sync_weight=0.1, desync_weight=0.1, loss_sync=0.499570
2026-02-15 07:32:38,622 - experiment_ablation_no_chaotic_embedding - INFO - Epoch 98: Train Loss: 0.5367, Train Acc: 0.9888, Val Loss: 0.3387, Val Acc: 0.8989
2026-02-15 07:32:38,946 - experiment_ablation_no_chaotic_embedding - INFO - Train Epoch 99: [0/472 (0.0%)]	Loss: 0.501921
2026-02-15 07:32:40,282 - experiment_ablation_no_chaotic_embedding - INFO - [SYNC DEBUG] Epoch 99: sync_weight=0.1, desync_weight=0.1, loss_sync=0.499332
2026-02-15 07:32:40,724 - experiment_ablation_no_chaotic_embedding - INFO - Epoch 99: Train Loss: 0.5297, Train Acc: 0.9911, Val Loss: 0.3165, Val Acc: 0.9101
2026-02-15 07:32:40,737 - experiment_ablation_no_chaotic_embedding - INFO - Running final test evaluation...
2026-02-15 07:32:41,242 - experiment_ablation_no_chaotic_embedding - INFO - Test Results:
2026-02-15 07:32:41,242 - experiment_ablation_no_chaotic_embedding - INFO -   loss: 0.6615
2026-02-15 07:32:41,242 - experiment_ablation_no_chaotic_embedding - INFO -   accuracy: 0.8814
2026-02-15 07:32:41,244 - experiment_ablation_no_chaotic_embedding - INFO - Training completed
2026-02-15 12:58:23,964 - experiment_ablation_no_chaotic_embedding - INFO - Initialized experiment: ablation_no_chaotic_embedding
2026-02-15 12:58:23,966 - experiment_ablation_no_chaotic_embedding - INFO - Device: cuda
2026-02-15 12:58:23,966 - experiment_ablation_no_chaotic_embedding - INFO - Output directory: /scratch/project_2003370/yueyao/Model/experiments/configs/Ablation_study/no_chaotic_embedding/ablation_no_chaotic_embedding
2026-02-15 13:57:52,025 - experiment_ablation_no_chaotic_embedding - INFO - Initialized experiment: ablation_no_chaotic_embedding
2026-02-15 13:57:52,025 - experiment_ablation_no_chaotic_embedding - INFO - Device: cuda
2026-02-15 13:57:52,025 - experiment_ablation_no_chaotic_embedding - INFO - Output directory: /scratch/project_2003370/yueyao/Model/experiments/configs/Ablation_study/no_chaotic_embedding/ablation_no_chaotic_embedding
2026-02-15 13:57:52,026 - experiment_ablation_no_chaotic_embedding - INFO - [SYNC LOSS] Enabled with mode: standard
2026-02-15 13:57:52,026 - experiment_ablation_no_chaotic_embedding - INFO - Initialized chaotic network experiment with lorenz system
2026-02-15 13:57:52,026 - experiment_ablation_no_chaotic_embedding - INFO - Setting up experiment components...
2026-02-15 13:57:52,026 - experiment_ablation_no_chaotic_embedding - INFO - Creating dataloaders...
2026-02-15 13:57:52,413 - experiment_ablation_no_chaotic_embedding - INFO - Detected 26 speakers in dataset
2026-02-15 13:57:52,414 - experiment_ablation_no_chaotic_embedding - INFO - Dataloaders created:
2026-02-15 13:57:52,414 - experiment_ablation_no_chaotic_embedding - INFO -   Train: 14 batches
2026-02-15 13:57:52,414 - experiment_ablation_no_chaotic_embedding - INFO -   Val: 3 batches
2026-02-15 13:57:52,414 - experiment_ablation_no_chaotic_embedding - INFO -   Test: 4 batches
2026-02-15 13:57:52,414 - experiment_ablation_no_chaotic_embedding - INFO - Creating model...
2026-02-15 13:57:52,414 - experiment_ablation_no_chaotic_embedding - INFO - Using actual num_speakers from dataset: 26
2026-02-15 13:58:56,672 - experiment_ablation_no_chaotic_embedding - INFO - Total parameters: 565,119
2026-02-15 13:58:56,672 - experiment_ablation_no_chaotic_embedding - INFO - Trainable parameters: 565,119
2026-02-15 13:58:56,672 - experiment_ablation_no_chaotic_embedding - INFO - Creating optimizer...
2026-02-15 13:58:56,672 - experiment_ablation_no_chaotic_embedding - INFO - Optimizer: AdamW
2026-02-15 13:58:56,672 - experiment_ablation_no_chaotic_embedding - INFO - Creating scheduler...
2026-02-15 13:58:56,672 - experiment_ablation_no_chaotic_embedding - INFO - Creating criterion...
2026-02-15 13:58:56,673 - experiment_ablation_no_chaotic_embedding - INFO - Criterion: CrossEntropyLoss
2026-02-15 13:58:56,748 - experiment_ablation_no_chaotic_embedding - INFO - Configuration saved to: /scratch/project_2003370/yueyao/Model/experiments/configs/Ablation_study/no_chaotic_embedding/ablation_no_chaotic_embedding/config.json
2026-02-15 13:58:56,748 - experiment_ablation_no_chaotic_embedding - INFO - Experiment setup completed
2026-02-15 13:58:56,750 - experiment_ablation_no_chaotic_embedding - INFO - Starting training for 100 epochs
2026-02-15 13:58:56,750 - experiment_ablation_no_chaotic_embedding - INFO - [SYNC LOSS] Warmup complete, synchronization loss activated!
2026-02-15 13:58:56,906 - experiment_ablation_no_chaotic_embedding - INFO - 
================================================================================
2026-02-15 13:58:56,906 - experiment_ablation_no_chaotic_embedding - INFO - COMPREHENSIVE DEBUG - FIRST BATCH
2026-02-15 13:58:56,906 - experiment_ablation_no_chaotic_embedding - INFO - ================================================================================
2026-02-15 13:58:56,907 - experiment_ablation_no_chaotic_embedding - INFO - Batch Info:
2026-02-15 13:58:56,907 - experiment_ablation_no_chaotic_embedding - INFO -   Audio shape: torch.Size([32, 48000])
2026-02-15 13:58:56,907 - experiment_ablation_no_chaotic_embedding - INFO -   Targets shape: torch.Size([32])
2026-02-15 13:58:56,908 - experiment_ablation_no_chaotic_embedding - INFO -   Targets (first 8): tensor([17, 11,  8, 15, 14,  3, 24, 12], device='cuda:0')
2026-02-15 13:58:57,012 - experiment_ablation_no_chaotic_embedding - INFO - ================================================================================

2026-02-15 13:58:57,158 - experiment_ablation_no_chaotic_embedding - INFO - [STABILITY] Initialized LyapunovStabilityLoss
2026-02-15 13:58:57,160 - experiment_ablation_no_chaotic_embedding - DEBUG - [STABILITY] lyap=-0.015, max_norm=0.2, min_std=0.062
2026-02-15 13:58:57,216 - experiment_ablation_no_chaotic_embedding - INFO - Train Epoch 0: [0/472 (0.0%)]	Loss: 6.475759
2026-02-15 13:58:59,670 - experiment_ablation_no_chaotic_embedding - INFO - [SYNC DEBUG] Epoch 0: sync_weight=0.1, desync_weight=0.1, loss_sync=0.499880
2026-02-15 13:59:00,083 - experiment_ablation_no_chaotic_embedding - INFO - Epoch 0: Train Loss: 5.4919, Train Acc: 0.0737, Val Loss: 5.2326, Val Acc: 0.0449
2026-02-15 13:59:00,141 - experiment_ablation_no_chaotic_embedding - INFO - Saved new best model at epoch 0
2026-02-15 13:59:00,638 - experiment_ablation_no_chaotic_embedding - INFO - Train Epoch 1: [0/472 (0.0%)]	Loss: 4.552316
2026-02-15 13:59:03,099 - experiment_ablation_no_chaotic_embedding - INFO - [SYNC DEBUG] Epoch 1: sync_weight=0.1, desync_weight=0.1, loss_sync=0.499857
2026-02-15 13:59:03,531 - experiment_ablation_no_chaotic_embedding - INFO - Epoch 1: Train Loss: 3.7875, Train Acc: 0.2299, Val Loss: 4.2389, Val Acc: 0.0899
2026-02-15 13:59:03,597 - experiment_ablation_no_chaotic_embedding - INFO - Saved new best model at epoch 1
2026-02-15 13:59:04,062 - experiment_ablation_no_chaotic_embedding - INFO - Train Epoch 2: [0/472 (0.0%)]	Loss: 3.376962
2026-02-15 13:59:06,487 - experiment_ablation_no_chaotic_embedding - INFO - [SYNC DEBUG] Epoch 2: sync_weight=0.1, desync_weight=0.1, loss_sync=0.499935
2026-02-15 13:59:06,920 - experiment_ablation_no_chaotic_embedding - INFO - Epoch 2: Train Loss: 3.0561, Train Acc: 0.3326, Val Loss: 2.7341, Val Acc: 0.2697
2026-02-15 13:59:06,980 - experiment_ablation_no_chaotic_embedding - INFO - Saved new best model at epoch 2
2026-02-15 13:59:07,399 - experiment_ablation_no_chaotic_embedding - INFO - Train Epoch 3: [0/472 (0.0%)]	Loss: 2.885193
2026-02-15 13:59:09,829 - experiment_ablation_no_chaotic_embedding - INFO - [SYNC DEBUG] Epoch 3: sync_weight=0.1, desync_weight=0.1, loss_sync=0.499747
2026-02-15 13:59:10,293 - experiment_ablation_no_chaotic_embedding - INFO - Epoch 3: Train Loss: 2.4990, Train Acc: 0.4420, Val Loss: 1.7329, Val Acc: 0.4831
2026-02-15 13:59:10,359 - experiment_ablation_no_chaotic_embedding - INFO - Saved new best model at epoch 3
2026-02-15 13:59:10,788 - experiment_ablation_no_chaotic_embedding - INFO - Train Epoch 4: [0/472 (0.0%)]	Loss: 2.276424
2026-02-15 13:59:13,209 - experiment_ablation_no_chaotic_embedding - INFO - [SYNC DEBUG] Epoch 4: sync_weight=0.1, desync_weight=0.1, loss_sync=0.499782
2026-02-15 13:59:13,658 - experiment_ablation_no_chaotic_embedding - INFO - Epoch 4: Train Loss: 2.2868, Train Acc: 0.4978, Val Loss: 1.5807, Val Acc: 0.4944
2026-02-15 13:59:13,723 - experiment_ablation_no_chaotic_embedding - INFO - Saved new best model at epoch 4
2026-02-15 13:59:14,149 - experiment_ablation_no_chaotic_embedding - INFO - Train Epoch 5: [0/472 (0.0%)]	Loss: 2.229418
2026-02-15 13:59:16,579 - experiment_ablation_no_chaotic_embedding - INFO - [SYNC DEBUG] Epoch 5: sync_weight=0.1, desync_weight=0.1, loss_sync=0.499793
2026-02-15 13:59:17,009 - experiment_ablation_no_chaotic_embedding - INFO - Epoch 5: Train Loss: 2.0859, Train Acc: 0.5335, Val Loss: 1.6962, Val Acc: 0.5618
2026-02-15 13:59:17,075 - experiment_ablation_no_chaotic_embedding - INFO - Saved new best model at epoch 5
2026-02-15 13:59:17,518 - experiment_ablation_no_chaotic_embedding - INFO - Train Epoch 6: [0/472 (0.0%)]	Loss: 1.981310
2026-02-15 13:59:19,970 - experiment_ablation_no_chaotic_embedding - INFO - [SYNC DEBUG] Epoch 6: sync_weight=0.1, desync_weight=0.1, loss_sync=0.499648
2026-02-15 13:59:20,411 - experiment_ablation_no_chaotic_embedding - INFO - Epoch 6: Train Loss: 1.8311, Train Acc: 0.6094, Val Loss: 1.4437, Val Acc: 0.5393
2026-02-15 13:59:20,829 - experiment_ablation_no_chaotic_embedding - INFO - Train Epoch 7: [0/472 (0.0%)]	Loss: 1.558200
2026-02-15 13:59:21,148 - experiment_ablation_no_chaotic_embedding - DEBUG - [STABILITY] lyap=-0.004, max_norm=0.3, min_std=0.093
2026-02-15 13:59:23,260 - experiment_ablation_no_chaotic_embedding - INFO - [SYNC DEBUG] Epoch 7: sync_weight=0.1, desync_weight=0.1, loss_sync=0.499684
2026-02-15 13:59:23,689 - experiment_ablation_no_chaotic_embedding - INFO - Epoch 7: Train Loss: 1.5793, Train Acc: 0.6607, Val Loss: 1.1447, Val Acc: 0.6517
2026-02-15 13:59:23,750 - experiment_ablation_no_chaotic_embedding - INFO - Saved new best model at epoch 7
2026-02-15 13:59:24,169 - experiment_ablation_no_chaotic_embedding - INFO - Train Epoch 8: [0/472 (0.0%)]	Loss: 1.487537
2026-02-15 13:59:26,608 - experiment_ablation_no_chaotic_embedding - INFO - [SYNC DEBUG] Epoch 8: sync_weight=0.1, desync_weight=0.1, loss_sync=0.499911
2026-02-15 13:59:27,049 - experiment_ablation_no_chaotic_embedding - INFO - Epoch 8: Train Loss: 1.5583, Train Acc: 0.6674, Val Loss: 0.8081, Val Acc: 0.7191
2026-02-15 13:59:27,114 - experiment_ablation_no_chaotic_embedding - INFO - Saved new best model at epoch 8
2026-02-15 13:59:27,538 - experiment_ablation_no_chaotic_embedding - INFO - Train Epoch 9: [0/472 (0.0%)]	Loss: 1.319901
2026-02-15 13:59:29,958 - experiment_ablation_no_chaotic_embedding - INFO - [SYNC DEBUG] Epoch 9: sync_weight=0.1, desync_weight=0.1, loss_sync=0.499564
2026-02-15 13:59:30,412 - experiment_ablation_no_chaotic_embedding - INFO - Epoch 9: Train Loss: 1.3894, Train Acc: 0.7277, Val Loss: 1.3703, Val Acc: 0.5955
2026-02-15 13:59:30,808 - experiment_ablation_no_chaotic_embedding - INFO - Train Epoch 10: [0/472 (0.0%)]	Loss: 1.342304
2026-02-15 13:59:33,238 - experiment_ablation_no_chaotic_embedding - INFO - [SYNC DEBUG] Epoch 10: sync_weight=0.1, desync_weight=0.1, loss_sync=0.499594
2026-02-15 13:59:33,688 - experiment_ablation_no_chaotic_embedding - INFO - Epoch 10: Train Loss: 1.3231, Train Acc: 0.7455, Val Loss: 0.6782, Val Acc: 0.7303
2026-02-15 13:59:33,749 - experiment_ablation_no_chaotic_embedding - INFO - Saved new best model at epoch 10
2026-02-15 13:59:34,243 - experiment_ablation_no_chaotic_embedding - INFO - Train Epoch 11: [0/472 (0.0%)]	Loss: 1.145215
2026-02-15 13:59:36,684 - experiment_ablation_no_chaotic_embedding - INFO - [SYNC DEBUG] Epoch 11: sync_weight=0.1, desync_weight=0.1, loss_sync=0.499702
2026-02-15 13:59:37,157 - experiment_ablation_no_chaotic_embedding - INFO - Epoch 11: Train Loss: 1.1857, Train Acc: 0.7946, Val Loss: 0.8973, Val Acc: 0.7865
2026-02-15 13:59:37,222 - experiment_ablation_no_chaotic_embedding - INFO - Saved new best model at epoch 11
2026-02-15 13:59:37,642 - experiment_ablation_no_chaotic_embedding - INFO - Train Epoch 12: [0/472 (0.0%)]	Loss: 0.891845
2026-02-15 13:59:40,055 - experiment_ablation_no_chaotic_embedding - INFO - [SYNC DEBUG] Epoch 12: sync_weight=0.1, desync_weight=0.1, loss_sync=0.499722
2026-02-15 13:59:40,501 - experiment_ablation_no_chaotic_embedding - INFO - Epoch 12: Train Loss: 1.1803, Train Acc: 0.7991, Val Loss: 1.4452, Val Acc: 0.6067
2026-02-15 13:59:40,912 - experiment_ablation_no_chaotic_embedding - INFO - Train Epoch 13: [0/472 (0.0%)]	Loss: 1.117559
2026-02-15 13:59:43,381 - experiment_ablation_no_chaotic_embedding - INFO - [SYNC DEBUG] Epoch 13: sync_weight=0.1, desync_weight=0.1, loss_sync=0.499487
2026-02-15 13:59:43,825 - experiment_ablation_no_chaotic_embedding - INFO - Epoch 13: Train Loss: 1.1547, Train Acc: 0.7835, Val Loss: 1.1828, Val Acc: 0.6854
2026-02-15 13:59:44,228 - experiment_ablation_no_chaotic_embedding - INFO - Train Epoch 14: [0/472 (0.0%)]	Loss: 1.463611
2026-02-15 13:59:44,924 - experiment_ablation_no_chaotic_embedding - DEBUG - [STABILITY] lyap=0.026, max_norm=0.3, min_std=0.103
2026-02-15 13:59:46,673 - experiment_ablation_no_chaotic_embedding - INFO - [SYNC DEBUG] Epoch 14: sync_weight=0.1, desync_weight=0.1, loss_sync=0.499819
2026-02-15 13:59:47,122 - experiment_ablation_no_chaotic_embedding - INFO - Epoch 14: Train Loss: 1.0908, Train Acc: 0.8170, Val Loss: 0.5808, Val Acc: 0.7978
2026-02-15 13:59:47,179 - experiment_ablation_no_chaotic_embedding - INFO - Saved new best model at epoch 14
2026-02-15 13:59:47,610 - experiment_ablation_no_chaotic_embedding - INFO - Train Epoch 15: [0/472 (0.0%)]	Loss: 0.845717
2026-02-15 13:59:50,048 - experiment_ablation_no_chaotic_embedding - INFO - [SYNC DEBUG] Epoch 15: sync_weight=0.1, desync_weight=0.1, loss_sync=0.499678
2026-02-15 13:59:50,492 - experiment_ablation_no_chaotic_embedding - INFO - Epoch 15: Train Loss: 0.9762, Train Acc: 0.8393, Val Loss: 1.1246, Val Acc: 0.6854
2026-02-15 13:59:50,879 - experiment_ablation_no_chaotic_embedding - INFO - Train Epoch 16: [0/472 (0.0%)]	Loss: 1.321836
2026-02-15 13:59:53,317 - experiment_ablation_no_chaotic_embedding - INFO - [SYNC DEBUG] Epoch 16: sync_weight=0.1, desync_weight=0.1, loss_sync=0.499687
2026-02-15 13:59:53,763 - experiment_ablation_no_chaotic_embedding - INFO - Epoch 16: Train Loss: 0.9398, Train Acc: 0.8571, Val Loss: 1.3911, Val Acc: 0.6067
2026-02-15 13:59:54,176 - experiment_ablation_no_chaotic_embedding - INFO - Train Epoch 17: [0/472 (0.0%)]	Loss: 1.082231
2026-02-15 13:59:56,606 - experiment_ablation_no_chaotic_embedding - INFO - [SYNC DEBUG] Epoch 17: sync_weight=0.1, desync_weight=0.1, loss_sync=0.499662
2026-02-15 13:59:57,053 - experiment_ablation_no_chaotic_embedding - INFO - Epoch 17: Train Loss: 0.8997, Train Acc: 0.8683, Val Loss: 0.9571, Val Acc: 0.6854
2026-02-15 13:59:57,439 - experiment_ablation_no_chaotic_embedding - INFO - Train Epoch 18: [0/472 (0.0%)]	Loss: 1.230631
2026-02-15 13:59:59,847 - experiment_ablation_no_chaotic_embedding - INFO - [SYNC DEBUG] Epoch 18: sync_weight=0.1, desync_weight=0.1, loss_sync=0.499631
2026-02-15 14:00:00,269 - experiment_ablation_no_chaotic_embedding - INFO - Epoch 18: Train Loss: 0.9509, Train Acc: 0.8571, Val Loss: 1.1100, Val Acc: 0.6966
2026-02-15 14:00:00,665 - experiment_ablation_no_chaotic_embedding - INFO - Train Epoch 19: [0/472 (0.0%)]	Loss: 0.644839
2026-02-15 14:00:03,100 - experiment_ablation_no_chaotic_embedding - INFO - [SYNC DEBUG] Epoch 19: sync_weight=0.1, desync_weight=0.1, loss_sync=0.499675
2026-02-15 14:00:03,538 - experiment_ablation_no_chaotic_embedding - INFO - Epoch 19: Train Loss: 0.8530, Train Acc: 0.8906, Val Loss: 0.7146, Val Acc: 0.7978
2026-02-15 14:00:03,948 - experiment_ablation_no_chaotic_embedding - INFO - Train Epoch 20: [0/472 (0.0%)]	Loss: 0.624006
2026-02-15 14:00:06,380 - experiment_ablation_no_chaotic_embedding - INFO - [SYNC DEBUG] Epoch 20: sync_weight=0.1, desync_weight=0.1, loss_sync=0.499632
2026-02-15 14:00:06,818 - experiment_ablation_no_chaotic_embedding - INFO - Epoch 20: Train Loss: 0.8312, Train Acc: 0.8906, Val Loss: 0.6112, Val Acc: 0.7978
2026-02-15 14:00:07,268 - experiment_ablation_no_chaotic_embedding - INFO - Train Epoch 21: [0/472 (0.0%)]	Loss: 1.048068
2026-02-15 14:00:08,318 - experiment_ablation_no_chaotic_embedding - DEBUG - [STABILITY] lyap=0.071, max_norm=0.4, min_std=0.119
2026-02-15 14:00:09,712 - experiment_ablation_no_chaotic_embedding - INFO - [SYNC DEBUG] Epoch 21: sync_weight=0.1, desync_weight=0.1, loss_sync=0.499624
2026-02-15 14:00:10,152 - experiment_ablation_no_chaotic_embedding - INFO - Epoch 21: Train Loss: 0.8235, Train Acc: 0.9018, Val Loss: 0.6989, Val Acc: 0.8090
2026-02-15 14:00:10,216 - experiment_ablation_no_chaotic_embedding - INFO - Saved new best model at epoch 21
2026-02-15 14:00:10,648 - experiment_ablation_no_chaotic_embedding - INFO - Train Epoch 22: [0/472 (0.0%)]	Loss: 0.940964
2026-02-15 14:00:13,108 - experiment_ablation_no_chaotic_embedding - INFO - [SYNC DEBUG] Epoch 22: sync_weight=0.1, desync_weight=0.1, loss_sync=0.499654
2026-02-15 14:00:13,555 - experiment_ablation_no_chaotic_embedding - INFO - Epoch 22: Train Loss: 0.8863, Train Acc: 0.8705, Val Loss: 0.9081, Val Acc: 0.7303
2026-02-15 14:00:13,946 - experiment_ablation_no_chaotic_embedding - INFO - Train Epoch 23: [0/472 (0.0%)]	Loss: 0.677365
2026-02-15 14:00:16,362 - experiment_ablation_no_chaotic_embedding - INFO - [SYNC DEBUG] Epoch 23: sync_weight=0.1, desync_weight=0.1, loss_sync=0.499700
2026-02-15 14:00:16,805 - experiment_ablation_no_chaotic_embedding - INFO - Epoch 23: Train Loss: 0.8104, Train Acc: 0.9018, Val Loss: 1.0305, Val Acc: 0.6966
2026-02-15 14:00:17,195 - experiment_ablation_no_chaotic_embedding - INFO - Train Epoch 24: [0/472 (0.0%)]	Loss: 0.798619
2026-02-15 14:00:19,638 - experiment_ablation_no_chaotic_embedding - INFO - [SYNC DEBUG] Epoch 24: sync_weight=0.1, desync_weight=0.1, loss_sync=0.499583
2026-02-15 14:00:20,085 - experiment_ablation_no_chaotic_embedding - INFO - Epoch 24: Train Loss: 0.8765, Train Acc: 0.8817, Val Loss: 1.0822, Val Acc: 0.6966
2026-02-15 14:00:20,465 - experiment_ablation_no_chaotic_embedding - INFO - Train Epoch 25: [0/472 (0.0%)]	Loss: 0.605719
2026-02-15 14:00:22,900 - experiment_ablation_no_chaotic_embedding - INFO - [SYNC DEBUG] Epoch 25: sync_weight=0.1, desync_weight=0.1, loss_sync=0.499765
2026-02-15 14:00:23,366 - experiment_ablation_no_chaotic_embedding - INFO - Epoch 25: Train Loss: 0.8414, Train Acc: 0.8973, Val Loss: 0.2676, Val Acc: 0.8876
2026-02-15 14:00:23,426 - experiment_ablation_no_chaotic_embedding - INFO - Saved new best model at epoch 25
2026-02-15 14:00:23,842 - experiment_ablation_no_chaotic_embedding - INFO - Train Epoch 26: [0/472 (0.0%)]	Loss: 0.560083
2026-02-15 14:00:26,271 - experiment_ablation_no_chaotic_embedding - INFO - [SYNC DEBUG] Epoch 26: sync_weight=0.1, desync_weight=0.1, loss_sync=0.499778
2026-02-15 14:00:26,691 - experiment_ablation_no_chaotic_embedding - INFO - Epoch 26: Train Loss: 0.7718, Train Acc: 0.9129, Val Loss: 0.4243, Val Acc: 0.8652
2026-02-15 14:00:27,089 - experiment_ablation_no_chaotic_embedding - INFO - Train Epoch 27: [0/472 (0.0%)]	Loss: 0.631719
2026-02-15 14:00:29,541 - experiment_ablation_no_chaotic_embedding - INFO - [SYNC DEBUG] Epoch 27: sync_weight=0.1, desync_weight=0.1, loss_sync=0.499511
2026-02-15 14:00:29,965 - experiment_ablation_no_chaotic_embedding - INFO - Epoch 27: Train Loss: 0.7334, Train Acc: 0.9263, Val Loss: 0.6344, Val Acc: 0.8315
2026-02-15 14:00:30,366 - experiment_ablation_no_chaotic_embedding - INFO - Train Epoch 28: [0/472 (0.0%)]	Loss: 0.790376
2026-02-15 14:00:31,783 - experiment_ablation_no_chaotic_embedding - DEBUG - [STABILITY] lyap=0.079, max_norm=0.4, min_std=0.120
2026-02-15 14:00:32,794 - experiment_ablation_no_chaotic_embedding - INFO - [SYNC DEBUG] Epoch 28: sync_weight=0.1, desync_weight=0.1, loss_sync=0.499732
2026-02-15 14:00:33,213 - experiment_ablation_no_chaotic_embedding - INFO - Epoch 28: Train Loss: 0.7547, Train Acc: 0.9219, Val Loss: 0.7765, Val Acc: 0.7416
2026-02-15 14:00:33,639 - experiment_ablation_no_chaotic_embedding - INFO - Train Epoch 29: [0/472 (0.0%)]	Loss: 0.761245
2026-02-15 14:00:36,095 - experiment_ablation_no_chaotic_embedding - INFO - [SYNC DEBUG] Epoch 29: sync_weight=0.1, desync_weight=0.1, loss_sync=0.499553
2026-02-15 14:00:36,570 - experiment_ablation_no_chaotic_embedding - INFO - Epoch 29: Train Loss: 0.7472, Train Acc: 0.9152, Val Loss: 0.3846, Val Acc: 0.8764
2026-02-15 14:00:36,967 - experiment_ablation_no_chaotic_embedding - INFO - Train Epoch 30: [0/472 (0.0%)]	Loss: 0.755745
2026-02-15 14:00:39,432 - experiment_ablation_no_chaotic_embedding - INFO - [SYNC DEBUG] Epoch 30: sync_weight=0.1, desync_weight=0.1, loss_sync=0.499876
2026-02-15 14:00:39,888 - experiment_ablation_no_chaotic_embedding - INFO - Epoch 30: Train Loss: 0.7284, Train Acc: 0.9308, Val Loss: 0.5915, Val Acc: 0.8090
2026-02-15 14:00:40,369 - experiment_ablation_no_chaotic_embedding - INFO - Train Epoch 31: [0/472 (0.0%)]	Loss: 0.702181
2026-02-15 14:00:42,790 - experiment_ablation_no_chaotic_embedding - INFO - [SYNC DEBUG] Epoch 31: sync_weight=0.1, desync_weight=0.1, loss_sync=0.499744
2026-02-15 14:00:43,239 - experiment_ablation_no_chaotic_embedding - INFO - Epoch 31: Train Loss: 0.7298, Train Acc: 0.9353, Val Loss: 0.3415, Val Acc: 0.8989
2026-02-15 14:00:43,301 - experiment_ablation_no_chaotic_embedding - INFO - Saved new best model at epoch 31
2026-02-15 14:00:43,716 - experiment_ablation_no_chaotic_embedding - INFO - Train Epoch 32: [0/472 (0.0%)]	Loss: 0.700264
2026-02-15 14:00:46,175 - experiment_ablation_no_chaotic_embedding - INFO - [SYNC DEBUG] Epoch 32: sync_weight=0.1, desync_weight=0.1, loss_sync=0.499628
2026-02-15 14:00:46,622 - experiment_ablation_no_chaotic_embedding - INFO - Epoch 32: Train Loss: 0.6935, Train Acc: 0.9286, Val Loss: 0.5458, Val Acc: 0.8427
2026-02-15 14:00:47,010 - experiment_ablation_no_chaotic_embedding - INFO - Train Epoch 33: [0/472 (0.0%)]	Loss: 0.859793
2026-02-15 14:00:49,460 - experiment_ablation_no_chaotic_embedding - INFO - [SYNC DEBUG] Epoch 33: sync_weight=0.1, desync_weight=0.1, loss_sync=0.499461
2026-02-15 14:00:49,912 - experiment_ablation_no_chaotic_embedding - INFO - Epoch 33: Train Loss: 0.7559, Train Acc: 0.9152, Val Loss: 0.4369, Val Acc: 0.8652
2026-02-15 14:00:50,304 - experiment_ablation_no_chaotic_embedding - INFO - Train Epoch 34: [0/472 (0.0%)]	Loss: 0.600664
2026-02-15 14:00:52,734 - experiment_ablation_no_chaotic_embedding - INFO - [SYNC DEBUG] Epoch 34: sync_weight=0.1, desync_weight=0.1, loss_sync=0.499500
2026-02-15 14:00:53,162 - experiment_ablation_no_chaotic_embedding - INFO - Epoch 34: Train Loss: 0.6467, Train Acc: 0.9554, Val Loss: 0.8084, Val Acc: 0.7528
2026-02-15 14:00:53,555 - experiment_ablation_no_chaotic_embedding - INFO - Train Epoch 35: [0/472 (0.0%)]	Loss: 0.614989
2026-02-15 14:00:55,333 - experiment_ablation_no_chaotic_embedding - DEBUG - [STABILITY] lyap=0.078, max_norm=0.4, min_std=0.141
2026-02-15 14:00:55,990 - experiment_ablation_no_chaotic_embedding - INFO - [SYNC DEBUG] Epoch 35: sync_weight=0.1, desync_weight=0.1, loss_sync=0.499512
2026-02-15 14:00:56,410 - experiment_ablation_no_chaotic_embedding - INFO - Epoch 35: Train Loss: 0.6964, Train Acc: 0.9353, Val Loss: 0.6503, Val Acc: 0.7753
2026-02-15 14:00:56,803 - experiment_ablation_no_chaotic_embedding - INFO - Train Epoch 36: [0/472 (0.0%)]	Loss: 0.609613
2026-02-15 14:00:59,274 - experiment_ablation_no_chaotic_embedding - INFO - [SYNC DEBUG] Epoch 36: sync_weight=0.1, desync_weight=0.1, loss_sync=0.499575
2026-02-15 14:00:59,711 - experiment_ablation_no_chaotic_embedding - INFO - Epoch 36: Train Loss: 0.6498, Train Acc: 0.9509, Val Loss: 0.6609, Val Acc: 0.8539
2026-02-15 14:01:00,101 - experiment_ablation_no_chaotic_embedding - INFO - Train Epoch 37: [0/472 (0.0%)]	Loss: 0.740470
2026-02-15 14:01:02,537 - experiment_ablation_no_chaotic_embedding - INFO - [SYNC DEBUG] Epoch 37: sync_weight=0.1, desync_weight=0.1, loss_sync=0.499740
2026-02-15 14:01:02,981 - experiment_ablation_no_chaotic_embedding - INFO - Epoch 37: Train Loss: 0.6785, Train Acc: 0.9442, Val Loss: 1.0490, Val Acc: 0.7416
2026-02-15 14:01:03,398 - experiment_ablation_no_chaotic_embedding - INFO - Train Epoch 38: [0/472 (0.0%)]	Loss: 0.602926
2026-02-15 14:01:05,821 - experiment_ablation_no_chaotic_embedding - INFO - [SYNC DEBUG] Epoch 38: sync_weight=0.1, desync_weight=0.1, loss_sync=0.499874
2026-02-15 14:01:06,242 - experiment_ablation_no_chaotic_embedding - INFO - Epoch 38: Train Loss: 0.6534, Train Acc: 0.9643, Val Loss: 0.8227, Val Acc: 0.7978
2026-02-15 14:01:06,645 - experiment_ablation_no_chaotic_embedding - INFO - Train Epoch 39: [0/472 (0.0%)]	Loss: 0.735011
2026-02-15 14:01:09,079 - experiment_ablation_no_chaotic_embedding - INFO - [SYNC DEBUG] Epoch 39: sync_weight=0.1, desync_weight=0.1, loss_sync=0.499494
2026-02-15 14:01:09,532 - experiment_ablation_no_chaotic_embedding - INFO - Epoch 39: Train Loss: 0.7063, Train Acc: 0.9353, Val Loss: 0.8261, Val Acc: 0.7640
2026-02-15 14:01:09,930 - experiment_ablation_no_chaotic_embedding - INFO - Train Epoch 40: [0/472 (0.0%)]	Loss: 0.550234
2026-02-15 14:01:12,373 - experiment_ablation_no_chaotic_embedding - INFO - [SYNC DEBUG] Epoch 40: sync_weight=0.1, desync_weight=0.1, loss_sync=0.499680
2026-02-15 14:01:12,803 - experiment_ablation_no_chaotic_embedding - INFO - Epoch 40: Train Loss: 0.6229, Train Acc: 0.9576, Val Loss: 0.2676, Val Acc: 0.9213
2026-02-15 14:01:12,863 - experiment_ablation_no_chaotic_embedding - INFO - Saved new best model at epoch 40
2026-02-15 14:01:13,370 - experiment_ablation_no_chaotic_embedding - INFO - Train Epoch 41: [0/472 (0.0%)]	Loss: 0.662064
2026-02-15 14:01:15,812 - experiment_ablation_no_chaotic_embedding - INFO - [SYNC DEBUG] Epoch 41: sync_weight=0.1, desync_weight=0.1, loss_sync=0.499681
2026-02-15 14:01:16,292 - experiment_ablation_no_chaotic_embedding - INFO - Epoch 41: Train Loss: 0.6135, Train Acc: 0.9665, Val Loss: 0.7423, Val Acc: 0.7978
2026-02-15 14:01:16,691 - experiment_ablation_no_chaotic_embedding - INFO - Train Epoch 42: [0/472 (0.0%)]	Loss: 0.829893
2026-02-15 14:01:18,835 - experiment_ablation_no_chaotic_embedding - DEBUG - [STABILITY] lyap=0.067, max_norm=0.5, min_std=0.139
2026-02-15 14:01:19,121 - experiment_ablation_no_chaotic_embedding - INFO - [SYNC DEBUG] Epoch 42: sync_weight=0.1, desync_weight=0.1, loss_sync=0.499587
2026-02-15 14:01:19,559 - experiment_ablation_no_chaotic_embedding - INFO - Epoch 42: Train Loss: 0.6774, Train Acc: 0.9464, Val Loss: 0.6445, Val Acc: 0.8315
2026-02-15 14:01:19,952 - experiment_ablation_no_chaotic_embedding - INFO - Train Epoch 43: [0/472 (0.0%)]	Loss: 0.534496
2026-02-15 14:01:22,397 - experiment_ablation_no_chaotic_embedding - INFO - [SYNC DEBUG] Epoch 43: sync_weight=0.1, desync_weight=0.1, loss_sync=0.499836
2026-02-15 14:01:22,834 - experiment_ablation_no_chaotic_embedding - INFO - Epoch 43: Train Loss: 0.7184, Train Acc: 0.9330, Val Loss: 0.8420, Val Acc: 0.7865
2026-02-15 14:01:23,221 - experiment_ablation_no_chaotic_embedding - INFO - Train Epoch 44: [0/472 (0.0%)]	Loss: 0.612257
2026-02-15 14:01:25,643 - experiment_ablation_no_chaotic_embedding - INFO - [SYNC DEBUG] Epoch 44: sync_weight=0.1, desync_weight=0.1, loss_sync=0.499810
2026-02-15 14:01:26,080 - experiment_ablation_no_chaotic_embedding - INFO - Epoch 44: Train Loss: 0.6299, Train Acc: 0.9621, Val Loss: 0.3174, Val Acc: 0.9326
2026-02-15 14:01:26,143 - experiment_ablation_no_chaotic_embedding - INFO - Saved new best model at epoch 44
2026-02-15 14:01:26,557 - experiment_ablation_no_chaotic_embedding - INFO - Train Epoch 45: [0/472 (0.0%)]	Loss: 0.733628
2026-02-15 14:01:29,002 - experiment_ablation_no_chaotic_embedding - INFO - [SYNC DEBUG] Epoch 45: sync_weight=0.1, desync_weight=0.1, loss_sync=0.499539
2026-02-15 14:01:29,443 - experiment_ablation_no_chaotic_embedding - INFO - Epoch 45: Train Loss: 0.6203, Train Acc: 0.9665, Val Loss: 0.2804, Val Acc: 0.9101
2026-02-15 14:01:29,836 - experiment_ablation_no_chaotic_embedding - INFO - Train Epoch 46: [0/472 (0.0%)]	Loss: 0.656129
2026-02-15 14:01:32,265 - experiment_ablation_no_chaotic_embedding - INFO - [SYNC DEBUG] Epoch 46: sync_weight=0.1, desync_weight=0.1, loss_sync=0.499737
2026-02-15 14:01:32,714 - experiment_ablation_no_chaotic_embedding - INFO - Epoch 46: Train Loss: 0.6240, Train Acc: 0.9598, Val Loss: 0.3561, Val Acc: 0.8876
2026-02-15 14:01:33,104 - experiment_ablation_no_chaotic_embedding - INFO - Train Epoch 47: [0/472 (0.0%)]	Loss: 0.521968
2026-02-15 14:01:35,543 - experiment_ablation_no_chaotic_embedding - INFO - [SYNC DEBUG] Epoch 47: sync_weight=0.1, desync_weight=0.1, loss_sync=0.499412
2026-02-15 14:01:36,019 - experiment_ablation_no_chaotic_embedding - INFO - Epoch 47: Train Loss: 0.6145, Train Acc: 0.9554, Val Loss: 1.0523, Val Acc: 0.7191
2026-02-15 14:01:36,410 - experiment_ablation_no_chaotic_embedding - INFO - Train Epoch 48: [0/472 (0.0%)]	Loss: 0.575477
2026-02-15 14:01:38,850 - experiment_ablation_no_chaotic_embedding - INFO - [SYNC DEBUG] Epoch 48: sync_weight=0.1, desync_weight=0.1, loss_sync=0.499477
2026-02-15 14:01:39,334 - experiment_ablation_no_chaotic_embedding - INFO - Epoch 48: Train Loss: 0.6836, Train Acc: 0.9487, Val Loss: 0.4874, Val Acc: 0.8427
2026-02-15 14:01:39,734 - experiment_ablation_no_chaotic_embedding - INFO - Train Epoch 49: [0/472 (0.0%)]	Loss: 0.599119
2026-02-15 14:01:42,176 - experiment_ablation_no_chaotic_embedding - INFO - [SYNC DEBUG] Epoch 49: sync_weight=0.1, desync_weight=0.1, loss_sync=0.499360
2026-02-15 14:01:42,619 - experiment_ablation_no_chaotic_embedding - INFO - Epoch 49: Train Loss: 0.5833, Train Acc: 0.9665, Val Loss: 0.7799, Val Acc: 0.7865
2026-02-15 14:01:42,949 - experiment_ablation_no_chaotic_embedding - DEBUG - [STABILITY] lyap=0.082, max_norm=0.6, min_std=0.152
2026-02-15 14:01:43,002 - experiment_ablation_no_chaotic_embedding - INFO - Train Epoch 50: [0/472 (0.0%)]	Loss: 0.603508
2026-02-15 14:01:45,469 - experiment_ablation_no_chaotic_embedding - INFO - [SYNC DEBUG] Epoch 50: sync_weight=0.1, desync_weight=0.1, loss_sync=0.499567
2026-02-15 14:01:45,912 - experiment_ablation_no_chaotic_embedding - INFO - Epoch 50: Train Loss: 0.6385, Train Acc: 0.9554, Val Loss: 0.4101, Val Acc: 0.8876
2026-02-15 14:01:46,361 - experiment_ablation_no_chaotic_embedding - INFO - Train Epoch 51: [0/472 (0.0%)]	Loss: 0.524513
2026-02-15 14:01:48,828 - experiment_ablation_no_chaotic_embedding - INFO - [SYNC DEBUG] Epoch 51: sync_weight=0.1, desync_weight=0.1, loss_sync=0.499393
2026-02-15 14:01:49,277 - experiment_ablation_no_chaotic_embedding - INFO - Epoch 51: Train Loss: 0.5969, Train Acc: 0.9754, Val Loss: 0.6342, Val Acc: 0.8315
2026-02-15 14:01:49,671 - experiment_ablation_no_chaotic_embedding - INFO - Train Epoch 52: [0/472 (0.0%)]	Loss: 0.679573
2026-02-15 14:01:52,113 - experiment_ablation_no_chaotic_embedding - INFO - [SYNC DEBUG] Epoch 52: sync_weight=0.1, desync_weight=0.1, loss_sync=0.499503
2026-02-15 14:01:52,540 - experiment_ablation_no_chaotic_embedding - INFO - Epoch 52: Train Loss: 0.5994, Train Acc: 0.9754, Val Loss: 0.9634, Val Acc: 0.7528
2026-02-15 14:01:52,928 - experiment_ablation_no_chaotic_embedding - INFO - Train Epoch 53: [0/472 (0.0%)]	Loss: 0.748009
2026-02-15 14:01:55,376 - experiment_ablation_no_chaotic_embedding - INFO - [SYNC DEBUG] Epoch 53: sync_weight=0.1, desync_weight=0.1, loss_sync=0.499402
2026-02-15 14:01:55,819 - experiment_ablation_no_chaotic_embedding - INFO - Epoch 53: Train Loss: 0.6218, Train Acc: 0.9598, Val Loss: 0.6303, Val Acc: 0.8652
2026-02-15 14:01:56,217 - experiment_ablation_no_chaotic_embedding - INFO - Train Epoch 54: [0/472 (0.0%)]	Loss: 0.525355
2026-02-15 14:01:58,658 - experiment_ablation_no_chaotic_embedding - INFO - [SYNC DEBUG] Epoch 54: sync_weight=0.1, desync_weight=0.1, loss_sync=0.499339
2026-02-15 14:01:59,118 - experiment_ablation_no_chaotic_embedding - INFO - Epoch 54: Train Loss: 0.5931, Train Acc: 0.9732, Val Loss: 0.3284, Val Acc: 0.8764
2026-02-15 14:01:59,538 - experiment_ablation_no_chaotic_embedding - INFO - Train Epoch 55: [0/472 (0.0%)]	Loss: 0.554323
2026-02-15 14:02:01,969 - experiment_ablation_no_chaotic_embedding - INFO - [SYNC DEBUG] Epoch 55: sync_weight=0.1, desync_weight=0.1, loss_sync=0.499458
2026-02-15 14:02:02,413 - experiment_ablation_no_chaotic_embedding - INFO - Epoch 55: Train Loss: 0.6007, Train Acc: 0.9732, Val Loss: 0.3916, Val Acc: 0.8764
2026-02-15 14:02:02,810 - experiment_ablation_no_chaotic_embedding - INFO - Train Epoch 56: [0/472 (0.0%)]	Loss: 0.545868
2026-02-15 14:02:05,264 - experiment_ablation_no_chaotic_embedding - INFO - [SYNC DEBUG] Epoch 56: sync_weight=0.1, desync_weight=0.1, loss_sync=0.499585
2026-02-15 14:02:05,705 - experiment_ablation_no_chaotic_embedding - INFO - Epoch 56: Train Loss: 0.6231, Train Acc: 0.9643, Val Loss: 0.4174, Val Acc: 0.8764
2026-02-15 14:02:06,115 - experiment_ablation_no_chaotic_embedding - INFO - Train Epoch 57: [0/472 (0.0%)]	Loss: 0.600827
2026-02-15 14:02:06,435 - experiment_ablation_no_chaotic_embedding - DEBUG - [STABILITY] lyap=0.085, max_norm=0.6, min_std=0.157
2026-02-15 14:02:08,561 - experiment_ablation_no_chaotic_embedding - INFO - [SYNC DEBUG] Epoch 57: sync_weight=0.1, desync_weight=0.1, loss_sync=0.499725
2026-02-15 14:02:09,015 - experiment_ablation_no_chaotic_embedding - INFO - Epoch 57: Train Loss: 0.5881, Train Acc: 0.9710, Val Loss: 0.6466, Val Acc: 0.8539
2026-02-15 14:02:09,403 - experiment_ablation_no_chaotic_embedding - INFO - Train Epoch 58: [0/472 (0.0%)]	Loss: 0.658306
2026-02-15 14:02:11,842 - experiment_ablation_no_chaotic_embedding - INFO - [SYNC DEBUG] Epoch 58: sync_weight=0.1, desync_weight=0.1, loss_sync=0.499450
2026-02-15 14:02:12,308 - experiment_ablation_no_chaotic_embedding - INFO - Epoch 58: Train Loss: 0.5862, Train Acc: 0.9777, Val Loss: 0.8034, Val Acc: 0.8539
2026-02-15 14:02:12,705 - experiment_ablation_no_chaotic_embedding - INFO - Train Epoch 59: [0/472 (0.0%)]	Loss: 0.567384
2026-02-15 14:02:15,165 - experiment_ablation_no_chaotic_embedding - INFO - [SYNC DEBUG] Epoch 59: sync_weight=0.1, desync_weight=0.1, loss_sync=0.499564
2026-02-15 14:02:15,607 - experiment_ablation_no_chaotic_embedding - INFO - Epoch 59: Train Loss: 0.5447, Train Acc: 0.9866, Val Loss: 0.4653, Val Acc: 0.8652
2026-02-15 14:02:16,001 - experiment_ablation_no_chaotic_embedding - INFO - Train Epoch 60: [0/472 (0.0%)]	Loss: 0.545898
2026-02-15 14:02:18,470 - experiment_ablation_no_chaotic_embedding - INFO - [SYNC DEBUG] Epoch 60: sync_weight=0.1, desync_weight=0.1, loss_sync=0.499139
2026-02-15 14:02:18,901 - experiment_ablation_no_chaotic_embedding - INFO - Epoch 60: Train Loss: 0.5973, Train Acc: 0.9754, Val Loss: 0.6315, Val Acc: 0.8539
2026-02-15 14:02:19,372 - experiment_ablation_no_chaotic_embedding - INFO - Train Epoch 61: [0/472 (0.0%)]	Loss: 0.538657
2026-02-15 14:02:21,821 - experiment_ablation_no_chaotic_embedding - INFO - [SYNC DEBUG] Epoch 61: sync_weight=0.1, desync_weight=0.1, loss_sync=0.499421
2026-02-15 14:02:22,293 - experiment_ablation_no_chaotic_embedding - INFO - Epoch 61: Train Loss: 0.5777, Train Acc: 0.9799, Val Loss: 0.5737, Val Acc: 0.8539
2026-02-15 14:02:22,685 - experiment_ablation_no_chaotic_embedding - INFO - Train Epoch 62: [0/472 (0.0%)]	Loss: 0.659475
2026-02-15 14:02:25,120 - experiment_ablation_no_chaotic_embedding - INFO - [SYNC DEBUG] Epoch 62: sync_weight=0.1, desync_weight=0.1, loss_sync=0.499641
2026-02-15 14:02:25,582 - experiment_ablation_no_chaotic_embedding - INFO - Epoch 62: Train Loss: 0.5637, Train Acc: 0.9777, Val Loss: 0.6026, Val Acc: 0.8539
2026-02-15 14:02:25,977 - experiment_ablation_no_chaotic_embedding - INFO - Train Epoch 63: [0/472 (0.0%)]	Loss: 0.543504
2026-02-15 14:02:28,422 - experiment_ablation_no_chaotic_embedding - INFO - [SYNC DEBUG] Epoch 63: sync_weight=0.1, desync_weight=0.1, loss_sync=0.499923
2026-02-15 14:02:28,861 - experiment_ablation_no_chaotic_embedding - INFO - Epoch 63: Train Loss: 0.5658, Train Acc: 0.9799, Val Loss: 0.7674, Val Acc: 0.8315
2026-02-15 14:02:29,264 - experiment_ablation_no_chaotic_embedding - INFO - Train Epoch 64: [0/472 (0.0%)]	Loss: 0.562192
2026-02-15 14:02:29,972 - experiment_ablation_no_chaotic_embedding - DEBUG - [STABILITY] lyap=0.096, max_norm=0.6, min_std=0.163
2026-02-15 14:02:31,740 - experiment_ablation_no_chaotic_embedding - INFO - [SYNC DEBUG] Epoch 64: sync_weight=0.1, desync_weight=0.1, loss_sync=0.499633
2026-02-15 14:02:32,182 - experiment_ablation_no_chaotic_embedding - INFO - Epoch 64: Train Loss: 0.6150, Train Acc: 0.9643, Val Loss: 0.6624, Val Acc: 0.8652
2026-02-15 14:02:32,577 - experiment_ablation_no_chaotic_embedding - INFO - Train Epoch 65: [0/472 (0.0%)]	Loss: 0.513247
2026-02-15 14:02:35,002 - experiment_ablation_no_chaotic_embedding - INFO - [SYNC DEBUG] Epoch 65: sync_weight=0.1, desync_weight=0.1, loss_sync=0.499582
2026-02-15 14:02:35,451 - experiment_ablation_no_chaotic_embedding - INFO - Epoch 65: Train Loss: 0.5887, Train Acc: 0.9710, Val Loss: 0.5835, Val Acc: 0.8652
2026-02-15 14:02:35,845 - experiment_ablation_no_chaotic_embedding - INFO - Train Epoch 66: [0/472 (0.0%)]	Loss: 0.515793
2026-02-15 14:02:38,306 - experiment_ablation_no_chaotic_embedding - INFO - [SYNC DEBUG] Epoch 66: sync_weight=0.1, desync_weight=0.1, loss_sync=0.499985
2026-02-15 14:02:38,756 - experiment_ablation_no_chaotic_embedding - INFO - Epoch 66: Train Loss: 0.5685, Train Acc: 0.9754, Val Loss: 0.6628, Val Acc: 0.8315
2026-02-15 14:02:39,147 - experiment_ablation_no_chaotic_embedding - INFO - Train Epoch 67: [0/472 (0.0%)]	Loss: 0.545536
2026-02-15 14:02:41,567 - experiment_ablation_no_chaotic_embedding - INFO - [SYNC DEBUG] Epoch 67: sync_weight=0.1, desync_weight=0.1, loss_sync=0.499232
2026-02-15 14:02:42,008 - experiment_ablation_no_chaotic_embedding - INFO - Epoch 67: Train Loss: 0.5567, Train Acc: 0.9799, Val Loss: 0.4941, Val Acc: 0.8876
2026-02-15 14:02:42,398 - experiment_ablation_no_chaotic_embedding - INFO - Train Epoch 68: [0/472 (0.0%)]	Loss: 0.510795
2026-02-15 14:02:44,819 - experiment_ablation_no_chaotic_embedding - INFO - [SYNC DEBUG] Epoch 68: sync_weight=0.1, desync_weight=0.1, loss_sync=0.499341
2026-02-15 14:02:45,243 - experiment_ablation_no_chaotic_embedding - INFO - Epoch 68: Train Loss: 0.5499, Train Acc: 0.9821, Val Loss: 0.4415, Val Acc: 0.8764
2026-02-15 14:02:45,637 - experiment_ablation_no_chaotic_embedding - INFO - Train Epoch 69: [0/472 (0.0%)]	Loss: 0.556313
2026-02-15 14:02:48,090 - experiment_ablation_no_chaotic_embedding - INFO - [SYNC DEBUG] Epoch 69: sync_weight=0.1, desync_weight=0.1, loss_sync=0.499625
2026-02-15 14:02:48,545 - experiment_ablation_no_chaotic_embedding - INFO - Epoch 69: Train Loss: 0.5883, Train Acc: 0.9621, Val Loss: 0.4474, Val Acc: 0.9101
2026-02-15 14:02:48,934 - experiment_ablation_no_chaotic_embedding - INFO - Train Epoch 70: [0/472 (0.0%)]	Loss: 0.503342
2026-02-15 14:02:51,376 - experiment_ablation_no_chaotic_embedding - INFO - [SYNC DEBUG] Epoch 70: sync_weight=0.1, desync_weight=0.1, loss_sync=0.499467
2026-02-15 14:02:51,820 - experiment_ablation_no_chaotic_embedding - INFO - Epoch 70: Train Loss: 0.5943, Train Acc: 0.9732, Val Loss: 0.7862, Val Acc: 0.8764
2026-02-15 14:02:52,272 - experiment_ablation_no_chaotic_embedding - INFO - Train Epoch 71: [0/472 (0.0%)]	Loss: 0.853053
2026-02-15 14:02:53,327 - experiment_ablation_no_chaotic_embedding - DEBUG - [STABILITY] lyap=0.072, max_norm=0.7, min_std=0.177
2026-02-15 14:02:54,712 - experiment_ablation_no_chaotic_embedding - INFO - [SYNC DEBUG] Epoch 71: sync_weight=0.1, desync_weight=0.1, loss_sync=0.499540
2026-02-15 14:02:55,160 - experiment_ablation_no_chaotic_embedding - INFO - Epoch 71: Train Loss: 0.6284, Train Acc: 0.9710, Val Loss: 0.8187, Val Acc: 0.8090
2026-02-15 14:02:55,554 - experiment_ablation_no_chaotic_embedding - INFO - Train Epoch 72: [0/472 (0.0%)]	Loss: 0.537702
2026-02-15 14:02:57,986 - experiment_ablation_no_chaotic_embedding - INFO - [SYNC DEBUG] Epoch 72: sync_weight=0.1, desync_weight=0.1, loss_sync=0.499229
2026-02-15 14:02:58,443 - experiment_ablation_no_chaotic_embedding - INFO - Epoch 72: Train Loss: 0.5921, Train Acc: 0.9710, Val Loss: 0.3743, Val Acc: 0.9326
2026-02-15 14:02:58,830 - experiment_ablation_no_chaotic_embedding - INFO - Train Epoch 73: [0/472 (0.0%)]	Loss: 0.547225
2026-02-15 14:03:01,269 - experiment_ablation_no_chaotic_embedding - INFO - [SYNC DEBUG] Epoch 73: sync_weight=0.1, desync_weight=0.1, loss_sync=0.499385
2026-02-15 14:03:01,736 - experiment_ablation_no_chaotic_embedding - INFO - Epoch 73: Train Loss: 0.5759, Train Acc: 0.9754, Val Loss: 0.7592, Val Acc: 0.8202
2026-02-15 14:03:02,126 - experiment_ablation_no_chaotic_embedding - INFO - Train Epoch 74: [0/472 (0.0%)]	Loss: 0.562836
2026-02-15 14:03:04,640 - experiment_ablation_no_chaotic_embedding - INFO - [SYNC DEBUG] Epoch 74: sync_weight=0.1, desync_weight=0.1, loss_sync=0.499600
2026-02-15 14:03:05,086 - experiment_ablation_no_chaotic_embedding - INFO - Epoch 74: Train Loss: 0.5932, Train Acc: 0.9598, Val Loss: 0.3758, Val Acc: 0.8876
2026-02-15 14:03:05,473 - experiment_ablation_no_chaotic_embedding - INFO - Train Epoch 75: [0/472 (0.0%)]	Loss: 0.521523
2026-02-15 14:03:07,940 - experiment_ablation_no_chaotic_embedding - INFO - [SYNC DEBUG] Epoch 75: sync_weight=0.1, desync_weight=0.1, loss_sync=0.499394
2026-02-15 14:03:08,405 - experiment_ablation_no_chaotic_embedding - INFO - Epoch 75: Train Loss: 0.5468, Train Acc: 0.9888, Val Loss: 0.4430, Val Acc: 0.8989
2026-02-15 14:03:08,811 - experiment_ablation_no_chaotic_embedding - INFO - Train Epoch 76: [0/472 (0.0%)]	Loss: 0.535319
2026-02-15 14:03:11,251 - experiment_ablation_no_chaotic_embedding - INFO - [SYNC DEBUG] Epoch 76: sync_weight=0.1, desync_weight=0.1, loss_sync=0.499124
2026-02-15 14:03:11,679 - experiment_ablation_no_chaotic_embedding - INFO - Epoch 76: Train Loss: 0.5708, Train Acc: 0.9710, Val Loss: 0.9118, Val Acc: 0.8202
2026-02-15 14:03:12,095 - experiment_ablation_no_chaotic_embedding - INFO - Train Epoch 77: [0/472 (0.0%)]	Loss: 0.565006
2026-02-15 14:03:14,534 - experiment_ablation_no_chaotic_embedding - INFO - [SYNC DEBUG] Epoch 77: sync_weight=0.1, desync_weight=0.1, loss_sync=0.499257
2026-02-15 14:03:14,977 - experiment_ablation_no_chaotic_embedding - INFO - Epoch 77: Train Loss: 0.5600, Train Acc: 0.9844, Val Loss: 0.4692, Val Acc: 0.8876
2026-02-15 14:03:15,366 - experiment_ablation_no_chaotic_embedding - INFO - Train Epoch 78: [0/472 (0.0%)]	Loss: 0.505797
2026-02-15 14:03:16,772 - experiment_ablation_no_chaotic_embedding - DEBUG - [STABILITY] lyap=0.106, max_norm=0.7, min_std=0.192
2026-02-15 14:03:17,779 - experiment_ablation_no_chaotic_embedding - INFO - [SYNC DEBUG] Epoch 78: sync_weight=0.1, desync_weight=0.1, loss_sync=0.499674
2026-02-15 14:03:18,200 - experiment_ablation_no_chaotic_embedding - INFO - Epoch 78: Train Loss: 0.5665, Train Acc: 0.9821, Val Loss: 0.4467, Val Acc: 0.8539
2026-02-15 14:03:18,609 - experiment_ablation_no_chaotic_embedding - INFO - Train Epoch 79: [0/472 (0.0%)]	Loss: 0.508223
2026-02-15 14:03:21,245 - experiment_ablation_no_chaotic_embedding - INFO - [SYNC DEBUG] Epoch 79: sync_weight=0.1, desync_weight=0.1, loss_sync=0.499709
2026-02-15 14:03:21,765 - experiment_ablation_no_chaotic_embedding - INFO - Epoch 79: Train Loss: 0.5401, Train Acc: 0.9866, Val Loss: 0.6723, Val Acc: 0.8876
2026-02-15 14:03:22,300 - experiment_ablation_no_chaotic_embedding - INFO - Train Epoch 80: [0/472 (0.0%)]	Loss: 0.510974
2026-02-15 14:03:24,974 - experiment_ablation_no_chaotic_embedding - INFO - [SYNC DEBUG] Epoch 80: sync_weight=0.1, desync_weight=0.1, loss_sync=0.499589
2026-02-15 14:03:25,427 - experiment_ablation_no_chaotic_embedding - INFO - Epoch 80: Train Loss: 0.5523, Train Acc: 0.9754, Val Loss: 0.1810, Val Acc: 0.9438
2026-02-15 14:03:25,488 - experiment_ablation_no_chaotic_embedding - INFO - Saved new best model at epoch 80
2026-02-15 14:03:25,975 - experiment_ablation_no_chaotic_embedding - INFO - Train Epoch 81: [0/472 (0.0%)]	Loss: 0.605005
2026-02-15 14:03:28,443 - experiment_ablation_no_chaotic_embedding - INFO - [SYNC DEBUG] Epoch 81: sync_weight=0.1, desync_weight=0.1, loss_sync=0.499251
2026-02-15 14:03:28,914 - experiment_ablation_no_chaotic_embedding - INFO - Epoch 81: Train Loss: 0.5460, Train Acc: 0.9866, Val Loss: 0.1994, Val Acc: 0.9438
2026-02-15 14:03:29,342 - experiment_ablation_no_chaotic_embedding - INFO - Train Epoch 82: [0/472 (0.0%)]	Loss: 0.633808
2026-02-15 14:03:31,763 - experiment_ablation_no_chaotic_embedding - INFO - [SYNC DEBUG] Epoch 82: sync_weight=0.1, desync_weight=0.1, loss_sync=0.499586
2026-02-15 14:03:32,201 - experiment_ablation_no_chaotic_embedding - INFO - Epoch 82: Train Loss: 0.5816, Train Acc: 0.9754, Val Loss: 0.7719, Val Acc: 0.8315
2026-02-15 14:03:32,597 - experiment_ablation_no_chaotic_embedding - INFO - Train Epoch 83: [0/472 (0.0%)]	Loss: 0.509820
2026-02-15 14:03:35,031 - experiment_ablation_no_chaotic_embedding - INFO - [SYNC DEBUG] Epoch 83: sync_weight=0.1, desync_weight=0.1, loss_sync=0.499436
2026-02-15 14:03:35,478 - experiment_ablation_no_chaotic_embedding - INFO - Epoch 83: Train Loss: 0.6068, Train Acc: 0.9688, Val Loss: 0.5903, Val Acc: 0.9101
2026-02-15 14:03:35,874 - experiment_ablation_no_chaotic_embedding - INFO - Train Epoch 84: [0/472 (0.0%)]	Loss: 0.508058
2026-02-15 14:03:38,327 - experiment_ablation_no_chaotic_embedding - INFO - [SYNC DEBUG] Epoch 84: sync_weight=0.1, desync_weight=0.1, loss_sync=0.499211
2026-02-15 14:03:38,770 - experiment_ablation_no_chaotic_embedding - INFO - Epoch 84: Train Loss: 0.5586, Train Acc: 0.9844, Val Loss: 0.2868, Val Acc: 0.8989
2026-02-15 14:03:39,190 - experiment_ablation_no_chaotic_embedding - INFO - Train Epoch 85: [0/472 (0.0%)]	Loss: 0.601982
2026-02-15 14:03:40,965 - experiment_ablation_no_chaotic_embedding - DEBUG - [STABILITY] lyap=0.076, max_norm=0.7, min_std=0.196
2026-02-15 14:03:41,621 - experiment_ablation_no_chaotic_embedding - INFO - [SYNC DEBUG] Epoch 85: sync_weight=0.1, desync_weight=0.1, loss_sync=0.499421
2026-02-15 14:03:42,073 - experiment_ablation_no_chaotic_embedding - INFO - Epoch 85: Train Loss: 0.6025, Train Acc: 0.9621, Val Loss: 0.7594, Val Acc: 0.8764
2026-02-15 14:03:42,464 - experiment_ablation_no_chaotic_embedding - INFO - Train Epoch 86: [0/472 (0.0%)]	Loss: 0.510554
2026-02-15 14:03:44,958 - experiment_ablation_no_chaotic_embedding - INFO - [SYNC DEBUG] Epoch 86: sync_weight=0.1, desync_weight=0.1, loss_sync=0.499630
2026-02-15 14:03:45,399 - experiment_ablation_no_chaotic_embedding - INFO - Epoch 86: Train Loss: 0.5473, Train Acc: 0.9844, Val Loss: 0.5247, Val Acc: 0.8539
2026-02-15 14:03:45,780 - experiment_ablation_no_chaotic_embedding - INFO - Train Epoch 87: [0/472 (0.0%)]	Loss: 0.507717
2026-02-15 14:03:48,194 - experiment_ablation_no_chaotic_embedding - INFO - [SYNC DEBUG] Epoch 87: sync_weight=0.1, desync_weight=0.1, loss_sync=0.499770
2026-02-15 14:03:48,638 - experiment_ablation_no_chaotic_embedding - INFO - Epoch 87: Train Loss: 0.5644, Train Acc: 0.9799, Val Loss: 0.7926, Val Acc: 0.8652
2026-02-15 14:03:49,034 - experiment_ablation_no_chaotic_embedding - INFO - Train Epoch 88: [0/472 (0.0%)]	Loss: 0.506327
2026-02-15 14:03:51,469 - experiment_ablation_no_chaotic_embedding - INFO - [SYNC DEBUG] Epoch 88: sync_weight=0.1, desync_weight=0.1, loss_sync=0.499313
2026-02-15 14:03:51,904 - experiment_ablation_no_chaotic_embedding - INFO - Epoch 88: Train Loss: 0.5293, Train Acc: 0.9955, Val Loss: 0.2869, Val Acc: 0.9101
2026-02-15 14:03:52,352 - experiment_ablation_no_chaotic_embedding - INFO - Train Epoch 89: [0/472 (0.0%)]	Loss: 0.561814
2026-02-15 14:03:54,784 - experiment_ablation_no_chaotic_embedding - INFO - [SYNC DEBUG] Epoch 89: sync_weight=0.1, desync_weight=0.1, loss_sync=0.499178
2026-02-15 14:03:55,224 - experiment_ablation_no_chaotic_embedding - INFO - Epoch 89: Train Loss: 0.5410, Train Acc: 0.9844, Val Loss: 0.7229, Val Acc: 0.8652
2026-02-15 14:03:55,646 - experiment_ablation_no_chaotic_embedding - INFO - Train Epoch 90: [0/472 (0.0%)]	Loss: 0.710941
2026-02-15 14:03:58,075 - experiment_ablation_no_chaotic_embedding - INFO - [SYNC DEBUG] Epoch 90: sync_weight=0.1, desync_weight=0.1, loss_sync=0.499371
2026-02-15 14:03:58,496 - experiment_ablation_no_chaotic_embedding - INFO - Epoch 90: Train Loss: 0.5779, Train Acc: 0.9866, Val Loss: 0.3321, Val Acc: 0.8764
2026-02-15 14:03:58,941 - experiment_ablation_no_chaotic_embedding - INFO - Train Epoch 91: [0/472 (0.0%)]	Loss: 0.679058
2026-02-15 14:04:01,387 - experiment_ablation_no_chaotic_embedding - INFO - [SYNC DEBUG] Epoch 91: sync_weight=0.1, desync_weight=0.1, loss_sync=0.499438
2026-02-15 14:04:01,824 - experiment_ablation_no_chaotic_embedding - INFO - Epoch 91: Train Loss: 0.5579, Train Acc: 0.9844, Val Loss: 0.3579, Val Acc: 0.8876
2026-02-15 14:04:02,237 - experiment_ablation_no_chaotic_embedding - INFO - Train Epoch 92: [0/472 (0.0%)]	Loss: 0.504587
2026-02-15 14:04:04,375 - experiment_ablation_no_chaotic_embedding - DEBUG - [STABILITY] lyap=0.077, max_norm=0.7, min_std=0.192
2026-02-15 14:04:04,675 - experiment_ablation_no_chaotic_embedding - INFO - [SYNC DEBUG] Epoch 92: sync_weight=0.1, desync_weight=0.1, loss_sync=0.499033
2026-02-15 14:04:05,111 - experiment_ablation_no_chaotic_embedding - INFO - Epoch 92: Train Loss: 0.5337, Train Acc: 0.9888, Val Loss: 0.2789, Val Acc: 0.9101
2026-02-15 14:04:05,515 - experiment_ablation_no_chaotic_embedding - INFO - Train Epoch 93: [0/472 (0.0%)]	Loss: 0.527382
2026-02-15 14:04:07,968 - experiment_ablation_no_chaotic_embedding - INFO - [SYNC DEBUG] Epoch 93: sync_weight=0.1, desync_weight=0.1, loss_sync=0.499426
2026-02-15 14:04:08,417 - experiment_ablation_no_chaotic_embedding - INFO - Epoch 93: Train Loss: 0.5451, Train Acc: 0.9888, Val Loss: 0.4435, Val Acc: 0.8652
2026-02-15 14:04:08,832 - experiment_ablation_no_chaotic_embedding - INFO - Train Epoch 94: [0/472 (0.0%)]	Loss: 0.604085
2026-02-15 14:04:11,270 - experiment_ablation_no_chaotic_embedding - INFO - [SYNC DEBUG] Epoch 94: sync_weight=0.1, desync_weight=0.1, loss_sync=0.499175
2026-02-15 14:04:11,710 - experiment_ablation_no_chaotic_embedding - INFO - Epoch 94: Train Loss: 0.5645, Train Acc: 0.9777, Val Loss: 0.5226, Val Acc: 0.8989
2026-02-15 14:04:12,107 - experiment_ablation_no_chaotic_embedding - INFO - Train Epoch 95: [0/472 (0.0%)]	Loss: 0.513086
2026-02-15 14:04:14,523 - experiment_ablation_no_chaotic_embedding - INFO - [SYNC DEBUG] Epoch 95: sync_weight=0.1, desync_weight=0.1, loss_sync=0.499602
2026-02-15 14:04:15,001 - experiment_ablation_no_chaotic_embedding - INFO - Epoch 95: Train Loss: 0.5393, Train Acc: 0.9911, Val Loss: 0.7865, Val Acc: 0.8427
2026-02-15 14:04:15,395 - experiment_ablation_no_chaotic_embedding - INFO - Train Epoch 96: [0/472 (0.0%)]	Loss: 0.505440
2026-02-15 14:04:17,826 - experiment_ablation_no_chaotic_embedding - INFO - [SYNC DEBUG] Epoch 96: sync_weight=0.1, desync_weight=0.1, loss_sync=0.499151
2026-02-15 14:04:18,266 - experiment_ablation_no_chaotic_embedding - INFO - Epoch 96: Train Loss: 0.5418, Train Acc: 0.9821, Val Loss: 0.4849, Val Acc: 0.9213
2026-02-15 14:04:18,646 - experiment_ablation_no_chaotic_embedding - INFO - Train Epoch 97: [0/472 (0.0%)]	Loss: 0.539290
2026-02-15 14:04:21,081 - experiment_ablation_no_chaotic_embedding - INFO - [SYNC DEBUG] Epoch 97: sync_weight=0.1, desync_weight=0.1, loss_sync=0.499081
2026-02-15 14:04:21,527 - experiment_ablation_no_chaotic_embedding - INFO - Epoch 97: Train Loss: 0.5579, Train Acc: 0.9777, Val Loss: 0.6332, Val Acc: 0.8202
2026-02-15 14:04:21,914 - experiment_ablation_no_chaotic_embedding - INFO - Train Epoch 98: [0/472 (0.0%)]	Loss: 0.528675
2026-02-15 14:04:24,353 - experiment_ablation_no_chaotic_embedding - INFO - [SYNC DEBUG] Epoch 98: sync_weight=0.1, desync_weight=0.1, loss_sync=0.499209
2026-02-15 14:04:24,801 - experiment_ablation_no_chaotic_embedding - INFO - Epoch 98: Train Loss: 0.5859, Train Acc: 0.9754, Val Loss: 1.5031, Val Acc: 0.7416
2026-02-15 14:04:25,206 - experiment_ablation_no_chaotic_embedding - INFO - Train Epoch 99: [0/472 (0.0%)]	Loss: 0.569678
2026-02-15 14:04:27,633 - experiment_ablation_no_chaotic_embedding - INFO - [SYNC DEBUG] Epoch 99: sync_weight=0.1, desync_weight=0.1, loss_sync=0.499440
2026-02-15 14:04:28,072 - experiment_ablation_no_chaotic_embedding - INFO - Epoch 99: Train Loss: 0.6109, Train Acc: 0.9688, Val Loss: 0.9675, Val Acc: 0.8652
2026-02-15 14:04:28,084 - experiment_ablation_no_chaotic_embedding - INFO - Running final test evaluation...
2026-02-15 14:04:28,588 - experiment_ablation_no_chaotic_embedding - INFO - Test Results:
2026-02-15 14:04:28,588 - experiment_ablation_no_chaotic_embedding - INFO -   loss: 1.6270
2026-02-15 14:04:28,588 - experiment_ablation_no_chaotic_embedding - INFO -   accuracy: 0.8051
2026-02-15 14:04:28,590 - experiment_ablation_no_chaotic_embedding - INFO - Training completed
2026-02-20 03:55:31,434 - experiment_ablation_no_chaotic_embedding - INFO - Initialized experiment: ablation_no_chaotic_embedding
2026-02-20 03:55:31,448 - experiment_ablation_no_chaotic_embedding - INFO - Device: cuda
2026-02-20 03:55:31,448 - experiment_ablation_no_chaotic_embedding - INFO - Output directory: /scratch/project_2003370/yueyao/Model/experiments/configs/Ablation_study/no_chaotic_embedding/ablation_no_chaotic_embedding
2026-02-20 03:55:31,449 - experiment_ablation_no_chaotic_embedding - INFO - [SYNC LOSS] Enabled with mode: standard
2026-02-20 03:55:31,449 - experiment_ablation_no_chaotic_embedding - INFO - [SYNC LOSS] Warmup epochs: 20
2026-02-20 03:55:31,449 - experiment_ablation_no_chaotic_embedding - INFO - Initialized chaotic network experiment with lorenz system
2026-02-20 03:55:31,449 - experiment_ablation_no_chaotic_embedding - INFO - Setting up experiment components...
2026-02-20 03:55:31,449 - experiment_ablation_no_chaotic_embedding - INFO - Creating dataloaders...
2026-02-20 03:55:31,849 - experiment_ablation_no_chaotic_embedding - INFO - Detected 26 speakers in dataset
2026-02-20 03:55:31,850 - experiment_ablation_no_chaotic_embedding - INFO - Dataloaders created:
2026-02-20 03:55:31,850 - experiment_ablation_no_chaotic_embedding - INFO -   Train: 14 batches
2026-02-20 03:55:31,850 - experiment_ablation_no_chaotic_embedding - INFO -   Val: 3 batches
2026-02-20 03:55:31,850 - experiment_ablation_no_chaotic_embedding - INFO -   Test: 4 batches
2026-02-20 03:55:31,850 - experiment_ablation_no_chaotic_embedding - INFO - Creating model...
2026-02-20 03:55:31,850 - experiment_ablation_no_chaotic_embedding - INFO - Using actual num_speakers from dataset: 26
2026-02-20 03:56:37,625 - experiment_ablation_no_chaotic_embedding - INFO - Total parameters: 565,119
2026-02-20 03:56:37,625 - experiment_ablation_no_chaotic_embedding - INFO - Trainable parameters: 565,119
2026-02-20 03:56:37,625 - experiment_ablation_no_chaotic_embedding - INFO - Creating optimizer...
2026-02-20 03:56:37,625 - experiment_ablation_no_chaotic_embedding - INFO - Optimizer: AdamW
2026-02-20 03:56:37,625 - experiment_ablation_no_chaotic_embedding - INFO - Creating scheduler...
2026-02-20 03:56:37,625 - experiment_ablation_no_chaotic_embedding - INFO - Creating criterion...
2026-02-20 03:56:37,626 - experiment_ablation_no_chaotic_embedding - INFO - Criterion: CrossEntropyLoss
2026-02-20 03:56:37,702 - experiment_ablation_no_chaotic_embedding - INFO - Configuration saved to: /scratch/project_2003370/yueyao/Model/experiments/configs/Ablation_study/no_chaotic_embedding/ablation_no_chaotic_embedding/config.json
2026-02-20 03:56:37,702 - experiment_ablation_no_chaotic_embedding - INFO - Experiment setup completed
2026-02-20 03:56:37,704 - experiment_ablation_no_chaotic_embedding - INFO - Starting training for 100 epochs
2026-02-20 03:56:37,887 - experiment_ablation_no_chaotic_embedding - INFO - 
================================================================================
2026-02-20 03:56:37,888 - experiment_ablation_no_chaotic_embedding - INFO - COMPREHENSIVE DEBUG - FIRST BATCH
2026-02-20 03:56:37,888 - experiment_ablation_no_chaotic_embedding - INFO - ================================================================================
2026-02-20 03:56:37,888 - experiment_ablation_no_chaotic_embedding - INFO - Batch Info:
2026-02-20 03:56:37,888 - experiment_ablation_no_chaotic_embedding - INFO -   Audio shape: torch.Size([32, 48000])
2026-02-20 03:56:37,888 - experiment_ablation_no_chaotic_embedding - INFO -   Targets shape: torch.Size([32])
2026-02-20 03:56:37,889 - experiment_ablation_no_chaotic_embedding - INFO -   Targets (first 8): tensor([17, 11,  8, 15, 14,  3, 24, 12], device='cuda:0')
2026-02-20 03:56:38,000 - experiment_ablation_no_chaotic_embedding - INFO - ================================================================================

2026-02-20 03:56:38,135 - experiment_ablation_no_chaotic_embedding - INFO - [STABILITY] Initialized LyapunovStabilityLoss
2026-02-20 03:56:38,137 - experiment_ablation_no_chaotic_embedding - DEBUG - [STABILITY] lyap=-0.015, max_norm=0.2, min_std=0.062
2026-02-20 03:56:38,193 - experiment_ablation_no_chaotic_embedding - INFO - Train Epoch 0: [0/472 (0.0%)]	Loss: 5.975934
2026-02-20 03:56:40,625 - experiment_ablation_no_chaotic_embedding - INFO - [SYNC DEBUG] Epoch 0: sync_weight=0.01, desync_weight=0.01, loss_sync=0.000000
2026-02-20 03:56:41,064 - experiment_ablation_no_chaotic_embedding - INFO - Epoch 0: Train Loss: 4.7841, Train Acc: 0.0603, Val Loss: 4.8993, Val Acc: 0.0562
2026-02-20 03:56:41,121 - experiment_ablation_no_chaotic_embedding - INFO - Saved new best model at epoch 0
2026-02-20 03:56:41,614 - experiment_ablation_no_chaotic_embedding - INFO - Train Epoch 1: [0/472 (0.0%)]	Loss: 4.063872
2026-02-20 03:56:44,046 - experiment_ablation_no_chaotic_embedding - INFO - [SYNC DEBUG] Epoch 1: sync_weight=0.01, desync_weight=0.01, loss_sync=0.000000
2026-02-20 03:56:44,484 - experiment_ablation_no_chaotic_embedding - INFO - Epoch 1: Train Loss: 3.5235, Train Acc: 0.1853, Val Loss: 4.0943, Val Acc: 0.0562
2026-02-20 03:56:44,908 - experiment_ablation_no_chaotic_embedding - INFO - Train Epoch 2: [0/472 (0.0%)]	Loss: 2.125146
2026-02-20 03:56:47,363 - experiment_ablation_no_chaotic_embedding - INFO - [SYNC DEBUG] Epoch 2: sync_weight=0.01, desync_weight=0.01, loss_sync=0.000000
2026-02-20 03:56:47,801 - experiment_ablation_no_chaotic_embedding - INFO - Epoch 2: Train Loss: 2.6586, Train Acc: 0.3036, Val Loss: 2.4866, Val Acc: 0.3596
2026-02-20 03:56:47,866 - experiment_ablation_no_chaotic_embedding - INFO - Saved new best model at epoch 2
2026-02-20 03:56:48,311 - experiment_ablation_no_chaotic_embedding - INFO - Train Epoch 3: [0/472 (0.0%)]	Loss: 2.890358
2026-02-20 03:56:50,749 - experiment_ablation_no_chaotic_embedding - INFO - [SYNC DEBUG] Epoch 3: sync_weight=0.01, desync_weight=0.01, loss_sync=0.000000
2026-02-20 03:56:51,188 - experiment_ablation_no_chaotic_embedding - INFO - Epoch 3: Train Loss: 2.2454, Train Acc: 0.3795, Val Loss: 2.0108, Val Acc: 0.4494
2026-02-20 03:56:51,246 - experiment_ablation_no_chaotic_embedding - INFO - Saved new best model at epoch 3
2026-02-20 03:56:51,694 - experiment_ablation_no_chaotic_embedding - INFO - Train Epoch 4: [0/472 (0.0%)]	Loss: 1.761382
2026-02-20 03:56:54,174 - experiment_ablation_no_chaotic_embedding - INFO - [SYNC DEBUG] Epoch 4: sync_weight=0.01, desync_weight=0.01, loss_sync=0.000000
2026-02-20 03:56:54,631 - experiment_ablation_no_chaotic_embedding - INFO - Epoch 4: Train Loss: 1.8715, Train Acc: 0.4353, Val Loss: 1.8494, Val Acc: 0.4719
2026-02-20 03:56:54,692 - experiment_ablation_no_chaotic_embedding - INFO - Saved new best model at epoch 4
2026-02-20 03:56:55,131 - experiment_ablation_no_chaotic_embedding - INFO - Train Epoch 5: [0/472 (0.0%)]	Loss: 1.583550
2026-02-20 03:56:57,600 - experiment_ablation_no_chaotic_embedding - INFO - [SYNC DEBUG] Epoch 5: sync_weight=0.01, desync_weight=0.01, loss_sync=0.000000
2026-02-20 03:56:58,057 - experiment_ablation_no_chaotic_embedding - INFO - Epoch 5: Train Loss: 1.5943, Train Acc: 0.5536, Val Loss: 1.0870, Val Acc: 0.6292
2026-02-20 03:56:58,120 - experiment_ablation_no_chaotic_embedding - INFO - Saved new best model at epoch 5
2026-02-20 03:56:58,562 - experiment_ablation_no_chaotic_embedding - INFO - Train Epoch 6: [0/472 (0.0%)]	Loss: 1.480948
2026-02-20 03:57:00,989 - experiment_ablation_no_chaotic_embedding - INFO - [SYNC DEBUG] Epoch 6: sync_weight=0.01, desync_weight=0.01, loss_sync=0.000000
2026-02-20 03:57:01,428 - experiment_ablation_no_chaotic_embedding - INFO - Epoch 6: Train Loss: 1.2750, Train Acc: 0.5982, Val Loss: 1.0612, Val Acc: 0.6854
2026-02-20 03:57:01,493 - experiment_ablation_no_chaotic_embedding - INFO - Saved new best model at epoch 6
2026-02-20 03:57:01,945 - experiment_ablation_no_chaotic_embedding - INFO - Train Epoch 7: [0/472 (0.0%)]	Loss: 0.884243
2026-02-20 03:57:02,270 - experiment_ablation_no_chaotic_embedding - DEBUG - [STABILITY] lyap=-0.001, max_norm=0.3, min_std=0.082
2026-02-20 03:57:04,367 - experiment_ablation_no_chaotic_embedding - INFO - [SYNC DEBUG] Epoch 7: sync_weight=0.01, desync_weight=0.01, loss_sync=0.000000
2026-02-20 03:57:04,820 - experiment_ablation_no_chaotic_embedding - INFO - Epoch 7: Train Loss: 1.1878, Train Acc: 0.6317, Val Loss: 1.2462, Val Acc: 0.6180
2026-02-20 03:57:05,245 - experiment_ablation_no_chaotic_embedding - INFO - Train Epoch 8: [0/472 (0.0%)]	Loss: 1.363756
2026-02-20 03:57:07,726 - experiment_ablation_no_chaotic_embedding - INFO - [SYNC DEBUG] Epoch 8: sync_weight=0.01, desync_weight=0.01, loss_sync=0.000000
2026-02-20 03:57:08,174 - experiment_ablation_no_chaotic_embedding - INFO - Epoch 8: Train Loss: 1.0880, Train Acc: 0.6696, Val Loss: 1.1421, Val Acc: 0.6067
2026-02-20 03:57:08,601 - experiment_ablation_no_chaotic_embedding - INFO - Train Epoch 9: [0/472 (0.0%)]	Loss: 1.261960
2026-02-20 03:57:11,035 - experiment_ablation_no_chaotic_embedding - INFO - [SYNC DEBUG] Epoch 9: sync_weight=0.01, desync_weight=0.01, loss_sync=0.000000
2026-02-20 03:57:11,475 - experiment_ablation_no_chaotic_embedding - INFO - Epoch 9: Train Loss: 1.0566, Train Acc: 0.6674, Val Loss: 0.7625, Val Acc: 0.7978
2026-02-20 03:57:11,536 - experiment_ablation_no_chaotic_embedding - INFO - Saved new best model at epoch 9
2026-02-20 03:57:11,986 - experiment_ablation_no_chaotic_embedding - INFO - Train Epoch 10: [0/472 (0.0%)]	Loss: 0.859085
2026-02-20 03:57:14,453 - experiment_ablation_no_chaotic_embedding - INFO - [SYNC DEBUG] Epoch 10: sync_weight=0.01, desync_weight=0.01, loss_sync=0.000000
2026-02-20 03:57:14,895 - experiment_ablation_no_chaotic_embedding - INFO - Epoch 10: Train Loss: 0.7991, Train Acc: 0.7388, Val Loss: 1.1143, Val Acc: 0.6629
2026-02-20 03:57:14,962 - experiment_ablation_no_chaotic_embedding - INFO - [SYNC LOSS] Dynamic activation triggered at epoch 11
2026-02-20 03:57:14,962 - experiment_ablation_no_chaotic_embedding - INFO - [SYNC LOSS] Train accuracy 73.88% >= threshold 70.00%
2026-02-20 03:57:15,385 - experiment_ablation_no_chaotic_embedding - INFO - Train Epoch 11: [0/472 (0.0%)]	Loss: 0.564937
2026-02-20 03:57:17,822 - experiment_ablation_no_chaotic_embedding - INFO - [SYNC DEBUG] Epoch 11: sync_weight=0.01, desync_weight=0.01, loss_sync=0.049983
2026-02-20 03:57:18,271 - experiment_ablation_no_chaotic_embedding - INFO - Epoch 11: Train Loss: 0.7338, Train Acc: 0.7879, Val Loss: 0.7982, Val Acc: 0.7528
2026-02-20 03:57:18,693 - experiment_ablation_no_chaotic_embedding - INFO - Train Epoch 12: [0/472 (0.0%)]	Loss: 0.664046
2026-02-20 03:57:21,128 - experiment_ablation_no_chaotic_embedding - INFO - [SYNC DEBUG] Epoch 12: sync_weight=0.01, desync_weight=0.01, loss_sync=0.049961
2026-02-20 03:57:21,578 - experiment_ablation_no_chaotic_embedding - INFO - Epoch 12: Train Loss: 0.6607, Train Acc: 0.8170, Val Loss: 1.1736, Val Acc: 0.6404
2026-02-20 03:57:21,998 - experiment_ablation_no_chaotic_embedding - INFO - Train Epoch 13: [0/472 (0.0%)]	Loss: 0.838250
2026-02-20 03:57:24,458 - experiment_ablation_no_chaotic_embedding - INFO - [SYNC DEBUG] Epoch 13: sync_weight=0.01, desync_weight=0.01, loss_sync=0.049960
2026-02-20 03:57:24,913 - experiment_ablation_no_chaotic_embedding - INFO - Epoch 13: Train Loss: 0.6303, Train Acc: 0.8237, Val Loss: 0.6816, Val Acc: 0.7640
2026-02-20 03:57:25,337 - experiment_ablation_no_chaotic_embedding - INFO - Train Epoch 14: [0/472 (0.0%)]	Loss: 0.634019
2026-02-20 03:57:26,038 - experiment_ablation_no_chaotic_embedding - DEBUG - [STABILITY] lyap=0.003, max_norm=0.3, min_std=0.095
2026-02-20 03:57:27,778 - experiment_ablation_no_chaotic_embedding - INFO - [SYNC DEBUG] Epoch 14: sync_weight=0.01, desync_weight=0.01, loss_sync=0.049959
2026-02-20 03:57:28,225 - experiment_ablation_no_chaotic_embedding - INFO - Epoch 14: Train Loss: 0.5392, Train Acc: 0.8438, Val Loss: 1.1262, Val Acc: 0.6517
2026-02-20 03:57:28,663 - experiment_ablation_no_chaotic_embedding - INFO - Train Epoch 15: [0/472 (0.0%)]	Loss: 0.912788
2026-02-20 03:57:31,135 - experiment_ablation_no_chaotic_embedding - INFO - [SYNC DEBUG] Epoch 15: sync_weight=0.01, desync_weight=0.01, loss_sync=0.049969
2026-02-20 03:57:31,586 - experiment_ablation_no_chaotic_embedding - INFO - Epoch 15: Train Loss: 0.6257, Train Acc: 0.8326, Val Loss: 0.6295, Val Acc: 0.8090
2026-02-20 03:57:31,648 - experiment_ablation_no_chaotic_embedding - INFO - Saved new best model at epoch 15
2026-02-20 03:57:32,097 - experiment_ablation_no_chaotic_embedding - INFO - Train Epoch 16: [0/472 (0.0%)]	Loss: 0.477860
2026-02-20 03:57:34,527 - experiment_ablation_no_chaotic_embedding - INFO - [SYNC DEBUG] Epoch 16: sync_weight=0.01, desync_weight=0.01, loss_sync=0.049983
2026-02-20 03:57:34,972 - experiment_ablation_no_chaotic_embedding - INFO - Epoch 16: Train Loss: 0.4646, Train Acc: 0.8839, Val Loss: 0.6442, Val Acc: 0.7753
2026-02-20 03:57:35,397 - experiment_ablation_no_chaotic_embedding - INFO - Train Epoch 17: [0/472 (0.0%)]	Loss: 0.629849
2026-02-20 03:57:37,814 - experiment_ablation_no_chaotic_embedding - INFO - [SYNC DEBUG] Epoch 17: sync_weight=0.01, desync_weight=0.01, loss_sync=0.049973
2026-02-20 03:57:38,251 - experiment_ablation_no_chaotic_embedding - INFO - Epoch 17: Train Loss: 0.4891, Train Acc: 0.8705, Val Loss: 0.7500, Val Acc: 0.7303
2026-02-20 03:57:38,668 - experiment_ablation_no_chaotic_embedding - INFO - Train Epoch 18: [0/472 (0.0%)]	Loss: 0.514142
2026-02-20 03:57:41,093 - experiment_ablation_no_chaotic_embedding - INFO - [SYNC DEBUG] Epoch 18: sync_weight=0.01, desync_weight=0.01, loss_sync=0.049973
2026-02-20 03:57:41,538 - experiment_ablation_no_chaotic_embedding - INFO - Epoch 18: Train Loss: 0.5015, Train Acc: 0.8750, Val Loss: 0.7948, Val Acc: 0.7640
2026-02-20 03:57:41,965 - experiment_ablation_no_chaotic_embedding - INFO - Train Epoch 19: [0/472 (0.0%)]	Loss: 0.392028
2026-02-20 03:57:44,412 - experiment_ablation_no_chaotic_embedding - INFO - [SYNC DEBUG] Epoch 19: sync_weight=0.01, desync_weight=0.01, loss_sync=0.049950
2026-02-20 03:57:44,857 - experiment_ablation_no_chaotic_embedding - INFO - Epoch 19: Train Loss: 0.4717, Train Acc: 0.8772, Val Loss: 0.5518, Val Acc: 0.7865
2026-02-20 03:57:45,289 - experiment_ablation_no_chaotic_embedding - INFO - Train Epoch 20: [0/472 (0.0%)]	Loss: 0.237499
2026-02-20 03:57:47,790 - experiment_ablation_no_chaotic_embedding - INFO - [SYNC DEBUG] Epoch 20: sync_weight=0.01, desync_weight=0.01, loss_sync=0.049956
2026-02-20 03:57:48,247 - experiment_ablation_no_chaotic_embedding - INFO - Epoch 20: Train Loss: 0.4837, Train Acc: 0.8750, Val Loss: 0.7153, Val Acc: 0.7978
2026-02-20 03:57:48,733 - experiment_ablation_no_chaotic_embedding - INFO - Train Epoch 21: [0/472 (0.0%)]	Loss: 0.326056
2026-02-20 03:57:49,799 - experiment_ablation_no_chaotic_embedding - DEBUG - [STABILITY] lyap=0.027, max_norm=0.4, min_std=0.110
2026-02-20 03:57:51,187 - experiment_ablation_no_chaotic_embedding - INFO - [SYNC DEBUG] Epoch 21: sync_weight=0.01, desync_weight=0.01, loss_sync=0.049958
2026-02-20 03:57:51,640 - experiment_ablation_no_chaotic_embedding - INFO - Epoch 21: Train Loss: 0.4185, Train Acc: 0.8973, Val Loss: 0.9082, Val Acc: 0.7416
2026-02-20 03:57:52,060 - experiment_ablation_no_chaotic_embedding - INFO - Train Epoch 22: [0/472 (0.0%)]	Loss: 0.269376
2026-02-20 03:57:54,569 - experiment_ablation_no_chaotic_embedding - INFO - [SYNC DEBUG] Epoch 22: sync_weight=0.01, desync_weight=0.01, loss_sync=0.049971
2026-02-20 03:57:55,033 - experiment_ablation_no_chaotic_embedding - INFO - Epoch 22: Train Loss: 0.3675, Train Acc: 0.8929, Val Loss: 2.3776, Val Acc: 0.5056
2026-02-20 03:57:55,453 - experiment_ablation_no_chaotic_embedding - INFO - Train Epoch 23: [0/472 (0.0%)]	Loss: 0.306030
2026-02-20 03:57:57,916 - experiment_ablation_no_chaotic_embedding - INFO - [SYNC DEBUG] Epoch 23: sync_weight=0.01, desync_weight=0.01, loss_sync=0.049960
2026-02-20 03:57:58,371 - experiment_ablation_no_chaotic_embedding - INFO - Epoch 23: Train Loss: 0.3786, Train Acc: 0.9018, Val Loss: 0.3715, Val Acc: 0.8876
2026-02-20 03:57:58,433 - experiment_ablation_no_chaotic_embedding - INFO - Saved new best model at epoch 23
2026-02-20 03:57:58,890 - experiment_ablation_no_chaotic_embedding - INFO - Train Epoch 24: [0/472 (0.0%)]	Loss: 0.507474
2026-02-20 03:58:01,417 - experiment_ablation_no_chaotic_embedding - INFO - [SYNC DEBUG] Epoch 24: sync_weight=0.01, desync_weight=0.01, loss_sync=0.049946
2026-02-20 03:58:01,867 - experiment_ablation_no_chaotic_embedding - INFO - Epoch 24: Train Loss: 0.4004, Train Acc: 0.8795, Val Loss: 0.8637, Val Acc: 0.7416
2026-02-20 03:58:02,291 - experiment_ablation_no_chaotic_embedding - INFO - Train Epoch 25: [0/472 (0.0%)]	Loss: 0.295614
2026-02-20 03:58:04,803 - experiment_ablation_no_chaotic_embedding - INFO - [SYNC DEBUG] Epoch 25: sync_weight=0.01, desync_weight=0.01, loss_sync=0.049959
2026-02-20 03:58:05,269 - experiment_ablation_no_chaotic_embedding - INFO - Epoch 25: Train Loss: 0.3090, Train Acc: 0.9241, Val Loss: 0.5130, Val Acc: 0.8315
2026-02-20 03:58:05,690 - experiment_ablation_no_chaotic_embedding - INFO - Train Epoch 26: [0/472 (0.0%)]	Loss: 0.354223
2026-02-20 03:58:08,167 - experiment_ablation_no_chaotic_embedding - INFO - [SYNC DEBUG] Epoch 26: sync_weight=0.01, desync_weight=0.01, loss_sync=0.049956
2026-02-20 03:58:08,613 - experiment_ablation_no_chaotic_embedding - INFO - Epoch 26: Train Loss: 0.2913, Train Acc: 0.9152, Val Loss: 1.0544, Val Acc: 0.7303
2026-02-20 03:58:09,030 - experiment_ablation_no_chaotic_embedding - INFO - Train Epoch 27: [0/472 (0.0%)]	Loss: 0.294816
2026-02-20 03:58:11,462 - experiment_ablation_no_chaotic_embedding - INFO - [SYNC DEBUG] Epoch 27: sync_weight=0.01, desync_weight=0.01, loss_sync=0.049951
2026-02-20 03:58:11,916 - experiment_ablation_no_chaotic_embedding - INFO - Epoch 27: Train Loss: 0.3419, Train Acc: 0.9018, Val Loss: 0.5734, Val Acc: 0.8652
2026-02-20 03:58:12,340 - experiment_ablation_no_chaotic_embedding - INFO - Train Epoch 28: [0/472 (0.0%)]	Loss: 0.282947
2026-02-20 03:58:13,797 - experiment_ablation_no_chaotic_embedding - DEBUG - [STABILITY] lyap=0.059, max_norm=0.4, min_std=0.111
2026-02-20 03:58:14,831 - experiment_ablation_no_chaotic_embedding - INFO - [SYNC DEBUG] Epoch 28: sync_weight=0.01, desync_weight=0.01, loss_sync=0.049972
2026-02-20 03:58:15,273 - experiment_ablation_no_chaotic_embedding - INFO - Epoch 28: Train Loss: 0.3482, Train Acc: 0.9129, Val Loss: 0.8851, Val Acc: 0.7753
2026-02-20 03:58:15,698 - experiment_ablation_no_chaotic_embedding - INFO - Train Epoch 29: [0/472 (0.0%)]	Loss: 0.287469
2026-02-20 03:58:18,157 - experiment_ablation_no_chaotic_embedding - INFO - [SYNC DEBUG] Epoch 29: sync_weight=0.01, desync_weight=0.01, loss_sync=0.049948
2026-02-20 03:58:18,601 - experiment_ablation_no_chaotic_embedding - INFO - Epoch 29: Train Loss: 0.2676, Train Acc: 0.9286, Val Loss: 0.9234, Val Acc: 0.7753
2026-02-20 03:58:19,031 - experiment_ablation_no_chaotic_embedding - INFO - Train Epoch 30: [0/472 (0.0%)]	Loss: 0.156649
2026-02-20 03:58:21,531 - experiment_ablation_no_chaotic_embedding - INFO - [SYNC DEBUG] Epoch 30: sync_weight=0.01, desync_weight=0.01, loss_sync=0.049989
2026-02-20 03:58:21,979 - experiment_ablation_no_chaotic_embedding - INFO - Epoch 30: Train Loss: 0.2673, Train Acc: 0.9420, Val Loss: 0.7118, Val Acc: 0.7865
2026-02-20 03:58:22,452 - experiment_ablation_no_chaotic_embedding - INFO - Train Epoch 31: [0/472 (0.0%)]	Loss: 0.451962
2026-02-20 03:58:24,902 - experiment_ablation_no_chaotic_embedding - INFO - [SYNC DEBUG] Epoch 31: sync_weight=0.01, desync_weight=0.01, loss_sync=0.049937
2026-02-20 03:58:25,348 - experiment_ablation_no_chaotic_embedding - INFO - Epoch 31: Train Loss: 0.3024, Train Acc: 0.9196, Val Loss: 0.7430, Val Acc: 0.7978
2026-02-20 03:58:25,785 - experiment_ablation_no_chaotic_embedding - INFO - Train Epoch 32: [0/472 (0.0%)]	Loss: 0.132970
2026-02-20 03:58:28,255 - experiment_ablation_no_chaotic_embedding - INFO - [SYNC DEBUG] Epoch 32: sync_weight=0.01, desync_weight=0.01, loss_sync=0.049958
2026-02-20 03:58:28,697 - experiment_ablation_no_chaotic_embedding - INFO - Epoch 32: Train Loss: 0.2544, Train Acc: 0.9375, Val Loss: 0.5609, Val Acc: 0.8427
2026-02-20 03:58:29,128 - experiment_ablation_no_chaotic_embedding - INFO - Train Epoch 33: [0/472 (0.0%)]	Loss: 0.528699
2026-02-20 03:58:31,562 - experiment_ablation_no_chaotic_embedding - INFO - [SYNC DEBUG] Epoch 33: sync_weight=0.01, desync_weight=0.01, loss_sync=0.049952
2026-02-20 03:58:32,007 - experiment_ablation_no_chaotic_embedding - INFO - Epoch 33: Train Loss: 0.2528, Train Acc: 0.9330, Val Loss: 1.3374, Val Acc: 0.6854
2026-02-20 03:58:32,423 - experiment_ablation_no_chaotic_embedding - INFO - Train Epoch 34: [0/472 (0.0%)]	Loss: 0.286923
2026-02-20 03:58:34,877 - experiment_ablation_no_chaotic_embedding - INFO - [SYNC DEBUG] Epoch 34: sync_weight=0.01, desync_weight=0.01, loss_sync=0.049952
2026-02-20 03:58:35,322 - experiment_ablation_no_chaotic_embedding - INFO - Epoch 34: Train Loss: 0.2122, Train Acc: 0.9509, Val Loss: 0.5739, Val Acc: 0.8539
2026-02-20 03:58:35,755 - experiment_ablation_no_chaotic_embedding - INFO - Train Epoch 35: [0/472 (0.0%)]	Loss: 0.380354
2026-02-20 03:58:37,570 - experiment_ablation_no_chaotic_embedding - DEBUG - [STABILITY] lyap=0.029, max_norm=0.4, min_std=0.112
2026-02-20 03:58:38,231 - experiment_ablation_no_chaotic_embedding - INFO - [SYNC DEBUG] Epoch 35: sync_weight=0.01, desync_weight=0.01, loss_sync=0.049971
2026-02-20 03:58:38,696 - experiment_ablation_no_chaotic_embedding - INFO - Epoch 35: Train Loss: 0.2301, Train Acc: 0.9487, Val Loss: 0.7740, Val Acc: 0.7978
2026-02-20 03:58:39,108 - experiment_ablation_no_chaotic_embedding - INFO - Train Epoch 36: [0/472 (0.0%)]	Loss: 0.316531
2026-02-20 03:58:41,541 - experiment_ablation_no_chaotic_embedding - INFO - [SYNC DEBUG] Epoch 36: sync_weight=0.01, desync_weight=0.01, loss_sync=0.049975
2026-02-20 03:58:42,001 - experiment_ablation_no_chaotic_embedding - INFO - Epoch 36: Train Loss: 0.2264, Train Acc: 0.9487, Val Loss: 0.5490, Val Acc: 0.8427
2026-02-20 03:58:42,416 - experiment_ablation_no_chaotic_embedding - INFO - Train Epoch 37: [0/472 (0.0%)]	Loss: 0.331353
2026-02-20 03:58:44,847 - experiment_ablation_no_chaotic_embedding - INFO - [SYNC DEBUG] Epoch 37: sync_weight=0.01, desync_weight=0.01, loss_sync=0.049954
2026-02-20 03:58:45,293 - experiment_ablation_no_chaotic_embedding - INFO - Epoch 37: Train Loss: 0.2067, Train Acc: 0.9531, Val Loss: 0.7938, Val Acc: 0.7978
2026-02-20 03:58:45,716 - experiment_ablation_no_chaotic_embedding - INFO - Train Epoch 38: [0/472 (0.0%)]	Loss: 0.149895
2026-02-20 03:58:48,167 - experiment_ablation_no_chaotic_embedding - INFO - [SYNC DEBUG] Epoch 38: sync_weight=0.01, desync_weight=0.01, loss_sync=0.049976
2026-02-20 03:58:48,626 - experiment_ablation_no_chaotic_embedding - INFO - Epoch 38: Train Loss: 0.2234, Train Acc: 0.9420, Val Loss: 0.6350, Val Acc: 0.8315
2026-02-20 03:58:49,045 - experiment_ablation_no_chaotic_embedding - INFO - Train Epoch 39: [0/472 (0.0%)]	Loss: 0.119295
2026-02-20 03:58:51,478 - experiment_ablation_no_chaotic_embedding - INFO - [SYNC DEBUG] Epoch 39: sync_weight=0.01, desync_weight=0.01, loss_sync=0.049989
2026-02-20 03:58:51,918 - experiment_ablation_no_chaotic_embedding - INFO - Epoch 39: Train Loss: 0.1815, Train Acc: 0.9732, Val Loss: 0.5659, Val Acc: 0.8202
2026-02-20 03:58:52,348 - experiment_ablation_no_chaotic_embedding - INFO - Train Epoch 40: [0/472 (0.0%)]	Loss: 0.125251
2026-02-20 03:58:54,792 - experiment_ablation_no_chaotic_embedding - INFO - [SYNC DEBUG] Epoch 40: sync_weight=0.01, desync_weight=0.01, loss_sync=0.049939
2026-02-20 03:58:55,232 - experiment_ablation_no_chaotic_embedding - INFO - Epoch 40: Train Loss: 0.2448, Train Acc: 0.9375, Val Loss: 0.5692, Val Acc: 0.8315
2026-02-20 03:58:55,710 - experiment_ablation_no_chaotic_embedding - INFO - Train Epoch 41: [0/472 (0.0%)]	Loss: 0.148005
2026-02-20 03:58:58,133 - experiment_ablation_no_chaotic_embedding - INFO - [SYNC DEBUG] Epoch 41: sync_weight=0.01, desync_weight=0.01, loss_sync=0.049967
2026-02-20 03:58:58,582 - experiment_ablation_no_chaotic_embedding - INFO - Epoch 41: Train Loss: 0.2124, Train Acc: 0.9531, Val Loss: 0.3628, Val Acc: 0.8876
2026-02-20 03:58:59,013 - experiment_ablation_no_chaotic_embedding - INFO - Train Epoch 42: [0/472 (0.0%)]	Loss: 0.268881
2026-02-20 03:59:01,206 - experiment_ablation_no_chaotic_embedding - DEBUG - [STABILITY] lyap=0.073, max_norm=0.4, min_std=0.120
2026-02-20 03:59:01,490 - experiment_ablation_no_chaotic_embedding - INFO - [SYNC DEBUG] Epoch 42: sync_weight=0.01, desync_weight=0.01, loss_sync=0.049972
2026-02-20 03:59:01,947 - experiment_ablation_no_chaotic_embedding - INFO - Epoch 42: Train Loss: 0.2386, Train Acc: 0.9420, Val Loss: 1.3363, Val Acc: 0.7416
2026-02-20 03:59:02,350 - experiment_ablation_no_chaotic_embedding - INFO - Train Epoch 43: [0/472 (0.0%)]	Loss: 0.079533
2026-02-20 03:59:04,842 - experiment_ablation_no_chaotic_embedding - INFO - [SYNC DEBUG] Epoch 43: sync_weight=0.01, desync_weight=0.01, loss_sync=0.049995
2026-02-20 03:59:05,294 - experiment_ablation_no_chaotic_embedding - INFO - Epoch 43: Train Loss: 0.2234, Train Acc: 0.9487, Val Loss: 0.5966, Val Acc: 0.8652
2026-02-20 03:59:05,724 - experiment_ablation_no_chaotic_embedding - INFO - Train Epoch 44: [0/472 (0.0%)]	Loss: 0.115769
2026-02-20 03:59:08,181 - experiment_ablation_no_chaotic_embedding - INFO - [SYNC DEBUG] Epoch 44: sync_weight=0.01, desync_weight=0.01, loss_sync=0.049953
2026-02-20 03:59:08,634 - experiment_ablation_no_chaotic_embedding - INFO - Epoch 44: Train Loss: 0.1488, Train Acc: 0.9643, Val Loss: 0.6039, Val Acc: 0.8764
2026-02-20 03:59:09,054 - experiment_ablation_no_chaotic_embedding - INFO - Train Epoch 45: [0/472 (0.0%)]	Loss: 0.203222
2026-02-20 03:59:11,563 - experiment_ablation_no_chaotic_embedding - INFO - [SYNC DEBUG] Epoch 45: sync_weight=0.01, desync_weight=0.01, loss_sync=0.049959
2026-02-20 03:59:12,017 - experiment_ablation_no_chaotic_embedding - INFO - Epoch 45: Train Loss: 0.2197, Train Acc: 0.9420, Val Loss: 0.7139, Val Acc: 0.8539
2026-02-20 03:59:12,444 - experiment_ablation_no_chaotic_embedding - INFO - Train Epoch 46: [0/472 (0.0%)]	Loss: 0.257112
2026-02-20 03:59:14,924 - experiment_ablation_no_chaotic_embedding - INFO - [SYNC DEBUG] Epoch 46: sync_weight=0.01, desync_weight=0.01, loss_sync=0.049948
2026-02-20 03:59:15,363 - experiment_ablation_no_chaotic_embedding - INFO - Epoch 46: Train Loss: 0.1642, Train Acc: 0.9710, Val Loss: 0.3073, Val Acc: 0.8876
2026-02-20 03:59:15,786 - experiment_ablation_no_chaotic_embedding - INFO - Train Epoch 47: [0/472 (0.0%)]	Loss: 0.082695
2026-02-20 03:59:18,226 - experiment_ablation_no_chaotic_embedding - INFO - [SYNC DEBUG] Epoch 47: sync_weight=0.01, desync_weight=0.01, loss_sync=0.049988
2026-02-20 03:59:18,680 - experiment_ablation_no_chaotic_embedding - INFO - Epoch 47: Train Loss: 0.1876, Train Acc: 0.9487, Val Loss: 0.4808, Val Acc: 0.8427
2026-02-20 03:59:19,099 - experiment_ablation_no_chaotic_embedding - INFO - Train Epoch 48: [0/472 (0.0%)]	Loss: 0.088560
2026-02-20 03:59:21,547 - experiment_ablation_no_chaotic_embedding - INFO - [SYNC DEBUG] Epoch 48: sync_weight=0.01, desync_weight=0.01, loss_sync=0.049968
2026-02-20 03:59:22,002 - experiment_ablation_no_chaotic_embedding - INFO - Epoch 48: Train Loss: 0.1492, Train Acc: 0.9732, Val Loss: 0.6378, Val Acc: 0.8315
2026-02-20 03:59:22,416 - experiment_ablation_no_chaotic_embedding - INFO - Train Epoch 49: [0/472 (0.0%)]	Loss: 0.122424
2026-02-20 03:59:24,914 - experiment_ablation_no_chaotic_embedding - INFO - [SYNC DEBUG] Epoch 49: sync_weight=0.01, desync_weight=0.01, loss_sync=0.049947
2026-02-20 03:59:25,356 - experiment_ablation_no_chaotic_embedding - INFO - Epoch 49: Train Loss: 0.1348, Train Acc: 0.9866, Val Loss: 0.3732, Val Acc: 0.8876
2026-02-20 03:59:25,727 - experiment_ablation_no_chaotic_embedding - DEBUG - [STABILITY] lyap=0.077, max_norm=0.4, min_std=0.124
2026-02-20 03:59:25,778 - experiment_ablation_no_chaotic_embedding - INFO - Train Epoch 50: [0/472 (0.0%)]	Loss: 0.251713
2026-02-20 03:59:28,219 - experiment_ablation_no_chaotic_embedding - INFO - [SYNC DEBUG] Epoch 50: sync_weight=0.01, desync_weight=0.01, loss_sync=0.049957
2026-02-20 03:59:28,669 - experiment_ablation_no_chaotic_embedding - INFO - Epoch 50: Train Loss: 0.1785, Train Acc: 0.9554, Val Loss: 0.3907, Val Acc: 0.8764
2026-02-20 03:59:29,163 - experiment_ablation_no_chaotic_embedding - INFO - Train Epoch 51: [0/472 (0.0%)]	Loss: 0.174478
2026-02-20 03:59:31,665 - experiment_ablation_no_chaotic_embedding - INFO - [SYNC DEBUG] Epoch 51: sync_weight=0.01, desync_weight=0.01, loss_sync=0.049949
2026-02-20 03:59:32,118 - experiment_ablation_no_chaotic_embedding - INFO - Epoch 51: Train Loss: 0.1984, Train Acc: 0.9554, Val Loss: 0.4871, Val Acc: 0.8539
2026-02-20 03:59:32,541 - experiment_ablation_no_chaotic_embedding - INFO - Train Epoch 52: [0/472 (0.0%)]	Loss: 0.191392
2026-02-20 03:59:34,963 - experiment_ablation_no_chaotic_embedding - INFO - [SYNC DEBUG] Epoch 52: sync_weight=0.01, desync_weight=0.01, loss_sync=0.049941
2026-02-20 03:59:35,403 - experiment_ablation_no_chaotic_embedding - INFO - Epoch 52: Train Loss: 0.1296, Train Acc: 0.9754, Val Loss: 0.8878, Val Acc: 0.7753
2026-02-20 03:59:35,814 - experiment_ablation_no_chaotic_embedding - INFO - Train Epoch 53: [0/472 (0.0%)]	Loss: 0.077352
2026-02-20 03:59:38,313 - experiment_ablation_no_chaotic_embedding - INFO - [SYNC DEBUG] Epoch 53: sync_weight=0.01, desync_weight=0.01, loss_sync=0.049958
2026-02-20 03:59:38,758 - experiment_ablation_no_chaotic_embedding - INFO - Epoch 53: Train Loss: 0.1257, Train Acc: 0.9799, Val Loss: 0.6349, Val Acc: 0.8989
2026-02-20 03:59:38,821 - experiment_ablation_no_chaotic_embedding - INFO - Saved new best model at epoch 53
2026-02-20 03:59:39,264 - experiment_ablation_no_chaotic_embedding - INFO - Train Epoch 54: [0/472 (0.0%)]	Loss: 0.104547
2026-02-20 03:59:41,719 - experiment_ablation_no_chaotic_embedding - INFO - [SYNC DEBUG] Epoch 54: sync_weight=0.01, desync_weight=0.01, loss_sync=0.049940
2026-02-20 03:59:42,158 - experiment_ablation_no_chaotic_embedding - INFO - Epoch 54: Train Loss: 0.1350, Train Acc: 0.9821, Val Loss: 0.3462, Val Acc: 0.9213
2026-02-20 03:59:42,220 - experiment_ablation_no_chaotic_embedding - INFO - Saved new best model at epoch 54
2026-02-20 03:59:42,658 - experiment_ablation_no_chaotic_embedding - INFO - Train Epoch 55: [0/472 (0.0%)]	Loss: 0.251673
2026-02-20 03:59:45,071 - experiment_ablation_no_chaotic_embedding - INFO - [SYNC DEBUG] Epoch 55: sync_weight=0.01, desync_weight=0.01, loss_sync=0.049946
2026-02-20 03:59:45,516 - experiment_ablation_no_chaotic_embedding - INFO - Epoch 55: Train Loss: 0.1565, Train Acc: 0.9598, Val Loss: 1.1393, Val Acc: 0.7528
2026-02-20 03:59:45,931 - experiment_ablation_no_chaotic_embedding - INFO - Train Epoch 56: [0/472 (0.0%)]	Loss: 0.137354
2026-02-20 03:59:48,383 - experiment_ablation_no_chaotic_embedding - INFO - [SYNC DEBUG] Epoch 56: sync_weight=0.01, desync_weight=0.01, loss_sync=0.049986
2026-02-20 03:59:48,827 - experiment_ablation_no_chaotic_embedding - INFO - Epoch 56: Train Loss: 0.2000, Train Acc: 0.9464, Val Loss: 0.4510, Val Acc: 0.8876
2026-02-20 03:59:49,256 - experiment_ablation_no_chaotic_embedding - INFO - Train Epoch 57: [0/472 (0.0%)]	Loss: 0.112831
2026-02-20 03:59:49,572 - experiment_ablation_no_chaotic_embedding - DEBUG - [STABILITY] lyap=0.049, max_norm=0.4, min_std=0.128
2026-02-20 03:59:51,674 - experiment_ablation_no_chaotic_embedding - INFO - [SYNC DEBUG] Epoch 57: sync_weight=0.01, desync_weight=0.01, loss_sync=0.049987
2026-02-20 03:59:52,128 - experiment_ablation_no_chaotic_embedding - INFO - Epoch 57: Train Loss: 0.2083, Train Acc: 0.9621, Val Loss: 0.6690, Val Acc: 0.8652
2026-02-20 03:59:52,571 - experiment_ablation_no_chaotic_embedding - INFO - Train Epoch 58: [0/472 (0.0%)]	Loss: 0.282604
2026-02-20 03:59:55,020 - experiment_ablation_no_chaotic_embedding - INFO - [SYNC DEBUG] Epoch 58: sync_weight=0.01, desync_weight=0.01, loss_sync=0.049941
2026-02-20 03:59:55,457 - experiment_ablation_no_chaotic_embedding - INFO - Epoch 58: Train Loss: 0.1443, Train Acc: 0.9710, Val Loss: 1.2490, Val Acc: 0.7303
2026-02-20 03:59:55,881 - experiment_ablation_no_chaotic_embedding - INFO - Train Epoch 59: [0/472 (0.0%)]	Loss: 0.091540
2026-02-20 03:59:58,341 - experiment_ablation_no_chaotic_embedding - INFO - [SYNC DEBUG] Epoch 59: sync_weight=0.01, desync_weight=0.01, loss_sync=0.049953
2026-02-20 03:59:58,795 - experiment_ablation_no_chaotic_embedding - INFO - Epoch 59: Train Loss: 0.1295, Train Acc: 0.9710, Val Loss: 1.6040, Val Acc: 0.6854
2026-02-20 03:59:59,222 - experiment_ablation_no_chaotic_embedding - INFO - Train Epoch 60: [0/472 (0.0%)]	Loss: 0.079903
2026-02-20 04:00:01,705 - experiment_ablation_no_chaotic_embedding - INFO - [SYNC DEBUG] Epoch 60: sync_weight=0.01, desync_weight=0.01, loss_sync=0.049935
2026-02-20 04:00:02,194 - experiment_ablation_no_chaotic_embedding - INFO - Epoch 60: Train Loss: 0.1331, Train Acc: 0.9754, Val Loss: 1.2255, Val Acc: 0.7528
2026-02-20 04:00:02,716 - experiment_ablation_no_chaotic_embedding - INFO - Train Epoch 61: [0/472 (0.0%)]	Loss: 0.108502
2026-02-20 04:00:05,168 - experiment_ablation_no_chaotic_embedding - INFO - [SYNC DEBUG] Epoch 61: sync_weight=0.01, desync_weight=0.01, loss_sync=0.049958
2026-02-20 04:00:05,652 - experiment_ablation_no_chaotic_embedding - INFO - Epoch 61: Train Loss: 0.1359, Train Acc: 0.9688, Val Loss: 1.2951, Val Acc: 0.7079
2026-02-20 04:00:06,096 - experiment_ablation_no_chaotic_embedding - INFO - Train Epoch 62: [0/472 (0.0%)]	Loss: 0.137777
2026-02-20 04:00:08,555 - experiment_ablation_no_chaotic_embedding - INFO - [SYNC DEBUG] Epoch 62: sync_weight=0.01, desync_weight=0.01, loss_sync=0.049980
2026-02-20 04:00:09,039 - experiment_ablation_no_chaotic_embedding - INFO - Epoch 62: Train Loss: 0.1588, Train Acc: 0.9688, Val Loss: 0.3841, Val Acc: 0.8652
2026-02-20 04:00:09,490 - experiment_ablation_no_chaotic_embedding - INFO - Train Epoch 63: [0/472 (0.0%)]	Loss: 0.158460
2026-02-20 04:00:11,956 - experiment_ablation_no_chaotic_embedding - INFO - [SYNC DEBUG] Epoch 63: sync_weight=0.01, desync_weight=0.01, loss_sync=0.049939
2026-02-20 04:00:12,431 - experiment_ablation_no_chaotic_embedding - INFO - Epoch 63: Train Loss: 0.1313, Train Acc: 0.9732, Val Loss: 0.4722, Val Acc: 0.8876
2026-02-20 04:00:12,881 - experiment_ablation_no_chaotic_embedding - INFO - Train Epoch 64: [0/472 (0.0%)]	Loss: 0.119553
2026-02-20 04:00:13,582 - experiment_ablation_no_chaotic_embedding - DEBUG - [STABILITY] lyap=0.078, max_norm=0.4, min_std=0.124
2026-02-20 04:00:15,321 - experiment_ablation_no_chaotic_embedding - INFO - [SYNC DEBUG] Epoch 64: sync_weight=0.01, desync_weight=0.01, loss_sync=0.049981
2026-02-20 04:00:15,808 - experiment_ablation_no_chaotic_embedding - INFO - Epoch 64: Train Loss: 0.1168, Train Acc: 0.9777, Val Loss: 0.2532, Val Acc: 0.9326
2026-02-20 04:00:15,872 - experiment_ablation_no_chaotic_embedding - INFO - Saved new best model at epoch 64
2026-02-20 04:00:16,344 - experiment_ablation_no_chaotic_embedding - INFO - Train Epoch 65: [0/472 (0.0%)]	Loss: 0.059961
2026-02-20 04:00:18,772 - experiment_ablation_no_chaotic_embedding - INFO - [SYNC DEBUG] Epoch 65: sync_weight=0.01, desync_weight=0.01, loss_sync=0.049959
2026-02-20 04:00:19,252 - experiment_ablation_no_chaotic_embedding - INFO - Epoch 65: Train Loss: 0.1279, Train Acc: 0.9754, Val Loss: 0.4475, Val Acc: 0.8989
2026-02-20 04:00:19,699 - experiment_ablation_no_chaotic_embedding - INFO - Train Epoch 66: [0/472 (0.0%)]	Loss: 0.213931
2026-02-20 04:00:22,127 - experiment_ablation_no_chaotic_embedding - INFO - [SYNC DEBUG] Epoch 66: sync_weight=0.01, desync_weight=0.01, loss_sync=0.049981
2026-02-20 04:00:22,613 - experiment_ablation_no_chaotic_embedding - INFO - Epoch 66: Train Loss: 0.1652, Train Acc: 0.9665, Val Loss: 0.3747, Val Acc: 0.9213
2026-02-20 04:00:23,071 - experiment_ablation_no_chaotic_embedding - INFO - Train Epoch 67: [0/472 (0.0%)]	Loss: 0.062453
2026-02-20 04:00:25,535 - experiment_ablation_no_chaotic_embedding - INFO - [SYNC DEBUG] Epoch 67: sync_weight=0.01, desync_weight=0.01, loss_sync=0.049969
2026-02-20 04:00:26,008 - experiment_ablation_no_chaotic_embedding - INFO - Epoch 67: Train Loss: 0.1465, Train Acc: 0.9754, Val Loss: 0.5613, Val Acc: 0.8876
2026-02-20 04:00:26,444 - experiment_ablation_no_chaotic_embedding - INFO - Train Epoch 68: [0/472 (0.0%)]	Loss: 0.055627
2026-02-20 04:00:28,870 - experiment_ablation_no_chaotic_embedding - INFO - [SYNC DEBUG] Epoch 68: sync_weight=0.01, desync_weight=0.01, loss_sync=0.049949
2026-02-20 04:00:29,333 - experiment_ablation_no_chaotic_embedding - INFO - Epoch 68: Train Loss: 0.0825, Train Acc: 0.9933, Val Loss: 0.9626, Val Acc: 0.8202
2026-02-20 04:00:29,773 - experiment_ablation_no_chaotic_embedding - INFO - Train Epoch 69: [0/472 (0.0%)]	Loss: 0.221758
2026-02-20 04:00:32,191 - experiment_ablation_no_chaotic_embedding - INFO - [SYNC DEBUG] Epoch 69: sync_weight=0.01, desync_weight=0.01, loss_sync=0.049985
2026-02-20 04:00:32,648 - experiment_ablation_no_chaotic_embedding - INFO - Epoch 69: Train Loss: 0.1396, Train Acc: 0.9732, Val Loss: 1.1719, Val Acc: 0.7640
2026-02-20 04:00:33,105 - experiment_ablation_no_chaotic_embedding - INFO - Train Epoch 70: [0/472 (0.0%)]	Loss: 0.081075
2026-02-20 04:00:35,531 - experiment_ablation_no_chaotic_embedding - INFO - [SYNC DEBUG] Epoch 70: sync_weight=0.01, desync_weight=0.01, loss_sync=0.049936
2026-02-20 04:00:35,998 - experiment_ablation_no_chaotic_embedding - INFO - Epoch 70: Train Loss: 0.1444, Train Acc: 0.9621, Val Loss: 0.9273, Val Acc: 0.7978
2026-02-20 04:00:36,502 - experiment_ablation_no_chaotic_embedding - INFO - Train Epoch 71: [0/472 (0.0%)]	Loss: 0.158404
2026-02-20 04:00:37,599 - experiment_ablation_no_chaotic_embedding - DEBUG - [STABILITY] lyap=0.086, max_norm=0.5, min_std=0.128
2026-02-20 04:00:39,021 - experiment_ablation_no_chaotic_embedding - INFO - [SYNC DEBUG] Epoch 71: sync_weight=0.01, desync_weight=0.01, loss_sync=0.049969
2026-02-20 04:00:39,483 - experiment_ablation_no_chaotic_embedding - INFO - Epoch 71: Train Loss: 0.1140, Train Acc: 0.9821, Val Loss: 0.4557, Val Acc: 0.8427
2026-02-20 04:00:39,906 - experiment_ablation_no_chaotic_embedding - INFO - Train Epoch 72: [0/472 (0.0%)]	Loss: 0.109788
2026-02-20 04:00:42,346 - experiment_ablation_no_chaotic_embedding - INFO - [SYNC DEBUG] Epoch 72: sync_weight=0.01, desync_weight=0.01, loss_sync=0.049930
2026-02-20 04:00:42,815 - experiment_ablation_no_chaotic_embedding - INFO - Epoch 72: Train Loss: 0.1176, Train Acc: 0.9754, Val Loss: 0.4495, Val Acc: 0.8876
2026-02-20 04:00:43,253 - experiment_ablation_no_chaotic_embedding - INFO - Train Epoch 73: [0/472 (0.0%)]	Loss: 0.070821
2026-02-20 04:00:45,751 - experiment_ablation_no_chaotic_embedding - INFO - [SYNC DEBUG] Epoch 73: sync_weight=0.01, desync_weight=0.01, loss_sync=0.049950
2026-02-20 04:00:46,209 - experiment_ablation_no_chaotic_embedding - INFO - Epoch 73: Train Loss: 0.1238, Train Acc: 0.9844, Val Loss: 0.4519, Val Acc: 0.8989
2026-02-20 04:00:46,650 - experiment_ablation_no_chaotic_embedding - INFO - Train Epoch 74: [0/472 (0.0%)]	Loss: 0.057690
2026-02-20 04:00:49,147 - experiment_ablation_no_chaotic_embedding - INFO - [SYNC DEBUG] Epoch 74: sync_weight=0.01, desync_weight=0.01, loss_sync=0.049964
2026-02-20 04:00:49,605 - experiment_ablation_no_chaotic_embedding - INFO - Epoch 74: Train Loss: 0.0966, Train Acc: 0.9844, Val Loss: 0.5445, Val Acc: 0.8764
2026-02-20 04:00:50,020 - experiment_ablation_no_chaotic_embedding - INFO - Train Epoch 75: [0/472 (0.0%)]	Loss: 0.058591
2026-02-20 04:00:52,476 - experiment_ablation_no_chaotic_embedding - INFO - [SYNC DEBUG] Epoch 75: sync_weight=0.01, desync_weight=0.01, loss_sync=0.049947
2026-02-20 04:00:52,926 - experiment_ablation_no_chaotic_embedding - INFO - Epoch 75: Train Loss: 0.0970, Train Acc: 0.9821, Val Loss: 0.5033, Val Acc: 0.8989
2026-02-20 04:00:53,363 - experiment_ablation_no_chaotic_embedding - INFO - Train Epoch 76: [0/472 (0.0%)]	Loss: 0.088360
2026-02-20 04:00:55,777 - experiment_ablation_no_chaotic_embedding - INFO - [SYNC DEBUG] Epoch 76: sync_weight=0.01, desync_weight=0.01, loss_sync=0.049929
2026-02-20 04:00:56,234 - experiment_ablation_no_chaotic_embedding - INFO - Epoch 76: Train Loss: 0.0889, Train Acc: 0.9866, Val Loss: 0.3617, Val Acc: 0.9101
2026-02-20 04:00:56,662 - experiment_ablation_no_chaotic_embedding - INFO - Train Epoch 77: [0/472 (0.0%)]	Loss: 0.141676
2026-02-20 04:00:59,205 - experiment_ablation_no_chaotic_embedding - INFO - [SYNC DEBUG] Epoch 77: sync_weight=0.01, desync_weight=0.01, loss_sync=0.049936
2026-02-20 04:00:59,664 - experiment_ablation_no_chaotic_embedding - INFO - Epoch 77: Train Loss: 0.0923, Train Acc: 0.9888, Val Loss: 0.6466, Val Acc: 0.8764
2026-02-20 04:01:00,094 - experiment_ablation_no_chaotic_embedding - INFO - Train Epoch 78: [0/472 (0.0%)]	Loss: 0.060816
2026-02-20 04:01:01,542 - experiment_ablation_no_chaotic_embedding - DEBUG - [STABILITY] lyap=0.081, max_norm=0.5, min_std=0.138
2026-02-20 04:01:02,581 - experiment_ablation_no_chaotic_embedding - INFO - [SYNC DEBUG] Epoch 78: sync_weight=0.01, desync_weight=0.01, loss_sync=0.049960
2026-02-20 04:01:03,028 - experiment_ablation_no_chaotic_embedding - INFO - Epoch 78: Train Loss: 0.1144, Train Acc: 0.9821, Val Loss: 0.4015, Val Acc: 0.8989
2026-02-20 04:01:03,457 - experiment_ablation_no_chaotic_embedding - INFO - Train Epoch 79: [0/472 (0.0%)]	Loss: 0.064878
2026-02-20 04:01:05,956 - experiment_ablation_no_chaotic_embedding - INFO - [SYNC DEBUG] Epoch 79: sync_weight=0.01, desync_weight=0.01, loss_sync=0.050001
2026-02-20 04:01:06,399 - experiment_ablation_no_chaotic_embedding - INFO - Epoch 79: Train Loss: 0.0918, Train Acc: 0.9844, Val Loss: 1.2543, Val Acc: 0.7528
2026-02-20 04:01:06,822 - experiment_ablation_no_chaotic_embedding - INFO - Train Epoch 80: [0/472 (0.0%)]	Loss: 0.105640
2026-02-20 04:01:09,286 - experiment_ablation_no_chaotic_embedding - INFO - [SYNC DEBUG] Epoch 80: sync_weight=0.01, desync_weight=0.01, loss_sync=0.049955
2026-02-20 04:01:09,732 - experiment_ablation_no_chaotic_embedding - INFO - Epoch 80: Train Loss: 0.1150, Train Acc: 0.9821, Val Loss: 1.0994, Val Acc: 0.7865
2026-02-20 04:01:10,222 - experiment_ablation_no_chaotic_embedding - INFO - Train Epoch 81: [0/472 (0.0%)]	Loss: 0.103168
2026-02-20 04:01:12,689 - experiment_ablation_no_chaotic_embedding - INFO - [SYNC DEBUG] Epoch 81: sync_weight=0.01, desync_weight=0.01, loss_sync=0.049931
2026-02-20 04:01:13,130 - experiment_ablation_no_chaotic_embedding - INFO - Epoch 81: Train Loss: 0.1107, Train Acc: 0.9799, Val Loss: 1.1154, Val Acc: 0.8315
2026-02-20 04:01:13,550 - experiment_ablation_no_chaotic_embedding - INFO - Train Epoch 82: [0/472 (0.0%)]	Loss: 0.099814
2026-02-20 04:01:15,975 - experiment_ablation_no_chaotic_embedding - INFO - [SYNC DEBUG] Epoch 82: sync_weight=0.01, desync_weight=0.01, loss_sync=0.049953
2026-02-20 04:01:16,420 - experiment_ablation_no_chaotic_embedding - INFO - Epoch 82: Train Loss: 0.1315, Train Acc: 0.9777, Val Loss: 0.8381, Val Acc: 0.8539
2026-02-20 04:01:16,841 - experiment_ablation_no_chaotic_embedding - INFO - Train Epoch 83: [0/472 (0.0%)]	Loss: 0.076183
2026-02-20 04:01:19,267 - experiment_ablation_no_chaotic_embedding - INFO - [SYNC DEBUG] Epoch 83: sync_weight=0.01, desync_weight=0.01, loss_sync=0.049934
2026-02-20 04:01:19,719 - experiment_ablation_no_chaotic_embedding - INFO - Epoch 83: Train Loss: 0.1227, Train Acc: 0.9777, Val Loss: 1.1709, Val Acc: 0.7978
2026-02-20 04:01:20,141 - experiment_ablation_no_chaotic_embedding - INFO - Train Epoch 84: [0/472 (0.0%)]	Loss: 0.079175
2026-02-20 04:01:22,566 - experiment_ablation_no_chaotic_embedding - INFO - [SYNC DEBUG] Epoch 84: sync_weight=0.01, desync_weight=0.01, loss_sync=0.049955
2026-02-20 04:01:23,023 - experiment_ablation_no_chaotic_embedding - INFO - Epoch 84: Train Loss: 0.0838, Train Acc: 0.9888, Val Loss: 0.1940, Val Acc: 0.9663
2026-02-20 04:01:23,085 - experiment_ablation_no_chaotic_embedding - INFO - Saved new best model at epoch 84
2026-02-20 04:01:23,536 - experiment_ablation_no_chaotic_embedding - INFO - Train Epoch 85: [0/472 (0.0%)]	Loss: 0.087291
2026-02-20 04:01:25,318 - experiment_ablation_no_chaotic_embedding - DEBUG - [STABILITY] lyap=0.094, max_norm=0.5, min_std=0.135
2026-02-20 04:01:25,973 - experiment_ablation_no_chaotic_embedding - INFO - [SYNC DEBUG] Epoch 85: sync_weight=0.01, desync_weight=0.01, loss_sync=0.049944
2026-02-20 04:01:26,428 - experiment_ablation_no_chaotic_embedding - INFO - Epoch 85: Train Loss: 0.1196, Train Acc: 0.9799, Val Loss: 0.7254, Val Acc: 0.8539
2026-02-20 04:01:26,840 - experiment_ablation_no_chaotic_embedding - INFO - Train Epoch 86: [0/472 (0.0%)]	Loss: 0.070230
2026-02-20 04:01:29,313 - experiment_ablation_no_chaotic_embedding - INFO - [SYNC DEBUG] Epoch 86: sync_weight=0.01, desync_weight=0.01, loss_sync=0.049953
2026-02-20 04:01:29,766 - experiment_ablation_no_chaotic_embedding - INFO - Epoch 86: Train Loss: 0.0839, Train Acc: 0.9911, Val Loss: 0.5296, Val Acc: 0.8876
2026-02-20 04:01:30,189 - experiment_ablation_no_chaotic_embedding - INFO - Train Epoch 87: [0/472 (0.0%)]	Loss: 0.080368
2026-02-20 04:01:32,613 - experiment_ablation_no_chaotic_embedding - INFO - [SYNC DEBUG] Epoch 87: sync_weight=0.01, desync_weight=0.01, loss_sync=0.050016
2026-02-20 04:01:33,067 - experiment_ablation_no_chaotic_embedding - INFO - Epoch 87: Train Loss: 0.1443, Train Acc: 0.9777, Val Loss: 1.2524, Val Acc: 0.7865
2026-02-20 04:01:33,487 - experiment_ablation_no_chaotic_embedding - INFO - Train Epoch 88: [0/472 (0.0%)]	Loss: 0.085314
2026-02-20 04:01:35,925 - experiment_ablation_no_chaotic_embedding - INFO - [SYNC DEBUG] Epoch 88: sync_weight=0.01, desync_weight=0.01, loss_sync=0.049948
2026-02-20 04:01:36,404 - experiment_ablation_no_chaotic_embedding - INFO - Epoch 88: Train Loss: 0.1118, Train Acc: 0.9799, Val Loss: 1.2158, Val Acc: 0.7303
2026-02-20 04:01:36,835 - experiment_ablation_no_chaotic_embedding - INFO - Train Epoch 89: [0/472 (0.0%)]	Loss: 0.165401
2026-02-20 04:01:39,287 - experiment_ablation_no_chaotic_embedding - INFO - [SYNC DEBUG] Epoch 89: sync_weight=0.01, desync_weight=0.01, loss_sync=0.049956
2026-02-20 04:01:39,742 - experiment_ablation_no_chaotic_embedding - INFO - Epoch 89: Train Loss: 0.1051, Train Acc: 0.9888, Val Loss: 0.9216, Val Acc: 0.8764
2026-02-20 04:01:40,175 - experiment_ablation_no_chaotic_embedding - INFO - Train Epoch 90: [0/472 (0.0%)]	Loss: 0.058379
2026-02-20 04:01:42,599 - experiment_ablation_no_chaotic_embedding - INFO - [SYNC DEBUG] Epoch 90: sync_weight=0.01, desync_weight=0.01, loss_sync=0.049973
2026-02-20 04:01:43,047 - experiment_ablation_no_chaotic_embedding - INFO - Epoch 90: Train Loss: 0.1045, Train Acc: 0.9844, Val Loss: 0.3412, Val Acc: 0.8876
2026-02-20 04:01:43,554 - experiment_ablation_no_chaotic_embedding - INFO - Train Epoch 91: [0/472 (0.0%)]	Loss: 0.094377
2026-02-20 04:01:46,096 - experiment_ablation_no_chaotic_embedding - INFO - [SYNC DEBUG] Epoch 91: sync_weight=0.01, desync_weight=0.01, loss_sync=0.049941
2026-02-20 04:01:46,542 - experiment_ablation_no_chaotic_embedding - INFO - Epoch 91: Train Loss: 0.0868, Train Acc: 0.9866, Val Loss: 0.5177, Val Acc: 0.8764
2026-02-20 04:01:46,983 - experiment_ablation_no_chaotic_embedding - INFO - Train Epoch 92: [0/472 (0.0%)]	Loss: 0.108783
2026-02-20 04:01:49,135 - experiment_ablation_no_chaotic_embedding - DEBUG - [STABILITY] lyap=0.096, max_norm=0.5, min_std=0.144
2026-02-20 04:01:49,418 - experiment_ablation_no_chaotic_embedding - INFO - [SYNC DEBUG] Epoch 92: sync_weight=0.01, desync_weight=0.01, loss_sync=0.049915
2026-02-20 04:01:49,870 - experiment_ablation_no_chaotic_embedding - INFO - Epoch 92: Train Loss: 0.1280, Train Acc: 0.9665, Val Loss: 0.7797, Val Acc: 0.8539
2026-02-20 04:01:50,288 - experiment_ablation_no_chaotic_embedding - INFO - Train Epoch 93: [0/472 (0.0%)]	Loss: 0.079623
2026-02-20 04:01:52,733 - experiment_ablation_no_chaotic_embedding - INFO - [SYNC DEBUG] Epoch 93: sync_weight=0.01, desync_weight=0.01, loss_sync=0.049988
2026-02-20 04:01:53,187 - experiment_ablation_no_chaotic_embedding - INFO - Epoch 93: Train Loss: 0.0790, Train Acc: 0.9911, Val Loss: 0.8791, Val Acc: 0.8315
2026-02-20 04:01:53,612 - experiment_ablation_no_chaotic_embedding - INFO - Train Epoch 94: [0/472 (0.0%)]	Loss: 0.086122
2026-02-20 04:01:56,092 - experiment_ablation_no_chaotic_embedding - INFO - [SYNC DEBUG] Epoch 94: sync_weight=0.01, desync_weight=0.01, loss_sync=0.049955
2026-02-20 04:01:56,534 - experiment_ablation_no_chaotic_embedding - INFO - Epoch 94: Train Loss: 0.0983, Train Acc: 0.9844, Val Loss: 0.3289, Val Acc: 0.8989
2026-02-20 04:01:56,969 - experiment_ablation_no_chaotic_embedding - INFO - Train Epoch 95: [0/472 (0.0%)]	Loss: 0.336936
2026-02-20 04:01:59,465 - experiment_ablation_no_chaotic_embedding - INFO - [SYNC DEBUG] Epoch 95: sync_weight=0.01, desync_weight=0.01, loss_sync=0.049949
2026-02-20 04:01:59,908 - experiment_ablation_no_chaotic_embedding - INFO - Epoch 95: Train Loss: 0.1157, Train Acc: 0.9844, Val Loss: 0.5612, Val Acc: 0.8652
2026-02-20 04:02:00,324 - experiment_ablation_no_chaotic_embedding - INFO - Train Epoch 96: [0/472 (0.0%)]	Loss: 0.142925
2026-02-20 04:02:02,811 - experiment_ablation_no_chaotic_embedding - INFO - [SYNC DEBUG] Epoch 96: sync_weight=0.01, desync_weight=0.01, loss_sync=0.049952
2026-02-20 04:02:03,259 - experiment_ablation_no_chaotic_embedding - INFO - Epoch 96: Train Loss: 0.1012, Train Acc: 0.9799, Val Loss: 0.4760, Val Acc: 0.8989
2026-02-20 04:02:03,673 - experiment_ablation_no_chaotic_embedding - INFO - Train Epoch 97: [0/472 (0.0%)]	Loss: 0.127175
2026-02-20 04:02:06,139 - experiment_ablation_no_chaotic_embedding - INFO - [SYNC DEBUG] Epoch 97: sync_weight=0.01, desync_weight=0.01, loss_sync=0.049949
2026-02-20 04:02:06,597 - experiment_ablation_no_chaotic_embedding - INFO - Epoch 97: Train Loss: 0.0841, Train Acc: 0.9866, Val Loss: 0.4083, Val Acc: 0.8989
2026-02-20 04:02:07,026 - experiment_ablation_no_chaotic_embedding - INFO - Train Epoch 98: [0/472 (0.0%)]	Loss: 0.052190
2026-02-20 04:02:09,480 - experiment_ablation_no_chaotic_embedding - INFO - [SYNC DEBUG] Epoch 98: sync_weight=0.01, desync_weight=0.01, loss_sync=0.049965
2026-02-20 04:02:09,932 - experiment_ablation_no_chaotic_embedding - INFO - Epoch 98: Train Loss: 0.1255, Train Acc: 0.9799, Val Loss: 0.5244, Val Acc: 0.9101
2026-02-20 04:02:10,346 - experiment_ablation_no_chaotic_embedding - INFO - Train Epoch 99: [0/472 (0.0%)]	Loss: 0.057173
2026-02-20 04:02:12,782 - experiment_ablation_no_chaotic_embedding - INFO - [SYNC DEBUG] Epoch 99: sync_weight=0.01, desync_weight=0.01, loss_sync=0.049956
2026-02-20 04:02:13,226 - experiment_ablation_no_chaotic_embedding - INFO - Epoch 99: Train Loss: 0.1182, Train Acc: 0.9799, Val Loss: 0.4493, Val Acc: 0.8876
2026-02-20 04:02:13,241 - experiment_ablation_no_chaotic_embedding - INFO - Running final test evaluation...
2026-02-20 04:02:13,722 - experiment_ablation_no_chaotic_embedding - INFO - Test Results:
2026-02-20 04:02:13,723 - experiment_ablation_no_chaotic_embedding - INFO -   loss: 0.5525
2026-02-20 04:02:13,723 - experiment_ablation_no_chaotic_embedding - INFO -   accuracy: 0.8644
2026-02-20 04:02:13,725 - experiment_ablation_no_chaotic_embedding - INFO - Training completed
