2026-01-09 12:42:36,427 - experiment_chaotic_lorenz_full_chaotic_run_0 - INFO - Initialized experiment: chaotic_lorenz_full_chaotic_run_0
2026-01-09 12:42:36,427 - experiment_chaotic_lorenz_full_chaotic_run_0 - INFO - Device: cuda
2026-01-09 12:42:36,427 - experiment_chaotic_lorenz_full_chaotic_run_0 - INFO - Output directory: /scratch/project_2003370/yueyao/Model/experiments/configs/sync_experiments/A/experiments/chaotic_lorenz_full_chaotic_run_0
2026-01-09 12:42:36,427 - experiment_chaotic_lorenz_full_chaotic_run_0 - INFO - Initialized chaotic network experiment with lorenz system
2026-01-09 12:42:36,427 - experiment_chaotic_lorenz_full_chaotic_run_0 - INFO - Setting up experiment components...
2026-01-09 12:42:36,428 - experiment_chaotic_lorenz_full_chaotic_run_0 - INFO - Creating dataloaders...
2026-01-09 12:42:58,746 - experiment_chaotic_lorenz_full_chaotic_run_0 - INFO - Detected 26 speakers in dataset
2026-01-09 12:42:58,746 - experiment_chaotic_lorenz_full_chaotic_run_0 - INFO - Dataloaders created:
2026-01-09 12:42:58,746 - experiment_chaotic_lorenz_full_chaotic_run_0 - INFO -   Train: 14 batches
2026-01-09 12:42:58,746 - experiment_chaotic_lorenz_full_chaotic_run_0 - INFO -   Val: 3 batches
2026-01-09 12:42:58,746 - experiment_chaotic_lorenz_full_chaotic_run_0 - INFO -   Test: 4 batches
2026-01-09 12:42:58,747 - experiment_chaotic_lorenz_full_chaotic_run_0 - INFO - Creating model...
2026-01-09 12:42:58,747 - experiment_chaotic_lorenz_full_chaotic_run_0 - INFO - Using actual num_speakers from dataset: 26
2026-01-09 12:42:58,747 - experiment_chaotic_lorenz_full_chaotic_run_0 - INFO - [BIFURCATION] use_bifurcation_control=False
2026-01-09 12:43:29,853 - experiment_chaotic_lorenz_full_chaotic_run_0 - INFO - [PLDA] Replaced classifier with PLDAClassifier (latent_dim=128)
2026-01-09 12:43:29,856 - experiment_chaotic_lorenz_full_chaotic_run_0 - INFO - Total parameters: 520,647
2026-01-09 12:43:29,856 - experiment_chaotic_lorenz_full_chaotic_run_0 - INFO - Trainable parameters: 520,647
2026-01-09 12:43:29,857 - experiment_chaotic_lorenz_full_chaotic_run_0 - INFO - Creating optimizer...
2026-01-09 12:43:31,709 - experiment_chaotic_lorenz_full_chaotic_run_0 - INFO - Optimizer: AdamW
2026-01-09 12:43:31,709 - experiment_chaotic_lorenz_full_chaotic_run_0 - INFO - Creating scheduler...
2026-01-09 12:43:31,709 - experiment_chaotic_lorenz_full_chaotic_run_0 - WARNING - Unknown scheduler type: linear, no scheduler will be used
2026-01-09 12:43:31,709 - experiment_chaotic_lorenz_full_chaotic_run_0 - INFO - Creating criterion...
2026-01-09 12:43:31,709 - experiment_chaotic_lorenz_full_chaotic_run_0 - INFO - Criterion: CrossEntropyLoss
2026-01-09 12:43:31,754 - experiment_chaotic_lorenz_full_chaotic_run_0 - INFO - Configuration saved to: /scratch/project_2003370/yueyao/Model/experiments/configs/sync_experiments/A/experiments/chaotic_lorenz_full_chaotic_run_0/config.json
2026-01-09 12:43:31,754 - experiment_chaotic_lorenz_full_chaotic_run_0 - INFO - Experiment setup completed
2026-01-09 12:43:31,755 - experiment_chaotic_lorenz_full_chaotic_run_0 - INFO - Starting training for 100 epochs
2026-01-09 12:43:36,556 - experiment_chaotic_lorenz_full_chaotic_run_0 - INFO - 
================================================================================
2026-01-09 12:43:36,556 - experiment_chaotic_lorenz_full_chaotic_run_0 - INFO - COMPREHENSIVE DEBUG - FIRST BATCH
2026-01-09 12:43:36,556 - experiment_chaotic_lorenz_full_chaotic_run_0 - INFO - ================================================================================
2026-01-09 12:43:36,556 - experiment_chaotic_lorenz_full_chaotic_run_0 - INFO - Batch Info:
2026-01-09 12:43:36,556 - experiment_chaotic_lorenz_full_chaotic_run_0 - INFO -   Audio shape: torch.Size([32, 48000])
2026-01-09 12:43:36,556 - experiment_chaotic_lorenz_full_chaotic_run_0 - INFO -   Targets shape: torch.Size([32])
2026-01-09 12:43:36,562 - experiment_chaotic_lorenz_full_chaotic_run_0 - INFO -   Targets (first 8): tensor([13, 10,  3,  8,  6, 17, 24,  4], device='cuda:0')
2026-01-09 12:43:39,594 - experiment_chaotic_lorenz_full_chaotic_run_0 - INFO - ================================================================================

2026-01-09 12:43:39,595 - experiment_chaotic_lorenz_full_chaotic_run_0 - INFO - [ADVERSARIAL] Initialized AdversarialChaoticAugmentation
2026-01-09 12:43:39,752 - experiment_chaotic_lorenz_full_chaotic_run_0 - INFO - [SYNC LOSS] Initialized PhaseSynchronizationLoss
2026-01-09 12:43:39,898 - experiment_chaotic_lorenz_full_chaotic_run_0 - INFO - [STABILITY] Initialized LyapunovStabilityLoss
2026-01-09 12:43:41,314 - experiment_chaotic_lorenz_full_chaotic_run_0 - INFO - Train Epoch 0: [0/472 (0.0%)]	Loss: 3.525881
2026-01-09 12:43:52,162 - experiment_chaotic_lorenz_full_chaotic_run_0 - INFO - [ADVERSARIAL] Warmup: epoch 1/5
2026-01-09 12:43:53,067 - experiment_chaotic_lorenz_full_chaotic_run_0 - INFO - Epoch 0: Train Loss: 3.1154, Train Acc: 0.1205, Val Loss: 3.6719, Val Acc: 0.0449
2026-01-09 12:43:53,155 - experiment_chaotic_lorenz_full_chaotic_run_0 - INFO - Saved new best model at epoch 0
2026-01-09 12:43:55,252 - experiment_chaotic_lorenz_full_chaotic_run_0 - INFO - Train Epoch 1: [0/472 (0.0%)]	Loss: 2.506772
2026-01-09 12:44:04,334 - experiment_chaotic_lorenz_full_chaotic_run_0 - INFO - [ADVERSARIAL] Warmup: epoch 2/5
2026-01-09 12:44:05,213 - experiment_chaotic_lorenz_full_chaotic_run_0 - INFO - Epoch 1: Train Loss: 2.3370, Train Acc: 0.2567, Val Loss: 4.3814, Val Acc: 0.0449
2026-01-09 12:44:06,076 - experiment_chaotic_lorenz_full_chaotic_run_0 - INFO - Train Epoch 2: [0/472 (0.0%)]	Loss: 1.943276
2026-01-09 12:44:15,080 - experiment_chaotic_lorenz_full_chaotic_run_0 - INFO - [ADVERSARIAL] Warmup: epoch 3/5
2026-01-09 12:44:15,965 - experiment_chaotic_lorenz_full_chaotic_run_0 - INFO - Epoch 2: Train Loss: 1.9438, Train Acc: 0.3795, Val Loss: 4.8814, Val Acc: 0.0449
2026-01-09 12:44:16,827 - experiment_chaotic_lorenz_full_chaotic_run_0 - INFO - Train Epoch 3: [0/472 (0.0%)]	Loss: 1.483540
2026-01-09 12:44:26,072 - experiment_chaotic_lorenz_full_chaotic_run_0 - INFO - [ADVERSARIAL] Warmup: epoch 4/5
2026-01-09 12:44:26,963 - experiment_chaotic_lorenz_full_chaotic_run_0 - INFO - Epoch 3: Train Loss: 1.5664, Train Acc: 0.5246, Val Loss: 5.1834, Val Acc: 0.0449
2026-01-09 12:44:27,816 - experiment_chaotic_lorenz_full_chaotic_run_0 - INFO - Train Epoch 4: [0/472 (0.0%)]	Loss: 1.810392
2026-01-09 12:44:36,844 - experiment_chaotic_lorenz_full_chaotic_run_0 - INFO - [ADVERSARIAL] Warmup: epoch 5/5
2026-01-09 12:44:37,738 - experiment_chaotic_lorenz_full_chaotic_run_0 - INFO - Epoch 4: Train Loss: 1.4122, Train Acc: 0.5513, Val Loss: 4.6273, Val Acc: 0.1011
2026-01-09 12:44:37,829 - experiment_chaotic_lorenz_full_chaotic_run_0 - INFO - Saved new best model at epoch 4
2026-01-09 12:44:38,511 - experiment_chaotic_lorenz_full_chaotic_run_0 - INFO - Train Epoch 5: [0/472 (0.0%)]	Loss: 1.651228
2026-01-09 12:44:44,178 - experiment_chaotic_lorenz_full_chaotic_run_0 - INFO - [ADVERSARIAL] Warmup complete, adversarial training activated!
2026-01-09 12:44:45,101 - experiment_chaotic_lorenz_full_chaotic_run_0 - INFO - Epoch 5: Train Loss: 1.5071, Train Acc: 0.6317, Val Loss: 5.1444, Val Acc: 0.1348
2026-01-09 12:44:45,188 - experiment_chaotic_lorenz_full_chaotic_run_0 - INFO - Saved new best model at epoch 5
2026-01-09 12:44:45,831 - experiment_chaotic_lorenz_full_chaotic_run_0 - INFO - Train Epoch 6: [0/472 (0.0%)]	Loss: 1.292846
2026-01-09 12:44:52,397 - experiment_chaotic_lorenz_full_chaotic_run_0 - INFO - Epoch 6: Train Loss: 1.3506, Train Acc: 0.6741, Val Loss: 5.5395, Val Acc: 0.1910
2026-01-09 12:44:52,484 - experiment_chaotic_lorenz_full_chaotic_run_0 - INFO - Saved new best model at epoch 6
2026-01-09 12:44:53,122 - experiment_chaotic_lorenz_full_chaotic_run_0 - INFO - Train Epoch 7: [0/472 (0.0%)]	Loss: 1.462725
2026-01-09 12:44:59,680 - experiment_chaotic_lorenz_full_chaotic_run_0 - INFO - Epoch 7: Train Loss: 1.3327, Train Acc: 0.6920, Val Loss: 6.5783, Val Acc: 0.0787
2026-01-09 12:45:00,281 - experiment_chaotic_lorenz_full_chaotic_run_0 - INFO - Train Epoch 8: [0/472 (0.0%)]	Loss: 1.167324
2026-01-09 12:45:06,827 - experiment_chaotic_lorenz_full_chaotic_run_0 - INFO - Epoch 8: Train Loss: 1.3503, Train Acc: 0.6875, Val Loss: 5.7492, Val Acc: 0.0899
2026-01-09 12:45:07,445 - experiment_chaotic_lorenz_full_chaotic_run_0 - INFO - Train Epoch 9: [0/472 (0.0%)]	Loss: 1.116062
2026-01-09 12:45:14,026 - experiment_chaotic_lorenz_full_chaotic_run_0 - INFO - Epoch 9: Train Loss: 1.1718, Train Acc: 0.7143, Val Loss: 6.0471, Val Acc: 0.0449
2026-01-09 12:45:14,621 - experiment_chaotic_lorenz_full_chaotic_run_0 - INFO - Train Epoch 10: [0/472 (0.0%)]	Loss: 0.959387
2026-01-09 12:45:21,213 - experiment_chaotic_lorenz_full_chaotic_run_0 - INFO - Epoch 10: Train Loss: 1.1352, Train Acc: 0.7455, Val Loss: 4.7111, Val Acc: 0.1124
2026-01-09 12:45:21,899 - experiment_chaotic_lorenz_full_chaotic_run_0 - INFO - Train Epoch 11: [0/472 (0.0%)]	Loss: 0.667208
2026-01-09 12:45:28,483 - experiment_chaotic_lorenz_full_chaotic_run_0 - INFO - Epoch 11: Train Loss: 1.0887, Train Acc: 0.7522, Val Loss: 6.0203, Val Acc: 0.0899
2026-01-09 12:45:29,083 - experiment_chaotic_lorenz_full_chaotic_run_0 - INFO - Train Epoch 12: [0/472 (0.0%)]	Loss: 0.920758
2026-01-09 12:45:35,662 - experiment_chaotic_lorenz_full_chaotic_run_0 - INFO - Epoch 12: Train Loss: 1.0392, Train Acc: 0.7634, Val Loss: 4.1203, Val Acc: 0.3258
2026-01-09 12:45:35,752 - experiment_chaotic_lorenz_full_chaotic_run_0 - INFO - Saved new best model at epoch 12
2026-01-09 12:45:36,388 - experiment_chaotic_lorenz_full_chaotic_run_0 - INFO - Train Epoch 13: [0/472 (0.0%)]	Loss: 0.748918
2026-01-09 12:45:42,912 - experiment_chaotic_lorenz_full_chaotic_run_0 - INFO - Epoch 13: Train Loss: 0.8873, Train Acc: 0.8013, Val Loss: 3.4347, Val Acc: 0.3034
2026-01-09 12:45:43,528 - experiment_chaotic_lorenz_full_chaotic_run_0 - INFO - Train Epoch 14: [0/472 (0.0%)]	Loss: 0.564056
2026-01-09 12:45:50,059 - experiment_chaotic_lorenz_full_chaotic_run_0 - INFO - Epoch 14: Train Loss: 0.8637, Train Acc: 0.7946, Val Loss: 5.2684, Val Acc: 0.1798
2026-01-09 12:45:50,659 - experiment_chaotic_lorenz_full_chaotic_run_0 - INFO - Train Epoch 15: [0/472 (0.0%)]	Loss: 1.210892
2026-01-09 12:45:57,334 - experiment_chaotic_lorenz_full_chaotic_run_0 - INFO - Epoch 15: Train Loss: 0.9870, Train Acc: 0.7924, Val Loss: 5.5173, Val Acc: 0.1348
2026-01-09 12:45:57,946 - experiment_chaotic_lorenz_full_chaotic_run_0 - INFO - Train Epoch 16: [0/472 (0.0%)]	Loss: 1.141926
2026-01-09 12:46:04,552 - experiment_chaotic_lorenz_full_chaotic_run_0 - INFO - Epoch 16: Train Loss: 0.9727, Train Acc: 0.7656, Val Loss: 2.8772, Val Acc: 0.3371
2026-01-09 12:46:04,642 - experiment_chaotic_lorenz_full_chaotic_run_0 - INFO - Saved new best model at epoch 16
2026-01-09 12:46:05,290 - experiment_chaotic_lorenz_full_chaotic_run_0 - INFO - Train Epoch 17: [0/472 (0.0%)]	Loss: 0.813436
2026-01-09 12:46:11,907 - experiment_chaotic_lorenz_full_chaotic_run_0 - INFO - Epoch 17: Train Loss: 0.8449, Train Acc: 0.8103, Val Loss: 4.8622, Val Acc: 0.1461
2026-01-09 12:46:12,509 - experiment_chaotic_lorenz_full_chaotic_run_0 - INFO - Train Epoch 18: [0/472 (0.0%)]	Loss: 0.539568
2026-01-09 12:46:19,080 - experiment_chaotic_lorenz_full_chaotic_run_0 - INFO - Epoch 18: Train Loss: 0.7469, Train Acc: 0.8214, Val Loss: 6.0814, Val Acc: 0.2472
2026-01-09 12:46:19,686 - experiment_chaotic_lorenz_full_chaotic_run_0 - INFO - Train Epoch 19: [0/472 (0.0%)]	Loss: 0.425935
2026-01-09 12:46:26,243 - experiment_chaotic_lorenz_full_chaotic_run_0 - INFO - Epoch 19: Train Loss: 0.8845, Train Acc: 0.8036, Val Loss: 4.9253, Val Acc: 0.2022
2026-01-09 12:46:26,840 - experiment_chaotic_lorenz_full_chaotic_run_0 - INFO - Train Epoch 20: [0/472 (0.0%)]	Loss: 0.521857
2026-01-09 12:46:33,515 - experiment_chaotic_lorenz_full_chaotic_run_0 - INFO - Epoch 20: Train Loss: 0.8453, Train Acc: 0.8125, Val Loss: 7.7386, Val Acc: 0.0562
2026-01-09 12:46:34,223 - experiment_chaotic_lorenz_full_chaotic_run_0 - INFO - Train Epoch 21: [0/472 (0.0%)]	Loss: 0.537445
2026-01-09 12:46:40,823 - experiment_chaotic_lorenz_full_chaotic_run_0 - INFO - Epoch 21: Train Loss: 0.7190, Train Acc: 0.8348, Val Loss: 2.1232, Val Acc: 0.4944
2026-01-09 12:46:40,921 - experiment_chaotic_lorenz_full_chaotic_run_0 - INFO - Saved new best model at epoch 21
2026-01-09 12:46:41,569 - experiment_chaotic_lorenz_full_chaotic_run_0 - INFO - Train Epoch 22: [0/472 (0.0%)]	Loss: 0.755701
2026-01-09 12:46:48,057 - experiment_chaotic_lorenz_full_chaotic_run_0 - INFO - Epoch 22: Train Loss: 0.8435, Train Acc: 0.8237, Val Loss: 3.8611, Val Acc: 0.2697
2026-01-09 12:46:48,667 - experiment_chaotic_lorenz_full_chaotic_run_0 - INFO - Train Epoch 23: [0/472 (0.0%)]	Loss: 0.713251
2026-01-09 12:46:55,177 - experiment_chaotic_lorenz_full_chaotic_run_0 - INFO - Epoch 23: Train Loss: 0.7296, Train Acc: 0.8571, Val Loss: 5.1758, Val Acc: 0.1461
2026-01-09 12:46:55,783 - experiment_chaotic_lorenz_full_chaotic_run_0 - INFO - Train Epoch 24: [0/472 (0.0%)]	Loss: 0.489089
2026-01-09 12:47:02,435 - experiment_chaotic_lorenz_full_chaotic_run_0 - INFO - Epoch 24: Train Loss: 0.7120, Train Acc: 0.8527, Val Loss: 4.5495, Val Acc: 0.3034
2026-01-09 12:47:03,049 - experiment_chaotic_lorenz_full_chaotic_run_0 - INFO - Train Epoch 25: [0/472 (0.0%)]	Loss: 0.683215
2026-01-09 12:47:09,623 - experiment_chaotic_lorenz_full_chaotic_run_0 - INFO - Epoch 25: Train Loss: 0.6201, Train Acc: 0.8750, Val Loss: 9.5284, Val Acc: 0.0449
2026-01-09 12:47:10,224 - experiment_chaotic_lorenz_full_chaotic_run_0 - INFO - Train Epoch 26: [0/472 (0.0%)]	Loss: 0.204265
2026-01-09 12:47:16,859 - experiment_chaotic_lorenz_full_chaotic_run_0 - INFO - Epoch 26: Train Loss: 0.7070, Train Acc: 0.8504, Val Loss: 7.3918, Val Acc: 0.1011
2026-01-09 12:47:17,462 - experiment_chaotic_lorenz_full_chaotic_run_0 - INFO - Train Epoch 27: [0/472 (0.0%)]	Loss: 0.603418
2026-01-09 12:47:24,076 - experiment_chaotic_lorenz_full_chaotic_run_0 - INFO - Epoch 27: Train Loss: 0.6246, Train Acc: 0.8348, Val Loss: 4.1511, Val Acc: 0.2022
2026-01-09 12:47:24,674 - experiment_chaotic_lorenz_full_chaotic_run_0 - INFO - Train Epoch 28: [0/472 (0.0%)]	Loss: 0.474059
2026-01-09 12:47:31,295 - experiment_chaotic_lorenz_full_chaotic_run_0 - INFO - Epoch 28: Train Loss: 0.5019, Train Acc: 0.9062, Val Loss: 5.6856, Val Acc: 0.1910
2026-01-09 12:47:31,907 - experiment_chaotic_lorenz_full_chaotic_run_0 - INFO - Train Epoch 29: [0/472 (0.0%)]	Loss: 0.784427
2026-01-09 12:47:38,525 - experiment_chaotic_lorenz_full_chaotic_run_0 - INFO - Epoch 29: Train Loss: 0.5967, Train Acc: 0.8728, Val Loss: 4.7598, Val Acc: 0.2022
2026-01-09 12:47:39,139 - experiment_chaotic_lorenz_full_chaotic_run_0 - INFO - Train Epoch 30: [0/472 (0.0%)]	Loss: 0.192238
2026-01-09 12:47:45,730 - experiment_chaotic_lorenz_full_chaotic_run_0 - INFO - Epoch 30: Train Loss: 0.4867, Train Acc: 0.9062, Val Loss: 8.7861, Val Acc: 0.1011
2026-01-09 12:47:46,421 - experiment_chaotic_lorenz_full_chaotic_run_0 - INFO - Train Epoch 31: [0/472 (0.0%)]	Loss: 0.321242
2026-01-09 12:47:53,179 - experiment_chaotic_lorenz_full_chaotic_run_0 - INFO - Epoch 31: Train Loss: 0.5452, Train Acc: 0.8862, Val Loss: 9.7084, Val Acc: 0.0674
2026-01-09 12:47:53,781 - experiment_chaotic_lorenz_full_chaotic_run_0 - INFO - Train Epoch 32: [0/472 (0.0%)]	Loss: 0.294679
2026-01-09 12:48:00,358 - experiment_chaotic_lorenz_full_chaotic_run_0 - INFO - Epoch 32: Train Loss: 0.5221, Train Acc: 0.9040, Val Loss: 6.8906, Val Acc: 0.1461
2026-01-09 12:48:00,969 - experiment_chaotic_lorenz_full_chaotic_run_0 - INFO - Train Epoch 33: [0/472 (0.0%)]	Loss: 0.357364
2026-01-09 12:48:07,662 - experiment_chaotic_lorenz_full_chaotic_run_0 - INFO - Epoch 33: Train Loss: 0.5675, Train Acc: 0.8772, Val Loss: 12.0229, Val Acc: 0.0449
2026-01-09 12:48:08,266 - experiment_chaotic_lorenz_full_chaotic_run_0 - INFO - Train Epoch 34: [0/472 (0.0%)]	Loss: 0.540151
2026-01-09 12:48:14,929 - experiment_chaotic_lorenz_full_chaotic_run_0 - INFO - Epoch 34: Train Loss: 0.7146, Train Acc: 0.8750, Val Loss: 7.7706, Val Acc: 0.1011
2026-01-09 12:48:15,529 - experiment_chaotic_lorenz_full_chaotic_run_0 - INFO - Train Epoch 35: [0/472 (0.0%)]	Loss: 0.284140
2026-01-09 12:48:22,272 - experiment_chaotic_lorenz_full_chaotic_run_0 - INFO - Epoch 35: Train Loss: 0.4993, Train Acc: 0.9018, Val Loss: 8.5579, Val Acc: 0.1011
2026-01-09 12:48:22,871 - experiment_chaotic_lorenz_full_chaotic_run_0 - INFO - Train Epoch 36: [0/472 (0.0%)]	Loss: 0.552691
2026-01-09 12:48:29,486 - experiment_chaotic_lorenz_full_chaotic_run_0 - INFO - Epoch 36: Train Loss: 0.4159, Train Acc: 0.9129, Val Loss: 8.3198, Val Acc: 0.0899
2026-01-09 12:48:30,098 - experiment_chaotic_lorenz_full_chaotic_run_0 - INFO - Train Epoch 37: [0/472 (0.0%)]	Loss: 0.522236
2026-01-09 12:48:36,795 - experiment_chaotic_lorenz_full_chaotic_run_0 - INFO - Epoch 37: Train Loss: 0.4483, Train Acc: 0.9040, Val Loss: 9.7808, Val Acc: 0.0899
2026-01-09 12:48:37,397 - experiment_chaotic_lorenz_full_chaotic_run_0 - INFO - Train Epoch 38: [0/472 (0.0%)]	Loss: 0.376276
2026-01-09 12:48:43,976 - experiment_chaotic_lorenz_full_chaotic_run_0 - INFO - Epoch 38: Train Loss: 0.4913, Train Acc: 0.8884, Val Loss: 2.8544, Val Acc: 0.5169
2026-01-09 12:48:44,064 - experiment_chaotic_lorenz_full_chaotic_run_0 - INFO - Saved new best model at epoch 38
2026-01-09 12:48:44,737 - experiment_chaotic_lorenz_full_chaotic_run_0 - INFO - Train Epoch 39: [0/472 (0.0%)]	Loss: 0.345230
2026-01-09 12:48:51,387 - experiment_chaotic_lorenz_full_chaotic_run_0 - INFO - Epoch 39: Train Loss: 0.4296, Train Acc: 0.9129, Val Loss: 9.0899, Val Acc: 0.1236
2026-01-09 12:48:51,997 - experiment_chaotic_lorenz_full_chaotic_run_0 - INFO - Train Epoch 40: [0/472 (0.0%)]	Loss: 0.485616
2026-01-09 12:48:58,543 - experiment_chaotic_lorenz_full_chaotic_run_0 - INFO - Epoch 40: Train Loss: 0.4099, Train Acc: 0.9174, Val Loss: 4.9840, Val Acc: 0.2584
2026-01-09 12:48:59,233 - experiment_chaotic_lorenz_full_chaotic_run_0 - INFO - Train Epoch 41: [0/472 (0.0%)]	Loss: 0.318368
2026-01-09 12:49:05,790 - experiment_chaotic_lorenz_full_chaotic_run_0 - INFO - Epoch 41: Train Loss: 0.7022, Train Acc: 0.8616, Val Loss: 7.3508, Val Acc: 0.1011
2026-01-09 12:49:06,400 - experiment_chaotic_lorenz_full_chaotic_run_0 - INFO - Train Epoch 42: [0/472 (0.0%)]	Loss: 0.364433
2026-01-09 12:49:13,030 - experiment_chaotic_lorenz_full_chaotic_run_0 - INFO - Epoch 42: Train Loss: 0.3887, Train Acc: 0.9308, Val Loss: 8.5588, Val Acc: 0.0562
2026-01-09 12:49:13,644 - experiment_chaotic_lorenz_full_chaotic_run_0 - INFO - Train Epoch 43: [0/472 (0.0%)]	Loss: 0.403541
2026-01-09 12:49:20,236 - experiment_chaotic_lorenz_full_chaotic_run_0 - INFO - Epoch 43: Train Loss: 0.4136, Train Acc: 0.9129, Val Loss: 7.1375, Val Acc: 0.1348
2026-01-09 12:49:20,849 - experiment_chaotic_lorenz_full_chaotic_run_0 - INFO - Train Epoch 44: [0/472 (0.0%)]	Loss: 0.203930
2026-01-09 12:49:27,393 - experiment_chaotic_lorenz_full_chaotic_run_0 - INFO - Epoch 44: Train Loss: 0.4851, Train Acc: 0.9196, Val Loss: 6.6982, Val Acc: 0.1685
2026-01-09 12:49:28,006 - experiment_chaotic_lorenz_full_chaotic_run_0 - INFO - Train Epoch 45: [0/472 (0.0%)]	Loss: 0.546091
2026-01-09 12:49:34,633 - experiment_chaotic_lorenz_full_chaotic_run_0 - INFO - Epoch 45: Train Loss: 0.4556, Train Acc: 0.9263, Val Loss: 3.1697, Val Acc: 0.4494
2026-01-09 12:49:35,242 - experiment_chaotic_lorenz_full_chaotic_run_0 - INFO - Train Epoch 46: [0/472 (0.0%)]	Loss: 0.927233
2026-01-09 12:49:41,851 - experiment_chaotic_lorenz_full_chaotic_run_0 - INFO - Epoch 46: Train Loss: 0.4590, Train Acc: 0.9196, Val Loss: 3.5831, Val Acc: 0.3820
2026-01-09 12:49:42,450 - experiment_chaotic_lorenz_full_chaotic_run_0 - INFO - Train Epoch 47: [0/472 (0.0%)]	Loss: 0.573609
2026-01-09 12:49:49,132 - experiment_chaotic_lorenz_full_chaotic_run_0 - INFO - Epoch 47: Train Loss: 0.5158, Train Acc: 0.8929, Val Loss: 5.5733, Val Acc: 0.2697
2026-01-09 12:49:49,748 - experiment_chaotic_lorenz_full_chaotic_run_0 - INFO - Train Epoch 48: [0/472 (0.0%)]	Loss: 0.458989
2026-01-09 12:49:56,352 - experiment_chaotic_lorenz_full_chaotic_run_0 - INFO - Epoch 48: Train Loss: 0.3938, Train Acc: 0.9219, Val Loss: 10.7895, Val Acc: 0.0449
2026-01-09 12:49:56,949 - experiment_chaotic_lorenz_full_chaotic_run_0 - INFO - Train Epoch 49: [0/472 (0.0%)]	Loss: 0.222820
2026-01-09 12:50:03,567 - experiment_chaotic_lorenz_full_chaotic_run_0 - INFO - Epoch 49: Train Loss: 0.3159, Train Acc: 0.9464, Val Loss: 12.5967, Val Acc: 0.0449
2026-01-09 12:50:04,165 - experiment_chaotic_lorenz_full_chaotic_run_0 - INFO - Train Epoch 50: [0/472 (0.0%)]	Loss: 0.300865
2026-01-09 12:50:10,746 - experiment_chaotic_lorenz_full_chaotic_run_0 - INFO - Epoch 50: Train Loss: 0.4046, Train Acc: 0.9308, Val Loss: 7.0777, Val Acc: 0.1348
2026-01-09 12:50:11,460 - experiment_chaotic_lorenz_full_chaotic_run_0 - INFO - Train Epoch 51: [0/472 (0.0%)]	Loss: 0.756664
2026-01-09 12:50:18,077 - experiment_chaotic_lorenz_full_chaotic_run_0 - INFO - Epoch 51: Train Loss: 0.4229, Train Acc: 0.9286, Val Loss: 7.6773, Val Acc: 0.1011
2026-01-09 12:50:18,690 - experiment_chaotic_lorenz_full_chaotic_run_0 - INFO - Train Epoch 52: [0/472 (0.0%)]	Loss: 0.441994
2026-01-09 12:50:25,262 - experiment_chaotic_lorenz_full_chaotic_run_0 - INFO - Epoch 52: Train Loss: 0.4860, Train Acc: 0.9152, Val Loss: 5.9904, Val Acc: 0.1573
2026-01-09 12:50:25,883 - experiment_chaotic_lorenz_full_chaotic_run_0 - INFO - Train Epoch 53: [0/472 (0.0%)]	Loss: 0.265534
2026-01-09 12:50:32,446 - experiment_chaotic_lorenz_full_chaotic_run_0 - INFO - Epoch 53: Train Loss: 0.3948, Train Acc: 0.9241, Val Loss: 6.5648, Val Acc: 0.2022
2026-01-09 12:50:33,058 - experiment_chaotic_lorenz_full_chaotic_run_0 - INFO - Train Epoch 54: [0/472 (0.0%)]	Loss: 0.326867
2026-01-09 12:50:39,701 - experiment_chaotic_lorenz_full_chaotic_run_0 - INFO - Epoch 54: Train Loss: 0.4873, Train Acc: 0.9085, Val Loss: 5.3657, Val Acc: 0.2247
2026-01-09 12:50:40,304 - experiment_chaotic_lorenz_full_chaotic_run_0 - INFO - Train Epoch 55: [0/472 (0.0%)]	Loss: 0.197528
2026-01-09 12:50:46,909 - experiment_chaotic_lorenz_full_chaotic_run_0 - INFO - Epoch 55: Train Loss: 0.4660, Train Acc: 0.9286, Val Loss: 2.7951, Val Acc: 0.4607
2026-01-09 12:50:47,527 - experiment_chaotic_lorenz_full_chaotic_run_0 - INFO - Train Epoch 56: [0/472 (0.0%)]	Loss: 0.363244
2026-01-09 12:50:54,113 - experiment_chaotic_lorenz_full_chaotic_run_0 - INFO - Epoch 56: Train Loss: 0.4275, Train Acc: 0.9263, Val Loss: 2.3286, Val Acc: 0.5056
2026-01-09 12:50:54,716 - experiment_chaotic_lorenz_full_chaotic_run_0 - INFO - Train Epoch 57: [0/472 (0.0%)]	Loss: 0.264982
2026-01-09 12:51:01,259 - experiment_chaotic_lorenz_full_chaotic_run_0 - INFO - Epoch 57: Train Loss: 0.3068, Train Acc: 0.9464, Val Loss: 1.0051, Val Acc: 0.7528
2026-01-09 12:51:01,350 - experiment_chaotic_lorenz_full_chaotic_run_0 - INFO - Saved new best model at epoch 57
2026-01-09 12:51:01,997 - experiment_chaotic_lorenz_full_chaotic_run_0 - INFO - Train Epoch 58: [0/472 (0.0%)]	Loss: 0.214577
2026-01-09 12:51:08,544 - experiment_chaotic_lorenz_full_chaotic_run_0 - INFO - Epoch 58: Train Loss: 0.2895, Train Acc: 0.9531, Val Loss: 3.8492, Val Acc: 0.3596
2026-01-09 12:51:09,168 - experiment_chaotic_lorenz_full_chaotic_run_0 - INFO - Train Epoch 59: [0/472 (0.0%)]	Loss: 0.133569
2026-01-09 12:51:15,686 - experiment_chaotic_lorenz_full_chaotic_run_0 - INFO - Epoch 59: Train Loss: 0.3074, Train Acc: 0.9531, Val Loss: 8.4154, Val Acc: 0.1685
2026-01-09 12:51:16,312 - experiment_chaotic_lorenz_full_chaotic_run_0 - INFO - Train Epoch 60: [0/472 (0.0%)]	Loss: 0.350013
2026-01-09 12:51:22,937 - experiment_chaotic_lorenz_full_chaotic_run_0 - INFO - Epoch 60: Train Loss: 0.2886, Train Acc: 0.9397, Val Loss: 1.4682, Val Acc: 0.7528
2026-01-09 12:51:23,634 - experiment_chaotic_lorenz_full_chaotic_run_0 - INFO - Train Epoch 61: [0/472 (0.0%)]	Loss: 0.162897
2026-01-09 12:51:30,188 - experiment_chaotic_lorenz_full_chaotic_run_0 - INFO - Epoch 61: Train Loss: 0.3753, Train Acc: 0.9442, Val Loss: 6.4174, Val Acc: 0.2809
2026-01-09 12:51:30,813 - experiment_chaotic_lorenz_full_chaotic_run_0 - INFO - Train Epoch 62: [0/472 (0.0%)]	Loss: 0.805381
2026-01-09 12:51:37,406 - experiment_chaotic_lorenz_full_chaotic_run_0 - INFO - Epoch 62: Train Loss: 0.2811, Train Acc: 0.9487, Val Loss: 4.6248, Val Acc: 0.3034
2026-01-09 12:51:38,028 - experiment_chaotic_lorenz_full_chaotic_run_0 - INFO - Train Epoch 63: [0/472 (0.0%)]	Loss: 0.365379
2026-01-09 12:51:44,591 - experiment_chaotic_lorenz_full_chaotic_run_0 - INFO - Epoch 63: Train Loss: 0.3791, Train Acc: 0.9286, Val Loss: 3.0297, Val Acc: 0.4719
2026-01-09 12:51:45,211 - experiment_chaotic_lorenz_full_chaotic_run_0 - INFO - Train Epoch 64: [0/472 (0.0%)]	Loss: 0.492762
2026-01-09 12:51:51,781 - experiment_chaotic_lorenz_full_chaotic_run_0 - INFO - Epoch 64: Train Loss: 0.3150, Train Acc: 0.9554, Val Loss: 2.2185, Val Acc: 0.6292
2026-01-09 12:51:52,400 - experiment_chaotic_lorenz_full_chaotic_run_0 - INFO - Train Epoch 65: [0/472 (0.0%)]	Loss: 0.352917
2026-01-09 12:51:58,957 - experiment_chaotic_lorenz_full_chaotic_run_0 - INFO - Epoch 65: Train Loss: 0.3208, Train Acc: 0.9420, Val Loss: 1.9595, Val Acc: 0.5730
2026-01-09 12:51:59,562 - experiment_chaotic_lorenz_full_chaotic_run_0 - INFO - Train Epoch 66: [0/472 (0.0%)]	Loss: 0.205325
2026-01-09 12:52:06,367 - experiment_chaotic_lorenz_full_chaotic_run_0 - INFO - Epoch 66: Train Loss: 0.3999, Train Acc: 0.9308, Val Loss: 3.6828, Val Acc: 0.3933
2026-01-09 12:52:06,977 - experiment_chaotic_lorenz_full_chaotic_run_0 - INFO - Train Epoch 67: [0/472 (0.0%)]	Loss: 0.256145
2026-01-09 12:52:13,550 - experiment_chaotic_lorenz_full_chaotic_run_0 - INFO - Epoch 67: Train Loss: 0.3785, Train Acc: 0.9263, Val Loss: 5.0913, Val Acc: 0.2921
2026-01-09 12:52:14,164 - experiment_chaotic_lorenz_full_chaotic_run_0 - INFO - Train Epoch 68: [0/472 (0.0%)]	Loss: 0.399064
2026-01-09 12:52:20,745 - experiment_chaotic_lorenz_full_chaotic_run_0 - INFO - Epoch 68: Train Loss: 0.4924, Train Acc: 0.9196, Val Loss: 6.1965, Val Acc: 0.1461
2026-01-09 12:52:21,351 - experiment_chaotic_lorenz_full_chaotic_run_0 - INFO - Train Epoch 69: [0/472 (0.0%)]	Loss: 0.190736
2026-01-09 12:52:28,035 - experiment_chaotic_lorenz_full_chaotic_run_0 - INFO - Epoch 69: Train Loss: 0.4165, Train Acc: 0.9286, Val Loss: 2.3744, Val Acc: 0.4944
2026-01-09 12:52:28,636 - experiment_chaotic_lorenz_full_chaotic_run_0 - INFO - Train Epoch 70: [0/472 (0.0%)]	Loss: 0.344975
2026-01-09 12:52:35,216 - experiment_chaotic_lorenz_full_chaotic_run_0 - INFO - Epoch 70: Train Loss: 0.3895, Train Acc: 0.9330, Val Loss: 3.9947, Val Acc: 0.3708
2026-01-09 12:52:35,903 - experiment_chaotic_lorenz_full_chaotic_run_0 - INFO - Train Epoch 71: [0/472 (0.0%)]	Loss: 0.189140
2026-01-09 12:52:42,462 - experiment_chaotic_lorenz_full_chaotic_run_0 - INFO - Epoch 71: Train Loss: 0.3174, Train Acc: 0.9531, Val Loss: 2.7711, Val Acc: 0.5169
2026-01-09 12:52:43,065 - experiment_chaotic_lorenz_full_chaotic_run_0 - INFO - Train Epoch 72: [0/472 (0.0%)]	Loss: 0.238183
2026-01-09 12:52:49,723 - experiment_chaotic_lorenz_full_chaotic_run_0 - INFO - Epoch 72: Train Loss: 0.3433, Train Acc: 0.9531, Val Loss: 1.4505, Val Acc: 0.7303
2026-01-09 12:52:50,332 - experiment_chaotic_lorenz_full_chaotic_run_0 - INFO - Train Epoch 73: [0/472 (0.0%)]	Loss: 0.263431
2026-01-09 12:52:56,978 - experiment_chaotic_lorenz_full_chaotic_run_0 - INFO - Epoch 73: Train Loss: 0.3137, Train Acc: 0.9531, Val Loss: 4.7728, Val Acc: 0.2921
2026-01-09 12:52:57,579 - experiment_chaotic_lorenz_full_chaotic_run_0 - INFO - Train Epoch 74: [0/472 (0.0%)]	Loss: 0.125094
2026-01-09 12:53:04,192 - experiment_chaotic_lorenz_full_chaotic_run_0 - INFO - Epoch 74: Train Loss: 0.2359, Train Acc: 0.9621, Val Loss: 4.0488, Val Acc: 0.4382
2026-01-09 12:53:04,806 - experiment_chaotic_lorenz_full_chaotic_run_0 - INFO - Train Epoch 75: [0/472 (0.0%)]	Loss: 0.159379
2026-01-09 12:53:11,430 - experiment_chaotic_lorenz_full_chaotic_run_0 - INFO - Epoch 75: Train Loss: 0.2180, Train Acc: 0.9754, Val Loss: 2.6313, Val Acc: 0.5843
2026-01-09 12:53:12,020 - experiment_chaotic_lorenz_full_chaotic_run_0 - INFO - Train Epoch 76: [0/472 (0.0%)]	Loss: 0.312490
2026-01-09 12:53:18,680 - experiment_chaotic_lorenz_full_chaotic_run_0 - INFO - Epoch 76: Train Loss: 0.2532, Train Acc: 0.9643, Val Loss: 0.7859, Val Acc: 0.8315
2026-01-09 12:53:18,769 - experiment_chaotic_lorenz_full_chaotic_run_0 - INFO - Saved new best model at epoch 76
2026-01-09 12:53:19,400 - experiment_chaotic_lorenz_full_chaotic_run_0 - INFO - Train Epoch 77: [0/472 (0.0%)]	Loss: 0.227367
2026-01-09 12:53:25,919 - experiment_chaotic_lorenz_full_chaotic_run_0 - INFO - Epoch 77: Train Loss: 0.2751, Train Acc: 0.9643, Val Loss: 1.8182, Val Acc: 0.6742
2026-01-09 12:53:26,509 - experiment_chaotic_lorenz_full_chaotic_run_0 - INFO - Train Epoch 78: [0/472 (0.0%)]	Loss: 0.277206
2026-01-09 12:53:33,049 - experiment_chaotic_lorenz_full_chaotic_run_0 - INFO - Epoch 78: Train Loss: 0.2116, Train Acc: 0.9754, Val Loss: 5.0203, Val Acc: 0.2809
2026-01-09 12:53:33,649 - experiment_chaotic_lorenz_full_chaotic_run_0 - INFO - Train Epoch 79: [0/472 (0.0%)]	Loss: 0.530513
2026-01-09 12:53:40,204 - experiment_chaotic_lorenz_full_chaotic_run_0 - INFO - Epoch 79: Train Loss: 0.3048, Train Acc: 0.9554, Val Loss: 2.7311, Val Acc: 0.5281
2026-01-09 12:53:40,804 - experiment_chaotic_lorenz_full_chaotic_run_0 - INFO - Train Epoch 80: [0/472 (0.0%)]	Loss: 0.178565
2026-01-09 12:53:47,344 - experiment_chaotic_lorenz_full_chaotic_run_0 - INFO - Epoch 80: Train Loss: 0.2207, Train Acc: 0.9777, Val Loss: 6.8655, Val Acc: 0.2809
2026-01-09 12:53:48,020 - experiment_chaotic_lorenz_full_chaotic_run_0 - INFO - Train Epoch 81: [0/472 (0.0%)]	Loss: 0.124107
2026-01-09 12:53:54,597 - experiment_chaotic_lorenz_full_chaotic_run_0 - INFO - Epoch 81: Train Loss: 0.3304, Train Acc: 0.9509, Val Loss: 5.7492, Val Acc: 0.2472
2026-01-09 12:53:55,189 - experiment_chaotic_lorenz_full_chaotic_run_0 - INFO - Train Epoch 82: [0/472 (0.0%)]	Loss: 0.169700
2026-01-09 12:54:01,741 - experiment_chaotic_lorenz_full_chaotic_run_0 - INFO - Epoch 82: Train Loss: 0.3151, Train Acc: 0.9531, Val Loss: 4.6788, Val Acc: 0.3258
2026-01-09 12:54:02,344 - experiment_chaotic_lorenz_full_chaotic_run_0 - INFO - Train Epoch 83: [0/472 (0.0%)]	Loss: 0.614502
2026-01-09 12:54:08,863 - experiment_chaotic_lorenz_full_chaotic_run_0 - INFO - Epoch 83: Train Loss: 0.2865, Train Acc: 0.9442, Val Loss: 0.6506, Val Acc: 0.8315
2026-01-09 12:54:09,464 - experiment_chaotic_lorenz_full_chaotic_run_0 - INFO - Train Epoch 84: [0/472 (0.0%)]	Loss: 0.178140
2026-01-09 12:54:15,969 - experiment_chaotic_lorenz_full_chaotic_run_0 - INFO - Epoch 84: Train Loss: 0.2135, Train Acc: 0.9754, Val Loss: 3.2679, Val Acc: 0.4607
2026-01-09 12:54:16,565 - experiment_chaotic_lorenz_full_chaotic_run_0 - INFO - Train Epoch 85: [0/472 (0.0%)]	Loss: 0.140332
2026-01-09 12:54:23,142 - experiment_chaotic_lorenz_full_chaotic_run_0 - INFO - Epoch 85: Train Loss: 0.2130, Train Acc: 0.9710, Val Loss: 4.7549, Val Acc: 0.3933
2026-01-09 12:54:23,737 - experiment_chaotic_lorenz_full_chaotic_run_0 - INFO - Train Epoch 86: [0/472 (0.0%)]	Loss: 0.119498
2026-01-09 12:54:30,326 - experiment_chaotic_lorenz_full_chaotic_run_0 - INFO - Epoch 86: Train Loss: 0.2595, Train Acc: 0.9732, Val Loss: 3.0660, Val Acc: 0.5618
2026-01-09 12:54:30,933 - experiment_chaotic_lorenz_full_chaotic_run_0 - INFO - Train Epoch 87: [0/472 (0.0%)]	Loss: 0.314027
2026-01-09 12:54:37,483 - experiment_chaotic_lorenz_full_chaotic_run_0 - INFO - Epoch 87: Train Loss: 0.2855, Train Acc: 0.9509, Val Loss: 4.7453, Val Acc: 0.3371
2026-01-09 12:54:38,080 - experiment_chaotic_lorenz_full_chaotic_run_0 - INFO - Train Epoch 88: [0/472 (0.0%)]	Loss: 0.176737
2026-01-09 12:54:44,653 - experiment_chaotic_lorenz_full_chaotic_run_0 - INFO - Epoch 88: Train Loss: 0.2348, Train Acc: 0.9688, Val Loss: 1.9419, Val Acc: 0.6404
2026-01-09 12:54:45,244 - experiment_chaotic_lorenz_full_chaotic_run_0 - INFO - Train Epoch 89: [0/472 (0.0%)]	Loss: 0.269900
2026-01-09 12:54:51,797 - experiment_chaotic_lorenz_full_chaotic_run_0 - INFO - Epoch 89: Train Loss: 0.4134, Train Acc: 0.9487, Val Loss: 1.0230, Val Acc: 0.7978
2026-01-09 12:54:52,381 - experiment_chaotic_lorenz_full_chaotic_run_0 - INFO - Train Epoch 90: [0/472 (0.0%)]	Loss: 0.142150
2026-01-09 12:54:58,987 - experiment_chaotic_lorenz_full_chaotic_run_0 - INFO - Epoch 90: Train Loss: 0.2352, Train Acc: 0.9665, Val Loss: 4.2109, Val Acc: 0.4494
2026-01-09 12:54:59,662 - experiment_chaotic_lorenz_full_chaotic_run_0 - INFO - Train Epoch 91: [0/472 (0.0%)]	Loss: 0.228490
2026-01-09 12:55:06,226 - experiment_chaotic_lorenz_full_chaotic_run_0 - INFO - Epoch 91: Train Loss: 0.2101, Train Acc: 0.9688, Val Loss: 3.1770, Val Acc: 0.4607
2026-01-09 12:55:06,817 - experiment_chaotic_lorenz_full_chaotic_run_0 - INFO - Train Epoch 92: [0/472 (0.0%)]	Loss: 0.118850
2026-01-09 12:55:13,388 - experiment_chaotic_lorenz_full_chaotic_run_0 - INFO - Epoch 92: Train Loss: 0.1958, Train Acc: 0.9710, Val Loss: 0.6586, Val Acc: 0.8202
2026-01-09 12:55:14,000 - experiment_chaotic_lorenz_full_chaotic_run_0 - INFO - Train Epoch 93: [0/472 (0.0%)]	Loss: 0.127531
2026-01-09 12:55:20,717 - experiment_chaotic_lorenz_full_chaotic_run_0 - INFO - Epoch 93: Train Loss: 0.2228, Train Acc: 0.9732, Val Loss: 5.4760, Val Acc: 0.3483
2026-01-09 12:55:21,321 - experiment_chaotic_lorenz_full_chaotic_run_0 - INFO - Train Epoch 94: [0/472 (0.0%)]	Loss: 0.166194
2026-01-09 12:55:27,976 - experiment_chaotic_lorenz_full_chaotic_run_0 - INFO - Epoch 94: Train Loss: 0.1798, Train Acc: 0.9799, Val Loss: 1.0711, Val Acc: 0.7528
2026-01-09 12:55:28,569 - experiment_chaotic_lorenz_full_chaotic_run_0 - INFO - Train Epoch 95: [0/472 (0.0%)]	Loss: 0.115465
2026-01-09 12:55:35,138 - experiment_chaotic_lorenz_full_chaotic_run_0 - INFO - Epoch 95: Train Loss: 0.2593, Train Acc: 0.9754, Val Loss: 1.2090, Val Acc: 0.7303
2026-01-09 12:55:35,737 - experiment_chaotic_lorenz_full_chaotic_run_0 - INFO - Train Epoch 96: [0/472 (0.0%)]	Loss: 0.195336
2026-01-09 12:55:42,349 - experiment_chaotic_lorenz_full_chaotic_run_0 - INFO - Epoch 96: Train Loss: 0.2837, Train Acc: 0.9554, Val Loss: 5.5072, Val Acc: 0.4157
2026-01-09 12:55:42,936 - experiment_chaotic_lorenz_full_chaotic_run_0 - INFO - Train Epoch 97: [0/472 (0.0%)]	Loss: 0.313864
2026-01-09 12:55:49,496 - experiment_chaotic_lorenz_full_chaotic_run_0 - INFO - Epoch 97: Train Loss: 0.2831, Train Acc: 0.9531, Val Loss: 4.6530, Val Acc: 0.3034
2026-01-09 12:55:50,085 - experiment_chaotic_lorenz_full_chaotic_run_0 - INFO - Train Epoch 98: [0/472 (0.0%)]	Loss: 0.452080
2026-01-09 12:55:56,625 - experiment_chaotic_lorenz_full_chaotic_run_0 - INFO - Epoch 98: Train Loss: 0.3874, Train Acc: 0.9420, Val Loss: 7.3638, Val Acc: 0.2135
2026-01-09 12:55:57,222 - experiment_chaotic_lorenz_full_chaotic_run_0 - INFO - Train Epoch 99: [0/472 (0.0%)]	Loss: 0.589353
2026-01-09 12:56:03,832 - experiment_chaotic_lorenz_full_chaotic_run_0 - INFO - Epoch 99: Train Loss: 0.2492, Train Acc: 0.9621, Val Loss: 1.3050, Val Acc: 0.6742
2026-01-09 12:56:03,838 - experiment_chaotic_lorenz_full_chaotic_run_0 - INFO - Running final test evaluation...
2026-01-09 12:56:05,992 - experiment_chaotic_lorenz_full_chaotic_run_0 - INFO - Test Results:
2026-01-09 12:56:05,992 - experiment_chaotic_lorenz_full_chaotic_run_0 - INFO -   loss: 1.1506
2026-01-09 12:56:05,992 - experiment_chaotic_lorenz_full_chaotic_run_0 - INFO -   accuracy: 0.6695
2026-01-09 12:56:05,992 - experiment_chaotic_lorenz_full_chaotic_run_0 - INFO -   avg_confidence: 0.9953
2026-01-09 12:56:05,992 - experiment_chaotic_lorenz_full_chaotic_run_0 - INFO -   embedding_diversity: 0.1115
2026-01-09 12:56:05,992 - experiment_chaotic_lorenz_full_chaotic_run_0 - INFO -   embedding_norm_mean: 1.0000
2026-01-09 12:56:05,992 - experiment_chaotic_lorenz_full_chaotic_run_0 - INFO -   embedding_norm_std: 0.0000
2026-01-09 12:56:05,994 - experiment_chaotic_lorenz_full_chaotic_run_0 - INFO - Training completed
2026-01-09 12:56:06,761 - experiment_chaotic_lorenz_full_chaotic_run_0 - INFO - Running comprehensive chaotic network analysis...
2026-01-09 12:56:06,762 - experiment_chaotic_lorenz_full_chaotic_run_0 - INFO - Analyzing chaotic features and dynamics...
2026-01-09 12:56:07,823 - experiment_chaotic_lorenz_full_chaotic_run_0 - INFO - Chaotic analysis completed
2026-01-09 12:56:07,825 - experiment_chaotic_lorenz_full_chaotic_run_0 - INFO - Creating chaotic dynamics visualizations...
2026-01-09 12:56:10,178 - experiment_chaotic_lorenz_full_chaotic_run_0 - WARNING - Embedding plotting failed: boolean index did not match indexed array along dimension 0; dimension is 8 but corresponding boolean dimension is 32
2026-01-09 12:56:10,184 - experiment_chaotic_lorenz_full_chaotic_run_0 - INFO - Chaotic network analysis completed
2026-01-09 13:01:45,975 - experiment_chaotic_lorenz_full_chaotic_run_0 - INFO - Initialized experiment: chaotic_lorenz_full_chaotic_run_0
2026-01-09 13:01:45,976 - experiment_chaotic_lorenz_full_chaotic_run_0 - INFO - Device: cuda
2026-01-09 13:01:45,976 - experiment_chaotic_lorenz_full_chaotic_run_0 - INFO - Output directory: /scratch/project_2003370/yueyao/Model/experiments/configs/sync_experiments/A/experiments/chaotic_lorenz_full_chaotic_run_0
2026-01-09 13:01:45,976 - experiment_chaotic_lorenz_full_chaotic_run_0 - INFO - Initialized chaotic network experiment with lorenz system
2026-01-09 13:01:45,976 - experiment_chaotic_lorenz_full_chaotic_run_0 - INFO - Setting up experiment components...
2026-01-09 13:01:45,976 - experiment_chaotic_lorenz_full_chaotic_run_0 - INFO - Creating dataloaders...
2026-01-09 13:01:46,357 - experiment_chaotic_lorenz_full_chaotic_run_0 - INFO - Detected 26 speakers in dataset
2026-01-09 13:01:46,357 - experiment_chaotic_lorenz_full_chaotic_run_0 - INFO - Dataloaders created:
2026-01-09 13:01:46,357 - experiment_chaotic_lorenz_full_chaotic_run_0 - INFO -   Train: 14 batches
2026-01-09 13:01:46,357 - experiment_chaotic_lorenz_full_chaotic_run_0 - INFO -   Val: 3 batches
2026-01-09 13:01:46,358 - experiment_chaotic_lorenz_full_chaotic_run_0 - INFO -   Test: 4 batches
2026-01-09 13:01:46,358 - experiment_chaotic_lorenz_full_chaotic_run_0 - INFO - Creating model...
2026-01-09 13:01:46,358 - experiment_chaotic_lorenz_full_chaotic_run_0 - INFO - Using actual num_speakers from dataset: 26
2026-01-09 13:01:46,358 - experiment_chaotic_lorenz_full_chaotic_run_0 - INFO - [BIFURCATION] use_bifurcation_control=False
2026-01-09 13:02:17,224 - experiment_chaotic_lorenz_full_chaotic_run_0 - INFO - Total parameters: 458,181
2026-01-09 13:02:17,224 - experiment_chaotic_lorenz_full_chaotic_run_0 - INFO - Trainable parameters: 458,181
2026-01-09 13:02:17,224 - experiment_chaotic_lorenz_full_chaotic_run_0 - INFO - Creating optimizer...
2026-01-09 13:02:18,341 - experiment_chaotic_lorenz_full_chaotic_run_0 - INFO - Optimizer: AdamW
2026-01-09 13:02:18,341 - experiment_chaotic_lorenz_full_chaotic_run_0 - INFO - Creating scheduler...
2026-01-09 13:02:18,341 - experiment_chaotic_lorenz_full_chaotic_run_0 - INFO - Scheduler: CosineAnnealingLR
2026-01-09 13:02:18,341 - experiment_chaotic_lorenz_full_chaotic_run_0 - INFO - Creating criterion...
2026-01-09 13:02:18,341 - experiment_chaotic_lorenz_full_chaotic_run_0 - INFO - Criterion: CrossEntropyLoss
2026-01-09 13:02:18,391 - experiment_chaotic_lorenz_full_chaotic_run_0 - INFO - Configuration saved to: /scratch/project_2003370/yueyao/Model/experiments/configs/sync_experiments/A/experiments/chaotic_lorenz_full_chaotic_run_0/config.json
2026-01-09 13:02:18,392 - experiment_chaotic_lorenz_full_chaotic_run_0 - INFO - Experiment setup completed
2026-01-09 13:02:18,392 - experiment_chaotic_lorenz_full_chaotic_run_0 - INFO - Starting training for 100 epochs
2026-01-09 13:02:18,511 - experiment_chaotic_lorenz_full_chaotic_run_0 - INFO - 
================================================================================
2026-01-09 13:02:18,512 - experiment_chaotic_lorenz_full_chaotic_run_0 - INFO - COMPREHENSIVE DEBUG - FIRST BATCH
2026-01-09 13:02:18,512 - experiment_chaotic_lorenz_full_chaotic_run_0 - INFO - ================================================================================
2026-01-09 13:02:18,512 - experiment_chaotic_lorenz_full_chaotic_run_0 - INFO - Batch Info:
2026-01-09 13:02:18,512 - experiment_chaotic_lorenz_full_chaotic_run_0 - INFO -   Audio shape: torch.Size([32, 48000])
2026-01-09 13:02:18,512 - experiment_chaotic_lorenz_full_chaotic_run_0 - INFO -   Targets shape: torch.Size([32])
2026-01-09 13:02:18,517 - experiment_chaotic_lorenz_full_chaotic_run_0 - INFO -   Targets (first 8): tensor([19, 24, 16, 12, 16, 10,  8,  2], device='cuda:0')
2026-01-09 13:02:19,109 - experiment_chaotic_lorenz_full_chaotic_run_0 - INFO - ================================================================================

2026-01-09 13:02:19,111 - experiment_chaotic_lorenz_full_chaotic_run_0 - INFO - [ADVERSARIAL] Initialized AdversarialChaoticAugmentation
2026-01-09 13:02:19,245 - experiment_chaotic_lorenz_full_chaotic_run_0 - INFO - [SYNC LOSS] Initialized PhaseSynchronizationLoss
2026-01-09 13:02:19,388 - experiment_chaotic_lorenz_full_chaotic_run_0 - INFO - [STABILITY] Initialized LyapunovStabilityLoss
2026-01-09 13:02:20,256 - experiment_chaotic_lorenz_full_chaotic_run_0 - INFO - Train Epoch 0: [0/472 (0.0%)]	Loss: 4.872292
2026-01-09 13:02:29,346 - experiment_chaotic_lorenz_full_chaotic_run_0 - INFO - [ADVERSARIAL] Warmup: epoch 1/5
2026-01-09 13:02:30,290 - experiment_chaotic_lorenz_full_chaotic_run_0 - INFO - Epoch 0: Train Loss: 4.4658, Train Acc: 0.0424, Val Loss: 4.2633, Val Acc: 0.0449
2026-01-09 13:02:30,370 - experiment_chaotic_lorenz_full_chaotic_run_0 - INFO - Saved new best model at epoch 0
2026-01-09 13:02:31,360 - experiment_chaotic_lorenz_full_chaotic_run_0 - INFO - Train Epoch 1: [0/472 (0.0%)]	Loss: 4.671061
2026-01-09 13:02:40,434 - experiment_chaotic_lorenz_full_chaotic_run_0 - INFO - [ADVERSARIAL] Warmup: epoch 2/5
2026-01-09 13:02:41,346 - experiment_chaotic_lorenz_full_chaotic_run_0 - INFO - Epoch 1: Train Loss: 4.1486, Train Acc: 0.0513, Val Loss: 3.9100, Val Acc: 0.1011
2026-01-09 13:02:41,430 - experiment_chaotic_lorenz_full_chaotic_run_0 - INFO - Saved new best model at epoch 1
2026-01-09 13:02:42,332 - experiment_chaotic_lorenz_full_chaotic_run_0 - INFO - Train Epoch 2: [0/472 (0.0%)]	Loss: 3.622807
2026-01-09 13:02:51,406 - experiment_chaotic_lorenz_full_chaotic_run_0 - INFO - [ADVERSARIAL] Warmup: epoch 3/5
2026-01-09 13:02:52,337 - experiment_chaotic_lorenz_full_chaotic_run_0 - INFO - Epoch 2: Train Loss: 3.7365, Train Acc: 0.1094, Val Loss: 4.9368, Val Acc: 0.0449
2026-01-09 13:02:53,210 - experiment_chaotic_lorenz_full_chaotic_run_0 - INFO - Train Epoch 3: [0/472 (0.0%)]	Loss: 3.681845
2026-01-09 13:03:02,521 - experiment_chaotic_lorenz_full_chaotic_run_0 - INFO - [ADVERSARIAL] Warmup: epoch 4/5
2026-01-09 13:03:03,450 - experiment_chaotic_lorenz_full_chaotic_run_0 - INFO - Epoch 3: Train Loss: 3.4099, Train Acc: 0.1339, Val Loss: 5.2592, Val Acc: 0.0449
2026-01-09 13:03:04,340 - experiment_chaotic_lorenz_full_chaotic_run_0 - INFO - Train Epoch 4: [0/472 (0.0%)]	Loss: 3.271633
2026-01-09 13:03:13,439 - experiment_chaotic_lorenz_full_chaotic_run_0 - INFO - [ADVERSARIAL] Warmup: epoch 5/5
2026-01-09 13:03:14,413 - experiment_chaotic_lorenz_full_chaotic_run_0 - INFO - Epoch 4: Train Loss: 2.9002, Train Acc: 0.2478, Val Loss: 5.9101, Val Acc: 0.0449
2026-01-09 13:03:15,027 - experiment_chaotic_lorenz_full_chaotic_run_0 - INFO - Train Epoch 5: [0/472 (0.0%)]	Loss: 2.753514
2026-01-09 13:03:20,843 - experiment_chaotic_lorenz_full_chaotic_run_0 - INFO - [ADVERSARIAL] Warmup complete, adversarial training activated!
2026-01-09 13:03:21,786 - experiment_chaotic_lorenz_full_chaotic_run_0 - INFO - Epoch 5: Train Loss: 3.1242, Train Acc: 0.3482, Val Loss: 5.5278, Val Acc: 0.0449
2026-01-09 13:03:22,404 - experiment_chaotic_lorenz_full_chaotic_run_0 - INFO - Train Epoch 6: [0/472 (0.0%)]	Loss: 2.854467
2026-01-09 13:03:29,090 - experiment_chaotic_lorenz_full_chaotic_run_0 - INFO - Epoch 6: Train Loss: 2.6252, Train Acc: 0.4107, Val Loss: 7.1238, Val Acc: 0.0449
2026-01-09 13:03:29,706 - experiment_chaotic_lorenz_full_chaotic_run_0 - INFO - Train Epoch 7: [0/472 (0.0%)]	Loss: 2.825373
2026-01-09 13:03:36,624 - experiment_chaotic_lorenz_full_chaotic_run_0 - INFO - Epoch 7: Train Loss: 2.2172, Train Acc: 0.4978, Val Loss: 4.9261, Val Acc: 0.0449
2026-01-09 13:03:37,232 - experiment_chaotic_lorenz_full_chaotic_run_0 - INFO - Train Epoch 8: [0/472 (0.0%)]	Loss: 2.397832
2026-01-09 13:03:44,185 - experiment_chaotic_lorenz_full_chaotic_run_0 - INFO - Epoch 8: Train Loss: 1.9891, Train Acc: 0.5714, Val Loss: 6.3963, Val Acc: 0.0449
2026-01-09 13:03:44,810 - experiment_chaotic_lorenz_full_chaotic_run_0 - INFO - Train Epoch 9: [0/472 (0.0%)]	Loss: 1.657677
2026-01-09 13:03:51,454 - experiment_chaotic_lorenz_full_chaotic_run_0 - INFO - Epoch 9: Train Loss: 1.6806, Train Acc: 0.6451, Val Loss: 5.1408, Val Acc: 0.0674
2026-01-09 13:03:52,059 - experiment_chaotic_lorenz_full_chaotic_run_0 - INFO - Train Epoch 10: [0/472 (0.0%)]	Loss: 1.320593
2026-01-09 13:03:58,918 - experiment_chaotic_lorenz_full_chaotic_run_0 - INFO - Epoch 10: Train Loss: 1.3736, Train Acc: 0.7031, Val Loss: 4.7835, Val Acc: 0.0449
2026-01-09 13:03:59,614 - experiment_chaotic_lorenz_full_chaotic_run_0 - INFO - Train Epoch 11: [0/472 (0.0%)]	Loss: 1.506806
2026-01-09 13:04:06,236 - experiment_chaotic_lorenz_full_chaotic_run_0 - INFO - Epoch 11: Train Loss: 1.2716, Train Acc: 0.7254, Val Loss: 5.4972, Val Acc: 0.0449
2026-01-09 13:04:06,859 - experiment_chaotic_lorenz_full_chaotic_run_0 - INFO - Train Epoch 12: [0/472 (0.0%)]	Loss: 1.302573
2026-01-09 13:04:13,703 - experiment_chaotic_lorenz_full_chaotic_run_0 - INFO - Epoch 12: Train Loss: 1.1528, Train Acc: 0.7388, Val Loss: 5.2240, Val Acc: 0.0562
2026-01-09 13:04:14,319 - experiment_chaotic_lorenz_full_chaotic_run_0 - INFO - Train Epoch 13: [0/472 (0.0%)]	Loss: 0.783726
2026-01-09 13:04:21,086 - experiment_chaotic_lorenz_full_chaotic_run_0 - INFO - Epoch 13: Train Loss: 0.9795, Train Acc: 0.7946, Val Loss: 6.8690, Val Acc: 0.0674
2026-01-09 13:04:21,687 - experiment_chaotic_lorenz_full_chaotic_run_0 - INFO - Train Epoch 14: [0/472 (0.0%)]	Loss: 0.837267
2026-01-09 13:04:28,511 - experiment_chaotic_lorenz_full_chaotic_run_0 - INFO - Epoch 14: Train Loss: 0.9491, Train Acc: 0.7679, Val Loss: 8.1261, Val Acc: 0.0449
2026-01-09 13:04:29,129 - experiment_chaotic_lorenz_full_chaotic_run_0 - INFO - Train Epoch 15: [0/472 (0.0%)]	Loss: 0.812728
2026-01-09 13:04:35,890 - experiment_chaotic_lorenz_full_chaotic_run_0 - INFO - Epoch 15: Train Loss: 0.8279, Train Acc: 0.8326, Val Loss: 7.1785, Val Acc: 0.0899
2026-01-09 13:04:36,493 - experiment_chaotic_lorenz_full_chaotic_run_0 - INFO - Train Epoch 16: [0/472 (0.0%)]	Loss: 0.669199
2026-01-09 13:04:43,211 - experiment_chaotic_lorenz_full_chaotic_run_0 - INFO - Epoch 16: Train Loss: 0.8141, Train Acc: 0.8415, Val Loss: 7.3622, Val Acc: 0.0899
2026-01-09 13:04:43,832 - experiment_chaotic_lorenz_full_chaotic_run_0 - INFO - Train Epoch 17: [0/472 (0.0%)]	Loss: 0.734138
2026-01-09 13:04:50,404 - experiment_chaotic_lorenz_full_chaotic_run_0 - INFO - Epoch 17: Train Loss: 0.8001, Train Acc: 0.8438, Val Loss: 5.6086, Val Acc: 0.0449
2026-01-09 13:04:51,025 - experiment_chaotic_lorenz_full_chaotic_run_0 - INFO - Train Epoch 18: [0/472 (0.0%)]	Loss: 0.900950
2026-01-09 13:04:57,884 - experiment_chaotic_lorenz_full_chaotic_run_0 - INFO - Epoch 18: Train Loss: 0.7342, Train Acc: 0.8571, Val Loss: 3.9690, Val Acc: 0.1348
2026-01-09 13:04:57,970 - experiment_chaotic_lorenz_full_chaotic_run_0 - INFO - Saved new best model at epoch 18
2026-01-09 13:04:58,627 - experiment_chaotic_lorenz_full_chaotic_run_0 - INFO - Train Epoch 19: [0/472 (0.0%)]	Loss: 0.729049
2026-01-09 13:05:05,382 - experiment_chaotic_lorenz_full_chaotic_run_0 - INFO - Epoch 19: Train Loss: 0.6155, Train Acc: 0.8839, Val Loss: 6.6627, Val Acc: 0.1348
2026-01-09 13:05:05,990 - experiment_chaotic_lorenz_full_chaotic_run_0 - INFO - Train Epoch 20: [0/472 (0.0%)]	Loss: 0.720844
2026-01-09 13:05:12,856 - experiment_chaotic_lorenz_full_chaotic_run_0 - INFO - Epoch 20: Train Loss: 0.5789, Train Acc: 0.8817, Val Loss: 7.8376, Val Acc: 0.0787
2026-01-09 13:05:13,565 - experiment_chaotic_lorenz_full_chaotic_run_0 - INFO - Train Epoch 21: [0/472 (0.0%)]	Loss: 0.464619
2026-01-09 13:05:20,261 - experiment_chaotic_lorenz_full_chaotic_run_0 - INFO - Epoch 21: Train Loss: 0.5641, Train Acc: 0.8795, Val Loss: 5.5275, Val Acc: 0.0674
2026-01-09 13:05:20,875 - experiment_chaotic_lorenz_full_chaotic_run_0 - INFO - Train Epoch 22: [0/472 (0.0%)]	Loss: 1.081302
2026-01-09 13:05:27,614 - experiment_chaotic_lorenz_full_chaotic_run_0 - INFO - Epoch 22: Train Loss: 0.6126, Train Acc: 0.8750, Val Loss: 6.1881, Val Acc: 0.0449
2026-01-09 13:05:28,236 - experiment_chaotic_lorenz_full_chaotic_run_0 - INFO - Train Epoch 23: [0/472 (0.0%)]	Loss: 0.527654
2026-01-09 13:05:35,117 - experiment_chaotic_lorenz_full_chaotic_run_0 - INFO - Epoch 23: Train Loss: 0.6086, Train Acc: 0.8817, Val Loss: 4.8373, Val Acc: 0.1685
2026-01-09 13:05:35,200 - experiment_chaotic_lorenz_full_chaotic_run_0 - INFO - Saved new best model at epoch 23
2026-01-09 13:05:35,849 - experiment_chaotic_lorenz_full_chaotic_run_0 - INFO - Train Epoch 24: [0/472 (0.0%)]	Loss: 0.958622
2026-01-09 13:05:42,490 - experiment_chaotic_lorenz_full_chaotic_run_0 - INFO - Epoch 24: Train Loss: 0.4998, Train Acc: 0.8951, Val Loss: 7.6394, Val Acc: 0.0899
2026-01-09 13:05:43,098 - experiment_chaotic_lorenz_full_chaotic_run_0 - INFO - Train Epoch 25: [0/472 (0.0%)]	Loss: 0.424865
2026-01-09 13:05:49,820 - experiment_chaotic_lorenz_full_chaotic_run_0 - INFO - Epoch 25: Train Loss: 0.4819, Train Acc: 0.9018, Val Loss: 6.8640, Val Acc: 0.0562
2026-01-09 13:05:50,437 - experiment_chaotic_lorenz_full_chaotic_run_0 - INFO - Train Epoch 26: [0/472 (0.0%)]	Loss: 0.353623
2026-01-09 13:05:57,191 - experiment_chaotic_lorenz_full_chaotic_run_0 - INFO - Epoch 26: Train Loss: 0.4015, Train Acc: 0.9286, Val Loss: 5.9159, Val Acc: 0.1011
2026-01-09 13:05:57,797 - experiment_chaotic_lorenz_full_chaotic_run_0 - INFO - Train Epoch 27: [0/472 (0.0%)]	Loss: 0.393432
2026-01-09 13:06:04,435 - experiment_chaotic_lorenz_full_chaotic_run_0 - INFO - Epoch 27: Train Loss: 0.4435, Train Acc: 0.9219, Val Loss: 9.2976, Val Acc: 0.0899
2026-01-09 13:06:05,040 - experiment_chaotic_lorenz_full_chaotic_run_0 - INFO - Train Epoch 28: [0/472 (0.0%)]	Loss: 0.276560
2026-01-09 13:06:11,747 - experiment_chaotic_lorenz_full_chaotic_run_0 - INFO - Epoch 28: Train Loss: 0.4186, Train Acc: 0.9286, Val Loss: 9.3547, Val Acc: 0.0899
2026-01-09 13:06:12,364 - experiment_chaotic_lorenz_full_chaotic_run_0 - INFO - Train Epoch 29: [0/472 (0.0%)]	Loss: 0.272924
2026-01-09 13:06:19,170 - experiment_chaotic_lorenz_full_chaotic_run_0 - INFO - Epoch 29: Train Loss: 0.4364, Train Acc: 0.9107, Val Loss: 7.8851, Val Acc: 0.0899
2026-01-09 13:06:19,776 - experiment_chaotic_lorenz_full_chaotic_run_0 - INFO - Train Epoch 30: [0/472 (0.0%)]	Loss: 0.350067
2026-01-09 13:06:26,461 - experiment_chaotic_lorenz_full_chaotic_run_0 - INFO - Epoch 30: Train Loss: 0.3702, Train Acc: 0.9464, Val Loss: 7.7625, Val Acc: 0.0787
2026-01-09 13:06:27,173 - experiment_chaotic_lorenz_full_chaotic_run_0 - INFO - Train Epoch 31: [0/472 (0.0%)]	Loss: 0.462810
2026-01-09 13:06:33,972 - experiment_chaotic_lorenz_full_chaotic_run_0 - INFO - Epoch 31: Train Loss: 0.4099, Train Acc: 0.9219, Val Loss: 5.6523, Val Acc: 0.1573
2026-01-09 13:06:34,572 - experiment_chaotic_lorenz_full_chaotic_run_0 - INFO - Train Epoch 32: [0/472 (0.0%)]	Loss: 0.458501
2026-01-09 13:06:41,481 - experiment_chaotic_lorenz_full_chaotic_run_0 - INFO - Epoch 32: Train Loss: 0.3811, Train Acc: 0.9375, Val Loss: 4.1610, Val Acc: 0.2022
2026-01-09 13:06:41,568 - experiment_chaotic_lorenz_full_chaotic_run_0 - INFO - Saved new best model at epoch 32
2026-01-09 13:06:42,212 - experiment_chaotic_lorenz_full_chaotic_run_0 - INFO - Train Epoch 33: [0/472 (0.0%)]	Loss: 0.376431
2026-01-09 13:06:48,829 - experiment_chaotic_lorenz_full_chaotic_run_0 - INFO - Epoch 33: Train Loss: 0.3511, Train Acc: 0.9464, Val Loss: 4.8595, Val Acc: 0.2360
2026-01-09 13:06:48,912 - experiment_chaotic_lorenz_full_chaotic_run_0 - INFO - Saved new best model at epoch 33
2026-01-09 13:06:49,595 - experiment_chaotic_lorenz_full_chaotic_run_0 - INFO - Train Epoch 34: [0/472 (0.0%)]	Loss: 0.419508
2026-01-09 13:06:56,408 - experiment_chaotic_lorenz_full_chaotic_run_0 - INFO - Epoch 34: Train Loss: 0.4076, Train Acc: 0.9286, Val Loss: 6.8805, Val Acc: 0.1348
2026-01-09 13:06:57,014 - experiment_chaotic_lorenz_full_chaotic_run_0 - INFO - Train Epoch 35: [0/472 (0.0%)]	Loss: 0.186362
2026-01-09 13:07:03,799 - experiment_chaotic_lorenz_full_chaotic_run_0 - INFO - Epoch 35: Train Loss: 0.3780, Train Acc: 0.9353, Val Loss: 5.2505, Val Acc: 0.1573
2026-01-09 13:07:04,400 - experiment_chaotic_lorenz_full_chaotic_run_0 - INFO - Train Epoch 36: [0/472 (0.0%)]	Loss: 0.158125
2026-01-09 13:07:11,264 - experiment_chaotic_lorenz_full_chaotic_run_0 - INFO - Epoch 36: Train Loss: 0.2907, Train Acc: 0.9554, Val Loss: 6.9088, Val Acc: 0.1348
2026-01-09 13:07:11,872 - experiment_chaotic_lorenz_full_chaotic_run_0 - INFO - Train Epoch 37: [0/472 (0.0%)]	Loss: 0.175880
2026-01-09 13:07:18,524 - experiment_chaotic_lorenz_full_chaotic_run_0 - INFO - Epoch 37: Train Loss: 0.2278, Train Acc: 0.9844, Val Loss: 4.6572, Val Acc: 0.2022
2026-01-09 13:07:19,154 - experiment_chaotic_lorenz_full_chaotic_run_0 - INFO - Train Epoch 38: [0/472 (0.0%)]	Loss: 0.258675
2026-01-09 13:07:25,884 - experiment_chaotic_lorenz_full_chaotic_run_0 - INFO - Epoch 38: Train Loss: 0.2705, Train Acc: 0.9576, Val Loss: 4.3871, Val Acc: 0.2697
2026-01-09 13:07:25,965 - experiment_chaotic_lorenz_full_chaotic_run_0 - INFO - Saved new best model at epoch 38
2026-01-09 13:07:26,618 - experiment_chaotic_lorenz_full_chaotic_run_0 - INFO - Train Epoch 39: [0/472 (0.0%)]	Loss: 0.126259
2026-01-09 13:07:33,333 - experiment_chaotic_lorenz_full_chaotic_run_0 - INFO - Epoch 39: Train Loss: 0.2118, Train Acc: 0.9799, Val Loss: 2.9255, Val Acc: 0.3933
2026-01-09 13:07:33,414 - experiment_chaotic_lorenz_full_chaotic_run_0 - INFO - Saved new best model at epoch 39
2026-01-09 13:07:34,058 - experiment_chaotic_lorenz_full_chaotic_run_0 - INFO - Train Epoch 40: [0/472 (0.0%)]	Loss: 0.205793
2026-01-09 13:07:40,982 - experiment_chaotic_lorenz_full_chaotic_run_0 - INFO - Epoch 40: Train Loss: 0.2723, Train Acc: 0.9621, Val Loss: 8.1805, Val Acc: 0.1011
2026-01-09 13:07:41,676 - experiment_chaotic_lorenz_full_chaotic_run_0 - INFO - Train Epoch 41: [0/472 (0.0%)]	Loss: 0.156854
2026-01-09 13:07:48,318 - experiment_chaotic_lorenz_full_chaotic_run_0 - INFO - Epoch 41: Train Loss: 0.2186, Train Acc: 0.9799, Val Loss: 7.2322, Val Acc: 0.1011
2026-01-09 13:07:48,921 - experiment_chaotic_lorenz_full_chaotic_run_0 - INFO - Train Epoch 42: [0/472 (0.0%)]	Loss: 0.209231
2026-01-09 13:07:55,583 - experiment_chaotic_lorenz_full_chaotic_run_0 - INFO - Epoch 42: Train Loss: 0.1845, Train Acc: 0.9888, Val Loss: 6.6325, Val Acc: 0.1124
2026-01-09 13:07:56,206 - experiment_chaotic_lorenz_full_chaotic_run_0 - INFO - Train Epoch 43: [0/472 (0.0%)]	Loss: 0.148509
2026-01-09 13:08:03,009 - experiment_chaotic_lorenz_full_chaotic_run_0 - INFO - Epoch 43: Train Loss: 0.1769, Train Acc: 0.9844, Val Loss: 2.6838, Val Acc: 0.5169
2026-01-09 13:08:03,098 - experiment_chaotic_lorenz_full_chaotic_run_0 - INFO - Saved new best model at epoch 43
2026-01-09 13:08:03,752 - experiment_chaotic_lorenz_full_chaotic_run_0 - INFO - Train Epoch 44: [0/472 (0.0%)]	Loss: 0.162010
2026-01-09 13:08:10,439 - experiment_chaotic_lorenz_full_chaotic_run_0 - INFO - Epoch 44: Train Loss: 0.2242, Train Acc: 0.9777, Val Loss: 1.6760, Val Acc: 0.6292
2026-01-09 13:08:10,524 - experiment_chaotic_lorenz_full_chaotic_run_0 - INFO - Saved new best model at epoch 44
2026-01-09 13:08:11,184 - experiment_chaotic_lorenz_full_chaotic_run_0 - INFO - Train Epoch 45: [0/472 (0.0%)]	Loss: 0.141347
2026-01-09 13:08:17,827 - experiment_chaotic_lorenz_full_chaotic_run_0 - INFO - Epoch 45: Train Loss: 0.1709, Train Acc: 0.9911, Val Loss: 7.3390, Val Acc: 0.1573
2026-01-09 13:08:18,444 - experiment_chaotic_lorenz_full_chaotic_run_0 - INFO - Train Epoch 46: [0/472 (0.0%)]	Loss: 0.307149
2026-01-09 13:08:25,184 - experiment_chaotic_lorenz_full_chaotic_run_0 - INFO - Epoch 46: Train Loss: 0.1788, Train Acc: 0.9866, Val Loss: 4.1554, Val Acc: 0.4494
2026-01-09 13:08:25,798 - experiment_chaotic_lorenz_full_chaotic_run_0 - INFO - Train Epoch 47: [0/472 (0.0%)]	Loss: 0.232355
2026-01-09 13:08:32,480 - experiment_chaotic_lorenz_full_chaotic_run_0 - INFO - Epoch 47: Train Loss: 0.1799, Train Acc: 0.9866, Val Loss: 3.3509, Val Acc: 0.4045
2026-01-09 13:08:33,102 - experiment_chaotic_lorenz_full_chaotic_run_0 - INFO - Train Epoch 48: [0/472 (0.0%)]	Loss: 0.177955
2026-01-09 13:08:39,943 - experiment_chaotic_lorenz_full_chaotic_run_0 - INFO - Epoch 48: Train Loss: 0.1735, Train Acc: 0.9866, Val Loss: 3.5447, Val Acc: 0.3708
2026-01-09 13:08:40,559 - experiment_chaotic_lorenz_full_chaotic_run_0 - INFO - Train Epoch 49: [0/472 (0.0%)]	Loss: 0.133795
2026-01-09 13:08:47,328 - experiment_chaotic_lorenz_full_chaotic_run_0 - INFO - Epoch 49: Train Loss: 0.1665, Train Acc: 0.9933, Val Loss: 5.9250, Val Acc: 0.2022
2026-01-09 13:08:47,939 - experiment_chaotic_lorenz_full_chaotic_run_0 - INFO - Train Epoch 50: [0/472 (0.0%)]	Loss: 0.120710
2026-01-09 13:08:54,545 - experiment_chaotic_lorenz_full_chaotic_run_0 - INFO - Epoch 50: Train Loss: 0.1637, Train Acc: 0.9911, Val Loss: 5.3789, Val Acc: 0.1910
2026-01-09 13:08:55,236 - experiment_chaotic_lorenz_full_chaotic_run_0 - INFO - Train Epoch 51: [0/472 (0.0%)]	Loss: 0.337002
2026-01-09 13:09:01,863 - experiment_chaotic_lorenz_full_chaotic_run_0 - INFO - Epoch 51: Train Loss: 0.1903, Train Acc: 0.9799, Val Loss: 3.6544, Val Acc: 0.3483
2026-01-09 13:09:02,482 - experiment_chaotic_lorenz_full_chaotic_run_0 - INFO - Train Epoch 52: [0/472 (0.0%)]	Loss: 0.154179
2026-01-09 13:09:09,180 - experiment_chaotic_lorenz_full_chaotic_run_0 - INFO - Epoch 52: Train Loss: 0.1634, Train Acc: 0.9888, Val Loss: 5.3868, Val Acc: 0.1910
2026-01-09 13:09:09,809 - experiment_chaotic_lorenz_full_chaotic_run_0 - INFO - Train Epoch 53: [0/472 (0.0%)]	Loss: 0.112607
2026-01-09 13:09:16,466 - experiment_chaotic_lorenz_full_chaotic_run_0 - INFO - Epoch 53: Train Loss: 0.1535, Train Acc: 0.9911, Val Loss: 9.6681, Val Acc: 0.0899
2026-01-09 13:09:17,072 - experiment_chaotic_lorenz_full_chaotic_run_0 - INFO - Train Epoch 54: [0/472 (0.0%)]	Loss: 0.118340
2026-01-09 13:09:23,718 - experiment_chaotic_lorenz_full_chaotic_run_0 - INFO - Epoch 54: Train Loss: 0.1487, Train Acc: 0.9911, Val Loss: 8.5444, Val Acc: 0.0899
2026-01-09 13:09:24,352 - experiment_chaotic_lorenz_full_chaotic_run_0 - INFO - Train Epoch 55: [0/472 (0.0%)]	Loss: 0.187664
2026-01-09 13:09:31,005 - experiment_chaotic_lorenz_full_chaotic_run_0 - INFO - Epoch 55: Train Loss: 0.1662, Train Acc: 0.9911, Val Loss: 7.9798, Val Acc: 0.1124
2026-01-09 13:09:31,627 - experiment_chaotic_lorenz_full_chaotic_run_0 - INFO - Train Epoch 56: [0/472 (0.0%)]	Loss: 0.189014
2026-01-09 13:09:38,357 - experiment_chaotic_lorenz_full_chaotic_run_0 - INFO - Epoch 56: Train Loss: 0.1429, Train Acc: 0.9888, Val Loss: 7.6930, Val Acc: 0.1573
2026-01-09 13:09:38,972 - experiment_chaotic_lorenz_full_chaotic_run_0 - INFO - Train Epoch 57: [0/472 (0.0%)]	Loss: 0.203096
2026-01-09 13:09:45,711 - experiment_chaotic_lorenz_full_chaotic_run_0 - INFO - Epoch 57: Train Loss: 0.1466, Train Acc: 0.9933, Val Loss: 2.3476, Val Acc: 0.5843
2026-01-09 13:09:46,310 - experiment_chaotic_lorenz_full_chaotic_run_0 - INFO - Train Epoch 58: [0/472 (0.0%)]	Loss: 0.121245
2026-01-09 13:09:53,063 - experiment_chaotic_lorenz_full_chaotic_run_0 - INFO - Epoch 58: Train Loss: 0.1790, Train Acc: 0.9821, Val Loss: 2.9561, Val Acc: 0.5393
2026-01-09 13:09:53,671 - experiment_chaotic_lorenz_full_chaotic_run_0 - INFO - Train Epoch 59: [0/472 (0.0%)]	Loss: 0.202081
2026-01-09 13:10:00,474 - experiment_chaotic_lorenz_full_chaotic_run_0 - INFO - Epoch 59: Train Loss: 0.1553, Train Acc: 0.9888, Val Loss: 4.4258, Val Acc: 0.3933
2026-01-09 13:10:01,088 - experiment_chaotic_lorenz_full_chaotic_run_0 - INFO - Train Epoch 60: [0/472 (0.0%)]	Loss: 0.217477
2026-01-09 13:10:07,808 - experiment_chaotic_lorenz_full_chaotic_run_0 - INFO - Epoch 60: Train Loss: 0.1564, Train Acc: 0.9911, Val Loss: 7.1603, Val Acc: 0.1124
2026-01-09 13:10:08,530 - experiment_chaotic_lorenz_full_chaotic_run_0 - INFO - Train Epoch 61: [0/472 (0.0%)]	Loss: 0.430286
2026-01-09 13:10:15,094 - experiment_chaotic_lorenz_full_chaotic_run_0 - INFO - Epoch 61: Train Loss: 0.1688, Train Acc: 0.9888, Val Loss: 4.7169, Val Acc: 0.2809
2026-01-09 13:10:15,721 - experiment_chaotic_lorenz_full_chaotic_run_0 - INFO - Train Epoch 62: [0/472 (0.0%)]	Loss: 0.162486
2026-01-09 13:10:22,342 - experiment_chaotic_lorenz_full_chaotic_run_0 - INFO - Epoch 62: Train Loss: 0.1484, Train Acc: 0.9866, Val Loss: 3.5152, Val Acc: 0.4494
2026-01-09 13:10:22,963 - experiment_chaotic_lorenz_full_chaotic_run_0 - INFO - Train Epoch 63: [0/472 (0.0%)]	Loss: 0.132955
2026-01-09 13:10:29,889 - experiment_chaotic_lorenz_full_chaotic_run_0 - INFO - Epoch 63: Train Loss: 0.1360, Train Acc: 0.9911, Val Loss: 1.5540, Val Acc: 0.6854
2026-01-09 13:10:29,973 - experiment_chaotic_lorenz_full_chaotic_run_0 - INFO - Saved new best model at epoch 63
2026-01-09 13:10:30,618 - experiment_chaotic_lorenz_full_chaotic_run_0 - INFO - Train Epoch 64: [0/472 (0.0%)]	Loss: 0.157021
2026-01-09 13:10:37,367 - experiment_chaotic_lorenz_full_chaotic_run_0 - INFO - Epoch 64: Train Loss: 0.1286, Train Acc: 0.9978, Val Loss: 0.4473, Val Acc: 0.9326
2026-01-09 13:10:37,451 - experiment_chaotic_lorenz_full_chaotic_run_0 - INFO - Saved new best model at epoch 64
2026-01-09 13:10:38,094 - experiment_chaotic_lorenz_full_chaotic_run_0 - INFO - Train Epoch 65: [0/472 (0.0%)]	Loss: 0.113737
2026-01-09 13:10:44,750 - experiment_chaotic_lorenz_full_chaotic_run_0 - INFO - Epoch 65: Train Loss: 0.1424, Train Acc: 0.9888, Val Loss: 0.7674, Val Acc: 0.8539
2026-01-09 13:10:45,364 - experiment_chaotic_lorenz_full_chaotic_run_0 - INFO - Train Epoch 66: [0/472 (0.0%)]	Loss: 0.179155
2026-01-09 13:10:52,041 - experiment_chaotic_lorenz_full_chaotic_run_0 - INFO - Epoch 66: Train Loss: 0.1359, Train Acc: 0.9933, Val Loss: 2.2594, Val Acc: 0.5843
2026-01-09 13:10:52,687 - experiment_chaotic_lorenz_full_chaotic_run_0 - INFO - Train Epoch 67: [0/472 (0.0%)]	Loss: 0.116698
2026-01-09 13:10:59,331 - experiment_chaotic_lorenz_full_chaotic_run_0 - INFO - Epoch 67: Train Loss: 0.1313, Train Acc: 0.9978, Val Loss: 1.2659, Val Acc: 0.7753
2026-01-09 13:10:59,971 - experiment_chaotic_lorenz_full_chaotic_run_0 - INFO - Train Epoch 68: [0/472 (0.0%)]	Loss: 0.149292
2026-01-09 13:11:06,947 - experiment_chaotic_lorenz_full_chaotic_run_0 - INFO - Epoch 68: Train Loss: 0.1327, Train Acc: 0.9933, Val Loss: 0.2648, Val Acc: 0.9326
2026-01-09 13:11:07,571 - experiment_chaotic_lorenz_full_chaotic_run_0 - INFO - Train Epoch 69: [0/472 (0.0%)]	Loss: 0.109708
2026-01-09 13:11:14,281 - experiment_chaotic_lorenz_full_chaotic_run_0 - INFO - Epoch 69: Train Loss: 0.1315, Train Acc: 0.9955, Val Loss: 0.3282, Val Acc: 0.9101
2026-01-09 13:11:14,886 - experiment_chaotic_lorenz_full_chaotic_run_0 - INFO - Train Epoch 70: [0/472 (0.0%)]	Loss: 0.115530
2026-01-09 13:11:21,762 - experiment_chaotic_lorenz_full_chaotic_run_0 - INFO - Epoch 70: Train Loss: 0.1196, Train Acc: 1.0000, Val Loss: 1.3148, Val Acc: 0.7753
2026-01-09 13:11:22,501 - experiment_chaotic_lorenz_full_chaotic_run_0 - INFO - Train Epoch 71: [0/472 (0.0%)]	Loss: 0.115451
2026-01-09 13:11:29,257 - experiment_chaotic_lorenz_full_chaotic_run_0 - INFO - Epoch 71: Train Loss: 0.1203, Train Acc: 1.0000, Val Loss: 0.2461, Val Acc: 0.9326
2026-01-09 13:11:29,881 - experiment_chaotic_lorenz_full_chaotic_run_0 - INFO - Train Epoch 72: [0/472 (0.0%)]	Loss: 0.110641
2026-01-09 13:11:36,449 - experiment_chaotic_lorenz_full_chaotic_run_0 - INFO - Epoch 72: Train Loss: 0.1201, Train Acc: 0.9978, Val Loss: 0.2464, Val Acc: 0.9438
2026-01-09 13:11:36,532 - experiment_chaotic_lorenz_full_chaotic_run_0 - INFO - Saved new best model at epoch 72
2026-01-09 13:11:37,193 - experiment_chaotic_lorenz_full_chaotic_run_0 - INFO - Train Epoch 73: [0/472 (0.0%)]	Loss: 0.106557
2026-01-09 13:11:43,872 - experiment_chaotic_lorenz_full_chaotic_run_0 - INFO - Epoch 73: Train Loss: 0.1251, Train Acc: 0.9933, Val Loss: 0.1399, Val Acc: 0.9551
2026-01-09 13:11:43,955 - experiment_chaotic_lorenz_full_chaotic_run_0 - INFO - Saved new best model at epoch 73
2026-01-09 13:11:44,624 - experiment_chaotic_lorenz_full_chaotic_run_0 - INFO - Train Epoch 74: [0/472 (0.0%)]	Loss: 0.111126
2026-01-09 13:11:51,504 - experiment_chaotic_lorenz_full_chaotic_run_0 - INFO - Epoch 74: Train Loss: 0.1202, Train Acc: 0.9955, Val Loss: 0.5411, Val Acc: 0.8764
2026-01-09 13:11:52,136 - experiment_chaotic_lorenz_full_chaotic_run_0 - INFO - Train Epoch 75: [0/472 (0.0%)]	Loss: 0.115822
2026-01-09 13:11:58,841 - experiment_chaotic_lorenz_full_chaotic_run_0 - INFO - Epoch 75: Train Loss: 0.1261, Train Acc: 0.9955, Val Loss: 2.5989, Val Acc: 0.6067
2026-01-09 13:11:59,462 - experiment_chaotic_lorenz_full_chaotic_run_0 - INFO - Train Epoch 76: [0/472 (0.0%)]	Loss: 0.170534
2026-01-09 13:12:06,252 - experiment_chaotic_lorenz_full_chaotic_run_0 - INFO - Epoch 76: Train Loss: 0.1260, Train Acc: 0.9955, Val Loss: 2.1410, Val Acc: 0.5843
2026-01-09 13:12:06,861 - experiment_chaotic_lorenz_full_chaotic_run_0 - INFO - Train Epoch 77: [0/472 (0.0%)]	Loss: 0.121431
2026-01-09 13:12:13,696 - experiment_chaotic_lorenz_full_chaotic_run_0 - INFO - Epoch 77: Train Loss: 0.1286, Train Acc: 0.9978, Val Loss: 2.4602, Val Acc: 0.5730
2026-01-09 13:12:14,317 - experiment_chaotic_lorenz_full_chaotic_run_0 - INFO - Train Epoch 78: [0/472 (0.0%)]	Loss: 0.119703
2026-01-09 13:12:20,916 - experiment_chaotic_lorenz_full_chaotic_run_0 - INFO - Epoch 78: Train Loss: 0.1365, Train Acc: 0.9911, Val Loss: 2.1215, Val Acc: 0.5618
2026-01-09 13:12:21,550 - experiment_chaotic_lorenz_full_chaotic_run_0 - INFO - Train Epoch 79: [0/472 (0.0%)]	Loss: 0.114745
2026-01-09 13:12:28,172 - experiment_chaotic_lorenz_full_chaotic_run_0 - INFO - Epoch 79: Train Loss: 0.1179, Train Acc: 1.0000, Val Loss: 0.8292, Val Acc: 0.8315
2026-01-09 13:12:28,803 - experiment_chaotic_lorenz_full_chaotic_run_0 - INFO - Train Epoch 80: [0/472 (0.0%)]	Loss: 0.109647
2026-01-09 13:12:35,494 - experiment_chaotic_lorenz_full_chaotic_run_0 - INFO - Epoch 80: Train Loss: 0.1236, Train Acc: 0.9978, Val Loss: 0.3704, Val Acc: 0.9213
2026-01-09 13:12:36,215 - experiment_chaotic_lorenz_full_chaotic_run_0 - INFO - Train Epoch 81: [0/472 (0.0%)]	Loss: 0.125328
2026-01-09 13:12:42,994 - experiment_chaotic_lorenz_full_chaotic_run_0 - INFO - Epoch 81: Train Loss: 0.1225, Train Acc: 0.9978, Val Loss: 0.6219, Val Acc: 0.8539
2026-01-09 13:12:43,610 - experiment_chaotic_lorenz_full_chaotic_run_0 - INFO - Train Epoch 82: [0/472 (0.0%)]	Loss: 0.108173
2026-01-09 13:12:50,306 - experiment_chaotic_lorenz_full_chaotic_run_0 - INFO - Epoch 82: Train Loss: 0.1215, Train Acc: 0.9978, Val Loss: 0.1506, Val Acc: 0.9663
2026-01-09 13:12:50,389 - experiment_chaotic_lorenz_full_chaotic_run_0 - INFO - Saved new best model at epoch 82
2026-01-09 13:12:51,055 - experiment_chaotic_lorenz_full_chaotic_run_0 - INFO - Train Epoch 83: [0/472 (0.0%)]	Loss: 0.137225
2026-01-09 13:12:57,875 - experiment_chaotic_lorenz_full_chaotic_run_0 - INFO - Epoch 83: Train Loss: 0.1260, Train Acc: 0.9978, Val Loss: 0.5698, Val Acc: 0.8652
2026-01-09 13:12:58,505 - experiment_chaotic_lorenz_full_chaotic_run_0 - INFO - Train Epoch 84: [0/472 (0.0%)]	Loss: 0.107373
2026-01-09 13:13:05,193 - experiment_chaotic_lorenz_full_chaotic_run_0 - INFO - Epoch 84: Train Loss: 0.1157, Train Acc: 0.9978, Val Loss: 0.1380, Val Acc: 0.9438
2026-01-09 13:13:05,804 - experiment_chaotic_lorenz_full_chaotic_run_0 - INFO - Train Epoch 85: [0/472 (0.0%)]	Loss: 0.112826
2026-01-09 13:13:12,612 - experiment_chaotic_lorenz_full_chaotic_run_0 - INFO - Epoch 85: Train Loss: 0.1163, Train Acc: 1.0000, Val Loss: 0.0482, Val Acc: 0.9775
2026-01-09 13:13:12,697 - experiment_chaotic_lorenz_full_chaotic_run_0 - INFO - Saved new best model at epoch 85
2026-01-09 13:13:13,361 - experiment_chaotic_lorenz_full_chaotic_run_0 - INFO - Train Epoch 86: [0/472 (0.0%)]	Loss: 0.126143
2026-01-09 13:13:20,019 - experiment_chaotic_lorenz_full_chaotic_run_0 - INFO - Epoch 86: Train Loss: 0.1193, Train Acc: 1.0000, Val Loss: 0.0556, Val Acc: 0.9775
2026-01-09 13:13:20,638 - experiment_chaotic_lorenz_full_chaotic_run_0 - INFO - Train Epoch 87: [0/472 (0.0%)]	Loss: 0.107285
2026-01-09 13:13:27,349 - experiment_chaotic_lorenz_full_chaotic_run_0 - INFO - Epoch 87: Train Loss: 0.1230, Train Acc: 0.9978, Val Loss: 0.1041, Val Acc: 0.9438
2026-01-09 13:13:27,972 - experiment_chaotic_lorenz_full_chaotic_run_0 - INFO - Train Epoch 88: [0/472 (0.0%)]	Loss: 0.114589
2026-01-09 13:13:34,830 - experiment_chaotic_lorenz_full_chaotic_run_0 - INFO - Epoch 88: Train Loss: 0.1206, Train Acc: 0.9978, Val Loss: 0.0811, Val Acc: 0.9663
2026-01-09 13:13:35,452 - experiment_chaotic_lorenz_full_chaotic_run_0 - INFO - Train Epoch 89: [0/472 (0.0%)]	Loss: 0.107702
2026-01-09 13:13:42,168 - experiment_chaotic_lorenz_full_chaotic_run_0 - INFO - Epoch 89: Train Loss: 0.1237, Train Acc: 0.9978, Val Loss: 0.0514, Val Acc: 0.9775
2026-01-09 13:13:42,792 - experiment_chaotic_lorenz_full_chaotic_run_0 - INFO - Train Epoch 90: [0/472 (0.0%)]	Loss: 0.128146
2026-01-09 13:13:49,591 - experiment_chaotic_lorenz_full_chaotic_run_0 - INFO - Epoch 90: Train Loss: 0.1307, Train Acc: 0.9933, Val Loss: 0.0554, Val Acc: 0.9775
2026-01-09 13:13:50,286 - experiment_chaotic_lorenz_full_chaotic_run_0 - INFO - Train Epoch 91: [0/472 (0.0%)]	Loss: 0.108663
2026-01-09 13:13:56,974 - experiment_chaotic_lorenz_full_chaotic_run_0 - INFO - Epoch 91: Train Loss: 0.1286, Train Acc: 0.9978, Val Loss: 0.0393, Val Acc: 0.9888
2026-01-09 13:13:57,058 - experiment_chaotic_lorenz_full_chaotic_run_0 - INFO - Saved new best model at epoch 91
2026-01-09 13:13:57,708 - experiment_chaotic_lorenz_full_chaotic_run_0 - INFO - Train Epoch 92: [0/472 (0.0%)]	Loss: 0.111253
2026-01-09 13:14:04,438 - experiment_chaotic_lorenz_full_chaotic_run_0 - INFO - Epoch 92: Train Loss: 0.1178, Train Acc: 0.9978, Val Loss: 0.0509, Val Acc: 0.9663
2026-01-09 13:14:05,076 - experiment_chaotic_lorenz_full_chaotic_run_0 - INFO - Train Epoch 93: [0/472 (0.0%)]	Loss: 0.113097
2026-01-09 13:14:11,650 - experiment_chaotic_lorenz_full_chaotic_run_0 - INFO - Epoch 93: Train Loss: 0.1157, Train Acc: 1.0000, Val Loss: 0.0422, Val Acc: 0.9775
2026-01-09 13:14:12,286 - experiment_chaotic_lorenz_full_chaotic_run_0 - INFO - Train Epoch 94: [0/472 (0.0%)]	Loss: 0.214942
2026-01-09 13:14:18,968 - experiment_chaotic_lorenz_full_chaotic_run_0 - INFO - Epoch 94: Train Loss: 0.1244, Train Acc: 0.9978, Val Loss: 0.0292, Val Acc: 0.9888
2026-01-09 13:14:19,601 - experiment_chaotic_lorenz_full_chaotic_run_0 - INFO - Train Epoch 95: [0/472 (0.0%)]	Loss: 0.106698
2026-01-09 13:14:26,224 - experiment_chaotic_lorenz_full_chaotic_run_0 - INFO - Epoch 95: Train Loss: 0.1268, Train Acc: 0.9955, Val Loss: 0.0384, Val Acc: 0.9775
2026-01-09 13:14:26,860 - experiment_chaotic_lorenz_full_chaotic_run_0 - INFO - Train Epoch 96: [0/472 (0.0%)]	Loss: 0.106012
2026-01-09 13:14:33,519 - experiment_chaotic_lorenz_full_chaotic_run_0 - INFO - Epoch 96: Train Loss: 0.1209, Train Acc: 0.9978, Val Loss: 0.0359, Val Acc: 0.9775
2026-01-09 13:14:34,150 - experiment_chaotic_lorenz_full_chaotic_run_0 - INFO - Train Epoch 97: [0/472 (0.0%)]	Loss: 0.111481
2026-01-09 13:14:40,760 - experiment_chaotic_lorenz_full_chaotic_run_0 - INFO - Epoch 97: Train Loss: 0.1310, Train Acc: 0.9933, Val Loss: 0.0406, Val Acc: 0.9775
2026-01-09 13:14:41,394 - experiment_chaotic_lorenz_full_chaotic_run_0 - INFO - Train Epoch 98: [0/472 (0.0%)]	Loss: 0.109512
2026-01-09 13:14:48,276 - experiment_chaotic_lorenz_full_chaotic_run_0 - INFO - Epoch 98: Train Loss: 0.1243, Train Acc: 0.9933, Val Loss: 0.0446, Val Acc: 0.9775
2026-01-09 13:14:48,919 - experiment_chaotic_lorenz_full_chaotic_run_0 - INFO - Train Epoch 99: [0/472 (0.0%)]	Loss: 0.123215
2026-01-09 13:14:55,739 - experiment_chaotic_lorenz_full_chaotic_run_0 - INFO - Epoch 99: Train Loss: 0.1318, Train Acc: 0.9888, Val Loss: 0.0429, Val Acc: 0.9888
2026-01-09 13:14:55,744 - experiment_chaotic_lorenz_full_chaotic_run_0 - INFO - Running final test evaluation...
2026-01-09 13:14:56,528 - experiment_chaotic_lorenz_full_chaotic_run_0 - INFO - Test Results:
2026-01-09 13:14:56,528 - experiment_chaotic_lorenz_full_chaotic_run_0 - INFO -   loss: 0.2266
2026-01-09 13:14:56,528 - experiment_chaotic_lorenz_full_chaotic_run_0 - INFO -   accuracy: 0.9407
2026-01-09 13:14:56,528 - experiment_chaotic_lorenz_full_chaotic_run_0 - INFO -   avg_confidence: 0.9858
2026-01-09 13:14:56,528 - experiment_chaotic_lorenz_full_chaotic_run_0 - INFO -   embedding_diversity: 0.1221
2026-01-09 13:14:56,528 - experiment_chaotic_lorenz_full_chaotic_run_0 - INFO -   embedding_norm_mean: 1.0000
2026-01-09 13:14:56,528 - experiment_chaotic_lorenz_full_chaotic_run_0 - INFO -   embedding_norm_std: 0.0000
2026-01-09 13:14:56,530 - experiment_chaotic_lorenz_full_chaotic_run_0 - INFO - Training completed
2026-01-09 13:14:57,344 - experiment_chaotic_lorenz_full_chaotic_run_0 - INFO - Running comprehensive chaotic network analysis...
2026-01-09 13:14:57,345 - experiment_chaotic_lorenz_full_chaotic_run_0 - INFO - Analyzing chaotic features and dynamics...
2026-01-09 13:14:58,019 - experiment_chaotic_lorenz_full_chaotic_run_0 - INFO - Chaotic analysis completed
2026-01-09 13:14:58,021 - experiment_chaotic_lorenz_full_chaotic_run_0 - INFO - Creating chaotic dynamics visualizations...
2026-01-09 13:15:00,376 - experiment_chaotic_lorenz_full_chaotic_run_0 - WARNING - Embedding plotting failed: boolean index did not match indexed array along dimension 0; dimension is 8 but corresponding boolean dimension is 32
2026-01-09 13:15:00,383 - experiment_chaotic_lorenz_full_chaotic_run_0 - INFO - Chaotic network analysis completed
2026-01-09 13:16:00,578 - experiment_chaotic_lorenz_full_chaotic_run_0 - INFO - Initialized experiment: chaotic_lorenz_full_chaotic_run_0
2026-01-09 13:16:00,578 - experiment_chaotic_lorenz_full_chaotic_run_0 - INFO - Device: cuda
2026-01-09 13:16:00,578 - experiment_chaotic_lorenz_full_chaotic_run_0 - INFO - Output directory: /scratch/project_2003370/yueyao/Model/experiments/configs/sync_experiments/A/experiments/chaotic_lorenz_full_chaotic_run_0
2026-01-09 13:16:00,578 - experiment_chaotic_lorenz_full_chaotic_run_0 - INFO - Initialized chaotic network experiment with lorenz system
2026-01-09 13:16:00,578 - experiment_chaotic_lorenz_full_chaotic_run_0 - INFO - Setting up experiment components...
2026-01-09 13:16:00,578 - experiment_chaotic_lorenz_full_chaotic_run_0 - INFO - Creating dataloaders...
2026-01-09 13:16:00,960 - experiment_chaotic_lorenz_full_chaotic_run_0 - INFO - Detected 26 speakers in dataset
2026-01-09 13:16:00,960 - experiment_chaotic_lorenz_full_chaotic_run_0 - INFO - Dataloaders created:
2026-01-09 13:16:00,960 - experiment_chaotic_lorenz_full_chaotic_run_0 - INFO -   Train: 14 batches
2026-01-09 13:16:00,960 - experiment_chaotic_lorenz_full_chaotic_run_0 - INFO -   Val: 3 batches
2026-01-09 13:16:00,960 - experiment_chaotic_lorenz_full_chaotic_run_0 - INFO -   Test: 4 batches
2026-01-09 13:16:00,960 - experiment_chaotic_lorenz_full_chaotic_run_0 - INFO - Creating model...
2026-01-09 13:16:00,960 - experiment_chaotic_lorenz_full_chaotic_run_0 - INFO - Using actual num_speakers from dataset: 26
2026-01-09 13:16:00,960 - experiment_chaotic_lorenz_full_chaotic_run_0 - INFO - [BIFURCATION] use_bifurcation_control=False
2026-01-09 13:16:31,997 - experiment_chaotic_lorenz_full_chaotic_run_0 - INFO - Total parameters: 458,181
2026-01-09 13:16:31,997 - experiment_chaotic_lorenz_full_chaotic_run_0 - INFO - Trainable parameters: 458,181
2026-01-09 13:16:31,997 - experiment_chaotic_lorenz_full_chaotic_run_0 - INFO - Creating optimizer...
2026-01-09 13:16:33,119 - experiment_chaotic_lorenz_full_chaotic_run_0 - INFO - Optimizer: AdamW
2026-01-09 13:16:33,119 - experiment_chaotic_lorenz_full_chaotic_run_0 - INFO - Creating scheduler...
2026-01-09 13:16:33,119 - experiment_chaotic_lorenz_full_chaotic_run_0 - INFO - Scheduler: CosineAnnealingLR
2026-01-09 13:16:33,119 - experiment_chaotic_lorenz_full_chaotic_run_0 - INFO - Creating criterion...
2026-01-09 13:16:33,119 - experiment_chaotic_lorenz_full_chaotic_run_0 - INFO - Criterion: CrossEntropyLoss
2026-01-09 13:16:33,165 - experiment_chaotic_lorenz_full_chaotic_run_0 - INFO - Configuration saved to: /scratch/project_2003370/yueyao/Model/experiments/configs/sync_experiments/A/experiments/chaotic_lorenz_full_chaotic_run_0/config.json
2026-01-09 13:16:33,165 - experiment_chaotic_lorenz_full_chaotic_run_0 - INFO - Experiment setup completed
2026-01-09 13:16:33,166 - experiment_chaotic_lorenz_full_chaotic_run_0 - INFO - Starting training for 100 epochs
2026-01-09 13:16:33,298 - experiment_chaotic_lorenz_full_chaotic_run_0 - INFO - 
================================================================================
2026-01-09 13:16:33,298 - experiment_chaotic_lorenz_full_chaotic_run_0 - INFO - COMPREHENSIVE DEBUG - FIRST BATCH
2026-01-09 13:16:33,298 - experiment_chaotic_lorenz_full_chaotic_run_0 - INFO - ================================================================================
2026-01-09 13:16:33,298 - experiment_chaotic_lorenz_full_chaotic_run_0 - INFO - Batch Info:
2026-01-09 13:16:33,298 - experiment_chaotic_lorenz_full_chaotic_run_0 - INFO -   Audio shape: torch.Size([32, 48000])
2026-01-09 13:16:33,298 - experiment_chaotic_lorenz_full_chaotic_run_0 - INFO -   Targets shape: torch.Size([32])
2026-01-09 13:16:33,302 - experiment_chaotic_lorenz_full_chaotic_run_0 - INFO -   Targets (first 8): tensor([19, 24, 16, 12, 16, 10,  8,  2], device='cuda:0')
2026-01-09 13:16:33,875 - experiment_chaotic_lorenz_full_chaotic_run_0 - INFO - ================================================================================

2026-01-09 13:16:33,876 - experiment_chaotic_lorenz_full_chaotic_run_0 - INFO - [ADVERSARIAL] Initialized AdversarialChaoticAugmentation
2026-01-09 13:16:34,012 - experiment_chaotic_lorenz_full_chaotic_run_0 - INFO - [SYNC LOSS] Initialized PhaseSynchronizationLoss
2026-01-09 13:16:34,155 - experiment_chaotic_lorenz_full_chaotic_run_0 - INFO - [STABILITY] Initialized LyapunovStabilityLoss
2026-01-09 13:16:35,014 - experiment_chaotic_lorenz_full_chaotic_run_0 - INFO - Train Epoch 0: [0/472 (0.0%)]	Loss: 4.872292
2026-01-09 13:16:44,232 - experiment_chaotic_lorenz_full_chaotic_run_0 - INFO - [ADVERSARIAL] Warmup: epoch 1/5
2026-01-09 13:16:45,221 - experiment_chaotic_lorenz_full_chaotic_run_0 - INFO - Epoch 0: Train Loss: 4.4658, Train Acc: 0.0424, Val Loss: 4.2633, Val Acc: 0.0449
2026-01-09 13:16:45,303 - experiment_chaotic_lorenz_full_chaotic_run_0 - INFO - Saved new best model at epoch 0
2026-01-09 13:16:46,307 - experiment_chaotic_lorenz_full_chaotic_run_0 - INFO - Train Epoch 1: [0/472 (0.0%)]	Loss: 4.671061
2026-01-09 13:16:55,439 - experiment_chaotic_lorenz_full_chaotic_run_0 - INFO - [ADVERSARIAL] Warmup: epoch 2/5
2026-01-09 13:16:56,417 - experiment_chaotic_lorenz_full_chaotic_run_0 - INFO - Epoch 1: Train Loss: 4.1486, Train Acc: 0.0513, Val Loss: 3.9100, Val Acc: 0.1011
2026-01-09 13:16:56,502 - experiment_chaotic_lorenz_full_chaotic_run_0 - INFO - Saved new best model at epoch 1
2026-01-09 13:16:57,420 - experiment_chaotic_lorenz_full_chaotic_run_0 - INFO - Train Epoch 2: [0/472 (0.0%)]	Loss: 3.622807
2026-01-09 13:17:06,441 - experiment_chaotic_lorenz_full_chaotic_run_0 - INFO - [ADVERSARIAL] Warmup: epoch 3/5
2026-01-09 13:17:07,423 - experiment_chaotic_lorenz_full_chaotic_run_0 - INFO - Epoch 2: Train Loss: 3.7365, Train Acc: 0.1094, Val Loss: 4.9368, Val Acc: 0.0449
2026-01-09 13:17:08,307 - experiment_chaotic_lorenz_full_chaotic_run_0 - INFO - Train Epoch 3: [0/472 (0.0%)]	Loss: 3.681845
2026-01-09 13:17:17,552 - experiment_chaotic_lorenz_full_chaotic_run_0 - INFO - [ADVERSARIAL] Warmup: epoch 4/5
2026-01-09 13:17:18,525 - experiment_chaotic_lorenz_full_chaotic_run_0 - INFO - Epoch 3: Train Loss: 3.4099, Train Acc: 0.1339, Val Loss: 5.2592, Val Acc: 0.0449
2026-01-09 13:17:19,424 - experiment_chaotic_lorenz_full_chaotic_run_0 - INFO - Train Epoch 4: [0/472 (0.0%)]	Loss: 3.271633
2026-01-09 13:17:28,533 - experiment_chaotic_lorenz_full_chaotic_run_0 - INFO - [ADVERSARIAL] Warmup: epoch 5/5
2026-01-09 13:17:29,503 - experiment_chaotic_lorenz_full_chaotic_run_0 - INFO - Epoch 4: Train Loss: 2.9002, Train Acc: 0.2478, Val Loss: 5.9101, Val Acc: 0.0449
2026-01-09 13:17:30,159 - experiment_chaotic_lorenz_full_chaotic_run_0 - INFO - Train Epoch 5: [0/472 (0.0%)]	Loss: 2.753514
2026-01-09 13:17:35,879 - experiment_chaotic_lorenz_full_chaotic_run_0 - INFO - [ADVERSARIAL] Warmup complete, adversarial training activated!
2026-01-09 13:17:36,872 - experiment_chaotic_lorenz_full_chaotic_run_0 - INFO - Epoch 5: Train Loss: 3.1242, Train Acc: 0.3482, Val Loss: 5.5278, Val Acc: 0.0449
2026-01-09 13:17:37,514 - experiment_chaotic_lorenz_full_chaotic_run_0 - INFO - Train Epoch 6: [0/472 (0.0%)]	Loss: 2.854467
2026-01-09 13:17:44,215 - experiment_chaotic_lorenz_full_chaotic_run_0 - INFO - Epoch 6: Train Loss: 2.6252, Train Acc: 0.4107, Val Loss: 7.1238, Val Acc: 0.0449
2026-01-09 13:17:44,854 - experiment_chaotic_lorenz_full_chaotic_run_0 - INFO - Train Epoch 7: [0/472 (0.0%)]	Loss: 2.825373
2026-01-09 13:17:51,613 - experiment_chaotic_lorenz_full_chaotic_run_0 - INFO - Epoch 7: Train Loss: 2.2172, Train Acc: 0.4978, Val Loss: 4.9261, Val Acc: 0.0449
2026-01-09 13:17:52,248 - experiment_chaotic_lorenz_full_chaotic_run_0 - INFO - Train Epoch 8: [0/472 (0.0%)]	Loss: 2.397832
2026-01-09 13:17:59,002 - experiment_chaotic_lorenz_full_chaotic_run_0 - INFO - Epoch 8: Train Loss: 1.9891, Train Acc: 0.5714, Val Loss: 6.3963, Val Acc: 0.0449
2026-01-09 13:17:59,633 - experiment_chaotic_lorenz_full_chaotic_run_0 - INFO - Train Epoch 9: [0/472 (0.0%)]	Loss: 1.657677
2026-01-09 13:18:06,406 - experiment_chaotic_lorenz_full_chaotic_run_0 - INFO - Epoch 9: Train Loss: 1.6806, Train Acc: 0.6451, Val Loss: 5.1408, Val Acc: 0.0674
2026-01-09 13:18:07,038 - experiment_chaotic_lorenz_full_chaotic_run_0 - INFO - Train Epoch 10: [0/472 (0.0%)]	Loss: 1.320593
2026-01-09 13:18:13,789 - experiment_chaotic_lorenz_full_chaotic_run_0 - INFO - Epoch 10: Train Loss: 1.3736, Train Acc: 0.7031, Val Loss: 4.7835, Val Acc: 0.0449
2026-01-09 13:18:14,500 - experiment_chaotic_lorenz_full_chaotic_run_0 - INFO - Train Epoch 11: [0/472 (0.0%)]	Loss: 1.506806
2026-01-09 13:18:21,215 - experiment_chaotic_lorenz_full_chaotic_run_0 - INFO - Epoch 11: Train Loss: 1.2716, Train Acc: 0.7254, Val Loss: 5.4972, Val Acc: 0.0449
2026-01-09 13:18:21,846 - experiment_chaotic_lorenz_full_chaotic_run_0 - INFO - Train Epoch 12: [0/472 (0.0%)]	Loss: 1.302573
2026-01-09 13:18:28,568 - experiment_chaotic_lorenz_full_chaotic_run_0 - INFO - Epoch 12: Train Loss: 1.1528, Train Acc: 0.7388, Val Loss: 5.2240, Val Acc: 0.0562
2026-01-09 13:18:29,207 - experiment_chaotic_lorenz_full_chaotic_run_0 - INFO - Train Epoch 13: [0/472 (0.0%)]	Loss: 0.783726
2026-01-09 13:18:36,006 - experiment_chaotic_lorenz_full_chaotic_run_0 - INFO - Epoch 13: Train Loss: 0.9795, Train Acc: 0.7946, Val Loss: 6.8690, Val Acc: 0.0674
2026-01-09 13:18:36,639 - experiment_chaotic_lorenz_full_chaotic_run_0 - INFO - Train Epoch 14: [0/472 (0.0%)]	Loss: 0.837267
2026-01-09 13:18:43,343 - experiment_chaotic_lorenz_full_chaotic_run_0 - INFO - Epoch 14: Train Loss: 0.9491, Train Acc: 0.7679, Val Loss: 8.1261, Val Acc: 0.0449
2026-01-09 13:18:43,975 - experiment_chaotic_lorenz_full_chaotic_run_0 - INFO - Train Epoch 15: [0/472 (0.0%)]	Loss: 0.812728
2026-01-09 13:18:50,744 - experiment_chaotic_lorenz_full_chaotic_run_0 - INFO - Epoch 15: Train Loss: 0.8279, Train Acc: 0.8326, Val Loss: 7.1785, Val Acc: 0.0899
2026-01-09 13:18:51,378 - experiment_chaotic_lorenz_full_chaotic_run_0 - INFO - Train Epoch 16: [0/472 (0.0%)]	Loss: 0.669199
2026-01-09 13:18:58,111 - experiment_chaotic_lorenz_full_chaotic_run_0 - INFO - Epoch 16: Train Loss: 0.8141, Train Acc: 0.8415, Val Loss: 7.3622, Val Acc: 0.0899
2026-01-09 13:18:58,738 - experiment_chaotic_lorenz_full_chaotic_run_0 - INFO - Train Epoch 17: [0/472 (0.0%)]	Loss: 0.734138
2026-01-09 13:19:05,457 - experiment_chaotic_lorenz_full_chaotic_run_0 - INFO - Epoch 17: Train Loss: 0.8001, Train Acc: 0.8438, Val Loss: 5.6086, Val Acc: 0.0449
2026-01-09 13:19:06,087 - experiment_chaotic_lorenz_full_chaotic_run_0 - INFO - Train Epoch 18: [0/472 (0.0%)]	Loss: 0.900950
2026-01-09 13:19:12,752 - experiment_chaotic_lorenz_full_chaotic_run_0 - INFO - Epoch 18: Train Loss: 0.7342, Train Acc: 0.8571, Val Loss: 3.9690, Val Acc: 0.1348
2026-01-09 13:19:12,835 - experiment_chaotic_lorenz_full_chaotic_run_0 - INFO - Saved new best model at epoch 18
2026-01-09 13:19:13,505 - experiment_chaotic_lorenz_full_chaotic_run_0 - INFO - Train Epoch 19: [0/472 (0.0%)]	Loss: 0.729049
2026-01-09 13:19:20,156 - experiment_chaotic_lorenz_full_chaotic_run_0 - INFO - Epoch 19: Train Loss: 0.6155, Train Acc: 0.8839, Val Loss: 6.6627, Val Acc: 0.1348
2026-01-09 13:19:20,791 - experiment_chaotic_lorenz_full_chaotic_run_0 - INFO - Train Epoch 20: [0/472 (0.0%)]	Loss: 0.720844
2026-01-09 13:19:27,473 - experiment_chaotic_lorenz_full_chaotic_run_0 - INFO - Epoch 20: Train Loss: 0.5789, Train Acc: 0.8817, Val Loss: 7.8376, Val Acc: 0.0787
2026-01-09 13:19:28,182 - experiment_chaotic_lorenz_full_chaotic_run_0 - INFO - Train Epoch 21: [0/472 (0.0%)]	Loss: 0.464619
2026-01-09 13:19:34,803 - experiment_chaotic_lorenz_full_chaotic_run_0 - INFO - Epoch 21: Train Loss: 0.5641, Train Acc: 0.8795, Val Loss: 5.5275, Val Acc: 0.0674
2026-01-09 13:19:35,425 - experiment_chaotic_lorenz_full_chaotic_run_0 - INFO - Train Epoch 22: [0/472 (0.0%)]	Loss: 1.081302
2026-01-09 13:19:42,052 - experiment_chaotic_lorenz_full_chaotic_run_0 - INFO - Epoch 22: Train Loss: 0.6126, Train Acc: 0.8750, Val Loss: 6.1881, Val Acc: 0.0449
2026-01-09 13:19:42,672 - experiment_chaotic_lorenz_full_chaotic_run_0 - INFO - Train Epoch 23: [0/472 (0.0%)]	Loss: 0.527654
2026-01-09 13:19:49,274 - experiment_chaotic_lorenz_full_chaotic_run_0 - INFO - Epoch 23: Train Loss: 0.6086, Train Acc: 0.8817, Val Loss: 4.8373, Val Acc: 0.1685
2026-01-09 13:19:49,356 - experiment_chaotic_lorenz_full_chaotic_run_0 - INFO - Saved new best model at epoch 23
2026-01-09 13:19:50,017 - experiment_chaotic_lorenz_full_chaotic_run_0 - INFO - Train Epoch 24: [0/472 (0.0%)]	Loss: 0.958622
2026-01-09 13:19:56,605 - experiment_chaotic_lorenz_full_chaotic_run_0 - INFO - Epoch 24: Train Loss: 0.4998, Train Acc: 0.8951, Val Loss: 7.6394, Val Acc: 0.0899
2026-01-09 13:19:57,234 - experiment_chaotic_lorenz_full_chaotic_run_0 - INFO - Train Epoch 25: [0/472 (0.0%)]	Loss: 0.424865
2026-01-09 13:20:03,808 - experiment_chaotic_lorenz_full_chaotic_run_0 - INFO - Epoch 25: Train Loss: 0.4819, Train Acc: 0.9018, Val Loss: 6.8640, Val Acc: 0.0562
2026-01-09 13:20:04,439 - experiment_chaotic_lorenz_full_chaotic_run_0 - INFO - Train Epoch 26: [0/472 (0.0%)]	Loss: 0.353623
2026-01-09 13:20:11,006 - experiment_chaotic_lorenz_full_chaotic_run_0 - INFO - Epoch 26: Train Loss: 0.4015, Train Acc: 0.9286, Val Loss: 5.9159, Val Acc: 0.1011
2026-01-09 13:20:11,630 - experiment_chaotic_lorenz_full_chaotic_run_0 - INFO - Train Epoch 27: [0/472 (0.0%)]	Loss: 0.393432
2026-01-09 13:20:18,232 - experiment_chaotic_lorenz_full_chaotic_run_0 - INFO - Epoch 27: Train Loss: 0.4435, Train Acc: 0.9219, Val Loss: 9.2976, Val Acc: 0.0899
2026-01-09 13:20:18,866 - experiment_chaotic_lorenz_full_chaotic_run_0 - INFO - Train Epoch 28: [0/472 (0.0%)]	Loss: 0.276560
2026-01-09 13:20:25,603 - experiment_chaotic_lorenz_full_chaotic_run_0 - INFO - Epoch 28: Train Loss: 0.4186, Train Acc: 0.9286, Val Loss: 9.3547, Val Acc: 0.0899
2026-01-09 13:20:26,240 - experiment_chaotic_lorenz_full_chaotic_run_0 - INFO - Train Epoch 29: [0/472 (0.0%)]	Loss: 0.272924
2026-01-09 13:20:32,917 - experiment_chaotic_lorenz_full_chaotic_run_0 - INFO - Epoch 29: Train Loss: 0.4364, Train Acc: 0.9107, Val Loss: 7.8851, Val Acc: 0.0899
2026-01-09 13:20:33,536 - experiment_chaotic_lorenz_full_chaotic_run_0 - INFO - Train Epoch 30: [0/472 (0.0%)]	Loss: 0.350067
2026-01-09 13:20:40,225 - experiment_chaotic_lorenz_full_chaotic_run_0 - INFO - Epoch 30: Train Loss: 0.3702, Train Acc: 0.9464, Val Loss: 7.7625, Val Acc: 0.0787
2026-01-09 13:20:40,961 - experiment_chaotic_lorenz_full_chaotic_run_0 - INFO - Train Epoch 31: [0/472 (0.0%)]	Loss: 0.462810
2026-01-09 13:20:47,659 - experiment_chaotic_lorenz_full_chaotic_run_0 - INFO - Epoch 31: Train Loss: 0.4099, Train Acc: 0.9219, Val Loss: 5.6523, Val Acc: 0.1573
2026-01-09 13:20:48,279 - experiment_chaotic_lorenz_full_chaotic_run_0 - INFO - Train Epoch 32: [0/472 (0.0%)]	Loss: 0.458501
2026-01-09 13:20:55,129 - experiment_chaotic_lorenz_full_chaotic_run_0 - INFO - Epoch 32: Train Loss: 0.3811, Train Acc: 0.9375, Val Loss: 4.1610, Val Acc: 0.2022
2026-01-09 13:20:55,215 - experiment_chaotic_lorenz_full_chaotic_run_0 - INFO - Saved new best model at epoch 32
2026-01-09 13:20:55,895 - experiment_chaotic_lorenz_full_chaotic_run_0 - INFO - Train Epoch 33: [0/472 (0.0%)]	Loss: 0.376431
2026-01-09 13:21:02,671 - experiment_chaotic_lorenz_full_chaotic_run_0 - INFO - Epoch 33: Train Loss: 0.3511, Train Acc: 0.9464, Val Loss: 4.8595, Val Acc: 0.2360
2026-01-09 13:21:02,753 - experiment_chaotic_lorenz_full_chaotic_run_0 - INFO - Saved new best model at epoch 33
2026-01-09 13:21:03,409 - experiment_chaotic_lorenz_full_chaotic_run_0 - INFO - Train Epoch 34: [0/472 (0.0%)]	Loss: 0.419508
2026-01-09 13:21:10,170 - experiment_chaotic_lorenz_full_chaotic_run_0 - INFO - Epoch 34: Train Loss: 0.4076, Train Acc: 0.9286, Val Loss: 6.8805, Val Acc: 0.1348
2026-01-09 13:21:10,800 - experiment_chaotic_lorenz_full_chaotic_run_0 - INFO - Train Epoch 35: [0/472 (0.0%)]	Loss: 0.186362
2026-01-09 13:21:17,597 - experiment_chaotic_lorenz_full_chaotic_run_0 - INFO - Epoch 35: Train Loss: 0.3780, Train Acc: 0.9353, Val Loss: 5.2505, Val Acc: 0.1573
2026-01-09 13:21:18,215 - experiment_chaotic_lorenz_full_chaotic_run_0 - INFO - Train Epoch 36: [0/472 (0.0%)]	Loss: 0.158125
2026-01-09 13:21:24,835 - experiment_chaotic_lorenz_full_chaotic_run_0 - INFO - Epoch 36: Train Loss: 0.2907, Train Acc: 0.9554, Val Loss: 6.9088, Val Acc: 0.1348
2026-01-09 13:21:25,481 - experiment_chaotic_lorenz_full_chaotic_run_0 - INFO - Train Epoch 37: [0/472 (0.0%)]	Loss: 0.175880
2026-01-09 13:21:32,174 - experiment_chaotic_lorenz_full_chaotic_run_0 - INFO - Epoch 37: Train Loss: 0.2278, Train Acc: 0.9844, Val Loss: 4.6572, Val Acc: 0.2022
2026-01-09 13:21:32,792 - experiment_chaotic_lorenz_full_chaotic_run_0 - INFO - Train Epoch 38: [0/472 (0.0%)]	Loss: 0.258675
2026-01-09 13:21:39,396 - experiment_chaotic_lorenz_full_chaotic_run_0 - INFO - Epoch 38: Train Loss: 0.2705, Train Acc: 0.9576, Val Loss: 4.3871, Val Acc: 0.2697
2026-01-09 13:21:39,476 - experiment_chaotic_lorenz_full_chaotic_run_0 - INFO - Saved new best model at epoch 38
2026-01-09 13:21:40,128 - experiment_chaotic_lorenz_full_chaotic_run_0 - INFO - Train Epoch 39: [0/472 (0.0%)]	Loss: 0.126259
2026-01-09 13:21:46,753 - experiment_chaotic_lorenz_full_chaotic_run_0 - INFO - Epoch 39: Train Loss: 0.2118, Train Acc: 0.9799, Val Loss: 2.9255, Val Acc: 0.3933
2026-01-09 13:21:46,833 - experiment_chaotic_lorenz_full_chaotic_run_0 - INFO - Saved new best model at epoch 39
2026-01-09 13:21:47,515 - experiment_chaotic_lorenz_full_chaotic_run_0 - INFO - Train Epoch 40: [0/472 (0.0%)]	Loss: 0.205793
2026-01-09 13:21:54,245 - experiment_chaotic_lorenz_full_chaotic_run_0 - INFO - Epoch 40: Train Loss: 0.2723, Train Acc: 0.9621, Val Loss: 8.1805, Val Acc: 0.1011
2026-01-09 13:21:54,986 - experiment_chaotic_lorenz_full_chaotic_run_0 - INFO - Train Epoch 41: [0/472 (0.0%)]	Loss: 0.156854
2026-01-09 13:22:01,794 - experiment_chaotic_lorenz_full_chaotic_run_0 - INFO - Epoch 41: Train Loss: 0.2186, Train Acc: 0.9799, Val Loss: 7.2322, Val Acc: 0.1011
2026-01-09 13:22:02,447 - experiment_chaotic_lorenz_full_chaotic_run_0 - INFO - Train Epoch 42: [0/472 (0.0%)]	Loss: 0.209231
2026-01-09 13:22:09,080 - experiment_chaotic_lorenz_full_chaotic_run_0 - INFO - Epoch 42: Train Loss: 0.1845, Train Acc: 0.9888, Val Loss: 6.6325, Val Acc: 0.1124
2026-01-09 13:22:09,715 - experiment_chaotic_lorenz_full_chaotic_run_0 - INFO - Train Epoch 43: [0/472 (0.0%)]	Loss: 0.148509
2026-01-09 13:22:16,371 - experiment_chaotic_lorenz_full_chaotic_run_0 - INFO - Epoch 43: Train Loss: 0.1769, Train Acc: 0.9844, Val Loss: 2.6838, Val Acc: 0.5169
2026-01-09 13:22:16,454 - experiment_chaotic_lorenz_full_chaotic_run_0 - INFO - Saved new best model at epoch 43
2026-01-09 13:22:17,117 - experiment_chaotic_lorenz_full_chaotic_run_0 - INFO - Train Epoch 44: [0/472 (0.0%)]	Loss: 0.162010
2026-01-09 13:22:23,831 - experiment_chaotic_lorenz_full_chaotic_run_0 - INFO - Epoch 44: Train Loss: 0.2242, Train Acc: 0.9777, Val Loss: 1.6760, Val Acc: 0.6292
2026-01-09 13:22:23,917 - experiment_chaotic_lorenz_full_chaotic_run_0 - INFO - Saved new best model at epoch 44
2026-01-09 13:22:24,605 - experiment_chaotic_lorenz_full_chaotic_run_0 - INFO - Train Epoch 45: [0/472 (0.0%)]	Loss: 0.141347
2026-01-09 13:22:31,361 - experiment_chaotic_lorenz_full_chaotic_run_0 - INFO - Epoch 45: Train Loss: 0.1709, Train Acc: 0.9911, Val Loss: 7.3390, Val Acc: 0.1573
2026-01-09 13:22:31,999 - experiment_chaotic_lorenz_full_chaotic_run_0 - INFO - Train Epoch 46: [0/472 (0.0%)]	Loss: 0.307149
2026-01-09 13:22:38,666 - experiment_chaotic_lorenz_full_chaotic_run_0 - INFO - Epoch 46: Train Loss: 0.1788, Train Acc: 0.9866, Val Loss: 4.1554, Val Acc: 0.4494
2026-01-09 13:22:39,301 - experiment_chaotic_lorenz_full_chaotic_run_0 - INFO - Train Epoch 47: [0/472 (0.0%)]	Loss: 0.232355
2026-01-09 13:22:45,928 - experiment_chaotic_lorenz_full_chaotic_run_0 - INFO - Epoch 47: Train Loss: 0.1799, Train Acc: 0.9866, Val Loss: 3.3509, Val Acc: 0.4045
2026-01-09 13:22:46,579 - experiment_chaotic_lorenz_full_chaotic_run_0 - INFO - Train Epoch 48: [0/472 (0.0%)]	Loss: 0.177955
2026-01-09 13:22:53,294 - experiment_chaotic_lorenz_full_chaotic_run_0 - INFO - Epoch 48: Train Loss: 0.1735, Train Acc: 0.9866, Val Loss: 3.5447, Val Acc: 0.3708
2026-01-09 13:22:53,921 - experiment_chaotic_lorenz_full_chaotic_run_0 - INFO - Train Epoch 49: [0/472 (0.0%)]	Loss: 0.133795
2026-01-09 13:23:00,608 - experiment_chaotic_lorenz_full_chaotic_run_0 - INFO - Epoch 49: Train Loss: 0.1665, Train Acc: 0.9933, Val Loss: 5.9250, Val Acc: 0.2022
2026-01-09 13:23:01,228 - experiment_chaotic_lorenz_full_chaotic_run_0 - INFO - Train Epoch 50: [0/472 (0.0%)]	Loss: 0.120710
2026-01-09 13:23:07,890 - experiment_chaotic_lorenz_full_chaotic_run_0 - INFO - Epoch 50: Train Loss: 0.1637, Train Acc: 0.9911, Val Loss: 5.3789, Val Acc: 0.1910
2026-01-09 13:23:08,589 - experiment_chaotic_lorenz_full_chaotic_run_0 - INFO - Train Epoch 51: [0/472 (0.0%)]	Loss: 0.337002
2026-01-09 13:23:15,336 - experiment_chaotic_lorenz_full_chaotic_run_0 - INFO - Epoch 51: Train Loss: 0.1903, Train Acc: 0.9799, Val Loss: 3.6544, Val Acc: 0.3483
2026-01-09 13:23:15,985 - experiment_chaotic_lorenz_full_chaotic_run_0 - INFO - Train Epoch 52: [0/472 (0.0%)]	Loss: 0.154179
2026-01-09 13:23:22,764 - experiment_chaotic_lorenz_full_chaotic_run_0 - INFO - Epoch 52: Train Loss: 0.1634, Train Acc: 0.9888, Val Loss: 5.3868, Val Acc: 0.1910
2026-01-09 13:23:23,399 - experiment_chaotic_lorenz_full_chaotic_run_0 - INFO - Train Epoch 53: [0/472 (0.0%)]	Loss: 0.112607
2026-01-09 13:23:30,074 - experiment_chaotic_lorenz_full_chaotic_run_0 - INFO - Epoch 53: Train Loss: 0.1535, Train Acc: 0.9911, Val Loss: 9.6681, Val Acc: 0.0899
2026-01-09 13:23:30,720 - experiment_chaotic_lorenz_full_chaotic_run_0 - INFO - Train Epoch 54: [0/472 (0.0%)]	Loss: 0.118340
2026-01-09 13:23:37,356 - experiment_chaotic_lorenz_full_chaotic_run_0 - INFO - Epoch 54: Train Loss: 0.1487, Train Acc: 0.9911, Val Loss: 8.5444, Val Acc: 0.0899
2026-01-09 13:23:37,992 - experiment_chaotic_lorenz_full_chaotic_run_0 - INFO - Train Epoch 55: [0/472 (0.0%)]	Loss: 0.187664
2026-01-09 13:23:44,721 - experiment_chaotic_lorenz_full_chaotic_run_0 - INFO - Epoch 55: Train Loss: 0.1662, Train Acc: 0.9911, Val Loss: 7.9798, Val Acc: 0.1124
2026-01-09 13:23:45,358 - experiment_chaotic_lorenz_full_chaotic_run_0 - INFO - Train Epoch 56: [0/472 (0.0%)]	Loss: 0.189014
2026-01-09 13:23:52,132 - experiment_chaotic_lorenz_full_chaotic_run_0 - INFO - Epoch 56: Train Loss: 0.1429, Train Acc: 0.9888, Val Loss: 7.6930, Val Acc: 0.1573
2026-01-09 13:23:52,758 - experiment_chaotic_lorenz_full_chaotic_run_0 - INFO - Train Epoch 57: [0/472 (0.0%)]	Loss: 0.203096
2026-01-09 13:23:59,402 - experiment_chaotic_lorenz_full_chaotic_run_0 - INFO - Epoch 57: Train Loss: 0.1466, Train Acc: 0.9933, Val Loss: 2.3476, Val Acc: 0.5843
2026-01-09 13:24:00,036 - experiment_chaotic_lorenz_full_chaotic_run_0 - INFO - Train Epoch 58: [0/472 (0.0%)]	Loss: 0.121245
2026-01-09 13:24:06,778 - experiment_chaotic_lorenz_full_chaotic_run_0 - INFO - Epoch 58: Train Loss: 0.1790, Train Acc: 0.9821, Val Loss: 2.9561, Val Acc: 0.5393
2026-01-09 13:24:07,406 - experiment_chaotic_lorenz_full_chaotic_run_0 - INFO - Train Epoch 59: [0/472 (0.0%)]	Loss: 0.202081
2026-01-09 13:24:13,999 - experiment_chaotic_lorenz_full_chaotic_run_0 - INFO - Epoch 59: Train Loss: 0.1553, Train Acc: 0.9888, Val Loss: 4.4258, Val Acc: 0.3933
2026-01-09 13:24:14,614 - experiment_chaotic_lorenz_full_chaotic_run_0 - INFO - Train Epoch 60: [0/472 (0.0%)]	Loss: 0.217477
2026-01-09 13:24:21,257 - experiment_chaotic_lorenz_full_chaotic_run_0 - INFO - Epoch 60: Train Loss: 0.1564, Train Acc: 0.9911, Val Loss: 7.1603, Val Acc: 0.1124
2026-01-09 13:24:21,964 - experiment_chaotic_lorenz_full_chaotic_run_0 - INFO - Train Epoch 61: [0/472 (0.0%)]	Loss: 0.430286
2026-01-09 13:24:28,691 - experiment_chaotic_lorenz_full_chaotic_run_0 - INFO - Epoch 61: Train Loss: 0.1688, Train Acc: 0.9888, Val Loss: 4.7169, Val Acc: 0.2809
2026-01-09 13:24:29,321 - experiment_chaotic_lorenz_full_chaotic_run_0 - INFO - Train Epoch 62: [0/472 (0.0%)]	Loss: 0.162486
2026-01-09 13:24:35,941 - experiment_chaotic_lorenz_full_chaotic_run_0 - INFO - Epoch 62: Train Loss: 0.1484, Train Acc: 0.9866, Val Loss: 3.5152, Val Acc: 0.4494
2026-01-09 13:24:36,564 - experiment_chaotic_lorenz_full_chaotic_run_0 - INFO - Train Epoch 63: [0/472 (0.0%)]	Loss: 0.132955
2026-01-09 13:24:43,317 - experiment_chaotic_lorenz_full_chaotic_run_0 - INFO - Epoch 63: Train Loss: 0.1360, Train Acc: 0.9911, Val Loss: 1.5540, Val Acc: 0.6854
2026-01-09 13:24:43,400 - experiment_chaotic_lorenz_full_chaotic_run_0 - INFO - Saved new best model at epoch 63
2026-01-09 13:24:44,061 - experiment_chaotic_lorenz_full_chaotic_run_0 - INFO - Train Epoch 64: [0/472 (0.0%)]	Loss: 0.157021
2026-01-09 13:24:50,830 - experiment_chaotic_lorenz_full_chaotic_run_0 - INFO - Epoch 64: Train Loss: 0.1286, Train Acc: 0.9978, Val Loss: 0.4473, Val Acc: 0.9326
2026-01-09 13:24:50,913 - experiment_chaotic_lorenz_full_chaotic_run_0 - INFO - Saved new best model at epoch 64
2026-01-09 13:24:51,590 - experiment_chaotic_lorenz_full_chaotic_run_0 - INFO - Train Epoch 65: [0/472 (0.0%)]	Loss: 0.113737
2026-01-09 13:24:58,322 - experiment_chaotic_lorenz_full_chaotic_run_0 - INFO - Epoch 65: Train Loss: 0.1424, Train Acc: 0.9888, Val Loss: 0.7674, Val Acc: 0.8539
2026-01-09 13:24:58,952 - experiment_chaotic_lorenz_full_chaotic_run_0 - INFO - Train Epoch 66: [0/472 (0.0%)]	Loss: 0.179155
2026-01-09 13:25:05,729 - experiment_chaotic_lorenz_full_chaotic_run_0 - INFO - Epoch 66: Train Loss: 0.1359, Train Acc: 0.9933, Val Loss: 2.2594, Val Acc: 0.5843
2026-01-09 13:25:06,376 - experiment_chaotic_lorenz_full_chaotic_run_0 - INFO - Train Epoch 67: [0/472 (0.0%)]	Loss: 0.116698
2026-01-09 13:25:13,034 - experiment_chaotic_lorenz_full_chaotic_run_0 - INFO - Epoch 67: Train Loss: 0.1313, Train Acc: 0.9978, Val Loss: 1.2659, Val Acc: 0.7753
2026-01-09 13:25:13,665 - experiment_chaotic_lorenz_full_chaotic_run_0 - INFO - Train Epoch 68: [0/472 (0.0%)]	Loss: 0.149292
2026-01-09 13:25:20,551 - experiment_chaotic_lorenz_full_chaotic_run_0 - INFO - Epoch 68: Train Loss: 0.1327, Train Acc: 0.9933, Val Loss: 0.2648, Val Acc: 0.9326
2026-01-09 13:25:21,183 - experiment_chaotic_lorenz_full_chaotic_run_0 - INFO - Train Epoch 69: [0/472 (0.0%)]	Loss: 0.109708
2026-01-09 13:25:27,948 - experiment_chaotic_lorenz_full_chaotic_run_0 - INFO - Epoch 69: Train Loss: 0.1315, Train Acc: 0.9955, Val Loss: 0.3282, Val Acc: 0.9101
2026-01-09 13:25:28,586 - experiment_chaotic_lorenz_full_chaotic_run_0 - INFO - Train Epoch 70: [0/472 (0.0%)]	Loss: 0.115530
2026-01-09 13:25:35,272 - experiment_chaotic_lorenz_full_chaotic_run_0 - INFO - Epoch 70: Train Loss: 0.1196, Train Acc: 1.0000, Val Loss: 1.3148, Val Acc: 0.7753
2026-01-09 13:25:35,988 - experiment_chaotic_lorenz_full_chaotic_run_0 - INFO - Train Epoch 71: [0/472 (0.0%)]	Loss: 0.115451
2026-01-09 13:25:42,764 - experiment_chaotic_lorenz_full_chaotic_run_0 - INFO - Epoch 71: Train Loss: 0.1203, Train Acc: 1.0000, Val Loss: 0.2461, Val Acc: 0.9326
2026-01-09 13:25:43,404 - experiment_chaotic_lorenz_full_chaotic_run_0 - INFO - Train Epoch 72: [0/472 (0.0%)]	Loss: 0.110641
2026-01-09 13:25:50,099 - experiment_chaotic_lorenz_full_chaotic_run_0 - INFO - Epoch 72: Train Loss: 0.1201, Train Acc: 0.9978, Val Loss: 0.2464, Val Acc: 0.9438
2026-01-09 13:25:50,183 - experiment_chaotic_lorenz_full_chaotic_run_0 - INFO - Saved new best model at epoch 72
2026-01-09 13:25:50,844 - experiment_chaotic_lorenz_full_chaotic_run_0 - INFO - Train Epoch 73: [0/472 (0.0%)]	Loss: 0.106557
2026-01-09 13:25:57,478 - experiment_chaotic_lorenz_full_chaotic_run_0 - INFO - Epoch 73: Train Loss: 0.1251, Train Acc: 0.9933, Val Loss: 0.1399, Val Acc: 0.9551
2026-01-09 13:25:57,562 - experiment_chaotic_lorenz_full_chaotic_run_0 - INFO - Saved new best model at epoch 73
2026-01-09 13:25:58,265 - experiment_chaotic_lorenz_full_chaotic_run_0 - INFO - Train Epoch 74: [0/472 (0.0%)]	Loss: 0.111126
2026-01-09 13:26:05,017 - experiment_chaotic_lorenz_full_chaotic_run_0 - INFO - Epoch 74: Train Loss: 0.1202, Train Acc: 0.9955, Val Loss: 0.5411, Val Acc: 0.8764
2026-01-09 13:26:05,651 - experiment_chaotic_lorenz_full_chaotic_run_0 - INFO - Train Epoch 75: [0/472 (0.0%)]	Loss: 0.115822
2026-01-09 13:26:12,342 - experiment_chaotic_lorenz_full_chaotic_run_0 - INFO - Epoch 75: Train Loss: 0.1261, Train Acc: 0.9955, Val Loss: 2.5989, Val Acc: 0.6067
2026-01-09 13:26:12,984 - experiment_chaotic_lorenz_full_chaotic_run_0 - INFO - Train Epoch 76: [0/472 (0.0%)]	Loss: 0.170534
2026-01-09 13:26:19,659 - experiment_chaotic_lorenz_full_chaotic_run_0 - INFO - Epoch 76: Train Loss: 0.1260, Train Acc: 0.9955, Val Loss: 2.1410, Val Acc: 0.5843
2026-01-09 13:26:20,302 - experiment_chaotic_lorenz_full_chaotic_run_0 - INFO - Train Epoch 77: [0/472 (0.0%)]	Loss: 0.121431
2026-01-09 13:26:26,951 - experiment_chaotic_lorenz_full_chaotic_run_0 - INFO - Epoch 77: Train Loss: 0.1286, Train Acc: 0.9978, Val Loss: 2.4602, Val Acc: 0.5730
2026-01-09 13:26:27,583 - experiment_chaotic_lorenz_full_chaotic_run_0 - INFO - Train Epoch 78: [0/472 (0.0%)]	Loss: 0.119703
2026-01-09 13:26:34,411 - experiment_chaotic_lorenz_full_chaotic_run_0 - INFO - Epoch 78: Train Loss: 0.1365, Train Acc: 0.9911, Val Loss: 2.1215, Val Acc: 0.5618
2026-01-09 13:26:35,057 - experiment_chaotic_lorenz_full_chaotic_run_0 - INFO - Train Epoch 79: [0/472 (0.0%)]	Loss: 0.114745
2026-01-09 13:26:41,756 - experiment_chaotic_lorenz_full_chaotic_run_0 - INFO - Epoch 79: Train Loss: 0.1179, Train Acc: 1.0000, Val Loss: 0.8292, Val Acc: 0.8315
2026-01-09 13:26:42,398 - experiment_chaotic_lorenz_full_chaotic_run_0 - INFO - Train Epoch 80: [0/472 (0.0%)]	Loss: 0.109647
2026-01-09 13:26:49,175 - experiment_chaotic_lorenz_full_chaotic_run_0 - INFO - Epoch 80: Train Loss: 0.1236, Train Acc: 0.9978, Val Loss: 0.3704, Val Acc: 0.9213
2026-01-09 13:26:49,886 - experiment_chaotic_lorenz_full_chaotic_run_0 - INFO - Train Epoch 81: [0/472 (0.0%)]	Loss: 0.125328
2026-01-09 13:26:56,564 - experiment_chaotic_lorenz_full_chaotic_run_0 - INFO - Epoch 81: Train Loss: 0.1225, Train Acc: 0.9978, Val Loss: 0.6219, Val Acc: 0.8539
2026-01-09 13:26:57,196 - experiment_chaotic_lorenz_full_chaotic_run_0 - INFO - Train Epoch 82: [0/472 (0.0%)]	Loss: 0.108173
2026-01-09 13:27:03,968 - experiment_chaotic_lorenz_full_chaotic_run_0 - INFO - Epoch 82: Train Loss: 0.1215, Train Acc: 0.9978, Val Loss: 0.1506, Val Acc: 0.9663
2026-01-09 13:27:04,048 - experiment_chaotic_lorenz_full_chaotic_run_0 - INFO - Saved new best model at epoch 82
2026-01-09 13:27:04,717 - experiment_chaotic_lorenz_full_chaotic_run_0 - INFO - Train Epoch 83: [0/472 (0.0%)]	Loss: 0.137225
2026-01-09 13:27:11,402 - experiment_chaotic_lorenz_full_chaotic_run_0 - INFO - Epoch 83: Train Loss: 0.1260, Train Acc: 0.9978, Val Loss: 0.5698, Val Acc: 0.8652
2026-01-09 13:27:12,030 - experiment_chaotic_lorenz_full_chaotic_run_0 - INFO - Train Epoch 84: [0/472 (0.0%)]	Loss: 0.107373
2026-01-09 13:27:18,719 - experiment_chaotic_lorenz_full_chaotic_run_0 - INFO - Epoch 84: Train Loss: 0.1157, Train Acc: 0.9978, Val Loss: 0.1380, Val Acc: 0.9438
2026-01-09 13:27:19,351 - experiment_chaotic_lorenz_full_chaotic_run_0 - INFO - Train Epoch 85: [0/472 (0.0%)]	Loss: 0.112826
2026-01-09 13:27:26,065 - experiment_chaotic_lorenz_full_chaotic_run_0 - INFO - Epoch 85: Train Loss: 0.1163, Train Acc: 1.0000, Val Loss: 0.0482, Val Acc: 0.9775
2026-01-09 13:27:26,148 - experiment_chaotic_lorenz_full_chaotic_run_0 - INFO - Saved new best model at epoch 85
2026-01-09 13:27:26,828 - experiment_chaotic_lorenz_full_chaotic_run_0 - INFO - Train Epoch 86: [0/472 (0.0%)]	Loss: 0.126143
2026-01-09 13:27:33,599 - experiment_chaotic_lorenz_full_chaotic_run_0 - INFO - Epoch 86: Train Loss: 0.1193, Train Acc: 1.0000, Val Loss: 0.0556, Val Acc: 0.9775
2026-01-09 13:27:34,237 - experiment_chaotic_lorenz_full_chaotic_run_0 - INFO - Train Epoch 87: [0/472 (0.0%)]	Loss: 0.107285
2026-01-09 13:27:40,922 - experiment_chaotic_lorenz_full_chaotic_run_0 - INFO - Epoch 87: Train Loss: 0.1230, Train Acc: 0.9978, Val Loss: 0.1041, Val Acc: 0.9438
2026-01-09 13:27:41,580 - experiment_chaotic_lorenz_full_chaotic_run_0 - INFO - Train Epoch 88: [0/472 (0.0%)]	Loss: 0.114589
2026-01-09 13:27:48,319 - experiment_chaotic_lorenz_full_chaotic_run_0 - INFO - Epoch 88: Train Loss: 0.1206, Train Acc: 0.9978, Val Loss: 0.0811, Val Acc: 0.9663
2026-01-09 13:27:48,955 - experiment_chaotic_lorenz_full_chaotic_run_0 - INFO - Train Epoch 89: [0/472 (0.0%)]	Loss: 0.107702
2026-01-09 13:27:55,706 - experiment_chaotic_lorenz_full_chaotic_run_0 - INFO - Epoch 89: Train Loss: 0.1237, Train Acc: 0.9978, Val Loss: 0.0514, Val Acc: 0.9775
2026-01-09 13:27:56,349 - experiment_chaotic_lorenz_full_chaotic_run_0 - INFO - Train Epoch 90: [0/472 (0.0%)]	Loss: 0.128146
2026-01-09 13:28:03,263 - experiment_chaotic_lorenz_full_chaotic_run_0 - INFO - Epoch 90: Train Loss: 0.1307, Train Acc: 0.9933, Val Loss: 0.0554, Val Acc: 0.9775
2026-01-09 13:28:03,987 - experiment_chaotic_lorenz_full_chaotic_run_0 - INFO - Train Epoch 91: [0/472 (0.0%)]	Loss: 0.108663
2026-01-09 13:28:10,779 - experiment_chaotic_lorenz_full_chaotic_run_0 - INFO - Epoch 91: Train Loss: 0.1286, Train Acc: 0.9978, Val Loss: 0.0393, Val Acc: 0.9888
2026-01-09 13:28:10,864 - experiment_chaotic_lorenz_full_chaotic_run_0 - INFO - Saved new best model at epoch 91
2026-01-09 13:28:11,559 - experiment_chaotic_lorenz_full_chaotic_run_0 - INFO - Train Epoch 92: [0/472 (0.0%)]	Loss: 0.111253
2026-01-09 13:28:18,341 - experiment_chaotic_lorenz_full_chaotic_run_0 - INFO - Epoch 92: Train Loss: 0.1178, Train Acc: 0.9978, Val Loss: 0.0509, Val Acc: 0.9663
2026-01-09 13:28:18,974 - experiment_chaotic_lorenz_full_chaotic_run_0 - INFO - Train Epoch 93: [0/472 (0.0%)]	Loss: 0.113097
2026-01-09 13:28:25,705 - experiment_chaotic_lorenz_full_chaotic_run_0 - INFO - Epoch 93: Train Loss: 0.1157, Train Acc: 1.0000, Val Loss: 0.0422, Val Acc: 0.9775
2026-01-09 13:28:26,342 - experiment_chaotic_lorenz_full_chaotic_run_0 - INFO - Train Epoch 94: [0/472 (0.0%)]	Loss: 0.214942
2026-01-09 13:28:32,999 - experiment_chaotic_lorenz_full_chaotic_run_0 - INFO - Epoch 94: Train Loss: 0.1244, Train Acc: 0.9978, Val Loss: 0.0292, Val Acc: 0.9888
2026-01-09 13:28:33,620 - experiment_chaotic_lorenz_full_chaotic_run_0 - INFO - Train Epoch 95: [0/472 (0.0%)]	Loss: 0.106698
2026-01-09 13:28:40,318 - experiment_chaotic_lorenz_full_chaotic_run_0 - INFO - Epoch 95: Train Loss: 0.1268, Train Acc: 0.9955, Val Loss: 0.0384, Val Acc: 0.9775
2026-01-09 13:28:40,960 - experiment_chaotic_lorenz_full_chaotic_run_0 - INFO - Train Epoch 96: [0/472 (0.0%)]	Loss: 0.106012
2026-01-09 13:28:47,705 - experiment_chaotic_lorenz_full_chaotic_run_0 - INFO - Epoch 96: Train Loss: 0.1209, Train Acc: 0.9978, Val Loss: 0.0359, Val Acc: 0.9775
2026-01-09 13:28:48,339 - experiment_chaotic_lorenz_full_chaotic_run_0 - INFO - Train Epoch 97: [0/472 (0.0%)]	Loss: 0.111481
2026-01-09 13:28:55,103 - experiment_chaotic_lorenz_full_chaotic_run_0 - INFO - Epoch 97: Train Loss: 0.1310, Train Acc: 0.9933, Val Loss: 0.0406, Val Acc: 0.9775
2026-01-09 13:28:55,737 - experiment_chaotic_lorenz_full_chaotic_run_0 - INFO - Train Epoch 98: [0/472 (0.0%)]	Loss: 0.109512
2026-01-09 13:29:02,394 - experiment_chaotic_lorenz_full_chaotic_run_0 - INFO - Epoch 98: Train Loss: 0.1243, Train Acc: 0.9933, Val Loss: 0.0446, Val Acc: 0.9775
2026-01-09 13:29:03,033 - experiment_chaotic_lorenz_full_chaotic_run_0 - INFO - Train Epoch 99: [0/472 (0.0%)]	Loss: 0.123215
2026-01-09 13:29:09,785 - experiment_chaotic_lorenz_full_chaotic_run_0 - INFO - Epoch 99: Train Loss: 0.1318, Train Acc: 0.9888, Val Loss: 0.0429, Val Acc: 0.9888
2026-01-09 13:29:09,790 - experiment_chaotic_lorenz_full_chaotic_run_0 - INFO - Running final test evaluation...
2026-01-09 13:29:10,595 - experiment_chaotic_lorenz_full_chaotic_run_0 - INFO - Test Results:
2026-01-09 13:29:10,596 - experiment_chaotic_lorenz_full_chaotic_run_0 - INFO -   loss: 0.2266
2026-01-09 13:29:10,596 - experiment_chaotic_lorenz_full_chaotic_run_0 - INFO -   accuracy: 0.9407
2026-01-09 13:29:10,596 - experiment_chaotic_lorenz_full_chaotic_run_0 - INFO -   avg_confidence: 0.9858
2026-01-09 13:29:10,596 - experiment_chaotic_lorenz_full_chaotic_run_0 - INFO -   embedding_diversity: 0.1221
2026-01-09 13:29:10,596 - experiment_chaotic_lorenz_full_chaotic_run_0 - INFO -   embedding_norm_mean: 1.0000
2026-01-09 13:29:10,596 - experiment_chaotic_lorenz_full_chaotic_run_0 - INFO -   embedding_norm_std: 0.0000
2026-01-09 13:29:10,598 - experiment_chaotic_lorenz_full_chaotic_run_0 - INFO - Training completed
2026-01-09 13:29:11,365 - experiment_chaotic_lorenz_full_chaotic_run_0 - INFO - Running comprehensive chaotic network analysis...
2026-01-09 13:29:11,366 - experiment_chaotic_lorenz_full_chaotic_run_0 - INFO - Analyzing chaotic features and dynamics...
2026-01-09 13:29:12,040 - experiment_chaotic_lorenz_full_chaotic_run_0 - INFO - Chaotic analysis completed
2026-01-09 13:29:12,042 - experiment_chaotic_lorenz_full_chaotic_run_0 - INFO - Creating chaotic dynamics visualizations...
2026-01-09 13:29:14,479 - experiment_chaotic_lorenz_full_chaotic_run_0 - WARNING - Embedding plotting failed: boolean index did not match indexed array along dimension 0; dimension is 8 but corresponding boolean dimension is 32
2026-01-09 13:29:14,486 - experiment_chaotic_lorenz_full_chaotic_run_0 - INFO - Chaotic network analysis completed
2026-01-09 13:47:33,749 - experiment_chaotic_lorenz_full_chaotic_run_0 - INFO - Initialized experiment: chaotic_lorenz_full_chaotic_run_0
2026-01-09 13:47:33,749 - experiment_chaotic_lorenz_full_chaotic_run_0 - INFO - Device: cuda
2026-01-09 13:47:33,749 - experiment_chaotic_lorenz_full_chaotic_run_0 - INFO - Output directory: /scratch/project_2003370/yueyao/Model/experiments/configs/sync_experiments/A/experiments/chaotic_lorenz_full_chaotic_run_0
2026-01-09 13:47:33,750 - experiment_chaotic_lorenz_full_chaotic_run_0 - INFO - Initialized chaotic network experiment with lorenz system
2026-01-09 13:47:33,750 - experiment_chaotic_lorenz_full_chaotic_run_0 - INFO - Setting up experiment components...
2026-01-09 13:47:33,750 - experiment_chaotic_lorenz_full_chaotic_run_0 - INFO - Creating dataloaders...
2026-01-09 13:47:34,132 - experiment_chaotic_lorenz_full_chaotic_run_0 - INFO - Detected 26 speakers in dataset
2026-01-09 13:47:34,132 - experiment_chaotic_lorenz_full_chaotic_run_0 - INFO - Dataloaders created:
2026-01-09 13:47:34,132 - experiment_chaotic_lorenz_full_chaotic_run_0 - INFO -   Train: 14 batches
2026-01-09 13:47:34,132 - experiment_chaotic_lorenz_full_chaotic_run_0 - INFO -   Val: 3 batches
2026-01-09 13:47:34,132 - experiment_chaotic_lorenz_full_chaotic_run_0 - INFO -   Test: 4 batches
2026-01-09 13:47:34,132 - experiment_chaotic_lorenz_full_chaotic_run_0 - INFO - Creating model...
2026-01-09 13:47:34,132 - experiment_chaotic_lorenz_full_chaotic_run_0 - INFO - Using actual num_speakers from dataset: 26
2026-01-09 13:47:34,132 - experiment_chaotic_lorenz_full_chaotic_run_0 - INFO - [BIFURCATION] use_bifurcation_control=False
2026-01-09 13:48:04,743 - experiment_chaotic_lorenz_full_chaotic_run_0 - INFO - Total parameters: 458,181
2026-01-09 13:48:04,744 - experiment_chaotic_lorenz_full_chaotic_run_0 - INFO - Trainable parameters: 458,181
2026-01-09 13:48:04,744 - experiment_chaotic_lorenz_full_chaotic_run_0 - INFO - Creating optimizer...
2026-01-09 13:48:05,871 - experiment_chaotic_lorenz_full_chaotic_run_0 - INFO - Optimizer: AdamW
2026-01-09 13:48:05,871 - experiment_chaotic_lorenz_full_chaotic_run_0 - INFO - Creating scheduler...
2026-01-09 13:48:05,871 - experiment_chaotic_lorenz_full_chaotic_run_0 - INFO - Scheduler: CosineAnnealingLR
2026-01-09 13:48:05,871 - experiment_chaotic_lorenz_full_chaotic_run_0 - INFO - Creating criterion...
2026-01-09 13:48:05,871 - experiment_chaotic_lorenz_full_chaotic_run_0 - INFO - Criterion: CrossEntropyLoss
2026-01-09 13:48:05,916 - experiment_chaotic_lorenz_full_chaotic_run_0 - INFO - Configuration saved to: /scratch/project_2003370/yueyao/Model/experiments/configs/sync_experiments/A/experiments/chaotic_lorenz_full_chaotic_run_0/config.json
2026-01-09 13:48:05,916 - experiment_chaotic_lorenz_full_chaotic_run_0 - INFO - Experiment setup completed
2026-01-09 13:48:05,917 - experiment_chaotic_lorenz_full_chaotic_run_0 - INFO - Starting training for 100 epochs
2026-01-09 13:48:06,068 - experiment_chaotic_lorenz_full_chaotic_run_0 - INFO - 
================================================================================
2026-01-09 13:48:06,068 - experiment_chaotic_lorenz_full_chaotic_run_0 - INFO - COMPREHENSIVE DEBUG - FIRST BATCH
2026-01-09 13:48:06,068 - experiment_chaotic_lorenz_full_chaotic_run_0 - INFO - ================================================================================
2026-01-09 13:48:06,069 - experiment_chaotic_lorenz_full_chaotic_run_0 - INFO - Batch Info:
2026-01-09 13:48:06,069 - experiment_chaotic_lorenz_full_chaotic_run_0 - INFO -   Audio shape: torch.Size([32, 48000])
2026-01-09 13:48:06,069 - experiment_chaotic_lorenz_full_chaotic_run_0 - INFO -   Targets shape: torch.Size([32])
2026-01-09 13:48:06,074 - experiment_chaotic_lorenz_full_chaotic_run_0 - INFO -   Targets (first 8): tensor([19, 24, 16, 12, 16, 10,  8,  2], device='cuda:0')
2026-01-09 13:48:06,646 - experiment_chaotic_lorenz_full_chaotic_run_0 - INFO - ================================================================================

2026-01-09 13:48:06,648 - experiment_chaotic_lorenz_full_chaotic_run_0 - INFO - [ADVERSARIAL] Initialized AdversarialChaoticAugmentation
2026-01-09 13:48:06,782 - experiment_chaotic_lorenz_full_chaotic_run_0 - INFO - [SYNC LOSS] Initialized PhaseSynchronizationLoss
2026-01-09 13:48:06,924 - experiment_chaotic_lorenz_full_chaotic_run_0 - INFO - [STABILITY] Initialized LyapunovStabilityLoss
2026-01-09 13:48:07,785 - experiment_chaotic_lorenz_full_chaotic_run_0 - INFO - Train Epoch 0: [0/472 (0.0%)]	Loss: 4.872292
2026-01-09 13:48:16,868 - experiment_chaotic_lorenz_full_chaotic_run_0 - INFO - [ADVERSARIAL] Warmup: epoch 1/5
2026-01-09 13:48:17,880 - experiment_chaotic_lorenz_full_chaotic_run_0 - INFO - Epoch 0: Train Loss: 4.4658, Train Acc: 0.0424, Val Loss: 4.2633, Val Acc: 0.0449
2026-01-09 13:48:17,962 - experiment_chaotic_lorenz_full_chaotic_run_0 - INFO - Saved new best model at epoch 0
2026-01-09 13:48:18,961 - experiment_chaotic_lorenz_full_chaotic_run_0 - INFO - Train Epoch 1: [0/472 (0.0%)]	Loss: 4.671061
2026-01-09 13:48:28,037 - experiment_chaotic_lorenz_full_chaotic_run_0 - INFO - [ADVERSARIAL] Warmup: epoch 2/5
2026-01-09 13:48:29,018 - experiment_chaotic_lorenz_full_chaotic_run_0 - INFO - Epoch 1: Train Loss: 4.1486, Train Acc: 0.0513, Val Loss: 3.9100, Val Acc: 0.1011
2026-01-09 13:48:29,102 - experiment_chaotic_lorenz_full_chaotic_run_0 - INFO - Saved new best model at epoch 1
2026-01-09 13:48:30,039 - experiment_chaotic_lorenz_full_chaotic_run_0 - INFO - Train Epoch 2: [0/472 (0.0%)]	Loss: 3.622807
2026-01-09 13:48:39,114 - experiment_chaotic_lorenz_full_chaotic_run_0 - INFO - [ADVERSARIAL] Warmup: epoch 3/5
2026-01-09 13:48:40,098 - experiment_chaotic_lorenz_full_chaotic_run_0 - INFO - Epoch 2: Train Loss: 3.7365, Train Acc: 0.1094, Val Loss: 4.9368, Val Acc: 0.0449
2026-01-09 13:48:40,998 - experiment_chaotic_lorenz_full_chaotic_run_0 - INFO - Train Epoch 3: [0/472 (0.0%)]	Loss: 3.681845
2026-01-09 13:48:50,253 - experiment_chaotic_lorenz_full_chaotic_run_0 - INFO - [ADVERSARIAL] Warmup: epoch 4/5
2026-01-09 13:48:51,235 - experiment_chaotic_lorenz_full_chaotic_run_0 - INFO - Epoch 3: Train Loss: 3.4099, Train Acc: 0.1339, Val Loss: 5.2592, Val Acc: 0.0449
2026-01-09 13:48:52,125 - experiment_chaotic_lorenz_full_chaotic_run_0 - INFO - Train Epoch 4: [0/472 (0.0%)]	Loss: 3.271633
2026-01-09 13:49:01,201 - experiment_chaotic_lorenz_full_chaotic_run_0 - INFO - [ADVERSARIAL] Warmup: epoch 5/5
2026-01-09 13:49:02,182 - experiment_chaotic_lorenz_full_chaotic_run_0 - INFO - Epoch 4: Train Loss: 2.9002, Train Acc: 0.2478, Val Loss: 5.9101, Val Acc: 0.0449
2026-01-09 13:49:02,828 - experiment_chaotic_lorenz_full_chaotic_run_0 - INFO - Train Epoch 5: [0/472 (0.0%)]	Loss: 2.753514
2026-01-09 13:49:08,497 - experiment_chaotic_lorenz_full_chaotic_run_0 - INFO - [ADVERSARIAL] Warmup complete, adversarial training activated!
2026-01-09 13:49:09,456 - experiment_chaotic_lorenz_full_chaotic_run_0 - INFO - Epoch 5: Train Loss: 3.1242, Train Acc: 0.3482, Val Loss: 5.5278, Val Acc: 0.0449
2026-01-09 13:49:10,091 - experiment_chaotic_lorenz_full_chaotic_run_0 - INFO - Train Epoch 6: [0/472 (0.0%)]	Loss: 2.854467
2026-01-09 13:49:16,799 - experiment_chaotic_lorenz_full_chaotic_run_0 - INFO - Epoch 6: Train Loss: 2.6252, Train Acc: 0.4107, Val Loss: 7.1238, Val Acc: 0.0449
2026-01-09 13:49:17,432 - experiment_chaotic_lorenz_full_chaotic_run_0 - INFO - Train Epoch 7: [0/472 (0.0%)]	Loss: 2.825373
2026-01-09 13:49:24,082 - experiment_chaotic_lorenz_full_chaotic_run_0 - INFO - Epoch 7: Train Loss: 2.2172, Train Acc: 0.4978, Val Loss: 4.9261, Val Acc: 0.0449
2026-01-09 13:49:24,721 - experiment_chaotic_lorenz_full_chaotic_run_0 - INFO - Train Epoch 8: [0/472 (0.0%)]	Loss: 2.397832
2026-01-09 13:49:31,369 - experiment_chaotic_lorenz_full_chaotic_run_0 - INFO - Epoch 8: Train Loss: 1.9891, Train Acc: 0.5714, Val Loss: 6.3963, Val Acc: 0.0449
2026-01-09 13:49:32,007 - experiment_chaotic_lorenz_full_chaotic_run_0 - INFO - Train Epoch 9: [0/472 (0.0%)]	Loss: 1.657677
2026-01-09 13:49:38,772 - experiment_chaotic_lorenz_full_chaotic_run_0 - INFO - Epoch 9: Train Loss: 1.6806, Train Acc: 0.6451, Val Loss: 5.1408, Val Acc: 0.0674
2026-01-09 13:49:39,411 - experiment_chaotic_lorenz_full_chaotic_run_0 - INFO - Train Epoch 10: [0/472 (0.0%)]	Loss: 1.320593
2026-01-09 13:49:46,058 - experiment_chaotic_lorenz_full_chaotic_run_0 - INFO - Epoch 10: Train Loss: 1.3736, Train Acc: 0.7031, Val Loss: 4.7835, Val Acc: 0.0449
2026-01-09 13:49:46,776 - experiment_chaotic_lorenz_full_chaotic_run_0 - INFO - Train Epoch 11: [0/472 (0.0%)]	Loss: 1.506806
2026-01-09 13:49:53,398 - experiment_chaotic_lorenz_full_chaotic_run_0 - INFO - Epoch 11: Train Loss: 1.2716, Train Acc: 0.7254, Val Loss: 5.4972, Val Acc: 0.0449
2026-01-09 13:49:54,032 - experiment_chaotic_lorenz_full_chaotic_run_0 - INFO - Train Epoch 12: [0/472 (0.0%)]	Loss: 1.302573
2026-01-09 13:50:00,719 - experiment_chaotic_lorenz_full_chaotic_run_0 - INFO - Epoch 12: Train Loss: 1.1528, Train Acc: 0.7388, Val Loss: 5.2240, Val Acc: 0.0562
2026-01-09 13:50:01,362 - experiment_chaotic_lorenz_full_chaotic_run_0 - INFO - Train Epoch 13: [0/472 (0.0%)]	Loss: 0.783726
2026-01-09 13:50:08,030 - experiment_chaotic_lorenz_full_chaotic_run_0 - INFO - Epoch 13: Train Loss: 0.9795, Train Acc: 0.7946, Val Loss: 6.8690, Val Acc: 0.0674
2026-01-09 13:50:08,678 - experiment_chaotic_lorenz_full_chaotic_run_0 - INFO - Train Epoch 14: [0/472 (0.0%)]	Loss: 0.837267
2026-01-09 13:50:15,356 - experiment_chaotic_lorenz_full_chaotic_run_0 - INFO - Epoch 14: Train Loss: 0.9491, Train Acc: 0.7679, Val Loss: 8.1261, Val Acc: 0.0449
2026-01-09 13:50:15,993 - experiment_chaotic_lorenz_full_chaotic_run_0 - INFO - Train Epoch 15: [0/472 (0.0%)]	Loss: 0.812728
2026-01-09 13:50:22,672 - experiment_chaotic_lorenz_full_chaotic_run_0 - INFO - Epoch 15: Train Loss: 0.8279, Train Acc: 0.8326, Val Loss: 7.1785, Val Acc: 0.0899
2026-01-09 13:50:23,316 - experiment_chaotic_lorenz_full_chaotic_run_0 - INFO - Train Epoch 16: [0/472 (0.0%)]	Loss: 0.669199
2026-01-09 13:50:30,013 - experiment_chaotic_lorenz_full_chaotic_run_0 - INFO - Epoch 16: Train Loss: 0.8141, Train Acc: 0.8415, Val Loss: 7.3622, Val Acc: 0.0899
2026-01-09 13:50:30,647 - experiment_chaotic_lorenz_full_chaotic_run_0 - INFO - Train Epoch 17: [0/472 (0.0%)]	Loss: 0.734138
2026-01-09 13:50:37,304 - experiment_chaotic_lorenz_full_chaotic_run_0 - INFO - Epoch 17: Train Loss: 0.8001, Train Acc: 0.8438, Val Loss: 5.6086, Val Acc: 0.0449
2026-01-09 13:50:37,930 - experiment_chaotic_lorenz_full_chaotic_run_0 - INFO - Train Epoch 18: [0/472 (0.0%)]	Loss: 0.900950
2026-01-09 13:50:44,615 - experiment_chaotic_lorenz_full_chaotic_run_0 - INFO - Epoch 18: Train Loss: 0.7342, Train Acc: 0.8571, Val Loss: 3.9690, Val Acc: 0.1348
2026-01-09 13:50:44,698 - experiment_chaotic_lorenz_full_chaotic_run_0 - INFO - Saved new best model at epoch 18
2026-01-09 13:50:45,384 - experiment_chaotic_lorenz_full_chaotic_run_0 - INFO - Train Epoch 19: [0/472 (0.0%)]	Loss: 0.729049
2026-01-09 13:50:52,164 - experiment_chaotic_lorenz_full_chaotic_run_0 - INFO - Epoch 19: Train Loss: 0.6155, Train Acc: 0.8839, Val Loss: 6.6627, Val Acc: 0.1348
2026-01-09 13:50:52,801 - experiment_chaotic_lorenz_full_chaotic_run_0 - INFO - Train Epoch 20: [0/472 (0.0%)]	Loss: 0.720844
2026-01-09 13:50:59,579 - experiment_chaotic_lorenz_full_chaotic_run_0 - INFO - Epoch 20: Train Loss: 0.5789, Train Acc: 0.8817, Val Loss: 7.8376, Val Acc: 0.0787
2026-01-09 13:51:00,287 - experiment_chaotic_lorenz_full_chaotic_run_0 - INFO - Train Epoch 21: [0/472 (0.0%)]	Loss: 0.464619
2026-01-09 13:51:07,020 - experiment_chaotic_lorenz_full_chaotic_run_0 - INFO - Epoch 21: Train Loss: 0.5641, Train Acc: 0.8795, Val Loss: 5.5275, Val Acc: 0.0674
2026-01-09 13:51:07,677 - experiment_chaotic_lorenz_full_chaotic_run_0 - INFO - Train Epoch 22: [0/472 (0.0%)]	Loss: 1.081302
2026-01-09 13:51:14,405 - experiment_chaotic_lorenz_full_chaotic_run_0 - INFO - Epoch 22: Train Loss: 0.6126, Train Acc: 0.8750, Val Loss: 6.1881, Val Acc: 0.0449
2026-01-09 13:51:15,063 - experiment_chaotic_lorenz_full_chaotic_run_0 - INFO - Train Epoch 23: [0/472 (0.0%)]	Loss: 0.527654
2026-01-09 13:51:21,888 - experiment_chaotic_lorenz_full_chaotic_run_0 - INFO - Epoch 23: Train Loss: 0.6086, Train Acc: 0.8817, Val Loss: 4.8373, Val Acc: 0.1685
2026-01-09 13:51:21,973 - experiment_chaotic_lorenz_full_chaotic_run_0 - INFO - Saved new best model at epoch 23
2026-01-09 13:51:22,674 - experiment_chaotic_lorenz_full_chaotic_run_0 - INFO - Train Epoch 24: [0/472 (0.0%)]	Loss: 0.958622
2026-01-09 13:51:29,544 - experiment_chaotic_lorenz_full_chaotic_run_0 - INFO - Epoch 24: Train Loss: 0.4998, Train Acc: 0.8951, Val Loss: 7.6394, Val Acc: 0.0899
2026-01-09 13:51:30,201 - experiment_chaotic_lorenz_full_chaotic_run_0 - INFO - Train Epoch 25: [0/472 (0.0%)]	Loss: 0.424865
2026-01-09 13:51:36,943 - experiment_chaotic_lorenz_full_chaotic_run_0 - INFO - Epoch 25: Train Loss: 0.4819, Train Acc: 0.9018, Val Loss: 6.8640, Val Acc: 0.0562
2026-01-09 13:51:37,599 - experiment_chaotic_lorenz_full_chaotic_run_0 - INFO - Train Epoch 26: [0/472 (0.0%)]	Loss: 0.353623
2026-01-09 13:51:44,392 - experiment_chaotic_lorenz_full_chaotic_run_0 - INFO - Epoch 26: Train Loss: 0.4015, Train Acc: 0.9286, Val Loss: 5.9159, Val Acc: 0.1011
2026-01-09 13:51:45,046 - experiment_chaotic_lorenz_full_chaotic_run_0 - INFO - Train Epoch 27: [0/472 (0.0%)]	Loss: 0.393432
2026-01-09 13:51:51,803 - experiment_chaotic_lorenz_full_chaotic_run_0 - INFO - Epoch 27: Train Loss: 0.4435, Train Acc: 0.9219, Val Loss: 9.2976, Val Acc: 0.0899
2026-01-09 13:51:52,469 - experiment_chaotic_lorenz_full_chaotic_run_0 - INFO - Train Epoch 28: [0/472 (0.0%)]	Loss: 0.276560
2026-01-09 13:51:59,247 - experiment_chaotic_lorenz_full_chaotic_run_0 - INFO - Epoch 28: Train Loss: 0.4186, Train Acc: 0.9286, Val Loss: 9.3547, Val Acc: 0.0899
2026-01-09 13:51:59,916 - experiment_chaotic_lorenz_full_chaotic_run_0 - INFO - Train Epoch 29: [0/472 (0.0%)]	Loss: 0.272924
2026-01-09 13:52:06,656 - experiment_chaotic_lorenz_full_chaotic_run_0 - INFO - Epoch 29: Train Loss: 0.4364, Train Acc: 0.9107, Val Loss: 7.8851, Val Acc: 0.0899
2026-01-09 13:52:07,317 - experiment_chaotic_lorenz_full_chaotic_run_0 - INFO - Train Epoch 30: [0/472 (0.0%)]	Loss: 0.350067
2026-01-09 13:52:14,088 - experiment_chaotic_lorenz_full_chaotic_run_0 - INFO - Epoch 30: Train Loss: 0.3702, Train Acc: 0.9464, Val Loss: 7.7625, Val Acc: 0.0787
2026-01-09 13:52:14,815 - experiment_chaotic_lorenz_full_chaotic_run_0 - INFO - Train Epoch 31: [0/472 (0.0%)]	Loss: 0.462810
2026-01-09 13:52:21,634 - experiment_chaotic_lorenz_full_chaotic_run_0 - INFO - Epoch 31: Train Loss: 0.4099, Train Acc: 0.9219, Val Loss: 5.6523, Val Acc: 0.1573
2026-01-09 13:52:22,278 - experiment_chaotic_lorenz_full_chaotic_run_0 - INFO - Train Epoch 32: [0/472 (0.0%)]	Loss: 0.458501
2026-01-09 13:52:29,208 - experiment_chaotic_lorenz_full_chaotic_run_0 - INFO - Epoch 32: Train Loss: 0.3811, Train Acc: 0.9375, Val Loss: 4.1610, Val Acc: 0.2022
2026-01-09 13:52:29,292 - experiment_chaotic_lorenz_full_chaotic_run_0 - INFO - Saved new best model at epoch 32
2026-01-09 13:52:29,988 - experiment_chaotic_lorenz_full_chaotic_run_0 - INFO - Train Epoch 33: [0/472 (0.0%)]	Loss: 0.376431
2026-01-09 13:52:36,847 - experiment_chaotic_lorenz_full_chaotic_run_0 - INFO - Epoch 33: Train Loss: 0.3511, Train Acc: 0.9464, Val Loss: 4.8595, Val Acc: 0.2360
2026-01-09 13:52:36,928 - experiment_chaotic_lorenz_full_chaotic_run_0 - INFO - Saved new best model at epoch 33
2026-01-09 13:52:37,631 - experiment_chaotic_lorenz_full_chaotic_run_0 - INFO - Train Epoch 34: [0/472 (0.0%)]	Loss: 0.419508
2026-01-09 13:52:44,367 - experiment_chaotic_lorenz_full_chaotic_run_0 - INFO - Epoch 34: Train Loss: 0.4076, Train Acc: 0.9286, Val Loss: 6.8805, Val Acc: 0.1348
2026-01-09 13:52:45,032 - experiment_chaotic_lorenz_full_chaotic_run_0 - INFO - Train Epoch 35: [0/472 (0.0%)]	Loss: 0.186362
2026-01-09 13:52:51,833 - experiment_chaotic_lorenz_full_chaotic_run_0 - INFO - Epoch 35: Train Loss: 0.3780, Train Acc: 0.9353, Val Loss: 5.2505, Val Acc: 0.1573
2026-01-09 13:52:52,485 - experiment_chaotic_lorenz_full_chaotic_run_0 - INFO - Train Epoch 36: [0/472 (0.0%)]	Loss: 0.158125
2026-01-09 13:52:59,363 - experiment_chaotic_lorenz_full_chaotic_run_0 - INFO - Epoch 36: Train Loss: 0.2907, Train Acc: 0.9554, Val Loss: 6.9088, Val Acc: 0.1348
2026-01-09 13:53:00,000 - experiment_chaotic_lorenz_full_chaotic_run_0 - INFO - Train Epoch 37: [0/472 (0.0%)]	Loss: 0.175880
2026-01-09 13:53:06,728 - experiment_chaotic_lorenz_full_chaotic_run_0 - INFO - Epoch 37: Train Loss: 0.2278, Train Acc: 0.9844, Val Loss: 4.6572, Val Acc: 0.2022
2026-01-09 13:53:07,379 - experiment_chaotic_lorenz_full_chaotic_run_0 - INFO - Train Epoch 38: [0/472 (0.0%)]	Loss: 0.258675
2026-01-09 13:53:14,118 - experiment_chaotic_lorenz_full_chaotic_run_0 - INFO - Epoch 38: Train Loss: 0.2705, Train Acc: 0.9576, Val Loss: 4.3871, Val Acc: 0.2697
2026-01-09 13:53:14,200 - experiment_chaotic_lorenz_full_chaotic_run_0 - INFO - Saved new best model at epoch 38
2026-01-09 13:53:14,887 - experiment_chaotic_lorenz_full_chaotic_run_0 - INFO - Train Epoch 39: [0/472 (0.0%)]	Loss: 0.126259
2026-01-09 13:53:21,618 - experiment_chaotic_lorenz_full_chaotic_run_0 - INFO - Epoch 39: Train Loss: 0.2118, Train Acc: 0.9799, Val Loss: 2.9255, Val Acc: 0.3933
2026-01-09 13:53:21,697 - experiment_chaotic_lorenz_full_chaotic_run_0 - INFO - Saved new best model at epoch 39
2026-01-09 13:53:22,380 - experiment_chaotic_lorenz_full_chaotic_run_0 - INFO - Train Epoch 40: [0/472 (0.0%)]	Loss: 0.205793
2026-01-09 13:53:29,088 - experiment_chaotic_lorenz_full_chaotic_run_0 - INFO - Epoch 40: Train Loss: 0.2723, Train Acc: 0.9621, Val Loss: 8.1805, Val Acc: 0.1011
2026-01-09 13:53:29,832 - experiment_chaotic_lorenz_full_chaotic_run_0 - INFO - Train Epoch 41: [0/472 (0.0%)]	Loss: 0.156854
2026-01-09 13:53:36,458 - experiment_chaotic_lorenz_full_chaotic_run_0 - INFO - Epoch 41: Train Loss: 0.2186, Train Acc: 0.9799, Val Loss: 7.2322, Val Acc: 0.1011
2026-01-09 13:53:37,098 - experiment_chaotic_lorenz_full_chaotic_run_0 - INFO - Train Epoch 42: [0/472 (0.0%)]	Loss: 0.209231
2026-01-09 13:53:43,745 - experiment_chaotic_lorenz_full_chaotic_run_0 - INFO - Epoch 42: Train Loss: 0.1845, Train Acc: 0.9888, Val Loss: 6.6325, Val Acc: 0.1124
2026-01-09 13:53:44,369 - experiment_chaotic_lorenz_full_chaotic_run_0 - INFO - Train Epoch 43: [0/472 (0.0%)]	Loss: 0.148509
2026-01-09 13:53:51,021 - experiment_chaotic_lorenz_full_chaotic_run_0 - INFO - Epoch 43: Train Loss: 0.1769, Train Acc: 0.9844, Val Loss: 2.6838, Val Acc: 0.5169
2026-01-09 13:53:51,104 - experiment_chaotic_lorenz_full_chaotic_run_0 - INFO - Saved new best model at epoch 43
2026-01-09 13:53:51,787 - experiment_chaotic_lorenz_full_chaotic_run_0 - INFO - Train Epoch 44: [0/472 (0.0%)]	Loss: 0.162010
2026-01-09 13:53:58,420 - experiment_chaotic_lorenz_full_chaotic_run_0 - INFO - Epoch 44: Train Loss: 0.2242, Train Acc: 0.9777, Val Loss: 1.6760, Val Acc: 0.6292
2026-01-09 13:53:58,505 - experiment_chaotic_lorenz_full_chaotic_run_0 - INFO - Saved new best model at epoch 44
2026-01-09 13:53:59,159 - experiment_chaotic_lorenz_full_chaotic_run_0 - INFO - Train Epoch 45: [0/472 (0.0%)]	Loss: 0.141347
2026-01-09 13:54:05,888 - experiment_chaotic_lorenz_full_chaotic_run_0 - INFO - Epoch 45: Train Loss: 0.1709, Train Acc: 0.9911, Val Loss: 7.3390, Val Acc: 0.1573
2026-01-09 13:54:06,505 - experiment_chaotic_lorenz_full_chaotic_run_0 - INFO - Train Epoch 46: [0/472 (0.0%)]	Loss: 0.307149
2026-01-09 13:54:13,172 - experiment_chaotic_lorenz_full_chaotic_run_0 - INFO - Epoch 46: Train Loss: 0.1788, Train Acc: 0.9866, Val Loss: 4.1554, Val Acc: 0.4494
2026-01-09 13:54:13,795 - experiment_chaotic_lorenz_full_chaotic_run_0 - INFO - Train Epoch 47: [0/472 (0.0%)]	Loss: 0.232355
2026-01-09 13:54:20,504 - experiment_chaotic_lorenz_full_chaotic_run_0 - INFO - Epoch 47: Train Loss: 0.1799, Train Acc: 0.9866, Val Loss: 3.3509, Val Acc: 0.4045
2026-01-09 13:54:21,125 - experiment_chaotic_lorenz_full_chaotic_run_0 - INFO - Train Epoch 48: [0/472 (0.0%)]	Loss: 0.177955
2026-01-09 13:54:27,847 - experiment_chaotic_lorenz_full_chaotic_run_0 - INFO - Epoch 48: Train Loss: 0.1735, Train Acc: 0.9866, Val Loss: 3.5447, Val Acc: 0.3708
2026-01-09 13:54:28,466 - experiment_chaotic_lorenz_full_chaotic_run_0 - INFO - Train Epoch 49: [0/472 (0.0%)]	Loss: 0.133795
2026-01-09 13:54:35,156 - experiment_chaotic_lorenz_full_chaotic_run_0 - INFO - Epoch 49: Train Loss: 0.1665, Train Acc: 0.9933, Val Loss: 5.9250, Val Acc: 0.2022
2026-01-09 13:54:35,772 - experiment_chaotic_lorenz_full_chaotic_run_0 - INFO - Train Epoch 50: [0/472 (0.0%)]	Loss: 0.120710
2026-01-09 13:54:42,496 - experiment_chaotic_lorenz_full_chaotic_run_0 - INFO - Epoch 50: Train Loss: 0.1637, Train Acc: 0.9911, Val Loss: 5.3789, Val Acc: 0.1910
2026-01-09 13:54:43,212 - experiment_chaotic_lorenz_full_chaotic_run_0 - INFO - Train Epoch 51: [0/472 (0.0%)]	Loss: 0.337002
2026-01-09 13:54:49,911 - experiment_chaotic_lorenz_full_chaotic_run_0 - INFO - Epoch 51: Train Loss: 0.1903, Train Acc: 0.9799, Val Loss: 3.6544, Val Acc: 0.3483
2026-01-09 13:54:50,547 - experiment_chaotic_lorenz_full_chaotic_run_0 - INFO - Train Epoch 52: [0/472 (0.0%)]	Loss: 0.154179
2026-01-09 13:54:57,189 - experiment_chaotic_lorenz_full_chaotic_run_0 - INFO - Epoch 52: Train Loss: 0.1634, Train Acc: 0.9888, Val Loss: 5.3868, Val Acc: 0.1910
2026-01-09 13:54:57,815 - experiment_chaotic_lorenz_full_chaotic_run_0 - INFO - Train Epoch 53: [0/472 (0.0%)]	Loss: 0.112607
2026-01-09 13:55:04,453 - experiment_chaotic_lorenz_full_chaotic_run_0 - INFO - Epoch 53: Train Loss: 0.1535, Train Acc: 0.9911, Val Loss: 9.6681, Val Acc: 0.0899
2026-01-09 13:55:05,073 - experiment_chaotic_lorenz_full_chaotic_run_0 - INFO - Train Epoch 54: [0/472 (0.0%)]	Loss: 0.118340
2026-01-09 13:55:11,718 - experiment_chaotic_lorenz_full_chaotic_run_0 - INFO - Epoch 54: Train Loss: 0.1487, Train Acc: 0.9911, Val Loss: 8.5444, Val Acc: 0.0899
2026-01-09 13:55:12,352 - experiment_chaotic_lorenz_full_chaotic_run_0 - INFO - Train Epoch 55: [0/472 (0.0%)]	Loss: 0.187664
2026-01-09 13:55:18,979 - experiment_chaotic_lorenz_full_chaotic_run_0 - INFO - Epoch 55: Train Loss: 0.1662, Train Acc: 0.9911, Val Loss: 7.9798, Val Acc: 0.1124
2026-01-09 13:55:19,606 - experiment_chaotic_lorenz_full_chaotic_run_0 - INFO - Train Epoch 56: [0/472 (0.0%)]	Loss: 0.189014
2026-01-09 13:55:26,388 - experiment_chaotic_lorenz_full_chaotic_run_0 - INFO - Epoch 56: Train Loss: 0.1429, Train Acc: 0.9888, Val Loss: 7.6930, Val Acc: 0.1573
2026-01-09 13:55:27,014 - experiment_chaotic_lorenz_full_chaotic_run_0 - INFO - Train Epoch 57: [0/472 (0.0%)]	Loss: 0.203096
2026-01-09 13:55:33,728 - experiment_chaotic_lorenz_full_chaotic_run_0 - INFO - Epoch 57: Train Loss: 0.1466, Train Acc: 0.9933, Val Loss: 2.3476, Val Acc: 0.5843
2026-01-09 13:55:34,352 - experiment_chaotic_lorenz_full_chaotic_run_0 - INFO - Train Epoch 58: [0/472 (0.0%)]	Loss: 0.121245
2026-01-09 13:55:40,953 - experiment_chaotic_lorenz_full_chaotic_run_0 - INFO - Epoch 58: Train Loss: 0.1790, Train Acc: 0.9821, Val Loss: 2.9561, Val Acc: 0.5393
2026-01-09 13:55:41,584 - experiment_chaotic_lorenz_full_chaotic_run_0 - INFO - Train Epoch 59: [0/472 (0.0%)]	Loss: 0.202081
2026-01-09 13:55:48,175 - experiment_chaotic_lorenz_full_chaotic_run_0 - INFO - Epoch 59: Train Loss: 0.1553, Train Acc: 0.9888, Val Loss: 4.4258, Val Acc: 0.3933
2026-01-09 13:55:48,803 - experiment_chaotic_lorenz_full_chaotic_run_0 - INFO - Train Epoch 60: [0/472 (0.0%)]	Loss: 0.217477
2026-01-09 13:55:55,386 - experiment_chaotic_lorenz_full_chaotic_run_0 - INFO - Epoch 60: Train Loss: 0.1564, Train Acc: 0.9911, Val Loss: 7.1603, Val Acc: 0.1124
2026-01-09 13:55:56,080 - experiment_chaotic_lorenz_full_chaotic_run_0 - INFO - Train Epoch 61: [0/472 (0.0%)]	Loss: 0.430286
2026-01-09 13:56:02,723 - experiment_chaotic_lorenz_full_chaotic_run_0 - INFO - Epoch 61: Train Loss: 0.1688, Train Acc: 0.9888, Val Loss: 4.7169, Val Acc: 0.2809
2026-01-09 13:56:03,353 - experiment_chaotic_lorenz_full_chaotic_run_0 - INFO - Train Epoch 62: [0/472 (0.0%)]	Loss: 0.162486
2026-01-09 13:56:10,064 - experiment_chaotic_lorenz_full_chaotic_run_0 - INFO - Epoch 62: Train Loss: 0.1484, Train Acc: 0.9866, Val Loss: 3.5152, Val Acc: 0.4494
2026-01-09 13:56:10,701 - experiment_chaotic_lorenz_full_chaotic_run_0 - INFO - Train Epoch 63: [0/472 (0.0%)]	Loss: 0.132955
2026-01-09 13:56:17,408 - experiment_chaotic_lorenz_full_chaotic_run_0 - INFO - Epoch 63: Train Loss: 0.1360, Train Acc: 0.9911, Val Loss: 1.5540, Val Acc: 0.6854
2026-01-09 13:56:17,494 - experiment_chaotic_lorenz_full_chaotic_run_0 - INFO - Saved new best model at epoch 63
2026-01-09 13:56:18,153 - experiment_chaotic_lorenz_full_chaotic_run_0 - INFO - Train Epoch 64: [0/472 (0.0%)]	Loss: 0.157021
2026-01-09 13:56:24,767 - experiment_chaotic_lorenz_full_chaotic_run_0 - INFO - Epoch 64: Train Loss: 0.1286, Train Acc: 0.9978, Val Loss: 0.4473, Val Acc: 0.9326
2026-01-09 13:56:25,006 - experiment_chaotic_lorenz_full_chaotic_run_0 - INFO - Saved new best model at epoch 64
2026-01-09 13:56:25,667 - experiment_chaotic_lorenz_full_chaotic_run_0 - INFO - Train Epoch 65: [0/472 (0.0%)]	Loss: 0.113737
2026-01-09 13:56:32,387 - experiment_chaotic_lorenz_full_chaotic_run_0 - INFO - Epoch 65: Train Loss: 0.1424, Train Acc: 0.9888, Val Loss: 0.7674, Val Acc: 0.8539
2026-01-09 13:56:33,012 - experiment_chaotic_lorenz_full_chaotic_run_0 - INFO - Train Epoch 66: [0/472 (0.0%)]	Loss: 0.179155
2026-01-09 13:56:39,682 - experiment_chaotic_lorenz_full_chaotic_run_0 - INFO - Epoch 66: Train Loss: 0.1359, Train Acc: 0.9933, Val Loss: 2.2594, Val Acc: 0.5843
2026-01-09 13:56:40,326 - experiment_chaotic_lorenz_full_chaotic_run_0 - INFO - Train Epoch 67: [0/472 (0.0%)]	Loss: 0.116698
2026-01-09 13:56:46,990 - experiment_chaotic_lorenz_full_chaotic_run_0 - INFO - Epoch 67: Train Loss: 0.1313, Train Acc: 0.9978, Val Loss: 1.2659, Val Acc: 0.7753
2026-01-09 13:56:47,616 - experiment_chaotic_lorenz_full_chaotic_run_0 - INFO - Train Epoch 68: [0/472 (0.0%)]	Loss: 0.149292
2026-01-09 13:56:54,319 - experiment_chaotic_lorenz_full_chaotic_run_0 - INFO - Epoch 68: Train Loss: 0.1327, Train Acc: 0.9933, Val Loss: 0.2648, Val Acc: 0.9326
2026-01-09 13:56:54,968 - experiment_chaotic_lorenz_full_chaotic_run_0 - INFO - Train Epoch 69: [0/472 (0.0%)]	Loss: 0.109708
2026-01-09 13:57:01,589 - experiment_chaotic_lorenz_full_chaotic_run_0 - INFO - Epoch 69: Train Loss: 0.1315, Train Acc: 0.9955, Val Loss: 0.3282, Val Acc: 0.9101
2026-01-09 13:57:02,216 - experiment_chaotic_lorenz_full_chaotic_run_0 - INFO - Train Epoch 70: [0/472 (0.0%)]	Loss: 0.115530
2026-01-09 13:57:08,842 - experiment_chaotic_lorenz_full_chaotic_run_0 - INFO - Epoch 70: Train Loss: 0.1196, Train Acc: 1.0000, Val Loss: 1.3148, Val Acc: 0.7753
2026-01-09 13:57:09,549 - experiment_chaotic_lorenz_full_chaotic_run_0 - INFO - Train Epoch 71: [0/472 (0.0%)]	Loss: 0.115451
2026-01-09 13:57:16,167 - experiment_chaotic_lorenz_full_chaotic_run_0 - INFO - Epoch 71: Train Loss: 0.1203, Train Acc: 1.0000, Val Loss: 0.2461, Val Acc: 0.9326
2026-01-09 13:57:16,805 - experiment_chaotic_lorenz_full_chaotic_run_0 - INFO - Train Epoch 72: [0/472 (0.0%)]	Loss: 0.110641
2026-01-09 13:57:23,470 - experiment_chaotic_lorenz_full_chaotic_run_0 - INFO - Epoch 72: Train Loss: 0.1201, Train Acc: 0.9978, Val Loss: 0.2464, Val Acc: 0.9438
2026-01-09 13:57:23,555 - experiment_chaotic_lorenz_full_chaotic_run_0 - INFO - Saved new best model at epoch 72
2026-01-09 13:57:24,214 - experiment_chaotic_lorenz_full_chaotic_run_0 - INFO - Train Epoch 73: [0/472 (0.0%)]	Loss: 0.106557
2026-01-09 13:57:30,856 - experiment_chaotic_lorenz_full_chaotic_run_0 - INFO - Epoch 73: Train Loss: 0.1251, Train Acc: 0.9933, Val Loss: 0.1399, Val Acc: 0.9551
2026-01-09 13:57:30,939 - experiment_chaotic_lorenz_full_chaotic_run_0 - INFO - Saved new best model at epoch 73
2026-01-09 13:57:31,619 - experiment_chaotic_lorenz_full_chaotic_run_0 - INFO - Train Epoch 74: [0/472 (0.0%)]	Loss: 0.111126
2026-01-09 13:57:38,244 - experiment_chaotic_lorenz_full_chaotic_run_0 - INFO - Epoch 74: Train Loss: 0.1202, Train Acc: 0.9955, Val Loss: 0.5411, Val Acc: 0.8764
2026-01-09 13:57:38,878 - experiment_chaotic_lorenz_full_chaotic_run_0 - INFO - Train Epoch 75: [0/472 (0.0%)]	Loss: 0.115822
2026-01-09 13:57:45,552 - experiment_chaotic_lorenz_full_chaotic_run_0 - INFO - Epoch 75: Train Loss: 0.1261, Train Acc: 0.9955, Val Loss: 2.5989, Val Acc: 0.6067
2026-01-09 13:57:46,193 - experiment_chaotic_lorenz_full_chaotic_run_0 - INFO - Train Epoch 76: [0/472 (0.0%)]	Loss: 0.170534
2026-01-09 13:57:52,803 - experiment_chaotic_lorenz_full_chaotic_run_0 - INFO - Epoch 76: Train Loss: 0.1260, Train Acc: 0.9955, Val Loss: 2.1410, Val Acc: 0.5843
2026-01-09 13:57:53,442 - experiment_chaotic_lorenz_full_chaotic_run_0 - INFO - Train Epoch 77: [0/472 (0.0%)]	Loss: 0.121431
2026-01-09 13:58:00,207 - experiment_chaotic_lorenz_full_chaotic_run_0 - INFO - Epoch 77: Train Loss: 0.1286, Train Acc: 0.9978, Val Loss: 2.4602, Val Acc: 0.5730
2026-01-09 13:58:00,841 - experiment_chaotic_lorenz_full_chaotic_run_0 - INFO - Train Epoch 78: [0/472 (0.0%)]	Loss: 0.119703
2026-01-09 13:58:07,433 - experiment_chaotic_lorenz_full_chaotic_run_0 - INFO - Epoch 78: Train Loss: 0.1365, Train Acc: 0.9911, Val Loss: 2.1215, Val Acc: 0.5618
2026-01-09 13:58:08,075 - experiment_chaotic_lorenz_full_chaotic_run_0 - INFO - Train Epoch 79: [0/472 (0.0%)]	Loss: 0.114745
2026-01-09 13:58:14,783 - experiment_chaotic_lorenz_full_chaotic_run_0 - INFO - Epoch 79: Train Loss: 0.1179, Train Acc: 1.0000, Val Loss: 0.8292, Val Acc: 0.8315
2026-01-09 13:58:15,407 - experiment_chaotic_lorenz_full_chaotic_run_0 - INFO - Train Epoch 80: [0/472 (0.0%)]	Loss: 0.109647
2026-01-09 13:58:22,133 - experiment_chaotic_lorenz_full_chaotic_run_0 - INFO - Epoch 80: Train Loss: 0.1236, Train Acc: 0.9978, Val Loss: 0.3704, Val Acc: 0.9213
2026-01-09 13:58:22,849 - experiment_chaotic_lorenz_full_chaotic_run_0 - INFO - Train Epoch 81: [0/472 (0.0%)]	Loss: 0.125328
2026-01-09 13:58:29,492 - experiment_chaotic_lorenz_full_chaotic_run_0 - INFO - Epoch 81: Train Loss: 0.1225, Train Acc: 0.9978, Val Loss: 0.6219, Val Acc: 0.8539
2026-01-09 13:58:30,128 - experiment_chaotic_lorenz_full_chaotic_run_0 - INFO - Train Epoch 82: [0/472 (0.0%)]	Loss: 0.108173
2026-01-09 13:58:36,777 - experiment_chaotic_lorenz_full_chaotic_run_0 - INFO - Epoch 82: Train Loss: 0.1215, Train Acc: 0.9978, Val Loss: 0.1506, Val Acc: 0.9663
2026-01-09 13:58:36,860 - experiment_chaotic_lorenz_full_chaotic_run_0 - INFO - Saved new best model at epoch 82
2026-01-09 13:58:37,522 - experiment_chaotic_lorenz_full_chaotic_run_0 - INFO - Train Epoch 83: [0/472 (0.0%)]	Loss: 0.137225
2026-01-09 13:58:44,166 - experiment_chaotic_lorenz_full_chaotic_run_0 - INFO - Epoch 83: Train Loss: 0.1260, Train Acc: 0.9978, Val Loss: 0.5698, Val Acc: 0.8652
2026-01-09 13:58:44,790 - experiment_chaotic_lorenz_full_chaotic_run_0 - INFO - Train Epoch 84: [0/472 (0.0%)]	Loss: 0.107373
2026-01-09 13:58:51,441 - experiment_chaotic_lorenz_full_chaotic_run_0 - INFO - Epoch 84: Train Loss: 0.1157, Train Acc: 0.9978, Val Loss: 0.1380, Val Acc: 0.9438
2026-01-09 13:58:52,078 - experiment_chaotic_lorenz_full_chaotic_run_0 - INFO - Train Epoch 85: [0/472 (0.0%)]	Loss: 0.112826
2026-01-09 13:58:58,831 - experiment_chaotic_lorenz_full_chaotic_run_0 - INFO - Epoch 85: Train Loss: 0.1163, Train Acc: 1.0000, Val Loss: 0.0482, Val Acc: 0.9775
2026-01-09 13:58:58,915 - experiment_chaotic_lorenz_full_chaotic_run_0 - INFO - Saved new best model at epoch 85
2026-01-09 13:58:59,580 - experiment_chaotic_lorenz_full_chaotic_run_0 - INFO - Train Epoch 86: [0/472 (0.0%)]	Loss: 0.126143
2026-01-09 13:59:06,186 - experiment_chaotic_lorenz_full_chaotic_run_0 - INFO - Epoch 86: Train Loss: 0.1193, Train Acc: 1.0000, Val Loss: 0.0556, Val Acc: 0.9775
2026-01-09 13:59:06,819 - experiment_chaotic_lorenz_full_chaotic_run_0 - INFO - Train Epoch 87: [0/472 (0.0%)]	Loss: 0.107285
2026-01-09 13:59:13,436 - experiment_chaotic_lorenz_full_chaotic_run_0 - INFO - Epoch 87: Train Loss: 0.1230, Train Acc: 0.9978, Val Loss: 0.1041, Val Acc: 0.9438
2026-01-09 13:59:14,075 - experiment_chaotic_lorenz_full_chaotic_run_0 - INFO - Train Epoch 88: [0/472 (0.0%)]	Loss: 0.114589
2026-01-09 13:59:20,727 - experiment_chaotic_lorenz_full_chaotic_run_0 - INFO - Epoch 88: Train Loss: 0.1206, Train Acc: 0.9978, Val Loss: 0.0811, Val Acc: 0.9663
2026-01-09 13:59:21,355 - experiment_chaotic_lorenz_full_chaotic_run_0 - INFO - Train Epoch 89: [0/472 (0.0%)]	Loss: 0.107702
2026-01-09 13:59:27,997 - experiment_chaotic_lorenz_full_chaotic_run_0 - INFO - Epoch 89: Train Loss: 0.1237, Train Acc: 0.9978, Val Loss: 0.0514, Val Acc: 0.9775
2026-01-09 13:59:28,626 - experiment_chaotic_lorenz_full_chaotic_run_0 - INFO - Train Epoch 90: [0/472 (0.0%)]	Loss: 0.128146
2026-01-09 13:59:35,280 - experiment_chaotic_lorenz_full_chaotic_run_0 - INFO - Epoch 90: Train Loss: 0.1307, Train Acc: 0.9933, Val Loss: 0.0554, Val Acc: 0.9775
2026-01-09 13:59:36,014 - experiment_chaotic_lorenz_full_chaotic_run_0 - INFO - Train Epoch 91: [0/472 (0.0%)]	Loss: 0.108663
2026-01-09 13:59:42,790 - experiment_chaotic_lorenz_full_chaotic_run_0 - INFO - Epoch 91: Train Loss: 0.1286, Train Acc: 0.9978, Val Loss: 0.0393, Val Acc: 0.9888
2026-01-09 13:59:42,874 - experiment_chaotic_lorenz_full_chaotic_run_0 - INFO - Saved new best model at epoch 91
2026-01-09 13:59:43,535 - experiment_chaotic_lorenz_full_chaotic_run_0 - INFO - Train Epoch 92: [0/472 (0.0%)]	Loss: 0.111253
2026-01-09 13:59:50,209 - experiment_chaotic_lorenz_full_chaotic_run_0 - INFO - Epoch 92: Train Loss: 0.1178, Train Acc: 0.9978, Val Loss: 0.0509, Val Acc: 0.9663
2026-01-09 13:59:50,831 - experiment_chaotic_lorenz_full_chaotic_run_0 - INFO - Train Epoch 93: [0/472 (0.0%)]	Loss: 0.113097
2026-01-09 13:59:57,439 - experiment_chaotic_lorenz_full_chaotic_run_0 - INFO - Epoch 93: Train Loss: 0.1157, Train Acc: 1.0000, Val Loss: 0.0422, Val Acc: 0.9775
2026-01-09 13:59:58,085 - experiment_chaotic_lorenz_full_chaotic_run_0 - INFO - Train Epoch 94: [0/472 (0.0%)]	Loss: 0.214942
2026-01-09 14:00:04,735 - experiment_chaotic_lorenz_full_chaotic_run_0 - INFO - Epoch 94: Train Loss: 0.1244, Train Acc: 0.9978, Val Loss: 0.0292, Val Acc: 0.9888
2026-01-09 14:00:05,360 - experiment_chaotic_lorenz_full_chaotic_run_0 - INFO - Train Epoch 95: [0/472 (0.0%)]	Loss: 0.106698
2026-01-09 14:00:12,006 - experiment_chaotic_lorenz_full_chaotic_run_0 - INFO - Epoch 95: Train Loss: 0.1268, Train Acc: 0.9955, Val Loss: 0.0384, Val Acc: 0.9775
2026-01-09 14:00:12,638 - experiment_chaotic_lorenz_full_chaotic_run_0 - INFO - Train Epoch 96: [0/472 (0.0%)]	Loss: 0.106012
2026-01-09 14:00:19,369 - experiment_chaotic_lorenz_full_chaotic_run_0 - INFO - Epoch 96: Train Loss: 0.1209, Train Acc: 0.9978, Val Loss: 0.0359, Val Acc: 0.9775
2026-01-09 14:00:19,991 - experiment_chaotic_lorenz_full_chaotic_run_0 - INFO - Train Epoch 97: [0/472 (0.0%)]	Loss: 0.111481
2026-01-09 14:00:26,611 - experiment_chaotic_lorenz_full_chaotic_run_0 - INFO - Epoch 97: Train Loss: 0.1310, Train Acc: 0.9933, Val Loss: 0.0406, Val Acc: 0.9775
2026-01-09 14:00:27,247 - experiment_chaotic_lorenz_full_chaotic_run_0 - INFO - Train Epoch 98: [0/472 (0.0%)]	Loss: 0.109512
2026-01-09 14:00:33,896 - experiment_chaotic_lorenz_full_chaotic_run_0 - INFO - Epoch 98: Train Loss: 0.1243, Train Acc: 0.9933, Val Loss: 0.0446, Val Acc: 0.9775
2026-01-09 14:00:34,525 - experiment_chaotic_lorenz_full_chaotic_run_0 - INFO - Train Epoch 99: [0/472 (0.0%)]	Loss: 0.123215
2026-01-09 14:00:41,464 - experiment_chaotic_lorenz_full_chaotic_run_0 - INFO - Epoch 99: Train Loss: 0.1318, Train Acc: 0.9888, Val Loss: 0.0429, Val Acc: 0.9888
2026-01-09 14:00:41,469 - experiment_chaotic_lorenz_full_chaotic_run_0 - INFO - Running final test evaluation...
2026-01-09 14:00:42,259 - experiment_chaotic_lorenz_full_chaotic_run_0 - INFO - Test Results:
2026-01-09 14:00:42,259 - experiment_chaotic_lorenz_full_chaotic_run_0 - INFO -   loss: 0.2266
2026-01-09 14:00:42,259 - experiment_chaotic_lorenz_full_chaotic_run_0 - INFO -   accuracy: 0.9407
2026-01-09 14:00:42,259 - experiment_chaotic_lorenz_full_chaotic_run_0 - INFO -   avg_confidence: 0.9858
2026-01-09 14:00:42,259 - experiment_chaotic_lorenz_full_chaotic_run_0 - INFO -   embedding_diversity: 0.1221
2026-01-09 14:00:42,259 - experiment_chaotic_lorenz_full_chaotic_run_0 - INFO -   embedding_norm_mean: 1.0000
2026-01-09 14:00:42,259 - experiment_chaotic_lorenz_full_chaotic_run_0 - INFO -   embedding_norm_std: 0.0000
2026-01-09 14:00:42,261 - experiment_chaotic_lorenz_full_chaotic_run_0 - INFO - Training completed
2026-01-09 14:00:43,043 - experiment_chaotic_lorenz_full_chaotic_run_0 - INFO - Running comprehensive chaotic network analysis...
2026-01-09 14:00:43,044 - experiment_chaotic_lorenz_full_chaotic_run_0 - INFO - Analyzing chaotic features and dynamics...
2026-01-09 14:00:43,722 - experiment_chaotic_lorenz_full_chaotic_run_0 - INFO - Chaotic analysis completed
2026-01-09 14:00:43,724 - experiment_chaotic_lorenz_full_chaotic_run_0 - INFO - Creating chaotic dynamics visualizations...
2026-01-09 14:00:45,948 - experiment_chaotic_lorenz_full_chaotic_run_0 - WARNING - Embedding plotting failed: boolean index did not match indexed array along dimension 0; dimension is 8 but corresponding boolean dimension is 32
2026-01-09 14:00:45,954 - experiment_chaotic_lorenz_full_chaotic_run_0 - INFO - Chaotic network analysis completed
2026-01-09 16:38:41,584 - experiment_chaotic_lorenz_full_chaotic_run_0 - INFO - Initialized experiment: chaotic_lorenz_full_chaotic_run_0
2026-01-09 16:38:41,598 - experiment_chaotic_lorenz_full_chaotic_run_0 - INFO - Device: cuda
2026-01-09 16:38:41,599 - experiment_chaotic_lorenz_full_chaotic_run_0 - INFO - Output directory: /scratch/project_2003370/yueyao/Model/experiments/configs/sync_experiments/A/experiments/chaotic_lorenz_full_chaotic_run_0
2026-01-09 16:38:41,599 - experiment_chaotic_lorenz_full_chaotic_run_0 - INFO - Initialized chaotic network experiment with lorenz system
2026-01-09 16:38:41,599 - experiment_chaotic_lorenz_full_chaotic_run_0 - INFO - Setting up experiment components...
2026-01-09 16:38:41,599 - experiment_chaotic_lorenz_full_chaotic_run_0 - INFO - Creating dataloaders...
2026-01-09 16:39:02,158 - experiment_chaotic_lorenz_full_chaotic_run_0 - INFO - Detected 26 speakers in dataset
2026-01-09 16:39:02,159 - experiment_chaotic_lorenz_full_chaotic_run_0 - INFO - Dataloaders created:
2026-01-09 16:39:02,159 - experiment_chaotic_lorenz_full_chaotic_run_0 - INFO -   Train: 14 batches
2026-01-09 16:39:02,159 - experiment_chaotic_lorenz_full_chaotic_run_0 - INFO -   Val: 3 batches
2026-01-09 16:39:02,159 - experiment_chaotic_lorenz_full_chaotic_run_0 - INFO -   Test: 4 batches
2026-01-09 16:39:02,159 - experiment_chaotic_lorenz_full_chaotic_run_0 - INFO - Creating model...
2026-01-09 16:39:02,159 - experiment_chaotic_lorenz_full_chaotic_run_0 - INFO - Using actual num_speakers from dataset: 26
2026-01-09 16:39:02,159 - experiment_chaotic_lorenz_full_chaotic_run_0 - INFO - [BIFURCATION] use_bifurcation_control=False
2026-01-09 16:39:30,055 - experiment_chaotic_lorenz_full_chaotic_run_0 - INFO - Total parameters: 458,181
2026-01-09 16:39:30,055 - experiment_chaotic_lorenz_full_chaotic_run_0 - INFO - Trainable parameters: 458,181
2026-01-09 16:39:30,055 - experiment_chaotic_lorenz_full_chaotic_run_0 - INFO - Creating optimizer...
2026-01-09 16:39:32,474 - experiment_chaotic_lorenz_full_chaotic_run_0 - INFO - Optimizer: AdamW
2026-01-09 16:39:32,474 - experiment_chaotic_lorenz_full_chaotic_run_0 - INFO - Creating scheduler...
2026-01-09 16:39:32,475 - experiment_chaotic_lorenz_full_chaotic_run_0 - INFO - Scheduler: CosineAnnealingLR
2026-01-09 16:39:32,475 - experiment_chaotic_lorenz_full_chaotic_run_0 - INFO - Creating criterion...
2026-01-09 16:39:32,475 - experiment_chaotic_lorenz_full_chaotic_run_0 - INFO - Criterion: CrossEntropyLoss
2026-01-09 16:39:32,559 - experiment_chaotic_lorenz_full_chaotic_run_0 - INFO - Configuration saved to: /scratch/project_2003370/yueyao/Model/experiments/configs/sync_experiments/A/experiments/chaotic_lorenz_full_chaotic_run_0/config.json
2026-01-09 16:39:32,559 - experiment_chaotic_lorenz_full_chaotic_run_0 - INFO - Experiment setup completed
2026-01-09 16:39:32,560 - experiment_chaotic_lorenz_full_chaotic_run_0 - INFO - Starting training for 100 epochs
2026-01-09 16:39:48,355 - experiment_chaotic_lorenz_full_chaotic_run_0 - INFO - 
================================================================================
2026-01-09 16:39:48,355 - experiment_chaotic_lorenz_full_chaotic_run_0 - INFO - COMPREHENSIVE DEBUG - FIRST BATCH
2026-01-09 16:39:48,355 - experiment_chaotic_lorenz_full_chaotic_run_0 - INFO - ================================================================================
2026-01-09 16:39:48,355 - experiment_chaotic_lorenz_full_chaotic_run_0 - INFO - Batch Info:
2026-01-09 16:39:48,355 - experiment_chaotic_lorenz_full_chaotic_run_0 - INFO -   Audio shape: torch.Size([32, 48000])
2026-01-09 16:39:48,355 - experiment_chaotic_lorenz_full_chaotic_run_0 - INFO -   Targets shape: torch.Size([32])
2026-01-09 16:39:48,363 - experiment_chaotic_lorenz_full_chaotic_run_0 - INFO -   Targets (first 8): tensor([19, 24, 16, 12, 16, 10,  8,  2], device='cuda:0')
2026-01-09 16:39:52,383 - experiment_chaotic_lorenz_full_chaotic_run_0 - INFO - ================================================================================

2026-01-09 16:39:52,385 - experiment_chaotic_lorenz_full_chaotic_run_0 - INFO - [ADVERSARIAL] Initialized AdversarialChaoticAugmentation
2026-01-09 16:39:52,545 - experiment_chaotic_lorenz_full_chaotic_run_0 - INFO - [SYNC LOSS] Initialized PhaseSynchronizationLoss
2026-01-09 16:39:52,688 - experiment_chaotic_lorenz_full_chaotic_run_0 - INFO - [STABILITY] Initialized LyapunovStabilityLoss
2026-01-09 16:39:54,270 - experiment_chaotic_lorenz_full_chaotic_run_0 - INFO - Train Epoch 0: [0/472 (0.0%)]	Loss: 4.872300
2026-01-09 16:40:03,100 - experiment_chaotic_lorenz_full_chaotic_run_0 - INFO - [ADVERSARIAL] Warmup: epoch 1/5
2026-01-09 16:40:03,937 - experiment_chaotic_lorenz_full_chaotic_run_0 - INFO - Epoch 0: Train Loss: 4.4524, Train Acc: 0.0603, Val Loss: 4.2513, Val Acc: 0.0562
2026-01-09 16:40:04,020 - experiment_chaotic_lorenz_full_chaotic_run_0 - INFO - Saved new best model at epoch 0
2026-01-09 16:40:05,882 - experiment_chaotic_lorenz_full_chaotic_run_0 - INFO - Train Epoch 1: [0/472 (0.0%)]	Loss: 4.436406
2026-01-09 16:40:13,154 - experiment_chaotic_lorenz_full_chaotic_run_0 - INFO - [ADVERSARIAL] Warmup: epoch 2/5
2026-01-09 16:40:13,983 - experiment_chaotic_lorenz_full_chaotic_run_0 - INFO - Epoch 1: Train Loss: 4.1730, Train Acc: 0.0692, Val Loss: 4.2702, Val Acc: 0.0449
2026-01-09 16:40:14,691 - experiment_chaotic_lorenz_full_chaotic_run_0 - INFO - Train Epoch 2: [0/472 (0.0%)]	Loss: 3.693514
2026-01-09 16:40:22,053 - experiment_chaotic_lorenz_full_chaotic_run_0 - INFO - [ADVERSARIAL] Warmup: epoch 3/5
2026-01-09 16:40:22,899 - experiment_chaotic_lorenz_full_chaotic_run_0 - INFO - Epoch 2: Train Loss: 3.4640, Train Acc: 0.1473, Val Loss: 4.0520, Val Acc: 0.0449
2026-01-09 16:40:23,610 - experiment_chaotic_lorenz_full_chaotic_run_0 - INFO - Train Epoch 3: [0/472 (0.0%)]	Loss: 3.055899
2026-01-09 16:40:30,751 - experiment_chaotic_lorenz_full_chaotic_run_0 - INFO - [ADVERSARIAL] Warmup: epoch 4/5
2026-01-09 16:40:31,598 - experiment_chaotic_lorenz_full_chaotic_run_0 - INFO - Epoch 3: Train Loss: 3.2384, Train Acc: 0.1451, Val Loss: 4.0421, Val Acc: 0.0337
2026-01-09 16:40:32,312 - experiment_chaotic_lorenz_full_chaotic_run_0 - INFO - Train Epoch 4: [0/472 (0.0%)]	Loss: 3.434969
2026-01-09 16:40:39,470 - experiment_chaotic_lorenz_full_chaotic_run_0 - INFO - [ADVERSARIAL] Warmup: epoch 5/5
2026-01-09 16:40:40,314 - experiment_chaotic_lorenz_full_chaotic_run_0 - INFO - Epoch 4: Train Loss: 3.1942, Train Acc: 0.1384, Val Loss: 4.3568, Val Acc: 0.0449
2026-01-09 16:40:40,901 - experiment_chaotic_lorenz_full_chaotic_run_0 - INFO - Train Epoch 5: [0/472 (0.0%)]	Loss: 3.382179
2026-01-09 16:40:45,705 - experiment_chaotic_lorenz_full_chaotic_run_0 - INFO - [ADVERSARIAL] Warmup complete, adversarial training activated!
2026-01-09 16:40:46,575 - experiment_chaotic_lorenz_full_chaotic_run_0 - INFO - Epoch 5: Train Loss: 3.4336, Train Acc: 0.2924, Val Loss: 4.6199, Val Acc: 0.0449
2026-01-09 16:40:47,098 - experiment_chaotic_lorenz_full_chaotic_run_0 - INFO - Train Epoch 6: [0/472 (0.0%)]	Loss: 3.337097
2026-01-09 16:40:52,724 - experiment_chaotic_lorenz_full_chaotic_run_0 - INFO - Epoch 6: Train Loss: 3.0301, Train Acc: 0.3571, Val Loss: 5.5403, Val Acc: 0.0449
2026-01-09 16:40:53,249 - experiment_chaotic_lorenz_full_chaotic_run_0 - INFO - Train Epoch 7: [0/472 (0.0%)]	Loss: 2.908362
2026-01-09 16:40:58,904 - experiment_chaotic_lorenz_full_chaotic_run_0 - INFO - Epoch 7: Train Loss: 2.5408, Train Acc: 0.4152, Val Loss: 5.8750, Val Acc: 0.0449
2026-01-09 16:40:59,428 - experiment_chaotic_lorenz_full_chaotic_run_0 - INFO - Train Epoch 8: [0/472 (0.0%)]	Loss: 2.597799
2026-01-09 16:41:04,979 - experiment_chaotic_lorenz_full_chaotic_run_0 - INFO - Epoch 8: Train Loss: 2.2906, Train Acc: 0.4754, Val Loss: 4.0291, Val Acc: 0.0449
2026-01-09 16:41:05,499 - experiment_chaotic_lorenz_full_chaotic_run_0 - INFO - Train Epoch 9: [0/472 (0.0%)]	Loss: 1.547090
2026-01-09 16:41:11,068 - experiment_chaotic_lorenz_full_chaotic_run_0 - INFO - Epoch 9: Train Loss: 1.8458, Train Acc: 0.5670, Val Loss: 3.8679, Val Acc: 0.0449
2026-01-09 16:41:11,596 - experiment_chaotic_lorenz_full_chaotic_run_0 - INFO - Train Epoch 10: [0/472 (0.0%)]	Loss: 1.524652
2026-01-09 16:41:17,266 - experiment_chaotic_lorenz_full_chaotic_run_0 - INFO - Epoch 10: Train Loss: 1.6934, Train Acc: 0.6138, Val Loss: 3.5303, Val Acc: 0.1348
2026-01-09 16:41:17,352 - experiment_chaotic_lorenz_full_chaotic_run_0 - INFO - Saved new best model at epoch 10
2026-01-09 16:41:17,998 - experiment_chaotic_lorenz_full_chaotic_run_0 - INFO - Train Epoch 11: [0/472 (0.0%)]	Loss: 1.636868
2026-01-09 16:41:23,630 - experiment_chaotic_lorenz_full_chaotic_run_0 - INFO - Epoch 11: Train Loss: 1.4356, Train Acc: 0.6406, Val Loss: 5.2232, Val Acc: 0.0449
2026-01-09 16:41:24,152 - experiment_chaotic_lorenz_full_chaotic_run_0 - INFO - Train Epoch 12: [0/472 (0.0%)]	Loss: 1.413194
2026-01-09 16:41:29,810 - experiment_chaotic_lorenz_full_chaotic_run_0 - INFO - Epoch 12: Train Loss: 1.3712, Train Acc: 0.6830, Val Loss: 5.9157, Val Acc: 0.0449
2026-01-09 16:41:30,328 - experiment_chaotic_lorenz_full_chaotic_run_0 - INFO - Train Epoch 13: [0/472 (0.0%)]	Loss: 1.159880
2026-01-09 16:41:35,877 - experiment_chaotic_lorenz_full_chaotic_run_0 - INFO - Epoch 13: Train Loss: 1.0914, Train Acc: 0.7924, Val Loss: 5.4896, Val Acc: 0.0674
2026-01-09 16:41:36,406 - experiment_chaotic_lorenz_full_chaotic_run_0 - INFO - Train Epoch 14: [0/472 (0.0%)]	Loss: 0.981591
2026-01-09 16:41:42,077 - experiment_chaotic_lorenz_full_chaotic_run_0 - INFO - Epoch 14: Train Loss: 0.9774, Train Acc: 0.7768, Val Loss: 6.2772, Val Acc: 0.0449
2026-01-09 16:41:42,611 - experiment_chaotic_lorenz_full_chaotic_run_0 - INFO - Train Epoch 15: [0/472 (0.0%)]	Loss: 0.973645
2026-01-09 16:41:48,251 - experiment_chaotic_lorenz_full_chaotic_run_0 - INFO - Epoch 15: Train Loss: 0.8723, Train Acc: 0.8147, Val Loss: 4.9389, Val Acc: 0.0562
2026-01-09 16:41:48,777 - experiment_chaotic_lorenz_full_chaotic_run_0 - INFO - Train Epoch 16: [0/472 (0.0%)]	Loss: 0.523400
2026-01-09 16:41:54,407 - experiment_chaotic_lorenz_full_chaotic_run_0 - INFO - Epoch 16: Train Loss: 0.8914, Train Acc: 0.8192, Val Loss: 3.9545, Val Acc: 0.2022
2026-01-09 16:41:54,492 - experiment_chaotic_lorenz_full_chaotic_run_0 - INFO - Saved new best model at epoch 16
2026-01-09 16:41:55,052 - experiment_chaotic_lorenz_full_chaotic_run_0 - INFO - Train Epoch 17: [0/472 (0.0%)]	Loss: 0.758780
2026-01-09 16:42:00,672 - experiment_chaotic_lorenz_full_chaotic_run_0 - INFO - Epoch 17: Train Loss: 0.8764, Train Acc: 0.8147, Val Loss: 8.1371, Val Acc: 0.0449
2026-01-09 16:42:01,195 - experiment_chaotic_lorenz_full_chaotic_run_0 - INFO - Train Epoch 18: [0/472 (0.0%)]	Loss: 0.841123
2026-01-09 16:42:06,693 - experiment_chaotic_lorenz_full_chaotic_run_0 - INFO - Epoch 18: Train Loss: 0.9671, Train Acc: 0.7924, Val Loss: 4.3363, Val Acc: 0.1011
2026-01-09 16:42:07,222 - experiment_chaotic_lorenz_full_chaotic_run_0 - INFO - Train Epoch 19: [0/472 (0.0%)]	Loss: 0.666593
2026-01-09 16:42:12,785 - experiment_chaotic_lorenz_full_chaotic_run_0 - INFO - Epoch 19: Train Loss: 0.6230, Train Acc: 0.8817, Val Loss: 1.7986, Val Acc: 0.5169
2026-01-09 16:42:12,868 - experiment_chaotic_lorenz_full_chaotic_run_0 - INFO - Saved new best model at epoch 19
2026-01-09 16:42:13,432 - experiment_chaotic_lorenz_full_chaotic_run_0 - INFO - Train Epoch 20: [0/472 (0.0%)]	Loss: 0.554046
2026-01-09 16:42:18,996 - experiment_chaotic_lorenz_full_chaotic_run_0 - INFO - Epoch 20: Train Loss: 0.7004, Train Acc: 0.8594, Val Loss: 6.8189, Val Acc: 0.0562
2026-01-09 16:42:19,601 - experiment_chaotic_lorenz_full_chaotic_run_0 - INFO - Train Epoch 21: [0/472 (0.0%)]	Loss: 0.567397
2026-01-09 16:42:25,167 - experiment_chaotic_lorenz_full_chaotic_run_0 - INFO - Epoch 21: Train Loss: 0.7269, Train Acc: 0.8549, Val Loss: 7.6672, Val Acc: 0.0449
2026-01-09 16:42:25,700 - experiment_chaotic_lorenz_full_chaotic_run_0 - INFO - Train Epoch 22: [0/472 (0.0%)]	Loss: 0.952107
2026-01-09 16:42:31,282 - experiment_chaotic_lorenz_full_chaotic_run_0 - INFO - Epoch 22: Train Loss: 0.5734, Train Acc: 0.8862, Val Loss: 4.8260, Val Acc: 0.0899
2026-01-09 16:42:31,816 - experiment_chaotic_lorenz_full_chaotic_run_0 - INFO - Train Epoch 23: [0/472 (0.0%)]	Loss: 0.694828
2026-01-09 16:42:37,401 - experiment_chaotic_lorenz_full_chaotic_run_0 - INFO - Epoch 23: Train Loss: 0.5148, Train Acc: 0.9196, Val Loss: 4.9503, Val Acc: 0.1011
2026-01-09 16:42:37,931 - experiment_chaotic_lorenz_full_chaotic_run_0 - INFO - Train Epoch 24: [0/472 (0.0%)]	Loss: 0.613296
2026-01-09 16:42:43,574 - experiment_chaotic_lorenz_full_chaotic_run_0 - INFO - Epoch 24: Train Loss: 0.4739, Train Acc: 0.9129, Val Loss: 7.1500, Val Acc: 0.0449
2026-01-09 16:42:44,102 - experiment_chaotic_lorenz_full_chaotic_run_0 - INFO - Train Epoch 25: [0/472 (0.0%)]	Loss: 0.308291
2026-01-09 16:42:49,743 - experiment_chaotic_lorenz_full_chaotic_run_0 - INFO - Epoch 25: Train Loss: 0.4492, Train Acc: 0.9241, Val Loss: 5.0042, Val Acc: 0.0449
2026-01-09 16:42:50,268 - experiment_chaotic_lorenz_full_chaotic_run_0 - INFO - Train Epoch 26: [0/472 (0.0%)]	Loss: 0.417305
2026-01-09 16:42:55,913 - experiment_chaotic_lorenz_full_chaotic_run_0 - INFO - Epoch 26: Train Loss: 0.3864, Train Acc: 0.9397, Val Loss: 6.6868, Val Acc: 0.0787
2026-01-09 16:42:56,440 - experiment_chaotic_lorenz_full_chaotic_run_0 - INFO - Train Epoch 27: [0/472 (0.0%)]	Loss: 0.375113
2026-01-09 16:43:02,093 - experiment_chaotic_lorenz_full_chaotic_run_0 - INFO - Epoch 27: Train Loss: 0.4500, Train Acc: 0.9040, Val Loss: 2.1254, Val Acc: 0.3483
2026-01-09 16:43:02,617 - experiment_chaotic_lorenz_full_chaotic_run_0 - INFO - Train Epoch 28: [0/472 (0.0%)]	Loss: 0.313360
2026-01-09 16:43:08,263 - experiment_chaotic_lorenz_full_chaotic_run_0 - INFO - Epoch 28: Train Loss: 0.4861, Train Acc: 0.9196, Val Loss: 2.4662, Val Acc: 0.4270
2026-01-09 16:43:08,787 - experiment_chaotic_lorenz_full_chaotic_run_0 - INFO - Train Epoch 29: [0/472 (0.0%)]	Loss: 0.347470
2026-01-09 16:43:14,435 - experiment_chaotic_lorenz_full_chaotic_run_0 - INFO - Epoch 29: Train Loss: 0.4909, Train Acc: 0.9040, Val Loss: 1.5543, Val Acc: 0.5169
2026-01-09 16:43:14,959 - experiment_chaotic_lorenz_full_chaotic_run_0 - INFO - Train Epoch 30: [0/472 (0.0%)]	Loss: 0.273389
2026-01-09 16:43:20,776 - experiment_chaotic_lorenz_full_chaotic_run_0 - INFO - Epoch 30: Train Loss: 0.3402, Train Acc: 0.9464, Val Loss: 2.1276, Val Acc: 0.4944
2026-01-09 16:43:21,383 - experiment_chaotic_lorenz_full_chaotic_run_0 - INFO - Train Epoch 31: [0/472 (0.0%)]	Loss: 0.643784
2026-01-09 16:43:26,943 - experiment_chaotic_lorenz_full_chaotic_run_0 - INFO - Epoch 31: Train Loss: 0.3567, Train Acc: 0.9509, Val Loss: 3.3256, Val Acc: 0.2809
2026-01-09 16:43:27,468 - experiment_chaotic_lorenz_full_chaotic_run_0 - INFO - Train Epoch 32: [0/472 (0.0%)]	Loss: 0.178330
2026-01-09 16:43:33,051 - experiment_chaotic_lorenz_full_chaotic_run_0 - INFO - Epoch 32: Train Loss: 0.3185, Train Acc: 0.9464, Val Loss: 7.0500, Val Acc: 0.1011
2026-01-09 16:43:33,580 - experiment_chaotic_lorenz_full_chaotic_run_0 - INFO - Train Epoch 33: [0/472 (0.0%)]	Loss: 0.391588
2026-01-09 16:43:39,212 - experiment_chaotic_lorenz_full_chaotic_run_0 - INFO - Epoch 33: Train Loss: 0.2840, Train Acc: 0.9688, Val Loss: 3.4022, Val Acc: 0.2022
2026-01-09 16:43:39,731 - experiment_chaotic_lorenz_full_chaotic_run_0 - INFO - Train Epoch 34: [0/472 (0.0%)]	Loss: 0.243655
2026-01-09 16:43:45,368 - experiment_chaotic_lorenz_full_chaotic_run_0 - INFO - Epoch 34: Train Loss: 0.3223, Train Acc: 0.9554, Val Loss: 1.4724, Val Acc: 0.6292
2026-01-09 16:43:45,453 - experiment_chaotic_lorenz_full_chaotic_run_0 - INFO - Saved new best model at epoch 34
2026-01-09 16:43:46,011 - experiment_chaotic_lorenz_full_chaotic_run_0 - INFO - Train Epoch 35: [0/472 (0.0%)]	Loss: 0.194957
2026-01-09 16:43:51,640 - experiment_chaotic_lorenz_full_chaotic_run_0 - INFO - Epoch 35: Train Loss: 0.2891, Train Acc: 0.9464, Val Loss: 7.3200, Val Acc: 0.0674
2026-01-09 16:43:52,163 - experiment_chaotic_lorenz_full_chaotic_run_0 - INFO - Train Epoch 36: [0/472 (0.0%)]	Loss: 0.187064
2026-01-09 16:43:57,839 - experiment_chaotic_lorenz_full_chaotic_run_0 - INFO - Epoch 36: Train Loss: 0.2528, Train Acc: 0.9710, Val Loss: 2.1667, Val Acc: 0.4494
2026-01-09 16:43:58,364 - experiment_chaotic_lorenz_full_chaotic_run_0 - INFO - Train Epoch 37: [0/472 (0.0%)]	Loss: 0.235614
2026-01-09 16:44:04,061 - experiment_chaotic_lorenz_full_chaotic_run_0 - INFO - Epoch 37: Train Loss: 0.1927, Train Acc: 0.9777, Val Loss: 6.6124, Val Acc: 0.1236
2026-01-09 16:44:04,580 - experiment_chaotic_lorenz_full_chaotic_run_0 - INFO - Train Epoch 38: [0/472 (0.0%)]	Loss: 0.173866
2026-01-09 16:44:10,141 - experiment_chaotic_lorenz_full_chaotic_run_0 - INFO - Epoch 38: Train Loss: 0.3107, Train Acc: 0.9464, Val Loss: 3.7988, Val Acc: 0.2584
2026-01-09 16:44:10,670 - experiment_chaotic_lorenz_full_chaotic_run_0 - INFO - Train Epoch 39: [0/472 (0.0%)]	Loss: 0.207431
2026-01-09 16:44:16,344 - experiment_chaotic_lorenz_full_chaotic_run_0 - INFO - Epoch 39: Train Loss: 0.2771, Train Acc: 0.9576, Val Loss: 6.1166, Val Acc: 0.0899
2026-01-09 16:44:16,867 - experiment_chaotic_lorenz_full_chaotic_run_0 - INFO - Train Epoch 40: [0/472 (0.0%)]	Loss: 0.182031
2026-01-09 16:44:22,402 - experiment_chaotic_lorenz_full_chaotic_run_0 - INFO - Epoch 40: Train Loss: 0.2202, Train Acc: 0.9754, Val Loss: 6.9560, Val Acc: 0.1236
2026-01-09 16:44:23,002 - experiment_chaotic_lorenz_full_chaotic_run_0 - INFO - Train Epoch 41: [0/472 (0.0%)]	Loss: 0.187883
2026-01-09 16:44:28,540 - experiment_chaotic_lorenz_full_chaotic_run_0 - INFO - Epoch 41: Train Loss: 0.2210, Train Acc: 0.9777, Val Loss: 5.0996, Val Acc: 0.0899
2026-01-09 16:44:29,071 - experiment_chaotic_lorenz_full_chaotic_run_0 - INFO - Train Epoch 42: [0/472 (0.0%)]	Loss: 0.188876
2026-01-09 16:44:34,630 - experiment_chaotic_lorenz_full_chaotic_run_0 - INFO - Epoch 42: Train Loss: 0.1744, Train Acc: 0.9866, Val Loss: 5.3471, Val Acc: 0.2247
2026-01-09 16:44:35,155 - experiment_chaotic_lorenz_full_chaotic_run_0 - INFO - Train Epoch 43: [0/472 (0.0%)]	Loss: 0.128218
2026-01-09 16:44:40,731 - experiment_chaotic_lorenz_full_chaotic_run_0 - INFO - Epoch 43: Train Loss: 0.2060, Train Acc: 0.9777, Val Loss: 3.8510, Val Acc: 0.3483
2026-01-09 16:44:41,260 - experiment_chaotic_lorenz_full_chaotic_run_0 - INFO - Train Epoch 44: [0/472 (0.0%)]	Loss: 0.193432
2026-01-09 16:44:46,831 - experiment_chaotic_lorenz_full_chaotic_run_0 - INFO - Epoch 44: Train Loss: 0.2146, Train Acc: 0.9777, Val Loss: 0.9879, Val Acc: 0.6966
2026-01-09 16:44:46,915 - experiment_chaotic_lorenz_full_chaotic_run_0 - INFO - Saved new best model at epoch 44
2026-01-09 16:44:47,477 - experiment_chaotic_lorenz_full_chaotic_run_0 - INFO - Train Epoch 45: [0/472 (0.0%)]	Loss: 0.212759
2026-01-09 16:44:53,090 - experiment_chaotic_lorenz_full_chaotic_run_0 - INFO - Epoch 45: Train Loss: 0.1979, Train Acc: 0.9754, Val Loss: 0.8847, Val Acc: 0.8090
2026-01-09 16:44:53,188 - experiment_chaotic_lorenz_full_chaotic_run_0 - INFO - Saved new best model at epoch 45
2026-01-09 16:44:53,750 - experiment_chaotic_lorenz_full_chaotic_run_0 - INFO - Train Epoch 46: [0/472 (0.0%)]	Loss: 0.215098
2026-01-09 16:44:59,387 - experiment_chaotic_lorenz_full_chaotic_run_0 - INFO - Epoch 46: Train Loss: 0.1724, Train Acc: 0.9844, Val Loss: 0.5539, Val Acc: 0.8876
2026-01-09 16:44:59,470 - experiment_chaotic_lorenz_full_chaotic_run_0 - INFO - Saved new best model at epoch 46
2026-01-09 16:45:00,027 - experiment_chaotic_lorenz_full_chaotic_run_0 - INFO - Train Epoch 47: [0/472 (0.0%)]	Loss: 0.142935
2026-01-09 16:45:05,665 - experiment_chaotic_lorenz_full_chaotic_run_0 - INFO - Epoch 47: Train Loss: 0.1762, Train Acc: 0.9866, Val Loss: 7.8015, Val Acc: 0.0674
2026-01-09 16:45:06,191 - experiment_chaotic_lorenz_full_chaotic_run_0 - INFO - Train Epoch 48: [0/472 (0.0%)]	Loss: 0.164046
2026-01-09 16:45:11,812 - experiment_chaotic_lorenz_full_chaotic_run_0 - INFO - Epoch 48: Train Loss: 0.2297, Train Acc: 0.9710, Val Loss: 2.1144, Val Acc: 0.4831
2026-01-09 16:45:12,344 - experiment_chaotic_lorenz_full_chaotic_run_0 - INFO - Train Epoch 49: [0/472 (0.0%)]	Loss: 0.149062
2026-01-09 16:45:17,971 - experiment_chaotic_lorenz_full_chaotic_run_0 - INFO - Epoch 49: Train Loss: 0.1708, Train Acc: 0.9844, Val Loss: 9.3250, Val Acc: 0.0449
2026-01-09 16:45:18,498 - experiment_chaotic_lorenz_full_chaotic_run_0 - INFO - Train Epoch 50: [0/472 (0.0%)]	Loss: 0.148830
2026-01-09 16:45:24,083 - experiment_chaotic_lorenz_full_chaotic_run_0 - INFO - Epoch 50: Train Loss: 0.1799, Train Acc: 0.9777, Val Loss: 2.5381, Val Acc: 0.3146
2026-01-09 16:45:24,689 - experiment_chaotic_lorenz_full_chaotic_run_0 - INFO - Train Epoch 51: [0/472 (0.0%)]	Loss: 0.189362
2026-01-09 16:45:30,351 - experiment_chaotic_lorenz_full_chaotic_run_0 - INFO - Epoch 51: Train Loss: 0.1602, Train Acc: 0.9888, Val Loss: 6.9732, Val Acc: 0.1124
2026-01-09 16:45:30,878 - experiment_chaotic_lorenz_full_chaotic_run_0 - INFO - Train Epoch 52: [0/472 (0.0%)]	Loss: 0.119197
2026-01-09 16:45:36,510 - experiment_chaotic_lorenz_full_chaotic_run_0 - INFO - Epoch 52: Train Loss: 0.1849, Train Acc: 0.9777, Val Loss: 2.1117, Val Acc: 0.5056
2026-01-09 16:45:37,041 - experiment_chaotic_lorenz_full_chaotic_run_0 - INFO - Train Epoch 53: [0/472 (0.0%)]	Loss: 0.130386
2026-01-09 16:45:42,671 - experiment_chaotic_lorenz_full_chaotic_run_0 - INFO - Epoch 53: Train Loss: 0.1762, Train Acc: 0.9844, Val Loss: 4.3525, Val Acc: 0.2809
2026-01-09 16:45:43,202 - experiment_chaotic_lorenz_full_chaotic_run_0 - INFO - Train Epoch 54: [0/472 (0.0%)]	Loss: 0.116718
2026-01-09 16:45:48,867 - experiment_chaotic_lorenz_full_chaotic_run_0 - INFO - Epoch 54: Train Loss: 0.1378, Train Acc: 0.9933, Val Loss: 2.3334, Val Acc: 0.4831
2026-01-09 16:45:49,399 - experiment_chaotic_lorenz_full_chaotic_run_0 - INFO - Train Epoch 55: [0/472 (0.0%)]	Loss: 0.131713
2026-01-09 16:45:55,059 - experiment_chaotic_lorenz_full_chaotic_run_0 - INFO - Epoch 55: Train Loss: 0.1889, Train Acc: 0.9799, Val Loss: 1.7941, Val Acc: 0.5843
2026-01-09 16:45:55,590 - experiment_chaotic_lorenz_full_chaotic_run_0 - INFO - Train Epoch 56: [0/472 (0.0%)]	Loss: 0.176528
2026-01-09 16:46:01,233 - experiment_chaotic_lorenz_full_chaotic_run_0 - INFO - Epoch 56: Train Loss: 0.1490, Train Acc: 0.9888, Val Loss: 3.1623, Val Acc: 0.2921
2026-01-09 16:46:01,758 - experiment_chaotic_lorenz_full_chaotic_run_0 - INFO - Train Epoch 57: [0/472 (0.0%)]	Loss: 0.141681
2026-01-09 16:46:07,416 - experiment_chaotic_lorenz_full_chaotic_run_0 - INFO - Epoch 57: Train Loss: 0.1358, Train Acc: 0.9933, Val Loss: 8.7564, Val Acc: 0.0787
2026-01-09 16:46:07,942 - experiment_chaotic_lorenz_full_chaotic_run_0 - INFO - Train Epoch 58: [0/472 (0.0%)]	Loss: 0.107466
2026-01-09 16:46:13,625 - experiment_chaotic_lorenz_full_chaotic_run_0 - INFO - Epoch 58: Train Loss: 0.1911, Train Acc: 0.9754, Val Loss: 4.7817, Val Acc: 0.1011
2026-01-09 16:46:14,155 - experiment_chaotic_lorenz_full_chaotic_run_0 - INFO - Train Epoch 59: [0/472 (0.0%)]	Loss: 0.270707
2026-01-09 16:46:19,824 - experiment_chaotic_lorenz_full_chaotic_run_0 - INFO - Epoch 59: Train Loss: 0.1599, Train Acc: 0.9844, Val Loss: 4.9508, Val Acc: 0.2809
2026-01-09 16:46:20,355 - experiment_chaotic_lorenz_full_chaotic_run_0 - INFO - Train Epoch 60: [0/472 (0.0%)]	Loss: 0.123907
2026-01-09 16:46:25,929 - experiment_chaotic_lorenz_full_chaotic_run_0 - INFO - Epoch 60: Train Loss: 0.1251, Train Acc: 1.0000, Val Loss: 0.5571, Val Acc: 0.8315
2026-01-09 16:46:26,539 - experiment_chaotic_lorenz_full_chaotic_run_0 - INFO - Train Epoch 61: [0/472 (0.0%)]	Loss: 0.131236
2026-01-09 16:46:32,118 - experiment_chaotic_lorenz_full_chaotic_run_0 - INFO - Epoch 61: Train Loss: 0.1447, Train Acc: 0.9933, Val Loss: 2.1874, Val Acc: 0.5843
2026-01-09 16:46:32,646 - experiment_chaotic_lorenz_full_chaotic_run_0 - INFO - Train Epoch 62: [0/472 (0.0%)]	Loss: 0.121923
2026-01-09 16:46:38,222 - experiment_chaotic_lorenz_full_chaotic_run_0 - INFO - Epoch 62: Train Loss: 0.1248, Train Acc: 0.9933, Val Loss: 4.3763, Val Acc: 0.1461
2026-01-09 16:46:38,754 - experiment_chaotic_lorenz_full_chaotic_run_0 - INFO - Train Epoch 63: [0/472 (0.0%)]	Loss: 0.114456
2026-01-09 16:46:44,385 - experiment_chaotic_lorenz_full_chaotic_run_0 - INFO - Epoch 63: Train Loss: 0.1269, Train Acc: 0.9933, Val Loss: 7.4090, Val Acc: 0.1461
2026-01-09 16:46:44,917 - experiment_chaotic_lorenz_full_chaotic_run_0 - INFO - Train Epoch 64: [0/472 (0.0%)]	Loss: 0.104170
2026-01-09 16:46:50,553 - experiment_chaotic_lorenz_full_chaotic_run_0 - INFO - Epoch 64: Train Loss: 0.1220, Train Acc: 0.9978, Val Loss: 2.9827, Val Acc: 0.3483
2026-01-09 16:46:51,078 - experiment_chaotic_lorenz_full_chaotic_run_0 - INFO - Train Epoch 65: [0/472 (0.0%)]	Loss: 0.113472
2026-01-09 16:46:56,847 - experiment_chaotic_lorenz_full_chaotic_run_0 - INFO - Epoch 65: Train Loss: 0.1304, Train Acc: 0.9933, Val Loss: 0.8089, Val Acc: 0.8427
2026-01-09 16:46:57,365 - experiment_chaotic_lorenz_full_chaotic_run_0 - INFO - Train Epoch 66: [0/472 (0.0%)]	Loss: 0.119286
2026-01-09 16:47:02,975 - experiment_chaotic_lorenz_full_chaotic_run_0 - INFO - Epoch 66: Train Loss: 0.1330, Train Acc: 0.9933, Val Loss: 2.3948, Val Acc: 0.4831
2026-01-09 16:47:03,502 - experiment_chaotic_lorenz_full_chaotic_run_0 - INFO - Train Epoch 67: [0/472 (0.0%)]	Loss: 0.119644
2026-01-09 16:47:09,136 - experiment_chaotic_lorenz_full_chaotic_run_0 - INFO - Epoch 67: Train Loss: 0.1280, Train Acc: 0.9933, Val Loss: 5.2445, Val Acc: 0.2584
2026-01-09 16:47:09,654 - experiment_chaotic_lorenz_full_chaotic_run_0 - INFO - Train Epoch 68: [0/472 (0.0%)]	Loss: 0.161287
2026-01-09 16:47:15,251 - experiment_chaotic_lorenz_full_chaotic_run_0 - INFO - Epoch 68: Train Loss: 0.1253, Train Acc: 0.9955, Val Loss: 5.2558, Val Acc: 0.2697
2026-01-09 16:47:15,777 - experiment_chaotic_lorenz_full_chaotic_run_0 - INFO - Train Epoch 69: [0/472 (0.0%)]	Loss: 0.133679
2026-01-09 16:47:21,436 - experiment_chaotic_lorenz_full_chaotic_run_0 - INFO - Epoch 69: Train Loss: 0.1206, Train Acc: 1.0000, Val Loss: 5.6812, Val Acc: 0.2472
2026-01-09 16:47:21,959 - experiment_chaotic_lorenz_full_chaotic_run_0 - INFO - Train Epoch 70: [0/472 (0.0%)]	Loss: 0.106907
2026-01-09 16:47:27,601 - experiment_chaotic_lorenz_full_chaotic_run_0 - INFO - Epoch 70: Train Loss: 0.1151, Train Acc: 1.0000, Val Loss: 1.7186, Val Acc: 0.5843
2026-01-09 16:47:28,206 - experiment_chaotic_lorenz_full_chaotic_run_0 - INFO - Train Epoch 71: [0/472 (0.0%)]	Loss: 0.115602
2026-01-09 16:47:33,854 - experiment_chaotic_lorenz_full_chaotic_run_0 - INFO - Epoch 71: Train Loss: 0.1423, Train Acc: 0.9911, Val Loss: 1.6213, Val Acc: 0.6292
2026-01-09 16:47:34,380 - experiment_chaotic_lorenz_full_chaotic_run_0 - INFO - Train Epoch 72: [0/472 (0.0%)]	Loss: 0.103004
2026-01-09 16:47:40,001 - experiment_chaotic_lorenz_full_chaotic_run_0 - INFO - Epoch 72: Train Loss: 0.1199, Train Acc: 0.9978, Val Loss: 1.0251, Val Acc: 0.8202
2026-01-09 16:47:40,530 - experiment_chaotic_lorenz_full_chaotic_run_0 - INFO - Train Epoch 73: [0/472 (0.0%)]	Loss: 0.115060
2026-01-09 16:47:46,175 - experiment_chaotic_lorenz_full_chaotic_run_0 - INFO - Epoch 73: Train Loss: 0.1141, Train Acc: 1.0000, Val Loss: 2.7859, Val Acc: 0.4719
2026-01-09 16:47:46,693 - experiment_chaotic_lorenz_full_chaotic_run_0 - INFO - Train Epoch 74: [0/472 (0.0%)]	Loss: 0.122204
2026-01-09 16:47:52,336 - experiment_chaotic_lorenz_full_chaotic_run_0 - INFO - Epoch 74: Train Loss: 0.1158, Train Acc: 0.9978, Val Loss: 4.0211, Val Acc: 0.4045
2026-01-09 16:47:52,859 - experiment_chaotic_lorenz_full_chaotic_run_0 - INFO - Train Epoch 75: [0/472 (0.0%)]	Loss: 0.136268
2026-01-09 16:47:58,488 - experiment_chaotic_lorenz_full_chaotic_run_0 - INFO - Epoch 75: Train Loss: 0.1192, Train Acc: 0.9978, Val Loss: 0.4140, Val Acc: 0.8764
2026-01-09 16:47:59,015 - experiment_chaotic_lorenz_full_chaotic_run_0 - INFO - Train Epoch 76: [0/472 (0.0%)]	Loss: 0.152404
2026-01-09 16:48:04,591 - experiment_chaotic_lorenz_full_chaotic_run_0 - INFO - Epoch 76: Train Loss: 0.1193, Train Acc: 0.9955, Val Loss: 0.3968, Val Acc: 0.9213
2026-01-09 16:48:04,675 - experiment_chaotic_lorenz_full_chaotic_run_0 - INFO - Saved new best model at epoch 76
2026-01-09 16:48:05,233 - experiment_chaotic_lorenz_full_chaotic_run_0 - INFO - Train Epoch 77: [0/472 (0.0%)]	Loss: 0.124021
2026-01-09 16:48:10,855 - experiment_chaotic_lorenz_full_chaotic_run_0 - INFO - Epoch 77: Train Loss: 0.1184, Train Acc: 1.0000, Val Loss: 0.2279, Val Acc: 0.9326
2026-01-09 16:48:10,939 - experiment_chaotic_lorenz_full_chaotic_run_0 - INFO - Saved new best model at epoch 77
2026-01-09 16:48:11,501 - experiment_chaotic_lorenz_full_chaotic_run_0 - INFO - Train Epoch 78: [0/472 (0.0%)]	Loss: 0.111567
2026-01-09 16:48:17,102 - experiment_chaotic_lorenz_full_chaotic_run_0 - INFO - Epoch 78: Train Loss: 0.1178, Train Acc: 0.9978, Val Loss: 0.1828, Val Acc: 0.9438
2026-01-09 16:48:17,184 - experiment_chaotic_lorenz_full_chaotic_run_0 - INFO - Saved new best model at epoch 78
2026-01-09 16:48:17,745 - experiment_chaotic_lorenz_full_chaotic_run_0 - INFO - Train Epoch 79: [0/472 (0.0%)]	Loss: 0.104867
2026-01-09 16:48:23,405 - experiment_chaotic_lorenz_full_chaotic_run_0 - INFO - Epoch 79: Train Loss: 0.1208, Train Acc: 0.9933, Val Loss: 0.1377, Val Acc: 0.9551
2026-01-09 16:48:23,486 - experiment_chaotic_lorenz_full_chaotic_run_0 - INFO - Saved new best model at epoch 79
2026-01-09 16:48:24,046 - experiment_chaotic_lorenz_full_chaotic_run_0 - INFO - Train Epoch 80: [0/472 (0.0%)]	Loss: 0.102237
2026-01-09 16:48:29,712 - experiment_chaotic_lorenz_full_chaotic_run_0 - INFO - Epoch 80: Train Loss: 0.1154, Train Acc: 1.0000, Val Loss: 0.3845, Val Acc: 0.9213
2026-01-09 16:48:30,325 - experiment_chaotic_lorenz_full_chaotic_run_0 - INFO - Train Epoch 81: [0/472 (0.0%)]	Loss: 0.148980
2026-01-09 16:48:35,946 - experiment_chaotic_lorenz_full_chaotic_run_0 - INFO - Epoch 81: Train Loss: 0.1276, Train Acc: 0.9955, Val Loss: 2.9257, Val Acc: 0.5056
2026-01-09 16:48:36,478 - experiment_chaotic_lorenz_full_chaotic_run_0 - INFO - Train Epoch 82: [0/472 (0.0%)]	Loss: 0.106946
2026-01-09 16:48:42,133 - experiment_chaotic_lorenz_full_chaotic_run_0 - INFO - Epoch 82: Train Loss: 0.1150, Train Acc: 1.0000, Val Loss: 0.6923, Val Acc: 0.8876
2026-01-09 16:48:42,662 - experiment_chaotic_lorenz_full_chaotic_run_0 - INFO - Train Epoch 83: [0/472 (0.0%)]	Loss: 0.121206
2026-01-09 16:48:48,307 - experiment_chaotic_lorenz_full_chaotic_run_0 - INFO - Epoch 83: Train Loss: 0.1193, Train Acc: 0.9933, Val Loss: 0.5641, Val Acc: 0.8764
2026-01-09 16:48:48,842 - experiment_chaotic_lorenz_full_chaotic_run_0 - INFO - Train Epoch 84: [0/472 (0.0%)]	Loss: 0.122908
2026-01-09 16:48:54,514 - experiment_chaotic_lorenz_full_chaotic_run_0 - INFO - Epoch 84: Train Loss: 0.1162, Train Acc: 0.9978, Val Loss: 0.5620, Val Acc: 0.8652
2026-01-09 16:48:55,048 - experiment_chaotic_lorenz_full_chaotic_run_0 - INFO - Train Epoch 85: [0/472 (0.0%)]	Loss: 0.110290
2026-01-09 16:49:00,694 - experiment_chaotic_lorenz_full_chaotic_run_0 - INFO - Epoch 85: Train Loss: 0.1158, Train Acc: 0.9955, Val Loss: 0.3914, Val Acc: 0.9101
2026-01-09 16:49:01,227 - experiment_chaotic_lorenz_full_chaotic_run_0 - INFO - Train Epoch 86: [0/472 (0.0%)]	Loss: 0.206587
2026-01-09 16:49:06,894 - experiment_chaotic_lorenz_full_chaotic_run_0 - INFO - Epoch 86: Train Loss: 0.1267, Train Acc: 0.9911, Val Loss: 0.8652, Val Acc: 0.8090
2026-01-09 16:49:07,430 - experiment_chaotic_lorenz_full_chaotic_run_0 - INFO - Train Epoch 87: [0/472 (0.0%)]	Loss: 0.117473
2026-01-09 16:49:13,083 - experiment_chaotic_lorenz_full_chaotic_run_0 - INFO - Epoch 87: Train Loss: 0.1143, Train Acc: 1.0000, Val Loss: 0.1309, Val Acc: 0.9663
2026-01-09 16:49:13,168 - experiment_chaotic_lorenz_full_chaotic_run_0 - INFO - Saved new best model at epoch 87
2026-01-09 16:49:13,741 - experiment_chaotic_lorenz_full_chaotic_run_0 - INFO - Train Epoch 88: [0/472 (0.0%)]	Loss: 0.106270
2026-01-09 16:49:19,391 - experiment_chaotic_lorenz_full_chaotic_run_0 - INFO - Epoch 88: Train Loss: 0.1250, Train Acc: 0.9933, Val Loss: 0.1998, Val Acc: 0.9438
2026-01-09 16:49:19,920 - experiment_chaotic_lorenz_full_chaotic_run_0 - INFO - Train Epoch 89: [0/472 (0.0%)]	Loss: 0.101930
2026-01-09 16:49:25,570 - experiment_chaotic_lorenz_full_chaotic_run_0 - INFO - Epoch 89: Train Loss: 0.1215, Train Acc: 0.9978, Val Loss: 0.6254, Val Acc: 0.8539
2026-01-09 16:49:26,104 - experiment_chaotic_lorenz_full_chaotic_run_0 - INFO - Train Epoch 90: [0/472 (0.0%)]	Loss: 0.111513
2026-01-09 16:49:31,759 - experiment_chaotic_lorenz_full_chaotic_run_0 - INFO - Epoch 90: Train Loss: 0.1065, Train Acc: 1.0000, Val Loss: 0.1001, Val Acc: 0.9551
2026-01-09 16:49:32,372 - experiment_chaotic_lorenz_full_chaotic_run_0 - INFO - Train Epoch 91: [0/472 (0.0%)]	Loss: 0.109668
2026-01-09 16:49:38,016 - experiment_chaotic_lorenz_full_chaotic_run_0 - INFO - Epoch 91: Train Loss: 0.1194, Train Acc: 0.9978, Val Loss: 0.1393, Val Acc: 0.9551
2026-01-09 16:49:38,546 - experiment_chaotic_lorenz_full_chaotic_run_0 - INFO - Train Epoch 92: [0/472 (0.0%)]	Loss: 0.101439
2026-01-09 16:49:44,195 - experiment_chaotic_lorenz_full_chaotic_run_0 - INFO - Epoch 92: Train Loss: 0.1082, Train Acc: 1.0000, Val Loss: 0.1264, Val Acc: 0.9551
2026-01-09 16:49:44,727 - experiment_chaotic_lorenz_full_chaotic_run_0 - INFO - Train Epoch 93: [0/472 (0.0%)]	Loss: 0.143574
2026-01-09 16:49:50,415 - experiment_chaotic_lorenz_full_chaotic_run_0 - INFO - Epoch 93: Train Loss: 0.1123, Train Acc: 0.9978, Val Loss: 0.0970, Val Acc: 0.9663
2026-01-09 16:49:50,946 - experiment_chaotic_lorenz_full_chaotic_run_0 - INFO - Train Epoch 94: [0/472 (0.0%)]	Loss: 0.170288
2026-01-09 16:49:56,616 - experiment_chaotic_lorenz_full_chaotic_run_0 - INFO - Epoch 94: Train Loss: 0.1196, Train Acc: 0.9955, Val Loss: 0.1300, Val Acc: 0.9663
2026-01-09 16:49:57,143 - experiment_chaotic_lorenz_full_chaotic_run_0 - INFO - Train Epoch 95: [0/472 (0.0%)]	Loss: 0.142545
2026-01-09 16:50:02,850 - experiment_chaotic_lorenz_full_chaotic_run_0 - INFO - Epoch 95: Train Loss: 0.1226, Train Acc: 0.9911, Val Loss: 0.1019, Val Acc: 0.9663
2026-01-09 16:50:03,383 - experiment_chaotic_lorenz_full_chaotic_run_0 - INFO - Train Epoch 96: [0/472 (0.0%)]	Loss: 0.105806
2026-01-09 16:50:09,068 - experiment_chaotic_lorenz_full_chaotic_run_0 - INFO - Epoch 96: Train Loss: 0.1172, Train Acc: 0.9978, Val Loss: 0.0951, Val Acc: 0.9663
2026-01-09 16:50:09,604 - experiment_chaotic_lorenz_full_chaotic_run_0 - INFO - Train Epoch 97: [0/472 (0.0%)]	Loss: 0.104927
2026-01-09 16:50:15,312 - experiment_chaotic_lorenz_full_chaotic_run_0 - INFO - Epoch 97: Train Loss: 0.1093, Train Acc: 1.0000, Val Loss: 0.0983, Val Acc: 0.9663
2026-01-09 16:50:15,838 - experiment_chaotic_lorenz_full_chaotic_run_0 - INFO - Train Epoch 98: [0/472 (0.0%)]	Loss: 0.105641
2026-01-09 16:50:21,419 - experiment_chaotic_lorenz_full_chaotic_run_0 - INFO - Epoch 98: Train Loss: 0.1177, Train Acc: 0.9955, Val Loss: 0.1057, Val Acc: 0.9663
2026-01-09 16:50:21,945 - experiment_chaotic_lorenz_full_chaotic_run_0 - INFO - Train Epoch 99: [0/472 (0.0%)]	Loss: 0.148935
2026-01-09 16:50:27,629 - experiment_chaotic_lorenz_full_chaotic_run_0 - INFO - Epoch 99: Train Loss: 0.1282, Train Acc: 0.9955, Val Loss: 0.0881, Val Acc: 0.9663
2026-01-09 16:50:27,636 - experiment_chaotic_lorenz_full_chaotic_run_0 - INFO - Running final test evaluation...
2026-01-09 16:50:29,576 - experiment_chaotic_lorenz_full_chaotic_run_0 - INFO - Test Results:
2026-01-09 16:50:29,577 - experiment_chaotic_lorenz_full_chaotic_run_0 - INFO -   loss: 0.2292
2026-01-09 16:50:29,577 - experiment_chaotic_lorenz_full_chaotic_run_0 - INFO -   accuracy: 0.9492
2026-01-09 16:50:29,577 - experiment_chaotic_lorenz_full_chaotic_run_0 - INFO -   avg_confidence: 0.9999
2026-01-09 16:50:29,577 - experiment_chaotic_lorenz_full_chaotic_run_0 - INFO -   embedding_diversity: 0.1937
2026-01-09 16:50:29,577 - experiment_chaotic_lorenz_full_chaotic_run_0 - INFO -   embedding_norm_mean: 1.0000
2026-01-09 16:50:29,577 - experiment_chaotic_lorenz_full_chaotic_run_0 - INFO -   embedding_norm_std: 0.0000
2026-01-09 16:50:29,579 - experiment_chaotic_lorenz_full_chaotic_run_0 - INFO - Training completed
2026-01-09 16:50:30,296 - experiment_chaotic_lorenz_full_chaotic_run_0 - INFO - Running comprehensive chaotic network analysis...
2026-01-09 16:50:30,297 - experiment_chaotic_lorenz_full_chaotic_run_0 - INFO - Analyzing chaotic features and dynamics...
2026-01-09 16:50:31,472 - experiment_chaotic_lorenz_full_chaotic_run_0 - INFO - Chaotic analysis completed
2026-01-09 16:50:31,474 - experiment_chaotic_lorenz_full_chaotic_run_0 - INFO - Creating chaotic dynamics visualizations...
2026-01-09 16:50:33,786 - experiment_chaotic_lorenz_full_chaotic_run_0 - WARNING - Embedding plotting failed: boolean index did not match indexed array along axis 0; size of axis is 8 but size of corresponding boolean axis is 32
2026-01-09 16:50:33,792 - experiment_chaotic_lorenz_full_chaotic_run_0 - INFO - Chaotic network analysis completed
2026-01-09 17:18:13,318 - experiment_chaotic_lorenz_full_chaotic_run_0 - INFO - Initialized experiment: chaotic_lorenz_full_chaotic_run_0
2026-01-09 17:18:13,337 - experiment_chaotic_lorenz_full_chaotic_run_0 - INFO - Device: cuda
2026-01-09 17:18:13,337 - experiment_chaotic_lorenz_full_chaotic_run_0 - INFO - Output directory: /scratch/project_2003370/yueyao/Model/experiments/configs/sync_experiments/A/experiments/chaotic_lorenz_full_chaotic_run_0
2026-01-09 17:18:13,337 - experiment_chaotic_lorenz_full_chaotic_run_0 - INFO - Initialized chaotic network experiment with lorenz system
2026-01-09 17:18:13,337 - experiment_chaotic_lorenz_full_chaotic_run_0 - INFO - Setting up experiment components...
2026-01-09 17:18:13,337 - experiment_chaotic_lorenz_full_chaotic_run_0 - INFO - Creating dataloaders...
2026-01-09 17:18:14,419 - experiment_chaotic_lorenz_full_chaotic_run_0 - INFO - Detected 26 speakers in dataset
2026-01-09 17:18:14,419 - experiment_chaotic_lorenz_full_chaotic_run_0 - INFO - Dataloaders created:
2026-01-09 17:18:14,419 - experiment_chaotic_lorenz_full_chaotic_run_0 - INFO -   Train: 14 batches
2026-01-09 17:18:14,419 - experiment_chaotic_lorenz_full_chaotic_run_0 - INFO -   Val: 3 batches
2026-01-09 17:18:14,420 - experiment_chaotic_lorenz_full_chaotic_run_0 - INFO -   Test: 4 batches
2026-01-09 17:18:14,420 - experiment_chaotic_lorenz_full_chaotic_run_0 - INFO - Creating model...
2026-01-09 17:18:14,420 - experiment_chaotic_lorenz_full_chaotic_run_0 - INFO - Using actual num_speakers from dataset: 26
2026-01-09 17:18:14,420 - experiment_chaotic_lorenz_full_chaotic_run_0 - INFO - [BIFURCATION] use_bifurcation_control=False
2026-01-09 17:18:45,243 - experiment_chaotic_lorenz_full_chaotic_run_0 - INFO - Total parameters: 458,181
2026-01-09 17:18:45,244 - experiment_chaotic_lorenz_full_chaotic_run_0 - INFO - Trainable parameters: 458,181
2026-01-09 17:18:45,244 - experiment_chaotic_lorenz_full_chaotic_run_0 - INFO - Creating optimizer...
2026-01-09 17:18:46,369 - experiment_chaotic_lorenz_full_chaotic_run_0 - INFO - Optimizer: AdamW
2026-01-09 17:18:46,369 - experiment_chaotic_lorenz_full_chaotic_run_0 - INFO - Creating scheduler...
2026-01-09 17:18:46,369 - experiment_chaotic_lorenz_full_chaotic_run_0 - INFO - Scheduler: CosineAnnealingLR
2026-01-09 17:18:46,369 - experiment_chaotic_lorenz_full_chaotic_run_0 - INFO - Creating criterion...
2026-01-09 17:18:46,369 - experiment_chaotic_lorenz_full_chaotic_run_0 - INFO - Criterion: CrossEntropyLoss
2026-01-09 17:18:46,419 - experiment_chaotic_lorenz_full_chaotic_run_0 - INFO - Configuration saved to: /scratch/project_2003370/yueyao/Model/experiments/configs/sync_experiments/A/experiments/chaotic_lorenz_full_chaotic_run_0/config.json
2026-01-09 17:18:46,419 - experiment_chaotic_lorenz_full_chaotic_run_0 - INFO - Experiment setup completed
2026-01-09 17:18:46,419 - experiment_chaotic_lorenz_full_chaotic_run_0 - INFO - Starting training for 100 epochs
2026-01-09 17:18:46,571 - experiment_chaotic_lorenz_full_chaotic_run_0 - INFO - 
================================================================================
2026-01-09 17:18:46,571 - experiment_chaotic_lorenz_full_chaotic_run_0 - INFO - COMPREHENSIVE DEBUG - FIRST BATCH
2026-01-09 17:18:46,571 - experiment_chaotic_lorenz_full_chaotic_run_0 - INFO - ================================================================================
2026-01-09 17:18:46,571 - experiment_chaotic_lorenz_full_chaotic_run_0 - INFO - Batch Info:
2026-01-09 17:18:46,571 - experiment_chaotic_lorenz_full_chaotic_run_0 - INFO -   Audio shape: torch.Size([32, 48000])
2026-01-09 17:18:46,571 - experiment_chaotic_lorenz_full_chaotic_run_0 - INFO -   Targets shape: torch.Size([32])
2026-01-09 17:18:46,576 - experiment_chaotic_lorenz_full_chaotic_run_0 - INFO -   Targets (first 8): tensor([19, 24, 16, 12, 16, 10,  8,  2], device='cuda:0')
2026-01-09 17:18:47,167 - experiment_chaotic_lorenz_full_chaotic_run_0 - INFO - ================================================================================

2026-01-09 17:18:47,977 - experiment_chaotic_lorenz_full_chaotic_run_0 - INFO - Train Epoch 0: [0/472 (0.0%)]	Loss: 4.768142
2026-01-09 17:18:53,572 - experiment_chaotic_lorenz_full_chaotic_run_0 - INFO - Epoch 0: Train Loss: 4.4193, Train Acc: 0.0402, Val Loss: 4.3480, Val Acc: 0.0449
2026-01-09 17:18:53,653 - experiment_chaotic_lorenz_full_chaotic_run_0 - INFO - Saved new best model at epoch 0
2026-01-09 17:18:54,329 - experiment_chaotic_lorenz_full_chaotic_run_0 - INFO - Train Epoch 1: [0/472 (0.0%)]	Loss: 4.132742
2026-01-09 17:19:00,116 - experiment_chaotic_lorenz_full_chaotic_run_0 - INFO - Epoch 1: Train Loss: 3.6388, Train Acc: 0.0893, Val Loss: 3.8912, Val Acc: 0.0449
2026-01-09 17:19:00,698 - experiment_chaotic_lorenz_full_chaotic_run_0 - INFO - Train Epoch 2: [0/472 (0.0%)]	Loss: 3.468300
2026-01-09 17:19:06,367 - experiment_chaotic_lorenz_full_chaotic_run_0 - INFO - Epoch 2: Train Loss: 3.8220, Train Acc: 0.0692, Val Loss: 4.2997, Val Acc: 0.0449
2026-01-09 17:19:06,933 - experiment_chaotic_lorenz_full_chaotic_run_0 - INFO - Train Epoch 3: [0/472 (0.0%)]	Loss: 3.889518
2026-01-09 17:19:12,647 - experiment_chaotic_lorenz_full_chaotic_run_0 - INFO - Epoch 3: Train Loss: 3.4389, Train Acc: 0.1406, Val Loss: 4.2814, Val Acc: 0.0449
2026-01-09 17:19:13,252 - experiment_chaotic_lorenz_full_chaotic_run_0 - INFO - Train Epoch 4: [0/472 (0.0%)]	Loss: 2.886567
2026-01-09 17:19:19,070 - experiment_chaotic_lorenz_full_chaotic_run_0 - INFO - Epoch 4: Train Loss: 2.7424, Train Acc: 0.2254, Val Loss: 6.1381, Val Acc: 0.0449
2026-01-09 17:19:19,690 - experiment_chaotic_lorenz_full_chaotic_run_0 - INFO - Train Epoch 5: [0/472 (0.0%)]	Loss: 2.519685
2026-01-09 17:19:25,393 - experiment_chaotic_lorenz_full_chaotic_run_0 - INFO - Epoch 5: Train Loss: 2.4235, Train Acc: 0.2991, Val Loss: 7.0882, Val Acc: 0.0449
2026-01-09 17:19:26,003 - experiment_chaotic_lorenz_full_chaotic_run_0 - INFO - Train Epoch 6: [0/472 (0.0%)]	Loss: 1.891853
2026-01-09 17:19:31,750 - experiment_chaotic_lorenz_full_chaotic_run_0 - INFO - Epoch 6: Train Loss: 2.1046, Train Acc: 0.3616, Val Loss: 4.8386, Val Acc: 0.0449
2026-01-09 17:19:32,353 - experiment_chaotic_lorenz_full_chaotic_run_0 - INFO - Train Epoch 7: [0/472 (0.0%)]	Loss: 2.066921
2026-01-09 17:19:38,082 - experiment_chaotic_lorenz_full_chaotic_run_0 - INFO - Epoch 7: Train Loss: 1.8220, Train Acc: 0.4263, Val Loss: 4.6571, Val Acc: 0.0449
2026-01-09 17:19:38,663 - experiment_chaotic_lorenz_full_chaotic_run_0 - INFO - Train Epoch 8: [0/472 (0.0%)]	Loss: 1.409365
2026-01-09 17:19:44,359 - experiment_chaotic_lorenz_full_chaotic_run_0 - INFO - Epoch 8: Train Loss: 1.6106, Train Acc: 0.4821, Val Loss: 7.6778, Val Acc: 0.0449
2026-01-09 17:19:44,950 - experiment_chaotic_lorenz_full_chaotic_run_0 - INFO - Train Epoch 9: [0/472 (0.0%)]	Loss: 1.324624
2026-01-09 17:19:50,590 - experiment_chaotic_lorenz_full_chaotic_run_0 - INFO - Epoch 9: Train Loss: 1.3433, Train Acc: 0.5558, Val Loss: 7.8218, Val Acc: 0.0449
2026-01-09 17:19:51,209 - experiment_chaotic_lorenz_full_chaotic_run_0 - INFO - Train Epoch 10: [0/472 (0.0%)]	Loss: 0.752820
2026-01-09 17:19:56,902 - experiment_chaotic_lorenz_full_chaotic_run_0 - INFO - Epoch 10: Train Loss: 1.1652, Train Acc: 0.6116, Val Loss: 7.3154, Val Acc: 0.0449
2026-01-09 17:19:57,568 - experiment_chaotic_lorenz_full_chaotic_run_0 - INFO - Train Epoch 11: [0/472 (0.0%)]	Loss: 0.809961
2026-01-09 17:20:03,539 - experiment_chaotic_lorenz_full_chaotic_run_0 - INFO - Epoch 11: Train Loss: 0.9932, Train Acc: 0.6741, Val Loss: 6.1346, Val Acc: 0.0449
2026-01-09 17:20:04,135 - experiment_chaotic_lorenz_full_chaotic_run_0 - INFO - Train Epoch 12: [0/472 (0.0%)]	Loss: 0.972461
2026-01-09 17:20:09,839 - experiment_chaotic_lorenz_full_chaotic_run_0 - INFO - Epoch 12: Train Loss: 0.9462, Train Acc: 0.6875, Val Loss: 5.1190, Val Acc: 0.0787
2026-01-09 17:20:09,921 - experiment_chaotic_lorenz_full_chaotic_run_0 - INFO - Saved new best model at epoch 12
2026-01-09 17:20:10,547 - experiment_chaotic_lorenz_full_chaotic_run_0 - INFO - Train Epoch 13: [0/472 (0.0%)]	Loss: 0.430211
2026-01-09 17:20:16,378 - experiment_chaotic_lorenz_full_chaotic_run_0 - INFO - Epoch 13: Train Loss: 0.7163, Train Acc: 0.7411, Val Loss: 6.1763, Val Acc: 0.0449
2026-01-09 17:20:16,966 - experiment_chaotic_lorenz_full_chaotic_run_0 - INFO - Train Epoch 14: [0/472 (0.0%)]	Loss: 0.452411
2026-01-09 17:20:22,663 - experiment_chaotic_lorenz_full_chaotic_run_0 - INFO - Epoch 14: Train Loss: 0.6678, Train Acc: 0.7812, Val Loss: 5.2167, Val Acc: 0.0674
2026-01-09 17:20:23,270 - experiment_chaotic_lorenz_full_chaotic_run_0 - INFO - Train Epoch 15: [0/472 (0.0%)]	Loss: 0.258004
2026-01-09 17:20:28,981 - experiment_chaotic_lorenz_full_chaotic_run_0 - INFO - Epoch 15: Train Loss: 0.6224, Train Acc: 0.8147, Val Loss: 6.0142, Val Acc: 0.0449
2026-01-09 17:20:29,585 - experiment_chaotic_lorenz_full_chaotic_run_0 - INFO - Train Epoch 16: [0/472 (0.0%)]	Loss: 0.834461
2026-01-09 17:20:35,193 - experiment_chaotic_lorenz_full_chaotic_run_0 - INFO - Epoch 16: Train Loss: 0.5872, Train Acc: 0.8170, Val Loss: 5.6882, Val Acc: 0.0562
2026-01-09 17:20:35,794 - experiment_chaotic_lorenz_full_chaotic_run_0 - INFO - Train Epoch 17: [0/472 (0.0%)]	Loss: 0.302152
2026-01-09 17:20:41,436 - experiment_chaotic_lorenz_full_chaotic_run_0 - INFO - Epoch 17: Train Loss: 0.5318, Train Acc: 0.8103, Val Loss: 4.6107, Val Acc: 0.0562
2026-01-09 17:20:42,043 - experiment_chaotic_lorenz_full_chaotic_run_0 - INFO - Train Epoch 18: [0/472 (0.0%)]	Loss: 0.535246
2026-01-09 17:20:47,678 - experiment_chaotic_lorenz_full_chaotic_run_0 - INFO - Epoch 18: Train Loss: 0.4424, Train Acc: 0.8527, Val Loss: 4.3885, Val Acc: 0.1910
2026-01-09 17:20:47,760 - experiment_chaotic_lorenz_full_chaotic_run_0 - INFO - Saved new best model at epoch 18
2026-01-09 17:20:48,395 - experiment_chaotic_lorenz_full_chaotic_run_0 - INFO - Train Epoch 19: [0/472 (0.0%)]	Loss: 0.514639
2026-01-09 17:20:53,982 - experiment_chaotic_lorenz_full_chaotic_run_0 - INFO - Epoch 19: Train Loss: 0.4289, Train Acc: 0.8638, Val Loss: 6.7675, Val Acc: 0.0449
2026-01-09 17:20:54,582 - experiment_chaotic_lorenz_full_chaotic_run_0 - INFO - Train Epoch 20: [0/472 (0.0%)]	Loss: 0.301948
2026-01-09 17:21:00,153 - experiment_chaotic_lorenz_full_chaotic_run_0 - INFO - Epoch 20: Train Loss: 0.3570, Train Acc: 0.8772, Val Loss: 5.8784, Val Acc: 0.0674
2026-01-09 17:21:00,811 - experiment_chaotic_lorenz_full_chaotic_run_0 - INFO - Train Epoch 21: [0/472 (0.0%)]	Loss: 0.406777
2026-01-09 17:21:06,439 - experiment_chaotic_lorenz_full_chaotic_run_0 - INFO - Epoch 21: Train Loss: 0.3714, Train Acc: 0.8772, Val Loss: 5.0182, Val Acc: 0.0899
2026-01-09 17:21:07,007 - experiment_chaotic_lorenz_full_chaotic_run_0 - INFO - Train Epoch 22: [0/472 (0.0%)]	Loss: 0.143733
2026-01-09 17:21:12,677 - experiment_chaotic_lorenz_full_chaotic_run_0 - INFO - Epoch 22: Train Loss: 0.2890, Train Acc: 0.9040, Val Loss: 6.0916, Val Acc: 0.0899
2026-01-09 17:21:13,267 - experiment_chaotic_lorenz_full_chaotic_run_0 - INFO - Train Epoch 23: [0/472 (0.0%)]	Loss: 0.294131
2026-01-09 17:21:18,961 - experiment_chaotic_lorenz_full_chaotic_run_0 - INFO - Epoch 23: Train Loss: 0.3242, Train Acc: 0.9062, Val Loss: 5.7750, Val Acc: 0.0449
2026-01-09 17:21:19,552 - experiment_chaotic_lorenz_full_chaotic_run_0 - INFO - Train Epoch 24: [0/472 (0.0%)]	Loss: 0.302169
2026-01-09 17:21:25,214 - experiment_chaotic_lorenz_full_chaotic_run_0 - INFO - Epoch 24: Train Loss: 0.2680, Train Acc: 0.9129, Val Loss: 5.9656, Val Acc: 0.1124
2026-01-09 17:21:25,785 - experiment_chaotic_lorenz_full_chaotic_run_0 - INFO - Train Epoch 25: [0/472 (0.0%)]	Loss: 0.137846
2026-01-09 17:21:31,434 - experiment_chaotic_lorenz_full_chaotic_run_0 - INFO - Epoch 25: Train Loss: 0.2620, Train Acc: 0.9107, Val Loss: 6.1282, Val Acc: 0.1348
2026-01-09 17:21:32,017 - experiment_chaotic_lorenz_full_chaotic_run_0 - INFO - Train Epoch 26: [0/472 (0.0%)]	Loss: 0.185964
2026-01-09 17:21:37,714 - experiment_chaotic_lorenz_full_chaotic_run_0 - INFO - Epoch 26: Train Loss: 0.2337, Train Acc: 0.9219, Val Loss: 5.2100, Val Acc: 0.1124
2026-01-09 17:21:38,307 - experiment_chaotic_lorenz_full_chaotic_run_0 - INFO - Train Epoch 27: [0/472 (0.0%)]	Loss: 0.306368
2026-01-09 17:21:43,918 - experiment_chaotic_lorenz_full_chaotic_run_0 - INFO - Epoch 27: Train Loss: 0.2538, Train Acc: 0.9241, Val Loss: 6.4743, Val Acc: 0.0674
2026-01-09 17:21:44,518 - experiment_chaotic_lorenz_full_chaotic_run_0 - INFO - Train Epoch 28: [0/472 (0.0%)]	Loss: 0.190508
2026-01-09 17:21:50,095 - experiment_chaotic_lorenz_full_chaotic_run_0 - INFO - Epoch 28: Train Loss: 0.1922, Train Acc: 0.9442, Val Loss: 5.5955, Val Acc: 0.0899
2026-01-09 17:21:50,684 - experiment_chaotic_lorenz_full_chaotic_run_0 - INFO - Train Epoch 29: [0/472 (0.0%)]	Loss: 0.246129
2026-01-09 17:21:56,253 - experiment_chaotic_lorenz_full_chaotic_run_0 - INFO - Epoch 29: Train Loss: 0.1845, Train Acc: 0.9464, Val Loss: 4.8369, Val Acc: 0.1685
2026-01-09 17:21:56,823 - experiment_chaotic_lorenz_full_chaotic_run_0 - INFO - Train Epoch 30: [0/472 (0.0%)]	Loss: 0.073872
2026-01-09 17:22:02,389 - experiment_chaotic_lorenz_full_chaotic_run_0 - INFO - Epoch 30: Train Loss: 0.1901, Train Acc: 0.9241, Val Loss: 6.4413, Val Acc: 0.0225
2026-01-09 17:22:03,047 - experiment_chaotic_lorenz_full_chaotic_run_0 - INFO - Train Epoch 31: [0/472 (0.0%)]	Loss: 0.156586
2026-01-09 17:22:08,627 - experiment_chaotic_lorenz_full_chaotic_run_0 - INFO - Epoch 31: Train Loss: 0.1755, Train Acc: 0.9487, Val Loss: 6.8207, Val Acc: 0.0449
2026-01-09 17:22:09,211 - experiment_chaotic_lorenz_full_chaotic_run_0 - INFO - Train Epoch 32: [0/472 (0.0%)]	Loss: 0.221607
2026-01-09 17:22:14,870 - experiment_chaotic_lorenz_full_chaotic_run_0 - INFO - Epoch 32: Train Loss: 0.1605, Train Acc: 0.9554, Val Loss: 7.0410, Val Acc: 0.0449
2026-01-09 17:22:15,435 - experiment_chaotic_lorenz_full_chaotic_run_0 - INFO - Train Epoch 33: [0/472 (0.0%)]	Loss: 0.134016
2026-01-09 17:22:21,198 - experiment_chaotic_lorenz_full_chaotic_run_0 - INFO - Epoch 33: Train Loss: 0.1539, Train Acc: 0.9442, Val Loss: 8.4086, Val Acc: 0.0449
2026-01-09 17:22:21,772 - experiment_chaotic_lorenz_full_chaotic_run_0 - INFO - Train Epoch 34: [0/472 (0.0%)]	Loss: 0.073638
2026-01-09 17:22:27,330 - experiment_chaotic_lorenz_full_chaotic_run_0 - INFO - Epoch 34: Train Loss: 0.1266, Train Acc: 0.9688, Val Loss: 7.6751, Val Acc: 0.0899
2026-01-09 17:22:27,898 - experiment_chaotic_lorenz_full_chaotic_run_0 - INFO - Train Epoch 35: [0/472 (0.0%)]	Loss: 0.052548
2026-01-09 17:22:33,595 - experiment_chaotic_lorenz_full_chaotic_run_0 - INFO - Epoch 35: Train Loss: 0.1534, Train Acc: 0.9464, Val Loss: 6.3774, Val Acc: 0.1348
2026-01-09 17:22:34,176 - experiment_chaotic_lorenz_full_chaotic_run_0 - INFO - Train Epoch 36: [0/472 (0.0%)]	Loss: 0.051276
2026-01-09 17:22:39,894 - experiment_chaotic_lorenz_full_chaotic_run_0 - INFO - Epoch 36: Train Loss: 0.1081, Train Acc: 0.9665, Val Loss: 6.5240, Val Acc: 0.1348
2026-01-09 17:22:40,485 - experiment_chaotic_lorenz_full_chaotic_run_0 - INFO - Train Epoch 37: [0/472 (0.0%)]	Loss: 0.109014
2026-01-09 17:22:46,087 - experiment_chaotic_lorenz_full_chaotic_run_0 - INFO - Epoch 37: Train Loss: 0.1396, Train Acc: 0.9531, Val Loss: 6.9963, Val Acc: 0.0787
2026-01-09 17:22:46,671 - experiment_chaotic_lorenz_full_chaotic_run_0 - INFO - Train Epoch 38: [0/472 (0.0%)]	Loss: 0.295001
2026-01-09 17:22:52,371 - experiment_chaotic_lorenz_full_chaotic_run_0 - INFO - Epoch 38: Train Loss: 0.1590, Train Acc: 0.9464, Val Loss: 6.9512, Val Acc: 0.0562
2026-01-09 17:22:52,958 - experiment_chaotic_lorenz_full_chaotic_run_0 - INFO - Train Epoch 39: [0/472 (0.0%)]	Loss: 0.083050
2026-01-09 17:22:58,566 - experiment_chaotic_lorenz_full_chaotic_run_0 - INFO - Epoch 39: Train Loss: 0.1634, Train Acc: 0.9531, Val Loss: 4.1064, Val Acc: 0.2360
2026-01-09 17:22:58,650 - experiment_chaotic_lorenz_full_chaotic_run_0 - INFO - Saved new best model at epoch 39
2026-01-09 17:22:59,272 - experiment_chaotic_lorenz_full_chaotic_run_0 - INFO - Train Epoch 40: [0/472 (0.0%)]	Loss: 0.124068
2026-01-09 17:23:04,875 - experiment_chaotic_lorenz_full_chaotic_run_0 - INFO - Epoch 40: Train Loss: 0.1191, Train Acc: 0.9665, Val Loss: 6.9618, Val Acc: 0.0787
2026-01-09 17:23:05,526 - experiment_chaotic_lorenz_full_chaotic_run_0 - INFO - Train Epoch 41: [0/472 (0.0%)]	Loss: 0.076611
2026-01-09 17:23:11,095 - experiment_chaotic_lorenz_full_chaotic_run_0 - INFO - Epoch 41: Train Loss: 0.0917, Train Acc: 0.9754, Val Loss: 7.3290, Val Acc: 0.0899
2026-01-09 17:23:11,682 - experiment_chaotic_lorenz_full_chaotic_run_0 - INFO - Train Epoch 42: [0/472 (0.0%)]	Loss: 0.040577
2026-01-09 17:23:17,263 - experiment_chaotic_lorenz_full_chaotic_run_0 - INFO - Epoch 42: Train Loss: 0.0846, Train Acc: 0.9732, Val Loss: 6.7030, Val Acc: 0.1348
2026-01-09 17:23:17,843 - experiment_chaotic_lorenz_full_chaotic_run_0 - INFO - Train Epoch 43: [0/472 (0.0%)]	Loss: 0.193141
2026-01-09 17:23:23,530 - experiment_chaotic_lorenz_full_chaotic_run_0 - INFO - Epoch 43: Train Loss: 0.0772, Train Acc: 0.9821, Val Loss: 6.8191, Val Acc: 0.0449
2026-01-09 17:23:24,101 - experiment_chaotic_lorenz_full_chaotic_run_0 - INFO - Train Epoch 44: [0/472 (0.0%)]	Loss: 0.109865
2026-01-09 17:23:29,739 - experiment_chaotic_lorenz_full_chaotic_run_0 - INFO - Epoch 44: Train Loss: 0.1218, Train Acc: 0.9554, Val Loss: 3.2109, Val Acc: 0.3596
2026-01-09 17:23:29,824 - experiment_chaotic_lorenz_full_chaotic_run_0 - INFO - Saved new best model at epoch 44
2026-01-09 17:23:30,442 - experiment_chaotic_lorenz_full_chaotic_run_0 - INFO - Train Epoch 45: [0/472 (0.0%)]	Loss: 0.028121
2026-01-09 17:23:36,115 - experiment_chaotic_lorenz_full_chaotic_run_0 - INFO - Epoch 45: Train Loss: 0.0948, Train Acc: 0.9598, Val Loss: 3.8171, Val Acc: 0.3933
2026-01-09 17:23:36,199 - experiment_chaotic_lorenz_full_chaotic_run_0 - INFO - Saved new best model at epoch 45
2026-01-09 17:23:36,818 - experiment_chaotic_lorenz_full_chaotic_run_0 - INFO - Train Epoch 46: [0/472 (0.0%)]	Loss: 0.026496
2026-01-09 17:23:42,720 - experiment_chaotic_lorenz_full_chaotic_run_0 - INFO - Epoch 46: Train Loss: 0.0728, Train Acc: 0.9732, Val Loss: 5.5638, Val Acc: 0.1348
2026-01-09 17:23:43,342 - experiment_chaotic_lorenz_full_chaotic_run_0 - INFO - Train Epoch 47: [0/472 (0.0%)]	Loss: 0.039652
2026-01-09 17:23:49,053 - experiment_chaotic_lorenz_full_chaotic_run_0 - INFO - Epoch 47: Train Loss: 0.0434, Train Acc: 0.9911, Val Loss: 4.1414, Val Acc: 0.3371
2026-01-09 17:23:49,647 - experiment_chaotic_lorenz_full_chaotic_run_0 - INFO - Train Epoch 48: [0/472 (0.0%)]	Loss: 0.018942
2026-01-09 17:23:55,396 - experiment_chaotic_lorenz_full_chaotic_run_0 - INFO - Epoch 48: Train Loss: 0.1037, Train Acc: 0.9621, Val Loss: 4.8229, Val Acc: 0.1573
2026-01-09 17:23:55,983 - experiment_chaotic_lorenz_full_chaotic_run_0 - INFO - Train Epoch 49: [0/472 (0.0%)]	Loss: 0.035704
2026-01-09 17:24:01,588 - experiment_chaotic_lorenz_full_chaotic_run_0 - INFO - Epoch 49: Train Loss: 0.0553, Train Acc: 0.9799, Val Loss: 5.2070, Val Acc: 0.1910
2026-01-09 17:24:02,177 - experiment_chaotic_lorenz_full_chaotic_run_0 - INFO - Train Epoch 50: [0/472 (0.0%)]	Loss: 0.006740
2026-01-09 17:24:07,718 - experiment_chaotic_lorenz_full_chaotic_run_0 - INFO - Epoch 50: Train Loss: 0.0666, Train Acc: 0.9754, Val Loss: 5.1199, Val Acc: 0.2135
2026-01-09 17:24:08,398 - experiment_chaotic_lorenz_full_chaotic_run_0 - INFO - Train Epoch 51: [0/472 (0.0%)]	Loss: 0.088500
2026-01-09 17:24:14,074 - experiment_chaotic_lorenz_full_chaotic_run_0 - INFO - Epoch 51: Train Loss: 0.0755, Train Acc: 0.9688, Val Loss: 5.6487, Val Acc: 0.1573
2026-01-09 17:24:14,659 - experiment_chaotic_lorenz_full_chaotic_run_0 - INFO - Train Epoch 52: [0/472 (0.0%)]	Loss: 0.130276
2026-01-09 17:24:20,344 - experiment_chaotic_lorenz_full_chaotic_run_0 - INFO - Epoch 52: Train Loss: 0.0713, Train Acc: 0.9821, Val Loss: 5.4190, Val Acc: 0.2360
2026-01-09 17:24:20,913 - experiment_chaotic_lorenz_full_chaotic_run_0 - INFO - Train Epoch 53: [0/472 (0.0%)]	Loss: 0.019356
2026-01-09 17:24:26,546 - experiment_chaotic_lorenz_full_chaotic_run_0 - INFO - Epoch 53: Train Loss: 0.0563, Train Acc: 0.9888, Val Loss: 3.4135, Val Acc: 0.3596
2026-01-09 17:24:27,118 - experiment_chaotic_lorenz_full_chaotic_run_0 - INFO - Train Epoch 54: [0/472 (0.0%)]	Loss: 0.006636
2026-01-09 17:24:32,904 - experiment_chaotic_lorenz_full_chaotic_run_0 - INFO - Epoch 54: Train Loss: 0.0548, Train Acc: 0.9777, Val Loss: 1.1683, Val Acc: 0.7191
2026-01-09 17:24:32,988 - experiment_chaotic_lorenz_full_chaotic_run_0 - INFO - Saved new best model at epoch 54
2026-01-09 17:24:33,595 - experiment_chaotic_lorenz_full_chaotic_run_0 - INFO - Train Epoch 55: [0/472 (0.0%)]	Loss: 0.030331
2026-01-09 17:24:39,240 - experiment_chaotic_lorenz_full_chaotic_run_0 - INFO - Epoch 55: Train Loss: 0.0557, Train Acc: 0.9844, Val Loss: 1.6662, Val Acc: 0.6067
2026-01-09 17:24:39,830 - experiment_chaotic_lorenz_full_chaotic_run_0 - INFO - Train Epoch 56: [0/472 (0.0%)]	Loss: 0.088392
2026-01-09 17:24:45,376 - experiment_chaotic_lorenz_full_chaotic_run_0 - INFO - Epoch 56: Train Loss: 0.0617, Train Acc: 0.9777, Val Loss: 0.8807, Val Acc: 0.7528
2026-01-09 17:24:45,459 - experiment_chaotic_lorenz_full_chaotic_run_0 - INFO - Saved new best model at epoch 56
2026-01-09 17:24:46,084 - experiment_chaotic_lorenz_full_chaotic_run_0 - INFO - Train Epoch 57: [0/472 (0.0%)]	Loss: 0.063968
2026-01-09 17:24:51,681 - experiment_chaotic_lorenz_full_chaotic_run_0 - INFO - Epoch 57: Train Loss: 0.0643, Train Acc: 0.9799, Val Loss: 1.0732, Val Acc: 0.7865
2026-01-09 17:24:51,769 - experiment_chaotic_lorenz_full_chaotic_run_0 - INFO - Saved new best model at epoch 57
2026-01-09 17:24:52,373 - experiment_chaotic_lorenz_full_chaotic_run_0 - INFO - Train Epoch 58: [0/472 (0.0%)]	Loss: 0.042063
2026-01-09 17:24:57,961 - experiment_chaotic_lorenz_full_chaotic_run_0 - INFO - Epoch 58: Train Loss: 0.0404, Train Acc: 0.9933, Val Loss: 0.7937, Val Acc: 0.8090
2026-01-09 17:24:58,038 - experiment_chaotic_lorenz_full_chaotic_run_0 - INFO - Saved new best model at epoch 58
2026-01-09 17:24:58,658 - experiment_chaotic_lorenz_full_chaotic_run_0 - INFO - Train Epoch 59: [0/472 (0.0%)]	Loss: 0.031580
2026-01-09 17:25:04,352 - experiment_chaotic_lorenz_full_chaotic_run_0 - INFO - Epoch 59: Train Loss: 0.0413, Train Acc: 0.9866, Val Loss: 1.1392, Val Acc: 0.7528
2026-01-09 17:25:04,934 - experiment_chaotic_lorenz_full_chaotic_run_0 - INFO - Train Epoch 60: [0/472 (0.0%)]	Loss: 0.024895
2026-01-09 17:25:10,613 - experiment_chaotic_lorenz_full_chaotic_run_0 - INFO - Epoch 60: Train Loss: 0.0423, Train Acc: 0.9933, Val Loss: 0.6662, Val Acc: 0.8427
2026-01-09 17:25:10,699 - experiment_chaotic_lorenz_full_chaotic_run_0 - INFO - Saved new best model at epoch 60
2026-01-09 17:25:11,396 - experiment_chaotic_lorenz_full_chaotic_run_0 - INFO - Train Epoch 61: [0/472 (0.0%)]	Loss: 0.007138
2026-01-09 17:25:17,011 - experiment_chaotic_lorenz_full_chaotic_run_0 - INFO - Epoch 61: Train Loss: 0.0268, Train Acc: 0.9933, Val Loss: 2.0722, Val Acc: 0.5169
2026-01-09 17:25:17,588 - experiment_chaotic_lorenz_full_chaotic_run_0 - INFO - Train Epoch 62: [0/472 (0.0%)]	Loss: 0.027535
2026-01-09 17:25:23,238 - experiment_chaotic_lorenz_full_chaotic_run_0 - INFO - Epoch 62: Train Loss: 0.0268, Train Acc: 0.9978, Val Loss: 4.0097, Val Acc: 0.2921
2026-01-09 17:25:23,821 - experiment_chaotic_lorenz_full_chaotic_run_0 - INFO - Train Epoch 63: [0/472 (0.0%)]	Loss: 0.035944
2026-01-09 17:25:29,458 - experiment_chaotic_lorenz_full_chaotic_run_0 - INFO - Epoch 63: Train Loss: 0.0270, Train Acc: 0.9955, Val Loss: 1.5336, Val Acc: 0.6404
2026-01-09 17:25:30,043 - experiment_chaotic_lorenz_full_chaotic_run_0 - INFO - Train Epoch 64: [0/472 (0.0%)]	Loss: 0.017105
2026-01-09 17:25:35,723 - experiment_chaotic_lorenz_full_chaotic_run_0 - INFO - Epoch 64: Train Loss: 0.0513, Train Acc: 0.9821, Val Loss: 3.3183, Val Acc: 0.4045
2026-01-09 17:25:36,305 - experiment_chaotic_lorenz_full_chaotic_run_0 - INFO - Train Epoch 65: [0/472 (0.0%)]	Loss: 0.006554
2026-01-09 17:25:41,943 - experiment_chaotic_lorenz_full_chaotic_run_0 - INFO - Epoch 65: Train Loss: 0.0369, Train Acc: 0.9933, Val Loss: 2.6158, Val Acc: 0.4607
2026-01-09 17:25:42,528 - experiment_chaotic_lorenz_full_chaotic_run_0 - INFO - Train Epoch 66: [0/472 (0.0%)]	Loss: 0.009109
2026-01-09 17:25:48,236 - experiment_chaotic_lorenz_full_chaotic_run_0 - INFO - Epoch 66: Train Loss: 0.0368, Train Acc: 0.9888, Val Loss: 2.6809, Val Acc: 0.4719
2026-01-09 17:25:48,819 - experiment_chaotic_lorenz_full_chaotic_run_0 - INFO - Train Epoch 67: [0/472 (0.0%)]	Loss: 0.141612
2026-01-09 17:25:54,594 - experiment_chaotic_lorenz_full_chaotic_run_0 - INFO - Epoch 67: Train Loss: 0.0462, Train Acc: 0.9844, Val Loss: 1.1391, Val Acc: 0.7303
2026-01-09 17:25:55,152 - experiment_chaotic_lorenz_full_chaotic_run_0 - INFO - Train Epoch 68: [0/472 (0.0%)]	Loss: 0.020887
2026-01-09 17:26:00,813 - experiment_chaotic_lorenz_full_chaotic_run_0 - INFO - Epoch 68: Train Loss: 0.0298, Train Acc: 0.9933, Val Loss: 0.7181, Val Acc: 0.8427
2026-01-09 17:26:01,378 - experiment_chaotic_lorenz_full_chaotic_run_0 - INFO - Train Epoch 69: [0/472 (0.0%)]	Loss: 0.005714
2026-01-09 17:26:06,913 - experiment_chaotic_lorenz_full_chaotic_run_0 - INFO - Epoch 69: Train Loss: 0.0197, Train Acc: 0.9933, Val Loss: 0.6489, Val Acc: 0.7865
2026-01-09 17:26:07,491 - experiment_chaotic_lorenz_full_chaotic_run_0 - INFO - Train Epoch 70: [0/472 (0.0%)]	Loss: 0.049559
2026-01-09 17:26:13,153 - experiment_chaotic_lorenz_full_chaotic_run_0 - INFO - Epoch 70: Train Loss: 0.0145, Train Acc: 1.0000, Val Loss: 0.4011, Val Acc: 0.8876
2026-01-09 17:26:13,236 - experiment_chaotic_lorenz_full_chaotic_run_0 - INFO - Saved new best model at epoch 70
2026-01-09 17:26:13,932 - experiment_chaotic_lorenz_full_chaotic_run_0 - INFO - Train Epoch 71: [0/472 (0.0%)]	Loss: 0.034893
2026-01-09 17:26:19,551 - experiment_chaotic_lorenz_full_chaotic_run_0 - INFO - Epoch 71: Train Loss: 0.0333, Train Acc: 0.9911, Val Loss: 0.6363, Val Acc: 0.8315
2026-01-09 17:26:20,128 - experiment_chaotic_lorenz_full_chaotic_run_0 - INFO - Train Epoch 72: [0/472 (0.0%)]	Loss: 0.006975
2026-01-09 17:26:25,800 - experiment_chaotic_lorenz_full_chaotic_run_0 - INFO - Epoch 72: Train Loss: 0.0270, Train Acc: 0.9955, Val Loss: 0.8306, Val Acc: 0.7865
2026-01-09 17:26:26,367 - experiment_chaotic_lorenz_full_chaotic_run_0 - INFO - Train Epoch 73: [0/472 (0.0%)]	Loss: 0.023432
2026-01-09 17:26:32,009 - experiment_chaotic_lorenz_full_chaotic_run_0 - INFO - Epoch 73: Train Loss: 0.0197, Train Acc: 0.9978, Val Loss: 0.3421, Val Acc: 0.8989
2026-01-09 17:26:32,095 - experiment_chaotic_lorenz_full_chaotic_run_0 - INFO - Saved new best model at epoch 73
2026-01-09 17:26:32,694 - experiment_chaotic_lorenz_full_chaotic_run_0 - INFO - Train Epoch 74: [0/472 (0.0%)]	Loss: 0.015932
2026-01-09 17:26:38,279 - experiment_chaotic_lorenz_full_chaotic_run_0 - INFO - Epoch 74: Train Loss: 0.0184, Train Acc: 0.9978, Val Loss: 0.3045, Val Acc: 0.9326
2026-01-09 17:26:38,365 - experiment_chaotic_lorenz_full_chaotic_run_0 - INFO - Saved new best model at epoch 74
2026-01-09 17:26:38,997 - experiment_chaotic_lorenz_full_chaotic_run_0 - INFO - Train Epoch 75: [0/472 (0.0%)]	Loss: 0.016327
2026-01-09 17:26:44,625 - experiment_chaotic_lorenz_full_chaotic_run_0 - INFO - Epoch 75: Train Loss: 0.0205, Train Acc: 0.9978, Val Loss: 0.2694, Val Acc: 0.9326
2026-01-09 17:26:45,208 - experiment_chaotic_lorenz_full_chaotic_run_0 - INFO - Train Epoch 76: [0/472 (0.0%)]	Loss: 0.045288
2026-01-09 17:26:50,762 - experiment_chaotic_lorenz_full_chaotic_run_0 - INFO - Epoch 76: Train Loss: 0.0284, Train Acc: 0.9933, Val Loss: 0.3573, Val Acc: 0.9101
2026-01-09 17:26:51,335 - experiment_chaotic_lorenz_full_chaotic_run_0 - INFO - Train Epoch 77: [0/472 (0.0%)]	Loss: 0.025443
2026-01-09 17:26:56,895 - experiment_chaotic_lorenz_full_chaotic_run_0 - INFO - Epoch 77: Train Loss: 0.0287, Train Acc: 0.9888, Val Loss: 0.2368, Val Acc: 0.9101
2026-01-09 17:26:57,489 - experiment_chaotic_lorenz_full_chaotic_run_0 - INFO - Train Epoch 78: [0/472 (0.0%)]	Loss: 0.010692
2026-01-09 17:27:03,094 - experiment_chaotic_lorenz_full_chaotic_run_0 - INFO - Epoch 78: Train Loss: 0.0184, Train Acc: 0.9955, Val Loss: 0.2304, Val Acc: 0.9213
2026-01-09 17:27:03,668 - experiment_chaotic_lorenz_full_chaotic_run_0 - INFO - Train Epoch 79: [0/472 (0.0%)]	Loss: 0.005900
2026-01-09 17:27:09,338 - experiment_chaotic_lorenz_full_chaotic_run_0 - INFO - Epoch 79: Train Loss: 0.0232, Train Acc: 0.9933, Val Loss: 0.2029, Val Acc: 0.9438
2026-01-09 17:27:09,418 - experiment_chaotic_lorenz_full_chaotic_run_0 - INFO - Saved new best model at epoch 79
2026-01-09 17:27:10,038 - experiment_chaotic_lorenz_full_chaotic_run_0 - INFO - Train Epoch 80: [0/472 (0.0%)]	Loss: 0.003302
2026-01-09 17:27:15,607 - experiment_chaotic_lorenz_full_chaotic_run_0 - INFO - Epoch 80: Train Loss: 0.0081, Train Acc: 1.0000, Val Loss: 0.2010, Val Acc: 0.9438
2026-01-09 17:27:16,249 - experiment_chaotic_lorenz_full_chaotic_run_0 - INFO - Train Epoch 81: [0/472 (0.0%)]	Loss: 0.002771
2026-01-09 17:27:21,877 - experiment_chaotic_lorenz_full_chaotic_run_0 - INFO - Epoch 81: Train Loss: 0.0127, Train Acc: 0.9978, Val Loss: 0.3268, Val Acc: 0.9101
2026-01-09 17:27:22,454 - experiment_chaotic_lorenz_full_chaotic_run_0 - INFO - Train Epoch 82: [0/472 (0.0%)]	Loss: 0.010639
2026-01-09 17:27:28,049 - experiment_chaotic_lorenz_full_chaotic_run_0 - INFO - Epoch 82: Train Loss: 0.0166, Train Acc: 0.9978, Val Loss: 0.3622, Val Acc: 0.8989
2026-01-09 17:27:28,643 - experiment_chaotic_lorenz_full_chaotic_run_0 - INFO - Train Epoch 83: [0/472 (0.0%)]	Loss: 0.005674
2026-01-09 17:27:34,193 - experiment_chaotic_lorenz_full_chaotic_run_0 - INFO - Epoch 83: Train Loss: 0.0218, Train Acc: 0.9955, Val Loss: 0.2879, Val Acc: 0.9213
2026-01-09 17:27:34,775 - experiment_chaotic_lorenz_full_chaotic_run_0 - INFO - Train Epoch 84: [0/472 (0.0%)]	Loss: 0.039532
2026-01-09 17:27:40,339 - experiment_chaotic_lorenz_full_chaotic_run_0 - INFO - Epoch 84: Train Loss: 0.0151, Train Acc: 0.9955, Val Loss: 0.2173, Val Acc: 0.9213
2026-01-09 17:27:40,915 - experiment_chaotic_lorenz_full_chaotic_run_0 - INFO - Train Epoch 85: [0/472 (0.0%)]	Loss: 0.003628
2026-01-09 17:27:46,476 - experiment_chaotic_lorenz_full_chaotic_run_0 - INFO - Epoch 85: Train Loss: 0.0137, Train Acc: 0.9978, Val Loss: 0.2131, Val Acc: 0.9326
2026-01-09 17:27:47,044 - experiment_chaotic_lorenz_full_chaotic_run_0 - INFO - Train Epoch 86: [0/472 (0.0%)]	Loss: 0.010933
2026-01-09 17:27:52,923 - experiment_chaotic_lorenz_full_chaotic_run_0 - INFO - Epoch 86: Train Loss: 0.0151, Train Acc: 0.9978, Val Loss: 0.2463, Val Acc: 0.9326
2026-01-09 17:27:53,506 - experiment_chaotic_lorenz_full_chaotic_run_0 - INFO - Train Epoch 87: [0/472 (0.0%)]	Loss: 0.005229
2026-01-09 17:27:59,062 - experiment_chaotic_lorenz_full_chaotic_run_0 - INFO - Epoch 87: Train Loss: 0.0102, Train Acc: 1.0000, Val Loss: 0.2172, Val Acc: 0.9438
2026-01-09 17:27:59,648 - experiment_chaotic_lorenz_full_chaotic_run_0 - INFO - Train Epoch 88: [0/472 (0.0%)]	Loss: 0.001615
2026-01-09 17:28:05,241 - experiment_chaotic_lorenz_full_chaotic_run_0 - INFO - Epoch 88: Train Loss: 0.0180, Train Acc: 0.9978, Val Loss: 0.1814, Val Acc: 0.9551
2026-01-09 17:28:05,324 - experiment_chaotic_lorenz_full_chaotic_run_0 - INFO - Saved new best model at epoch 88
2026-01-09 17:28:05,932 - experiment_chaotic_lorenz_full_chaotic_run_0 - INFO - Train Epoch 89: [0/472 (0.0%)]	Loss: 0.005439
2026-01-09 17:28:11,491 - experiment_chaotic_lorenz_full_chaotic_run_0 - INFO - Epoch 89: Train Loss: 0.0176, Train Acc: 0.9955, Val Loss: 0.1854, Val Acc: 0.9551
2026-01-09 17:28:12,082 - experiment_chaotic_lorenz_full_chaotic_run_0 - INFO - Train Epoch 90: [0/472 (0.0%)]	Loss: 0.094010
2026-01-09 17:28:17,654 - experiment_chaotic_lorenz_full_chaotic_run_0 - INFO - Epoch 90: Train Loss: 0.0226, Train Acc: 0.9933, Val Loss: 0.1700, Val Acc: 0.9438
2026-01-09 17:28:18,309 - experiment_chaotic_lorenz_full_chaotic_run_0 - INFO - Train Epoch 91: [0/472 (0.0%)]	Loss: 0.004129
2026-01-09 17:28:23,808 - experiment_chaotic_lorenz_full_chaotic_run_0 - INFO - Epoch 91: Train Loss: 0.0226, Train Acc: 0.9933, Val Loss: 0.1561, Val Acc: 0.9438
2026-01-09 17:28:24,386 - experiment_chaotic_lorenz_full_chaotic_run_0 - INFO - Train Epoch 92: [0/472 (0.0%)]	Loss: 0.005272
2026-01-09 17:28:29,925 - experiment_chaotic_lorenz_full_chaotic_run_0 - INFO - Epoch 92: Train Loss: 0.0076, Train Acc: 0.9978, Val Loss: 0.1492, Val Acc: 0.9551
2026-01-09 17:28:30,504 - experiment_chaotic_lorenz_full_chaotic_run_0 - INFO - Train Epoch 93: [0/472 (0.0%)]	Loss: 0.007355
2026-01-09 17:28:36,119 - experiment_chaotic_lorenz_full_chaotic_run_0 - INFO - Epoch 93: Train Loss: 0.0113, Train Acc: 1.0000, Val Loss: 0.1353, Val Acc: 0.9663
2026-01-09 17:28:36,202 - experiment_chaotic_lorenz_full_chaotic_run_0 - INFO - Saved new best model at epoch 93
2026-01-09 17:28:36,843 - experiment_chaotic_lorenz_full_chaotic_run_0 - INFO - Train Epoch 94: [0/472 (0.0%)]	Loss: 0.011874
2026-01-09 17:28:42,429 - experiment_chaotic_lorenz_full_chaotic_run_0 - INFO - Epoch 94: Train Loss: 0.0104, Train Acc: 1.0000, Val Loss: 0.1366, Val Acc: 0.9663
2026-01-09 17:28:43,017 - experiment_chaotic_lorenz_full_chaotic_run_0 - INFO - Train Epoch 95: [0/472 (0.0%)]	Loss: 0.003642
2026-01-09 17:28:48,506 - experiment_chaotic_lorenz_full_chaotic_run_0 - INFO - Epoch 95: Train Loss: 0.0112, Train Acc: 0.9978, Val Loss: 0.1587, Val Acc: 0.9663
2026-01-09 17:28:49,084 - experiment_chaotic_lorenz_full_chaotic_run_0 - INFO - Train Epoch 96: [0/472 (0.0%)]	Loss: 0.004741
2026-01-09 17:28:54,588 - experiment_chaotic_lorenz_full_chaotic_run_0 - INFO - Epoch 96: Train Loss: 0.0083, Train Acc: 1.0000, Val Loss: 0.1534, Val Acc: 0.9663
2026-01-09 17:28:55,165 - experiment_chaotic_lorenz_full_chaotic_run_0 - INFO - Train Epoch 97: [0/472 (0.0%)]	Loss: 0.007802
2026-01-09 17:29:00,710 - experiment_chaotic_lorenz_full_chaotic_run_0 - INFO - Epoch 97: Train Loss: 0.0209, Train Acc: 0.9978, Val Loss: 0.1562, Val Acc: 0.9551
2026-01-09 17:29:01,296 - experiment_chaotic_lorenz_full_chaotic_run_0 - INFO - Train Epoch 98: [0/472 (0.0%)]	Loss: 0.002756
2026-01-09 17:29:06,813 - experiment_chaotic_lorenz_full_chaotic_run_0 - INFO - Epoch 98: Train Loss: 0.0131, Train Acc: 0.9955, Val Loss: 0.1428, Val Acc: 0.9663
2026-01-09 17:29:07,391 - experiment_chaotic_lorenz_full_chaotic_run_0 - INFO - Train Epoch 99: [0/472 (0.0%)]	Loss: 0.038446
2026-01-09 17:29:13,039 - experiment_chaotic_lorenz_full_chaotic_run_0 - INFO - Epoch 99: Train Loss: 0.0212, Train Acc: 0.9933, Val Loss: 0.1452, Val Acc: 0.9663
2026-01-09 17:29:13,051 - experiment_chaotic_lorenz_full_chaotic_run_0 - INFO - Running final test evaluation...
2026-01-09 17:29:13,929 - experiment_chaotic_lorenz_full_chaotic_run_0 - INFO - Test Results:
2026-01-09 17:29:13,929 - experiment_chaotic_lorenz_full_chaotic_run_0 - INFO -   loss: 0.1627
2026-01-09 17:29:13,929 - experiment_chaotic_lorenz_full_chaotic_run_0 - INFO -   accuracy: 0.9492
2026-01-09 17:29:13,929 - experiment_chaotic_lorenz_full_chaotic_run_0 - INFO -   avg_confidence: 0.9987
2026-01-09 17:29:13,929 - experiment_chaotic_lorenz_full_chaotic_run_0 - INFO -   embedding_diversity: 0.1501
2026-01-09 17:29:13,929 - experiment_chaotic_lorenz_full_chaotic_run_0 - INFO -   embedding_norm_mean: 1.0000
2026-01-09 17:29:13,929 - experiment_chaotic_lorenz_full_chaotic_run_0 - INFO -   embedding_norm_std: 0.0000
2026-01-09 17:29:13,938 - experiment_chaotic_lorenz_full_chaotic_run_0 - INFO - Training completed
2026-01-09 17:29:14,800 - experiment_chaotic_lorenz_full_chaotic_run_0 - INFO - Running comprehensive chaotic network analysis...
2026-01-09 17:29:14,800 - experiment_chaotic_lorenz_full_chaotic_run_0 - INFO - Analyzing chaotic features and dynamics...
2026-01-09 17:29:15,522 - experiment_chaotic_lorenz_full_chaotic_run_0 - INFO - Chaotic analysis completed
2026-01-09 17:29:15,524 - experiment_chaotic_lorenz_full_chaotic_run_0 - INFO - Creating chaotic dynamics visualizations...
2026-01-09 17:29:17,987 - experiment_chaotic_lorenz_full_chaotic_run_0 - WARNING - Embedding plotting failed: boolean index did not match indexed array along dimension 0; dimension is 8 but corresponding boolean dimension is 32
2026-01-09 17:29:17,996 - experiment_chaotic_lorenz_full_chaotic_run_0 - INFO - Chaotic network analysis completed
2026-01-10 12:27:36,921 - experiment_chaotic_lorenz_full_chaotic_run_0 - INFO - Initialized experiment: chaotic_lorenz_full_chaotic_run_0
2026-01-10 12:27:36,934 - experiment_chaotic_lorenz_full_chaotic_run_0 - INFO - Device: cuda
2026-01-10 12:27:36,934 - experiment_chaotic_lorenz_full_chaotic_run_0 - INFO - Output directory: /scratch/project_2003370/yueyao/Model/experiments/configs/sync_experiments/A/experiments/chaotic_lorenz_full_chaotic_run_0
2026-01-10 12:27:36,934 - experiment_chaotic_lorenz_full_chaotic_run_0 - INFO - [SYNC LOSS] Enabled with mode: standard
2026-01-10 12:27:36,934 - experiment_chaotic_lorenz_full_chaotic_run_0 - INFO - Initialized chaotic network experiment with lorenz system
2026-01-10 12:27:36,934 - experiment_chaotic_lorenz_full_chaotic_run_0 - INFO - Setting up experiment components...
2026-01-10 12:27:36,934 - experiment_chaotic_lorenz_full_chaotic_run_0 - INFO - Creating dataloaders...
2026-01-10 12:27:37,311 - experiment_chaotic_lorenz_full_chaotic_run_0 - INFO - Detected 26 speakers in dataset
2026-01-10 12:27:37,311 - experiment_chaotic_lorenz_full_chaotic_run_0 - INFO - Dataloaders created:
2026-01-10 12:27:37,311 - experiment_chaotic_lorenz_full_chaotic_run_0 - INFO -   Train: 14 batches
2026-01-10 12:27:37,311 - experiment_chaotic_lorenz_full_chaotic_run_0 - INFO -   Val: 3 batches
2026-01-10 12:27:37,311 - experiment_chaotic_lorenz_full_chaotic_run_0 - INFO -   Test: 4 batches
2026-01-10 12:27:37,311 - experiment_chaotic_lorenz_full_chaotic_run_0 - INFO - Creating model...
2026-01-10 12:27:37,311 - experiment_chaotic_lorenz_full_chaotic_run_0 - INFO - Using actual num_speakers from dataset: 26
2026-01-10 12:27:37,311 - experiment_chaotic_lorenz_full_chaotic_run_0 - INFO - [BIFURCATION] use_bifurcation_control=False
2026-01-10 12:28:07,990 - experiment_chaotic_lorenz_full_chaotic_run_0 - INFO - Total parameters: 458,181
2026-01-10 12:28:07,990 - experiment_chaotic_lorenz_full_chaotic_run_0 - INFO - Trainable parameters: 458,181
2026-01-10 12:28:07,990 - experiment_chaotic_lorenz_full_chaotic_run_0 - INFO - Creating optimizer...
2026-01-10 12:28:09,114 - experiment_chaotic_lorenz_full_chaotic_run_0 - INFO - Optimizer: AdamW
2026-01-10 12:28:09,114 - experiment_chaotic_lorenz_full_chaotic_run_0 - INFO - Creating scheduler...
2026-01-10 12:28:09,114 - experiment_chaotic_lorenz_full_chaotic_run_0 - INFO - Scheduler: CosineAnnealingLR
2026-01-10 12:28:09,114 - experiment_chaotic_lorenz_full_chaotic_run_0 - INFO - Creating criterion...
2026-01-10 12:28:09,114 - experiment_chaotic_lorenz_full_chaotic_run_0 - INFO - Criterion: CrossEntropyLoss
2026-01-10 12:28:09,163 - experiment_chaotic_lorenz_full_chaotic_run_0 - INFO - Configuration saved to: /scratch/project_2003370/yueyao/Model/experiments/configs/sync_experiments/A/experiments/chaotic_lorenz_full_chaotic_run_0/config.json
2026-01-10 12:28:09,163 - experiment_chaotic_lorenz_full_chaotic_run_0 - INFO - Experiment setup completed
2026-01-10 12:28:09,164 - experiment_chaotic_lorenz_full_chaotic_run_0 - INFO - Starting training for 100 epochs
2026-01-10 12:28:09,323 - experiment_chaotic_lorenz_full_chaotic_run_0 - INFO - 
================================================================================
2026-01-10 12:28:09,323 - experiment_chaotic_lorenz_full_chaotic_run_0 - INFO - COMPREHENSIVE DEBUG - FIRST BATCH
2026-01-10 12:28:09,324 - experiment_chaotic_lorenz_full_chaotic_run_0 - INFO - ================================================================================
2026-01-10 12:28:09,324 - experiment_chaotic_lorenz_full_chaotic_run_0 - INFO - Batch Info:
2026-01-10 12:28:09,324 - experiment_chaotic_lorenz_full_chaotic_run_0 - INFO -   Audio shape: torch.Size([32, 48000])
2026-01-10 12:28:09,324 - experiment_chaotic_lorenz_full_chaotic_run_0 - INFO -   Targets shape: torch.Size([32])
2026-01-10 12:28:09,328 - experiment_chaotic_lorenz_full_chaotic_run_0 - INFO -   Targets (first 8): tensor([19, 24, 16, 12, 16, 10,  8,  2], device='cuda:0')
2026-01-10 12:28:09,910 - experiment_chaotic_lorenz_full_chaotic_run_0 - INFO - ================================================================================

2026-01-10 12:28:09,911 - experiment_chaotic_lorenz_full_chaotic_run_0 - INFO - [ADVERSARIAL] Initialized AdversarialChaoticAugmentation
2026-01-10 12:28:10,051 - experiment_chaotic_lorenz_full_chaotic_run_0 - INFO - [STABILITY] Initialized LyapunovStabilityLoss
2026-01-10 12:28:11,003 - experiment_chaotic_lorenz_full_chaotic_run_0 - INFO - Train Epoch 0: [0/472 (0.0%)]	Loss: 5.376224
2026-01-10 12:28:16,773 - experiment_chaotic_lorenz_full_chaotic_run_0 - INFO - [ADVERSARIAL] Warmup: epoch 1/5
2026-01-10 12:28:18,064 - experiment_chaotic_lorenz_full_chaotic_run_0 - INFO - Epoch 0: Train Loss: 5.0941, Train Acc: 0.0513, Val Loss: 4.1299, Val Acc: 0.0449
2026-01-10 12:28:18,146 - experiment_chaotic_lorenz_full_chaotic_run_0 - INFO - Saved new best model at epoch 0
2026-01-10 12:28:18,891 - experiment_chaotic_lorenz_full_chaotic_run_0 - INFO - Train Epoch 1: [0/472 (0.0%)]	Loss: 4.527390
2026-01-10 12:28:24,461 - experiment_chaotic_lorenz_full_chaotic_run_0 - INFO - [ADVERSARIAL] Warmup: epoch 2/5
2026-01-10 12:28:25,776 - experiment_chaotic_lorenz_full_chaotic_run_0 - INFO - Epoch 1: Train Loss: 4.4009, Train Acc: 0.1071, Val Loss: 3.9359, Val Acc: 0.0449
2026-01-10 12:28:26,423 - experiment_chaotic_lorenz_full_chaotic_run_0 - INFO - Train Epoch 2: [0/472 (0.0%)]	Loss: 4.246955
2026-01-10 12:28:32,470 - experiment_chaotic_lorenz_full_chaotic_run_0 - INFO - [ADVERSARIAL] Warmup: epoch 3/5
2026-01-10 12:28:33,760 - experiment_chaotic_lorenz_full_chaotic_run_0 - INFO - Epoch 2: Train Loss: 4.0858, Train Acc: 0.1205, Val Loss: 4.6893, Val Acc: 0.0449
2026-01-10 12:28:34,473 - experiment_chaotic_lorenz_full_chaotic_run_0 - INFO - Train Epoch 3: [0/472 (0.0%)]	Loss: 4.316476
2026-01-10 12:28:40,114 - experiment_chaotic_lorenz_full_chaotic_run_0 - INFO - [ADVERSARIAL] Warmup: epoch 4/5
2026-01-10 12:28:41,503 - experiment_chaotic_lorenz_full_chaotic_run_0 - INFO - Epoch 3: Train Loss: 4.0898, Train Acc: 0.0938, Val Loss: 3.9135, Val Acc: 0.0449
2026-01-10 12:28:42,121 - experiment_chaotic_lorenz_full_chaotic_run_0 - INFO - Train Epoch 4: [0/472 (0.0%)]	Loss: 3.948495
2026-01-10 12:28:47,777 - experiment_chaotic_lorenz_full_chaotic_run_0 - INFO - [ADVERSARIAL] Warmup: epoch 5/5
2026-01-10 12:28:49,100 - experiment_chaotic_lorenz_full_chaotic_run_0 - INFO - Epoch 4: Train Loss: 3.4417, Train Acc: 0.1987, Val Loss: 5.4378, Val Acc: 0.0449
2026-01-10 12:28:49,887 - experiment_chaotic_lorenz_full_chaotic_run_0 - INFO - Train Epoch 5: [0/472 (0.0%)]	Loss: 3.256559
2026-01-10 12:28:56,241 - experiment_chaotic_lorenz_full_chaotic_run_0 - INFO - [ADVERSARIAL] Warmup complete, adversarial training activated!
2026-01-10 12:28:57,489 - experiment_chaotic_lorenz_full_chaotic_run_0 - INFO - Epoch 5: Train Loss: 3.7579, Train Acc: 0.2924, Val Loss: 4.5050, Val Acc: 0.0449
2026-01-10 12:28:58,222 - experiment_chaotic_lorenz_full_chaotic_run_0 - INFO - Train Epoch 6: [0/472 (0.0%)]	Loss: 3.179243
2026-01-10 12:29:06,743 - experiment_chaotic_lorenz_full_chaotic_run_0 - INFO - Epoch 6: Train Loss: 3.3366, Train Acc: 0.3683, Val Loss: 3.9729, Val Acc: 0.0674
2026-01-10 12:29:06,827 - experiment_chaotic_lorenz_full_chaotic_run_0 - INFO - Saved new best model at epoch 6
2026-01-10 12:29:07,630 - experiment_chaotic_lorenz_full_chaotic_run_0 - INFO - Train Epoch 7: [0/472 (0.0%)]	Loss: 3.566881
2026-01-10 12:29:15,966 - experiment_chaotic_lorenz_full_chaotic_run_0 - INFO - Epoch 7: Train Loss: 2.7449, Train Acc: 0.4710, Val Loss: 4.8264, Val Acc: 0.0674
2026-01-10 12:29:16,791 - experiment_chaotic_lorenz_full_chaotic_run_0 - INFO - Train Epoch 8: [0/472 (0.0%)]	Loss: 2.180047
2026-01-10 12:29:24,656 - experiment_chaotic_lorenz_full_chaotic_run_0 - INFO - Epoch 8: Train Loss: 2.4120, Train Acc: 0.5089, Val Loss: 4.7428, Val Acc: 0.0449
2026-01-10 12:29:25,430 - experiment_chaotic_lorenz_full_chaotic_run_0 - INFO - Train Epoch 9: [0/472 (0.0%)]	Loss: 2.030928
2026-01-10 12:29:33,885 - experiment_chaotic_lorenz_full_chaotic_run_0 - INFO - Epoch 9: Train Loss: 2.1259, Train Acc: 0.5982, Val Loss: 7.0448, Val Acc: 0.0449
2026-01-10 12:29:34,799 - experiment_chaotic_lorenz_full_chaotic_run_0 - INFO - Train Epoch 10: [0/472 (0.0%)]	Loss: 1.536098
2026-01-10 12:29:43,064 - experiment_chaotic_lorenz_full_chaotic_run_0 - INFO - Epoch 10: Train Loss: 1.8701, Train Acc: 0.6629, Val Loss: 6.8126, Val Acc: 0.0449
2026-01-10 12:29:43,871 - experiment_chaotic_lorenz_full_chaotic_run_0 - INFO - Train Epoch 11: [0/472 (0.0%)]	Loss: 1.235906
2026-01-10 12:29:51,301 - experiment_chaotic_lorenz_full_chaotic_run_0 - INFO - Epoch 11: Train Loss: 1.7939, Train Acc: 0.7054, Val Loss: 7.1846, Val Acc: 0.0449
2026-01-10 12:29:52,088 - experiment_chaotic_lorenz_full_chaotic_run_0 - INFO - Train Epoch 12: [0/472 (0.0%)]	Loss: 1.760151
2026-01-10 12:29:59,875 - experiment_chaotic_lorenz_full_chaotic_run_0 - INFO - Epoch 12: Train Loss: 1.9287, Train Acc: 0.6384, Val Loss: 4.5155, Val Acc: 0.0787
2026-01-10 12:29:59,959 - experiment_chaotic_lorenz_full_chaotic_run_0 - INFO - Saved new best model at epoch 12
2026-01-10 12:30:00,681 - experiment_chaotic_lorenz_full_chaotic_run_0 - INFO - Train Epoch 13: [0/472 (0.0%)]	Loss: 1.588437
2026-01-10 12:30:08,555 - experiment_chaotic_lorenz_full_chaotic_run_0 - INFO - Epoch 13: Train Loss: 1.6471, Train Acc: 0.7254, Val Loss: 6.2997, Val Acc: 0.0449
2026-01-10 12:30:09,483 - experiment_chaotic_lorenz_full_chaotic_run_0 - INFO - Train Epoch 14: [0/472 (0.0%)]	Loss: 1.439940
2026-01-10 12:30:18,826 - experiment_chaotic_lorenz_full_chaotic_run_0 - INFO - Epoch 14: Train Loss: 1.4376, Train Acc: 0.7567, Val Loss: 5.9964, Val Acc: 0.0449
2026-01-10 12:30:19,746 - experiment_chaotic_lorenz_full_chaotic_run_0 - INFO - Train Epoch 15: [0/472 (0.0%)]	Loss: 1.255537
2026-01-10 12:30:29,123 - experiment_chaotic_lorenz_full_chaotic_run_0 - INFO - Epoch 15: Train Loss: 1.2828, Train Acc: 0.8080, Val Loss: 6.4344, Val Acc: 0.0449
2026-01-10 12:30:29,903 - experiment_chaotic_lorenz_full_chaotic_run_0 - INFO - Train Epoch 16: [0/472 (0.0%)]	Loss: 1.650943
2026-01-10 12:30:38,363 - experiment_chaotic_lorenz_full_chaotic_run_0 - INFO - Epoch 16: Train Loss: 1.2615, Train Acc: 0.8237, Val Loss: 6.6398, Val Acc: 0.0449
2026-01-10 12:30:39,114 - experiment_chaotic_lorenz_full_chaotic_run_0 - INFO - Train Epoch 17: [0/472 (0.0%)]	Loss: 1.051417
2026-01-10 12:30:46,937 - experiment_chaotic_lorenz_full_chaotic_run_0 - INFO - Epoch 17: Train Loss: 1.1775, Train Acc: 0.8281, Val Loss: 6.1097, Val Acc: 0.0449
2026-01-10 12:30:47,727 - experiment_chaotic_lorenz_full_chaotic_run_0 - INFO - Train Epoch 18: [0/472 (0.0%)]	Loss: 1.024529
2026-01-10 12:30:55,582 - experiment_chaotic_lorenz_full_chaotic_run_0 - INFO - Epoch 18: Train Loss: 1.1520, Train Acc: 0.8482, Val Loss: 6.3555, Val Acc: 0.0449
2026-01-10 12:30:56,315 - experiment_chaotic_lorenz_full_chaotic_run_0 - INFO - Train Epoch 19: [0/472 (0.0%)]	Loss: 1.312466
2026-01-10 12:31:04,040 - experiment_chaotic_lorenz_full_chaotic_run_0 - INFO - Epoch 19: Train Loss: 1.2166, Train Acc: 0.8170, Val Loss: 4.8847, Val Acc: 0.0449
2026-01-10 12:31:04,810 - experiment_chaotic_lorenz_full_chaotic_run_0 - INFO - Train Epoch 20: [0/472 (0.0%)]	Loss: 1.291709
2026-01-10 12:31:12,417 - experiment_chaotic_lorenz_full_chaotic_run_0 - INFO - Epoch 20: Train Loss: 1.0792, Train Acc: 0.8460, Val Loss: 6.1889, Val Acc: 0.0449
2026-01-10 12:31:13,299 - experiment_chaotic_lorenz_full_chaotic_run_0 - INFO - Train Epoch 21: [0/472 (0.0%)]	Loss: 1.239284
2026-01-10 12:31:21,081 - experiment_chaotic_lorenz_full_chaotic_run_0 - INFO - Epoch 21: Train Loss: 1.1582, Train Acc: 0.8549, Val Loss: 5.9490, Val Acc: 0.0674
2026-01-10 12:31:21,819 - experiment_chaotic_lorenz_full_chaotic_run_0 - INFO - Train Epoch 22: [0/472 (0.0%)]	Loss: 0.739374
2026-01-10 12:31:29,718 - experiment_chaotic_lorenz_full_chaotic_run_0 - INFO - Epoch 22: Train Loss: 0.9963, Train Acc: 0.8527, Val Loss: 4.1830, Val Acc: 0.1573
2026-01-10 12:31:29,802 - experiment_chaotic_lorenz_full_chaotic_run_0 - INFO - Saved new best model at epoch 22
2026-01-10 12:31:30,573 - experiment_chaotic_lorenz_full_chaotic_run_0 - INFO - Train Epoch 23: [0/472 (0.0%)]	Loss: 1.275824
2026-01-10 12:31:38,118 - experiment_chaotic_lorenz_full_chaotic_run_0 - INFO - Epoch 23: Train Loss: 0.9701, Train Acc: 0.8795, Val Loss: 4.5626, Val Acc: 0.0899
2026-01-10 12:31:38,883 - experiment_chaotic_lorenz_full_chaotic_run_0 - INFO - Train Epoch 24: [0/472 (0.0%)]	Loss: 0.771070
2026-01-10 12:31:46,774 - experiment_chaotic_lorenz_full_chaotic_run_0 - INFO - Epoch 24: Train Loss: 0.9190, Train Acc: 0.8996, Val Loss: 7.0412, Val Acc: 0.0899
2026-01-10 12:31:47,504 - experiment_chaotic_lorenz_full_chaotic_run_0 - INFO - Train Epoch 25: [0/472 (0.0%)]	Loss: 0.846588
2026-01-10 12:31:55,377 - experiment_chaotic_lorenz_full_chaotic_run_0 - INFO - Epoch 25: Train Loss: 0.9650, Train Acc: 0.8862, Val Loss: 2.9592, Val Acc: 0.2809
2026-01-10 12:31:55,460 - experiment_chaotic_lorenz_full_chaotic_run_0 - INFO - Saved new best model at epoch 25
2026-01-10 12:31:56,234 - experiment_chaotic_lorenz_full_chaotic_run_0 - INFO - Train Epoch 26: [0/472 (0.0%)]	Loss: 0.634742
2026-01-10 12:32:04,747 - experiment_chaotic_lorenz_full_chaotic_run_0 - INFO - Epoch 26: Train Loss: 0.8751, Train Acc: 0.9018, Val Loss: 3.5371, Val Acc: 0.2247
2026-01-10 12:32:05,525 - experiment_chaotic_lorenz_full_chaotic_run_0 - INFO - Train Epoch 27: [0/472 (0.0%)]	Loss: 0.650800
2026-01-10 12:32:13,353 - experiment_chaotic_lorenz_full_chaotic_run_0 - INFO - Epoch 27: Train Loss: 0.8672, Train Acc: 0.9085, Val Loss: 4.0021, Val Acc: 0.2247
2026-01-10 12:32:14,070 - experiment_chaotic_lorenz_full_chaotic_run_0 - INFO - Train Epoch 28: [0/472 (0.0%)]	Loss: 0.764369
2026-01-10 12:32:21,439 - experiment_chaotic_lorenz_full_chaotic_run_0 - INFO - Epoch 28: Train Loss: 0.8658, Train Acc: 0.8973, Val Loss: 5.4771, Val Acc: 0.1348
2026-01-10 12:32:22,180 - experiment_chaotic_lorenz_full_chaotic_run_0 - INFO - Train Epoch 29: [0/472 (0.0%)]	Loss: 0.878442
2026-01-10 12:32:29,849 - experiment_chaotic_lorenz_full_chaotic_run_0 - INFO - Epoch 29: Train Loss: 0.7535, Train Acc: 0.9531, Val Loss: 5.5810, Val Acc: 0.0449
2026-01-10 12:32:30,603 - experiment_chaotic_lorenz_full_chaotic_run_0 - INFO - Train Epoch 30: [0/472 (0.0%)]	Loss: 0.694378
2026-01-10 12:32:38,242 - experiment_chaotic_lorenz_full_chaotic_run_0 - INFO - Epoch 30: Train Loss: 0.7946, Train Acc: 0.9330, Val Loss: 8.7213, Val Acc: 0.0449
2026-01-10 12:32:39,072 - experiment_chaotic_lorenz_full_chaotic_run_0 - INFO - Train Epoch 31: [0/472 (0.0%)]	Loss: 0.818397
2026-01-10 12:32:47,108 - experiment_chaotic_lorenz_full_chaotic_run_0 - INFO - Epoch 31: Train Loss: 0.7427, Train Acc: 0.9263, Val Loss: 4.7020, Val Acc: 0.1685
2026-01-10 12:32:47,850 - experiment_chaotic_lorenz_full_chaotic_run_0 - INFO - Train Epoch 32: [0/472 (0.0%)]	Loss: 0.712666
2026-01-10 12:32:55,909 - experiment_chaotic_lorenz_full_chaotic_run_0 - INFO - Epoch 32: Train Loss: 0.7380, Train Acc: 0.9509, Val Loss: 8.6599, Val Acc: 0.0674
2026-01-10 12:32:56,841 - experiment_chaotic_lorenz_full_chaotic_run_0 - INFO - Train Epoch 33: [0/472 (0.0%)]	Loss: 0.792873
2026-01-10 12:33:05,949 - experiment_chaotic_lorenz_full_chaotic_run_0 - INFO - Epoch 33: Train Loss: 0.7516, Train Acc: 0.9353, Val Loss: 5.1091, Val Acc: 0.1685
2026-01-10 12:33:06,869 - experiment_chaotic_lorenz_full_chaotic_run_0 - INFO - Train Epoch 34: [0/472 (0.0%)]	Loss: 0.532797
2026-01-10 12:33:16,110 - experiment_chaotic_lorenz_full_chaotic_run_0 - INFO - Epoch 34: Train Loss: 0.6183, Train Acc: 0.9710, Val Loss: 7.9516, Val Acc: 0.0562
2026-01-10 12:33:16,971 - experiment_chaotic_lorenz_full_chaotic_run_0 - INFO - Train Epoch 35: [0/472 (0.0%)]	Loss: 0.625839
2026-01-10 12:33:24,943 - experiment_chaotic_lorenz_full_chaotic_run_0 - INFO - Epoch 35: Train Loss: 0.7062, Train Acc: 0.9509, Val Loss: 6.3499, Val Acc: 0.0899
2026-01-10 12:33:25,691 - experiment_chaotic_lorenz_full_chaotic_run_0 - INFO - Train Epoch 36: [0/472 (0.0%)]	Loss: 0.709143
2026-01-10 12:33:33,326 - experiment_chaotic_lorenz_full_chaotic_run_0 - INFO - Epoch 36: Train Loss: 0.6678, Train Acc: 0.9621, Val Loss: 6.6277, Val Acc: 0.1124
2026-01-10 12:33:34,001 - experiment_chaotic_lorenz_full_chaotic_run_0 - INFO - Train Epoch 37: [0/472 (0.0%)]	Loss: 0.556520
2026-01-10 12:33:41,413 - experiment_chaotic_lorenz_full_chaotic_run_0 - INFO - Epoch 37: Train Loss: 0.7083, Train Acc: 0.9487, Val Loss: 6.1183, Val Acc: 0.0899
2026-01-10 12:33:42,151 - experiment_chaotic_lorenz_full_chaotic_run_0 - INFO - Train Epoch 38: [0/472 (0.0%)]	Loss: 0.782869
2026-01-10 12:33:49,906 - experiment_chaotic_lorenz_full_chaotic_run_0 - INFO - Epoch 38: Train Loss: 0.6248, Train Acc: 0.9732, Val Loss: 7.1536, Val Acc: 0.0674
2026-01-10 12:33:50,660 - experiment_chaotic_lorenz_full_chaotic_run_0 - INFO - Train Epoch 39: [0/472 (0.0%)]	Loss: 0.608274
2026-01-10 12:33:58,549 - experiment_chaotic_lorenz_full_chaotic_run_0 - INFO - Epoch 39: Train Loss: 0.6271, Train Acc: 0.9688, Val Loss: 2.0549, Val Acc: 0.5618
2026-01-10 12:33:58,633 - experiment_chaotic_lorenz_full_chaotic_run_0 - INFO - Saved new best model at epoch 39
2026-01-10 12:33:59,600 - experiment_chaotic_lorenz_full_chaotic_run_0 - INFO - Train Epoch 40: [0/472 (0.0%)]	Loss: 0.562878
2026-01-10 12:34:08,052 - experiment_chaotic_lorenz_full_chaotic_run_0 - INFO - Epoch 40: Train Loss: 0.6190, Train Acc: 0.9621, Val Loss: 4.5138, Val Acc: 0.2135
2026-01-10 12:34:09,039 - experiment_chaotic_lorenz_full_chaotic_run_0 - INFO - Train Epoch 41: [0/472 (0.0%)]	Loss: 0.585394
2026-01-10 12:34:18,338 - experiment_chaotic_lorenz_full_chaotic_run_0 - INFO - Epoch 41: Train Loss: 0.6631, Train Acc: 0.9576, Val Loss: 4.2009, Val Acc: 0.2921
2026-01-10 12:34:19,086 - experiment_chaotic_lorenz_full_chaotic_run_0 - INFO - Train Epoch 42: [0/472 (0.0%)]	Loss: 0.608635
2026-01-10 12:34:26,832 - experiment_chaotic_lorenz_full_chaotic_run_0 - INFO - Epoch 42: Train Loss: 0.6266, Train Acc: 0.9732, Val Loss: 5.1316, Val Acc: 0.1348
2026-01-10 12:34:27,600 - experiment_chaotic_lorenz_full_chaotic_run_0 - INFO - Train Epoch 43: [0/472 (0.0%)]	Loss: 0.659601
2026-01-10 12:34:35,537 - experiment_chaotic_lorenz_full_chaotic_run_0 - INFO - Epoch 43: Train Loss: 0.6113, Train Acc: 0.9732, Val Loss: 6.1632, Val Acc: 0.1573
2026-01-10 12:34:36,311 - experiment_chaotic_lorenz_full_chaotic_run_0 - INFO - Train Epoch 44: [0/472 (0.0%)]	Loss: 0.681774
2026-01-10 12:34:44,237 - experiment_chaotic_lorenz_full_chaotic_run_0 - INFO - Epoch 44: Train Loss: 0.5795, Train Acc: 0.9732, Val Loss: 1.4234, Val Acc: 0.6854
2026-01-10 12:34:44,323 - experiment_chaotic_lorenz_full_chaotic_run_0 - INFO - Saved new best model at epoch 44
2026-01-10 12:34:45,118 - experiment_chaotic_lorenz_full_chaotic_run_0 - INFO - Train Epoch 45: [0/472 (0.0%)]	Loss: 0.472974
2026-01-10 12:34:52,965 - experiment_chaotic_lorenz_full_chaotic_run_0 - INFO - Epoch 45: Train Loss: 0.5741, Train Acc: 0.9754, Val Loss: 3.7584, Val Acc: 0.2921
2026-01-10 12:34:53,868 - experiment_chaotic_lorenz_full_chaotic_run_0 - INFO - Train Epoch 46: [0/472 (0.0%)]	Loss: 0.554604
2026-01-10 12:35:03,125 - experiment_chaotic_lorenz_full_chaotic_run_0 - INFO - Epoch 46: Train Loss: 0.5747, Train Acc: 0.9754, Val Loss: 8.5452, Val Acc: 0.0787
2026-01-10 12:35:03,849 - experiment_chaotic_lorenz_full_chaotic_run_0 - INFO - Train Epoch 47: [0/472 (0.0%)]	Loss: 0.539286
2026-01-10 12:35:11,717 - experiment_chaotic_lorenz_full_chaotic_run_0 - INFO - Epoch 47: Train Loss: 0.5501, Train Acc: 0.9866, Val Loss: 7.1861, Val Acc: 0.0899
2026-01-10 12:35:12,400 - experiment_chaotic_lorenz_full_chaotic_run_0 - INFO - Train Epoch 48: [0/472 (0.0%)]	Loss: 0.538195
2026-01-10 12:35:20,958 - experiment_chaotic_lorenz_full_chaotic_run_0 - INFO - Epoch 48: Train Loss: 0.5535, Train Acc: 0.9866, Val Loss: 0.3231, Val Acc: 0.8989
2026-01-10 12:35:21,079 - experiment_chaotic_lorenz_full_chaotic_run_0 - INFO - Saved new best model at epoch 48
2026-01-10 12:35:21,867 - experiment_chaotic_lorenz_full_chaotic_run_0 - INFO - Train Epoch 49: [0/472 (0.0%)]	Loss: 0.568030
2026-01-10 12:35:29,255 - experiment_chaotic_lorenz_full_chaotic_run_0 - INFO - Epoch 49: Train Loss: 0.5429, Train Acc: 0.9866, Val Loss: 6.0718, Val Acc: 0.1236
2026-01-10 12:35:29,954 - experiment_chaotic_lorenz_full_chaotic_run_0 - INFO - Train Epoch 50: [0/472 (0.0%)]	Loss: 0.548717
2026-01-10 12:35:37,639 - experiment_chaotic_lorenz_full_chaotic_run_0 - INFO - Epoch 50: Train Loss: 0.5641, Train Acc: 0.9821, Val Loss: 8.8473, Val Acc: 0.0674
2026-01-10 12:35:38,453 - experiment_chaotic_lorenz_full_chaotic_run_0 - INFO - Train Epoch 51: [0/472 (0.0%)]	Loss: 0.634291
2026-01-10 12:35:46,261 - experiment_chaotic_lorenz_full_chaotic_run_0 - INFO - Epoch 51: Train Loss: 0.5337, Train Acc: 0.9844, Val Loss: 9.4548, Val Acc: 0.0674
2026-01-10 12:35:46,927 - experiment_chaotic_lorenz_full_chaotic_run_0 - INFO - Train Epoch 52: [0/472 (0.0%)]	Loss: 0.496160
2026-01-10 12:35:54,399 - experiment_chaotic_lorenz_full_chaotic_run_0 - INFO - Epoch 52: Train Loss: 0.5613, Train Acc: 0.9844, Val Loss: 9.7398, Val Acc: 0.0674
2026-01-10 12:35:55,075 - experiment_chaotic_lorenz_full_chaotic_run_0 - INFO - Train Epoch 53: [0/472 (0.0%)]	Loss: 0.541156
2026-01-10 12:36:02,956 - experiment_chaotic_lorenz_full_chaotic_run_0 - INFO - Epoch 53: Train Loss: 0.5144, Train Acc: 0.9933, Val Loss: 2.5366, Val Acc: 0.3933
2026-01-10 12:36:03,628 - experiment_chaotic_lorenz_full_chaotic_run_0 - INFO - Train Epoch 54: [0/472 (0.0%)]	Loss: 0.565373
2026-01-10 12:36:12,104 - experiment_chaotic_lorenz_full_chaotic_run_0 - INFO - Epoch 54: Train Loss: 0.5206, Train Acc: 0.9978, Val Loss: 6.5591, Val Acc: 0.1124
2026-01-10 12:36:13,065 - experiment_chaotic_lorenz_full_chaotic_run_0 - INFO - Train Epoch 55: [0/472 (0.0%)]	Loss: 0.513206
2026-01-10 12:36:21,934 - experiment_chaotic_lorenz_full_chaotic_run_0 - INFO - Epoch 55: Train Loss: 0.5220, Train Acc: 0.9866, Val Loss: 2.4105, Val Acc: 0.4719
2026-01-10 12:36:22,676 - experiment_chaotic_lorenz_full_chaotic_run_0 - INFO - Train Epoch 56: [0/472 (0.0%)]	Loss: 0.539529
2026-01-10 12:36:30,585 - experiment_chaotic_lorenz_full_chaotic_run_0 - INFO - Epoch 56: Train Loss: 0.5418, Train Acc: 0.9911, Val Loss: 5.6254, Val Acc: 0.1685
2026-01-10 12:36:31,351 - experiment_chaotic_lorenz_full_chaotic_run_0 - INFO - Train Epoch 57: [0/472 (0.0%)]	Loss: 0.589381
2026-01-10 12:36:39,197 - experiment_chaotic_lorenz_full_chaotic_run_0 - INFO - Epoch 57: Train Loss: 0.5545, Train Acc: 0.9732, Val Loss: 7.2796, Val Acc: 0.1348
2026-01-10 12:36:40,129 - experiment_chaotic_lorenz_full_chaotic_run_0 - INFO - Train Epoch 58: [0/472 (0.0%)]	Loss: 0.446135
2026-01-10 12:36:49,721 - experiment_chaotic_lorenz_full_chaotic_run_0 - INFO - Epoch 58: Train Loss: 0.5354, Train Acc: 0.9866, Val Loss: 7.2343, Val Acc: 0.1011
2026-01-10 12:36:50,640 - experiment_chaotic_lorenz_full_chaotic_run_0 - INFO - Train Epoch 59: [0/472 (0.0%)]	Loss: 0.495886
2026-01-10 12:37:00,289 - experiment_chaotic_lorenz_full_chaotic_run_0 - INFO - Epoch 59: Train Loss: 0.5194, Train Acc: 0.9888, Val Loss: 1.3622, Val Acc: 0.7191
2026-01-10 12:37:01,243 - experiment_chaotic_lorenz_full_chaotic_run_0 - INFO - Train Epoch 60: [0/472 (0.0%)]	Loss: 0.439956
2026-01-10 12:37:11,006 - experiment_chaotic_lorenz_full_chaotic_run_0 - INFO - Epoch 60: Train Loss: 0.5451, Train Acc: 0.9821, Val Loss: 6.0229, Val Acc: 0.1685
2026-01-10 12:37:11,994 - experiment_chaotic_lorenz_full_chaotic_run_0 - INFO - Train Epoch 61: [0/472 (0.0%)]	Loss: 0.538564
2026-01-10 12:37:20,529 - experiment_chaotic_lorenz_full_chaotic_run_0 - INFO - Epoch 61: Train Loss: 0.5294, Train Acc: 0.9933, Val Loss: 4.8129, Val Acc: 0.1798
2026-01-10 12:37:21,384 - experiment_chaotic_lorenz_full_chaotic_run_0 - INFO - Train Epoch 62: [0/472 (0.0%)]	Loss: 0.513882
2026-01-10 12:37:30,127 - experiment_chaotic_lorenz_full_chaotic_run_0 - INFO - Epoch 62: Train Loss: 0.5330, Train Acc: 0.9888, Val Loss: 0.2407, Val Acc: 0.9326
2026-01-10 12:37:30,253 - experiment_chaotic_lorenz_full_chaotic_run_0 - INFO - Saved new best model at epoch 62
2026-01-10 12:37:31,118 - experiment_chaotic_lorenz_full_chaotic_run_0 - INFO - Train Epoch 63: [0/472 (0.0%)]	Loss: 0.505454
2026-01-10 12:37:38,871 - experiment_chaotic_lorenz_full_chaotic_run_0 - INFO - Epoch 63: Train Loss: 0.4968, Train Acc: 0.9888, Val Loss: 1.1710, Val Acc: 0.7528
2026-01-10 12:37:39,639 - experiment_chaotic_lorenz_full_chaotic_run_0 - INFO - Train Epoch 64: [0/472 (0.0%)]	Loss: 0.547191
2026-01-10 12:37:47,525 - experiment_chaotic_lorenz_full_chaotic_run_0 - INFO - Epoch 64: Train Loss: 0.5425, Train Acc: 0.9888, Val Loss: 1.2723, Val Acc: 0.6854
2026-01-10 12:37:48,276 - experiment_chaotic_lorenz_full_chaotic_run_0 - INFO - Train Epoch 65: [0/472 (0.0%)]	Loss: 0.472514
2026-01-10 12:37:56,234 - experiment_chaotic_lorenz_full_chaotic_run_0 - INFO - Epoch 65: Train Loss: 0.5352, Train Acc: 0.9866, Val Loss: 0.1485, Val Acc: 0.9551
2026-01-10 12:37:56,317 - experiment_chaotic_lorenz_full_chaotic_run_0 - INFO - Saved new best model at epoch 65
2026-01-10 12:37:57,208 - experiment_chaotic_lorenz_full_chaotic_run_0 - INFO - Train Epoch 66: [0/472 (0.0%)]	Loss: 0.504710
2026-01-10 12:38:05,712 - experiment_chaotic_lorenz_full_chaotic_run_0 - INFO - Epoch 66: Train Loss: 0.5037, Train Acc: 0.9911, Val Loss: 1.8700, Val Acc: 0.6067
2026-01-10 12:38:06,639 - experiment_chaotic_lorenz_full_chaotic_run_0 - INFO - Train Epoch 67: [0/472 (0.0%)]	Loss: 0.618295
2026-01-10 12:38:16,479 - experiment_chaotic_lorenz_full_chaotic_run_0 - INFO - Epoch 67: Train Loss: 0.5130, Train Acc: 0.9933, Val Loss: 2.5749, Val Acc: 0.5056
2026-01-10 12:38:17,408 - experiment_chaotic_lorenz_full_chaotic_run_0 - INFO - Train Epoch 68: [0/472 (0.0%)]	Loss: 0.501286
2026-01-10 12:38:27,004 - experiment_chaotic_lorenz_full_chaotic_run_0 - INFO - Epoch 68: Train Loss: 0.4887, Train Acc: 0.9911, Val Loss: 3.9412, Val Acc: 0.3596
2026-01-10 12:38:27,823 - experiment_chaotic_lorenz_full_chaotic_run_0 - INFO - Train Epoch 69: [0/472 (0.0%)]	Loss: 0.555512
2026-01-10 12:38:36,193 - experiment_chaotic_lorenz_full_chaotic_run_0 - INFO - Epoch 69: Train Loss: 0.4952, Train Acc: 0.9955, Val Loss: 8.7480, Val Acc: 0.0787
2026-01-10 12:38:37,102 - experiment_chaotic_lorenz_full_chaotic_run_0 - INFO - Train Epoch 70: [0/472 (0.0%)]	Loss: 0.543196
2026-01-10 12:38:46,803 - experiment_chaotic_lorenz_full_chaotic_run_0 - INFO - Epoch 70: Train Loss: 0.5060, Train Acc: 0.9844, Val Loss: 0.2183, Val Acc: 0.9438
2026-01-10 12:38:47,719 - experiment_chaotic_lorenz_full_chaotic_run_0 - INFO - Train Epoch 71: [0/472 (0.0%)]	Loss: 0.447245
2026-01-10 12:38:56,318 - experiment_chaotic_lorenz_full_chaotic_run_0 - INFO - Epoch 71: Train Loss: 0.4865, Train Acc: 0.9955, Val Loss: 0.1816, Val Acc: 0.9551
2026-01-10 12:38:57,237 - experiment_chaotic_lorenz_full_chaotic_run_0 - INFO - Train Epoch 72: [0/472 (0.0%)]	Loss: 0.489582
2026-01-10 12:39:06,905 - experiment_chaotic_lorenz_full_chaotic_run_0 - INFO - Epoch 72: Train Loss: 0.5068, Train Acc: 0.9978, Val Loss: 0.7346, Val Acc: 0.8764
2026-01-10 12:39:07,824 - experiment_chaotic_lorenz_full_chaotic_run_0 - INFO - Train Epoch 73: [0/472 (0.0%)]	Loss: 0.490570
2026-01-10 12:39:17,472 - experiment_chaotic_lorenz_full_chaotic_run_0 - INFO - Epoch 73: Train Loss: 0.4827, Train Acc: 0.9933, Val Loss: 0.6245, Val Acc: 0.7865
2026-01-10 12:39:18,368 - experiment_chaotic_lorenz_full_chaotic_run_0 - INFO - Train Epoch 74: [0/472 (0.0%)]	Loss: 0.447522
2026-01-10 12:39:28,089 - experiment_chaotic_lorenz_full_chaotic_run_0 - INFO - Epoch 74: Train Loss: 0.4703, Train Acc: 0.9955, Val Loss: 5.5690, Val Acc: 0.2022
2026-01-10 12:39:29,035 - experiment_chaotic_lorenz_full_chaotic_run_0 - INFO - Train Epoch 75: [0/472 (0.0%)]	Loss: 0.492100
2026-01-10 12:39:38,815 - experiment_chaotic_lorenz_full_chaotic_run_0 - INFO - Epoch 75: Train Loss: 0.4873, Train Acc: 0.9888, Val Loss: 0.5030, Val Acc: 0.8315
2026-01-10 12:39:39,723 - experiment_chaotic_lorenz_full_chaotic_run_0 - INFO - Train Epoch 76: [0/472 (0.0%)]	Loss: 0.480900
2026-01-10 12:39:49,382 - experiment_chaotic_lorenz_full_chaotic_run_0 - INFO - Epoch 76: Train Loss: 0.5170, Train Acc: 0.9955, Val Loss: 0.3703, Val Acc: 0.8876
2026-01-10 12:39:50,306 - experiment_chaotic_lorenz_full_chaotic_run_0 - INFO - Train Epoch 77: [0/472 (0.0%)]	Loss: 0.432709
2026-01-10 12:39:58,438 - experiment_chaotic_lorenz_full_chaotic_run_0 - INFO - Epoch 77: Train Loss: 0.5093, Train Acc: 0.9866, Val Loss: 2.5573, Val Acc: 0.5169
2026-01-10 12:39:59,171 - experiment_chaotic_lorenz_full_chaotic_run_0 - INFO - Train Epoch 78: [0/472 (0.0%)]	Loss: 0.458511
2026-01-10 12:40:07,031 - experiment_chaotic_lorenz_full_chaotic_run_0 - INFO - Epoch 78: Train Loss: 0.5057, Train Acc: 0.9955, Val Loss: 0.7285, Val Acc: 0.7978
2026-01-10 12:40:07,948 - experiment_chaotic_lorenz_full_chaotic_run_0 - INFO - Train Epoch 79: [0/472 (0.0%)]	Loss: 0.423447
2026-01-10 12:40:17,631 - experiment_chaotic_lorenz_full_chaotic_run_0 - INFO - Epoch 79: Train Loss: 0.5025, Train Acc: 0.9955, Val Loss: 3.0129, Val Acc: 0.4494
2026-01-10 12:40:18,389 - experiment_chaotic_lorenz_full_chaotic_run_0 - INFO - Train Epoch 80: [0/472 (0.0%)]	Loss: 0.484102
2026-01-10 12:40:26,124 - experiment_chaotic_lorenz_full_chaotic_run_0 - INFO - Epoch 80: Train Loss: 0.5244, Train Acc: 0.9933, Val Loss: 0.2960, Val Acc: 0.8876
2026-01-10 12:40:27,009 - experiment_chaotic_lorenz_full_chaotic_run_0 - INFO - Train Epoch 81: [0/472 (0.0%)]	Loss: 0.427113
2026-01-10 12:40:36,454 - experiment_chaotic_lorenz_full_chaotic_run_0 - INFO - Epoch 81: Train Loss: 0.5243, Train Acc: 0.9911, Val Loss: 0.3875, Val Acc: 0.9101
2026-01-10 12:40:37,376 - experiment_chaotic_lorenz_full_chaotic_run_0 - INFO - Train Epoch 82: [0/472 (0.0%)]	Loss: 0.505036
2026-01-10 12:40:47,058 - experiment_chaotic_lorenz_full_chaotic_run_0 - INFO - Epoch 82: Train Loss: 0.4855, Train Acc: 0.9911, Val Loss: 0.1585, Val Acc: 0.9551
2026-01-10 12:40:47,799 - experiment_chaotic_lorenz_full_chaotic_run_0 - INFO - Train Epoch 83: [0/472 (0.0%)]	Loss: 0.510770
2026-01-10 12:40:55,739 - experiment_chaotic_lorenz_full_chaotic_run_0 - INFO - Epoch 83: Train Loss: 0.4792, Train Acc: 0.9978, Val Loss: 0.1139, Val Acc: 0.9775
2026-01-10 12:40:55,823 - experiment_chaotic_lorenz_full_chaotic_run_0 - INFO - Saved new best model at epoch 83
2026-01-10 12:40:56,577 - experiment_chaotic_lorenz_full_chaotic_run_0 - INFO - Train Epoch 84: [0/472 (0.0%)]	Loss: 0.648019
2026-01-10 12:41:04,939 - experiment_chaotic_lorenz_full_chaotic_run_0 - INFO - Epoch 84: Train Loss: 0.4950, Train Acc: 0.9911, Val Loss: 0.2293, Val Acc: 0.9438
2026-01-10 12:41:05,867 - experiment_chaotic_lorenz_full_chaotic_run_0 - INFO - Train Epoch 85: [0/472 (0.0%)]	Loss: 0.415306
2026-01-10 12:41:15,440 - experiment_chaotic_lorenz_full_chaotic_run_0 - INFO - Epoch 85: Train Loss: 0.4890, Train Acc: 0.9911, Val Loss: 0.1355, Val Acc: 0.9663
2026-01-10 12:41:16,375 - experiment_chaotic_lorenz_full_chaotic_run_0 - INFO - Train Epoch 86: [0/472 (0.0%)]	Loss: 0.400787
2026-01-10 12:41:26,026 - experiment_chaotic_lorenz_full_chaotic_run_0 - INFO - Epoch 86: Train Loss: 0.4927, Train Acc: 0.9978, Val Loss: 0.1331, Val Acc: 0.9663
2026-01-10 12:41:27,025 - experiment_chaotic_lorenz_full_chaotic_run_0 - INFO - Train Epoch 87: [0/472 (0.0%)]	Loss: 0.457927
2026-01-10 12:41:36,275 - experiment_chaotic_lorenz_full_chaotic_run_0 - INFO - Epoch 87: Train Loss: 0.4722, Train Acc: 0.9978, Val Loss: 0.1355, Val Acc: 0.9551
2026-01-10 12:41:37,008 - experiment_chaotic_lorenz_full_chaotic_run_0 - INFO - Train Epoch 88: [0/472 (0.0%)]	Loss: 0.432337
2026-01-10 12:41:45,029 - experiment_chaotic_lorenz_full_chaotic_run_0 - INFO - Epoch 88: Train Loss: 0.4918, Train Acc: 0.9978, Val Loss: 0.2242, Val Acc: 0.9438
2026-01-10 12:41:45,684 - experiment_chaotic_lorenz_full_chaotic_run_0 - INFO - Train Epoch 89: [0/472 (0.0%)]	Loss: 0.504709
2026-01-10 12:41:53,396 - experiment_chaotic_lorenz_full_chaotic_run_0 - INFO - Epoch 89: Train Loss: 0.4593, Train Acc: 0.9933, Val Loss: 0.1525, Val Acc: 0.9663
2026-01-10 12:41:54,188 - experiment_chaotic_lorenz_full_chaotic_run_0 - INFO - Train Epoch 90: [0/472 (0.0%)]	Loss: 0.398443
2026-01-10 12:42:02,180 - experiment_chaotic_lorenz_full_chaotic_run_0 - INFO - Epoch 90: Train Loss: 0.4750, Train Acc: 0.9888, Val Loss: 0.1176, Val Acc: 0.9663
2026-01-10 12:42:03,116 - experiment_chaotic_lorenz_full_chaotic_run_0 - INFO - Train Epoch 91: [0/472 (0.0%)]	Loss: 0.522785
2026-01-10 12:42:12,049 - experiment_chaotic_lorenz_full_chaotic_run_0 - INFO - Epoch 91: Train Loss: 0.4820, Train Acc: 0.9955, Val Loss: 0.1238, Val Acc: 0.9663
2026-01-10 12:42:12,843 - experiment_chaotic_lorenz_full_chaotic_run_0 - INFO - Train Epoch 92: [0/472 (0.0%)]	Loss: 0.578456
2026-01-10 12:42:20,746 - experiment_chaotic_lorenz_full_chaotic_run_0 - INFO - Epoch 92: Train Loss: 0.5655, Train Acc: 0.9933, Val Loss: 0.1460, Val Acc: 0.9663
2026-01-10 12:42:21,510 - experiment_chaotic_lorenz_full_chaotic_run_0 - INFO - Train Epoch 93: [0/472 (0.0%)]	Loss: 0.474845
2026-01-10 12:42:29,476 - experiment_chaotic_lorenz_full_chaotic_run_0 - INFO - Epoch 93: Train Loss: 0.5030, Train Acc: 0.9955, Val Loss: 0.1589, Val Acc: 0.9551
2026-01-10 12:42:30,261 - experiment_chaotic_lorenz_full_chaotic_run_0 - INFO - Train Epoch 94: [0/472 (0.0%)]	Loss: 0.505253
2026-01-10 12:42:38,057 - experiment_chaotic_lorenz_full_chaotic_run_0 - INFO - Epoch 94: Train Loss: 0.4706, Train Acc: 0.9955, Val Loss: 0.1318, Val Acc: 0.9551
2026-01-10 12:42:38,804 - experiment_chaotic_lorenz_full_chaotic_run_0 - INFO - Train Epoch 95: [0/472 (0.0%)]	Loss: 0.429227
2026-01-10 12:42:46,675 - experiment_chaotic_lorenz_full_chaotic_run_0 - INFO - Epoch 95: Train Loss: 0.5064, Train Acc: 0.9933, Val Loss: 0.1384, Val Acc: 0.9663
2026-01-10 12:42:47,413 - experiment_chaotic_lorenz_full_chaotic_run_0 - INFO - Train Epoch 96: [0/472 (0.0%)]	Loss: 0.599877
2026-01-10 12:42:55,228 - experiment_chaotic_lorenz_full_chaotic_run_0 - INFO - Epoch 96: Train Loss: 0.4776, Train Acc: 0.9933, Val Loss: 0.1689, Val Acc: 0.9551
2026-01-10 12:42:55,981 - experiment_chaotic_lorenz_full_chaotic_run_0 - INFO - Train Epoch 97: [0/472 (0.0%)]	Loss: 0.498061
2026-01-10 12:43:03,827 - experiment_chaotic_lorenz_full_chaotic_run_0 - INFO - Epoch 97: Train Loss: 0.4863, Train Acc: 1.0000, Val Loss: 0.1433, Val Acc: 0.9663
2026-01-10 12:43:04,577 - experiment_chaotic_lorenz_full_chaotic_run_0 - INFO - Train Epoch 98: [0/472 (0.0%)]	Loss: 0.473756
2026-01-10 12:43:12,428 - experiment_chaotic_lorenz_full_chaotic_run_0 - INFO - Epoch 98: Train Loss: 0.4836, Train Acc: 0.9933, Val Loss: 0.1312, Val Acc: 0.9551
2026-01-10 12:43:13,168 - experiment_chaotic_lorenz_full_chaotic_run_0 - INFO - Train Epoch 99: [0/472 (0.0%)]	Loss: 0.422290
2026-01-10 12:43:21,217 - experiment_chaotic_lorenz_full_chaotic_run_0 - INFO - Epoch 99: Train Loss: 0.4948, Train Acc: 0.9933, Val Loss: 0.1398, Val Acc: 0.9663
2026-01-10 12:43:21,223 - experiment_chaotic_lorenz_full_chaotic_run_0 - INFO - Running final test evaluation...
2026-01-10 12:43:22,367 - experiment_chaotic_lorenz_full_chaotic_run_0 - INFO - Test Results:
2026-01-10 12:43:22,368 - experiment_chaotic_lorenz_full_chaotic_run_0 - INFO -   loss: 0.2048
2026-01-10 12:43:22,368 - experiment_chaotic_lorenz_full_chaotic_run_0 - INFO -   accuracy: 0.9576
2026-01-10 12:43:22,368 - experiment_chaotic_lorenz_full_chaotic_run_0 - INFO -   avg_confidence: 0.5774
2026-01-10 12:43:22,368 - experiment_chaotic_lorenz_full_chaotic_run_0 - INFO -   embedding_diversity: 0.0617
2026-01-10 12:43:22,368 - experiment_chaotic_lorenz_full_chaotic_run_0 - INFO -   embedding_norm_mean: 1.0000
2026-01-10 12:43:22,368 - experiment_chaotic_lorenz_full_chaotic_run_0 - INFO -   embedding_norm_std: 0.0000
2026-01-10 12:43:22,370 - experiment_chaotic_lorenz_full_chaotic_run_0 - INFO - Training completed
2026-01-10 12:43:23,506 - experiment_chaotic_lorenz_full_chaotic_run_0 - INFO - Running comprehensive chaotic network analysis...
2026-01-10 12:43:23,507 - experiment_chaotic_lorenz_full_chaotic_run_0 - INFO - Analyzing chaotic features and dynamics...
2026-01-10 12:43:24,609 - experiment_chaotic_lorenz_full_chaotic_run_0 - INFO - Chaotic analysis completed
2026-01-10 12:43:24,611 - experiment_chaotic_lorenz_full_chaotic_run_0 - INFO - Creating chaotic dynamics visualizations...
2026-01-10 12:43:26,911 - experiment_chaotic_lorenz_full_chaotic_run_0 - WARNING - Embedding plotting failed: boolean index did not match indexed array along dimension 0; dimension is 8 but corresponding boolean dimension is 32
2026-01-10 12:43:26,918 - experiment_chaotic_lorenz_full_chaotic_run_0 - INFO - Chaotic network analysis completed
