2025-09-20 21:14:12,041 - baseline_trainer - INFO - ============================================================
2025-09-20 21:14:12,043 - baseline_trainer - INFO - BASELINE MODELS TRAINING
2025-09-20 21:14:12,043 - baseline_trainer - INFO - ============================================================
2025-09-20 21:14:12,043 - baseline_trainer - INFO - Output directory: outputs/baselines
2025-09-20 21:14:12,043 - baseline_trainer - INFO - Configuration: {
  "num_speakers": 100,
  "batch_size": 32,
  "num_epochs": 100,
  "learning_rate": 0.001,
  "weight_decay": 0.0001,
  "hidden_dims": [
    256,
    128,
    64
  ],
  "dropout_rate": 0.3,
  "use_batch_norm": true,
  "n_mels": 80,
  "n_mfcc": 13,
  "sample_rate": 16000,
  "max_audio_length": 3.0,
  "data_dir": "./data",
  "device": "auto",
  "seed": 42,
  "optimizer": {
    "type": "adam",
    "params": {}
  },
  "scheduler": {
    "type": "step",
    "params": {
      "step_size": 30,
      "gamma": 0.5
    }
  },
  "early_stopping": {
    "patience": 15
  }
}
2025-09-20 21:14:12,094 - baseline_trainer - INFO - System info: {'platform': 'Linux-4.18.0-553.74.1.el8_10.x86_64-x86_64-with-glibc2.28', 'system': 'Linux', 'node': 'g1102.mahti.csc.fi', 'release': '4.18.0-553.74.1.el8_10.x86_64', 'version': '#1 SMP Sun Sep 7 09:23:35 EDT 2025', 'machine': 'x86_64', 'processor': 'x86_64', 'python_version': '3.12.10 (main, Jun  3 2025, 21:04:06) [GCC 8.5.0 20210514 (Red Hat 8.5.0-26)]', 'python_executable': '/usr/bin/python', 'cpu_count': 256, 'total_memory': 540285198336, 'available_memory': 485761437696, 'gpu_info': {'cuda_available': True, 'cuda_version': '12.6', 'gpu_count': 1, 'gpu_names': ['NVIDIA A100-SXM4-40GB MIG 1g.5gb']}, 'package_versions': {'numpy': '1.26.4', 'scipy': '1.13.1', 'scikit-learn': 'not installed', 'librosa': '0.11.0', 'soundfile': '0.13.1', 'torch': '2.7.1+cu126', 'tensorflow': 'not installed', 'matplotlib': '3.10.3', 'pandas': '2.3.0'}, 'git_info': {'commit_hash': 'unknown', 'branch': 'unknown', 'is_dirty': True}}
2025-09-20 21:14:12,094 - baseline_trainer - INFO - Training 1 methods with 1 runs each...
2025-09-20 21:14:12,094 - baseline_trainer - INFO - Methods: ['mel_mlp']
2025-09-20 21:14:12,094 - baseline_trainer - INFO - 
==================================================
2025-09-20 21:14:12,095 - baseline_trainer - INFO - TRAINING METHOD: MEL_MLP
2025-09-20 21:14:12,095 - baseline_trainer - INFO - ==================================================
2025-09-20 21:14:12,095 - baseline_trainer - INFO - Training mel_mlp (Run 1)...
2025-09-20 21:14:12,101 - baseline_trainer - ERROR - Failed to train mel_mlp (Run 1): MetricsCalculator.__init__() missing 1 required positional argument: 'num_classes'
2025-09-20 21:14:12,101 - baseline_trainer - INFO - Progress: 1/1 (100.0%)
2025-09-20 21:14:12,102 - baseline_trainer - WARNING - No successful runs for mel_mlp
2025-09-20 21:14:12,102 - baseline_trainer - INFO - Analyzing baseline training results...
2025-09-20 21:14:12,102 - baseline_trainer - INFO - Generating baseline training report...
2025-09-20 21:14:12,121 - baseline_trainer - INFO - Reports saved:
2025-09-20 21:14:12,121 - baseline_trainer - INFO -   Text report: outputs/baselines/baseline_training_report.txt
2025-09-20 21:14:12,121 - baseline_trainer - INFO -   JSON report: outputs/baselines/baseline_training_results.json
2025-09-20 21:14:12,121 - baseline_trainer - INFO - Baseline training completed.
2025-09-20 21:14:12,121 - baseline_trainer - INFO - ============================================================
2025-09-21 11:16:40,593 - baseline_trainer - INFO - ============================================================
2025-09-21 11:16:40,610 - baseline_trainer - INFO - BASELINE MODELS TRAINING
2025-09-21 11:16:40,610 - baseline_trainer - INFO - ============================================================
2025-09-21 11:16:40,610 - baseline_trainer - INFO - Output directory: outputs/baselines
2025-09-21 11:16:40,610 - baseline_trainer - INFO - Configuration: {
  "num_speakers": 100,
  "batch_size": 32,
  "num_epochs": 100,
  "learning_rate": 0.001,
  "weight_decay": 0.0001,
  "hidden_dims": [
    256,
    128,
    64
  ],
  "dropout_rate": 0.3,
  "use_batch_norm": true,
  "n_mels": 80,
  "n_mfcc": 13,
  "sample_rate": 16000,
  "max_audio_length": 3.0,
  "data_dir": "./data",
  "device": "auto",
  "seed": 42,
  "optimizer": {
    "type": "adam",
    "params": {}
  },
  "scheduler": {
    "type": "step",
    "params": {
      "step_size": 30,
      "gamma": 0.5
    }
  },
  "early_stopping": {
    "patience": 15
  }
}
2025-09-21 11:16:40,632 - baseline_trainer - INFO - System info: {'platform': 'Linux-4.18.0-553.74.1.el8_10.x86_64-x86_64-with-glibc2.28', 'system': 'Linux', 'node': 'g1102.mahti.csc.fi', 'release': '4.18.0-553.74.1.el8_10.x86_64', 'version': '#1 SMP Sun Sep 7 09:23:35 EDT 2025', 'machine': 'x86_64', 'processor': 'x86_64', 'python_version': '3.12.10 (main, Jun  3 2025, 21:04:06) [GCC 8.5.0 20210514 (Red Hat 8.5.0-26)]', 'python_executable': '/usr/bin/python', 'cpu_count': 256, 'total_memory': 540285198336, 'available_memory': 484008632320, 'gpu_info': {'cuda_available': True, 'cuda_version': '12.6', 'gpu_count': 1, 'gpu_names': ['NVIDIA A100-SXM4-40GB MIG 1g.5gb']}, 'package_versions': {'numpy': '1.26.4', 'scipy': '1.13.1', 'scikit-learn': 'not installed', 'librosa': '0.11.0', 'soundfile': '0.13.1', 'torch': '2.7.1+cu126', 'tensorflow': 'not installed', 'matplotlib': '3.10.3', 'pandas': '2.3.0'}, 'git_info': {'commit_hash': 'unknown', 'branch': 'unknown', 'is_dirty': True}}
2025-09-21 11:16:40,632 - baseline_trainer - INFO - Training 1 methods with 1 runs each...
2025-09-21 11:16:40,632 - baseline_trainer - INFO - Methods: ['mel_mlp']
2025-09-21 11:16:40,632 - baseline_trainer - INFO - 
==================================================
2025-09-21 11:16:40,632 - baseline_trainer - INFO - TRAINING METHOD: MEL_MLP
2025-09-21 11:16:40,633 - baseline_trainer - INFO - ==================================================
2025-09-21 11:16:40,633 - baseline_trainer - INFO - Training mel_mlp (Run 1)...
2025-09-21 11:16:40,638 - baseline_trainer - ERROR - Failed to train mel_mlp (Run 1): MetricsCalculator.__init__() missing 1 required positional argument: 'num_classes'
2025-09-21 11:16:40,638 - baseline_trainer - INFO - Progress: 1/1 (100.0%)
2025-09-21 11:16:40,638 - baseline_trainer - WARNING - No successful runs for mel_mlp
2025-09-21 11:16:40,638 - baseline_trainer - INFO - Analyzing baseline training results...
2025-09-21 11:16:40,638 - baseline_trainer - INFO - Generating baseline training report...
2025-09-21 11:16:40,656 - baseline_trainer - INFO - Reports saved:
2025-09-21 11:16:40,656 - baseline_trainer - INFO -   Text report: outputs/baselines/baseline_training_report.txt
2025-09-21 11:16:40,656 - baseline_trainer - INFO -   JSON report: outputs/baselines/baseline_training_results.json
2025-09-21 11:16:40,656 - baseline_trainer - INFO - Baseline training completed.
2025-09-21 11:16:40,656 - baseline_trainer - INFO - ============================================================
2025-09-21 11:19:21,953 - baseline_trainer - INFO - ============================================================
2025-09-21 11:19:21,953 - baseline_trainer - INFO - BASELINE MODELS TRAINING
2025-09-21 11:19:21,953 - baseline_trainer - INFO - ============================================================
2025-09-21 11:19:21,953 - baseline_trainer - INFO - Output directory: outputs/baselines
2025-09-21 11:19:21,953 - baseline_trainer - INFO - Configuration: {
  "num_speakers": 100,
  "batch_size": 32,
  "num_epochs": 100,
  "learning_rate": 0.001,
  "weight_decay": 0.0001,
  "hidden_dims": [
    256,
    128,
    64
  ],
  "dropout_rate": 0.3,
  "use_batch_norm": true,
  "n_mels": 80,
  "n_mfcc": 13,
  "sample_rate": 16000,
  "max_audio_length": 3.0,
  "data_dir": "./data",
  "device": "auto",
  "seed": 42,
  "optimizer": {
    "type": "adam",
    "params": {}
  },
  "scheduler": {
    "type": "step",
    "params": {
      "step_size": 30,
      "gamma": 0.5
    }
  },
  "early_stopping": {
    "patience": 15
  }
}
2025-09-21 11:19:21,973 - baseline_trainer - INFO - System info: {'platform': 'Linux-4.18.0-553.74.1.el8_10.x86_64-x86_64-with-glibc2.28', 'system': 'Linux', 'node': 'g1102.mahti.csc.fi', 'release': '4.18.0-553.74.1.el8_10.x86_64', 'version': '#1 SMP Sun Sep 7 09:23:35 EDT 2025', 'machine': 'x86_64', 'processor': 'x86_64', 'python_version': '3.12.10 (main, Jun  3 2025, 21:04:06) [GCC 8.5.0 20210514 (Red Hat 8.5.0-26)]', 'python_executable': '/usr/bin/python', 'cpu_count': 256, 'total_memory': 540285198336, 'available_memory': 482419490816, 'gpu_info': {'cuda_available': True, 'cuda_version': '12.6', 'gpu_count': 1, 'gpu_names': ['NVIDIA A100-SXM4-40GB MIG 1g.5gb']}, 'package_versions': {'numpy': '1.26.4', 'scipy': '1.13.1', 'scikit-learn': 'not installed', 'librosa': '0.11.0', 'soundfile': '0.13.1', 'torch': '2.7.1+cu126', 'tensorflow': 'not installed', 'matplotlib': '3.10.3', 'pandas': '2.3.0'}, 'git_info': {'commit_hash': 'unknown', 'branch': 'unknown', 'is_dirty': True}}
2025-09-21 11:19:21,973 - baseline_trainer - INFO - Training 1 methods with 1 runs each...
2025-09-21 11:19:21,973 - baseline_trainer - INFO - Methods: ['mel_mlp']
2025-09-21 11:19:21,973 - baseline_trainer - INFO - 
==================================================
2025-09-21 11:19:21,973 - baseline_trainer - INFO - TRAINING METHOD: MEL_MLP
2025-09-21 11:19:21,973 - baseline_trainer - INFO - ==================================================
2025-09-21 11:19:21,973 - baseline_trainer - INFO - Training mel_mlp (Run 1)...
2025-09-21 11:19:21,979 - baseline_trainer - INFO - Setting up mel_mlp...
2025-09-21 11:19:24,734 - baseline_trainer - INFO - Model parameters: 68,388 (trainable: 68,388)
2025-09-21 11:19:24,734 - baseline_trainer - INFO - Starting training for 100 epochs...
2025-09-21 11:19:24,839 - baseline_trainer - ERROR - Failed to train mel_mlp (Run 1): Expected all tensors to be on the same device, but found at least two devices, cuda:0 and cpu! (when checking argument for argument mat1 in method wrapper_CUDA_addmm)
2025-09-21 11:19:24,839 - baseline_trainer - INFO - Progress: 1/1 (100.0%)
2025-09-21 11:19:24,839 - baseline_trainer - WARNING - No successful runs for mel_mlp
2025-09-21 11:19:24,840 - baseline_trainer - INFO - Analyzing baseline training results...
2025-09-21 11:19:24,840 - baseline_trainer - INFO - Generating baseline training report...
2025-09-21 11:19:24,859 - baseline_trainer - INFO - Reports saved:
2025-09-21 11:19:24,859 - baseline_trainer - INFO -   Text report: outputs/baselines/baseline_training_report.txt
2025-09-21 11:19:24,859 - baseline_trainer - INFO -   JSON report: outputs/baselines/baseline_training_results.json
2025-09-21 11:19:24,859 - baseline_trainer - INFO - Baseline training completed.
2025-09-21 11:19:24,859 - baseline_trainer - INFO - ============================================================
2025-09-21 11:29:51,172 - baseline_trainer - INFO - ============================================================
2025-09-21 11:29:51,172 - baseline_trainer - INFO - BASELINE MODELS TRAINING
2025-09-21 11:29:51,172 - baseline_trainer - INFO - ============================================================
2025-09-21 11:29:51,172 - baseline_trainer - INFO - Output directory: outputs/baselines
2025-09-21 11:29:51,172 - baseline_trainer - INFO - Configuration: {
  "num_speakers": 100,
  "batch_size": 32,
  "num_epochs": 100,
  "learning_rate": 0.001,
  "weight_decay": 0.0001,
  "hidden_dims": [
    256,
    128,
    64
  ],
  "dropout_rate": 0.3,
  "use_batch_norm": true,
  "n_mels": 80,
  "n_mfcc": 13,
  "sample_rate": 16000,
  "max_audio_length": 3.0,
  "data_dir": "./data",
  "device": "auto",
  "seed": 42,
  "optimizer": {
    "type": "adam",
    "params": {}
  },
  "scheduler": {
    "type": "step",
    "params": {
      "step_size": 30,
      "gamma": 0.5
    }
  },
  "early_stopping": {
    "patience": 15
  }
}
2025-09-21 11:29:51,193 - baseline_trainer - INFO - System info: {'platform': 'Linux-4.18.0-553.74.1.el8_10.x86_64-x86_64-with-glibc2.28', 'system': 'Linux', 'node': 'g1102.mahti.csc.fi', 'release': '4.18.0-553.74.1.el8_10.x86_64', 'version': '#1 SMP Sun Sep 7 09:23:35 EDT 2025', 'machine': 'x86_64', 'processor': 'x86_64', 'python_version': '3.12.10 (main, Jun  3 2025, 21:04:06) [GCC 8.5.0 20210514 (Red Hat 8.5.0-26)]', 'python_executable': '/usr/bin/python', 'cpu_count': 256, 'total_memory': 540285198336, 'available_memory': 474865745920, 'gpu_info': {'cuda_available': True, 'cuda_version': '12.6', 'gpu_count': 1, 'gpu_names': ['NVIDIA A100-SXM4-40GB MIG 1g.5gb']}, 'package_versions': {'numpy': '1.26.4', 'scipy': '1.13.1', 'scikit-learn': 'not installed', 'librosa': '0.11.0', 'soundfile': '0.13.1', 'torch': '2.7.1+cu126', 'tensorflow': 'not installed', 'matplotlib': '3.10.3', 'pandas': '2.3.0'}, 'git_info': {'commit_hash': 'unknown', 'branch': 'unknown', 'is_dirty': True}}
2025-09-21 11:29:51,193 - baseline_trainer - INFO - Training 1 methods with 1 runs each...
2025-09-21 11:29:51,193 - baseline_trainer - INFO - Methods: ['mel_mlp']
2025-09-21 11:29:51,193 - baseline_trainer - INFO - 
==================================================
2025-09-21 11:29:51,193 - baseline_trainer - INFO - TRAINING METHOD: MEL_MLP
2025-09-21 11:29:51,193 - baseline_trainer - INFO - ==================================================
2025-09-21 11:29:51,193 - baseline_trainer - INFO - Training mel_mlp (Run 1)...
2025-09-21 11:29:51,199 - baseline_trainer - INFO - Setting up mel_mlp...
2025-09-21 11:29:52,443 - baseline_trainer - INFO - Model parameters: 68,388 (trainable: 68,388)
2025-09-21 11:29:52,443 - baseline_trainer - INFO - Starting training for 100 epochs...
2025-09-21 11:30:01,332 - baseline_trainer - INFO - Evaluating mel_mlp...
2025-09-21 11:30:01,377 - baseline_trainer - INFO - Completed mel_mlp (Run 1): Accuracy: 0.0100, Loss: 4.6053, Time: 10.1s
2025-09-21 11:30:01,411 - baseline_trainer - INFO - Progress: 1/1 (100.0%)
2025-09-21 11:30:01,411 - baseline_trainer - INFO - mel_mlp Summary: 0.0100 ± 0.0000
2025-09-21 11:30:01,411 - baseline_trainer - INFO - Analyzing baseline training results...
2025-09-21 11:30:01,412 - baseline_trainer - INFO - Generating baseline training report...
2025-09-21 11:30:01,432 - baseline_trainer - INFO - Reports saved:
2025-09-21 11:30:01,432 - baseline_trainer - INFO -   Text report: outputs/baselines/baseline_training_report.txt
2025-09-21 11:30:01,432 - baseline_trainer - INFO -   JSON report: outputs/baselines/baseline_training_results.json
2025-09-21 11:30:01,433 - baseline_trainer - INFO - Baseline training completed.
2025-09-21 11:30:01,433 - baseline_trainer - INFO - ============================================================
2025-09-21 12:13:10,270 - baseline_trainer - INFO - ============================================================
2025-09-21 12:13:10,304 - baseline_trainer - INFO - BASELINE MODELS TRAINING
2025-09-21 12:13:10,304 - baseline_trainer - INFO - ============================================================
2025-09-21 12:13:10,304 - baseline_trainer - INFO - Output directory: outputs/baselines
2025-09-21 12:13:10,304 - baseline_trainer - INFO - Configuration: {
  "num_speakers": 100,
  "batch_size": 32,
  "num_epochs": 100,
  "learning_rate": 0.001,
  "weight_decay": 0.0001,
  "hidden_dims": [
    256,
    128,
    64
  ],
  "dropout_rate": 0.3,
  "use_batch_norm": true,
  "n_mels": 80,
  "n_mfcc": 13,
  "sample_rate": 16000,
  "max_audio_length": 3.0,
  "data_dir": "./data",
  "device": "auto",
  "seed": 42,
  "optimizer": {
    "type": "adam",
    "params": {}
  },
  "scheduler": {
    "type": "step",
    "params": {
      "step_size": 30,
      "gamma": 0.5
    }
  },
  "early_stopping": {
    "patience": 15
  }
}
2025-09-21 12:13:10,325 - baseline_trainer - INFO - System info: {'platform': 'Linux-4.18.0-553.74.1.el8_10.x86_64-x86_64-with-glibc2.28', 'system': 'Linux', 'node': 'g1102.mahti.csc.fi', 'release': '4.18.0-553.74.1.el8_10.x86_64', 'version': '#1 SMP Sun Sep 7 09:23:35 EDT 2025', 'machine': 'x86_64', 'processor': 'x86_64', 'python_version': '3.12.10 (main, Jun  3 2025, 21:04:06) [GCC 8.5.0 20210514 (Red Hat 8.5.0-26)]', 'python_executable': '/usr/bin/python', 'cpu_count': 256, 'total_memory': 540285198336, 'available_memory': 464203055104, 'gpu_info': {'cuda_available': True, 'cuda_version': '12.6', 'gpu_count': 1, 'gpu_names': ['NVIDIA A100-SXM4-40GB MIG 1g.5gb']}, 'package_versions': {'numpy': '1.26.4', 'scipy': '1.13.1', 'scikit-learn': 'not installed', 'librosa': '0.11.0', 'soundfile': '0.13.1', 'torch': '2.7.1+cu126', 'tensorflow': 'not installed', 'matplotlib': '3.10.3', 'pandas': '2.3.0'}, 'git_info': {'commit_hash': 'unknown', 'branch': 'unknown', 'is_dirty': True}}
2025-09-21 12:13:10,325 - baseline_trainer - INFO - Training 1 methods with 1 runs each...
2025-09-21 12:13:10,325 - baseline_trainer - INFO - Methods: ['mel_mlp']
2025-09-21 12:13:10,325 - baseline_trainer - INFO - 
==================================================
2025-09-21 12:13:10,325 - baseline_trainer - INFO - TRAINING METHOD: MEL_MLP
2025-09-21 12:13:10,325 - baseline_trainer - INFO - ==================================================
2025-09-21 12:13:10,325 - baseline_trainer - INFO - Training mel_mlp (Run 1)...
2025-09-21 12:13:10,351 - baseline_trainer - INFO - Setting up mel_mlp...
2025-09-21 12:13:11,605 - baseline_trainer - INFO - Model parameters: 68,388 (trainable: 68,388)
2025-09-21 12:13:11,605 - baseline_trainer - INFO - Starting training for 100 epochs...
2025-09-21 12:13:19,452 - baseline_trainer - INFO - Evaluating mel_mlp...
2025-09-21 12:13:19,497 - baseline_trainer - INFO - Completed mel_mlp (Run 1): Accuracy: 0.0100, Loss: 4.6053, Time: 9.1s
2025-09-21 12:13:19,532 - baseline_trainer - INFO - Progress: 1/1 (100.0%)
2025-09-21 12:13:19,532 - baseline_trainer - INFO - mel_mlp Summary: 0.0100 ± 0.0000
2025-09-21 12:13:19,532 - baseline_trainer - INFO - Analyzing baseline training results...
2025-09-21 12:13:19,533 - baseline_trainer - INFO - Generating baseline training report...
2025-09-21 12:13:19,556 - baseline_trainer - INFO - Reports saved:
2025-09-21 12:13:19,556 - baseline_trainer - INFO -   Text report: outputs/baselines/baseline_training_report.txt
2025-09-21 12:13:19,556 - baseline_trainer - INFO -   JSON report: outputs/baselines/baseline_training_results.json
2025-09-21 12:13:19,556 - baseline_trainer - INFO - Baseline training completed.
2025-09-21 12:13:19,556 - baseline_trainer - INFO - ============================================================
2025-09-21 12:17:40,921 - baseline_trainer - INFO - ============================================================
2025-09-21 12:17:40,921 - baseline_trainer - INFO - BASELINE MODELS TRAINING
2025-09-21 12:17:40,921 - baseline_trainer - INFO - ============================================================
2025-09-21 12:17:40,921 - baseline_trainer - INFO - Output directory: outputs/baselines
2025-09-21 12:17:40,921 - baseline_trainer - INFO - Configuration: {
  "num_speakers": 100,
  "batch_size": 32,
  "num_epochs": 100,
  "learning_rate": 0.001,
  "weight_decay": 0.0001,
  "hidden_dims": [
    256,
    128,
    64
  ],
  "dropout_rate": 0.3,
  "use_batch_norm": true,
  "n_mels": 80,
  "n_mfcc": 13,
  "sample_rate": 16000,
  "max_audio_length": 3.0,
  "data_dir": "./data",
  "device": "auto",
  "seed": 42,
  "optimizer": {
    "type": "adam",
    "params": {}
  },
  "scheduler": {
    "type": "step",
    "params": {
      "step_size": 30,
      "gamma": 0.5
    }
  },
  "early_stopping": {
    "patience": 15
  }
}
2025-09-21 12:17:40,942 - baseline_trainer - INFO - System info: {'platform': 'Linux-4.18.0-553.74.1.el8_10.x86_64-x86_64-with-glibc2.28', 'system': 'Linux', 'node': 'g1102.mahti.csc.fi', 'release': '4.18.0-553.74.1.el8_10.x86_64', 'version': '#1 SMP Sun Sep 7 09:23:35 EDT 2025', 'machine': 'x86_64', 'processor': 'x86_64', 'python_version': '3.12.10 (main, Jun  3 2025, 21:04:06) [GCC 8.5.0 20210514 (Red Hat 8.5.0-26)]', 'python_executable': '/usr/bin/python', 'cpu_count': 256, 'total_memory': 540285198336, 'available_memory': 467780182016, 'gpu_info': {'cuda_available': True, 'cuda_version': '12.6', 'gpu_count': 1, 'gpu_names': ['NVIDIA A100-SXM4-40GB MIG 1g.5gb']}, 'package_versions': {'numpy': '1.26.4', 'scipy': '1.13.1', 'scikit-learn': 'not installed', 'librosa': '0.11.0', 'soundfile': '0.13.1', 'torch': '2.7.1+cu126', 'tensorflow': 'not installed', 'matplotlib': '3.10.3', 'pandas': '2.3.0'}, 'git_info': {'commit_hash': 'unknown', 'branch': 'unknown', 'is_dirty': True}}
2025-09-21 12:17:40,942 - baseline_trainer - INFO - Training 1 methods with 1 runs each...
2025-09-21 12:17:40,942 - baseline_trainer - INFO - Methods: ['mel_mlp']
2025-09-21 12:17:40,942 - baseline_trainer - INFO - 
==================================================
2025-09-21 12:17:40,942 - baseline_trainer - INFO - TRAINING METHOD: MEL_MLP
2025-09-21 12:17:40,942 - baseline_trainer - INFO - ==================================================
2025-09-21 12:17:40,942 - baseline_trainer - INFO - Training mel_mlp (Run 1)...
2025-09-21 12:17:40,947 - baseline_trainer - INFO - Setting up mel_mlp...
2025-09-21 12:17:42,198 - baseline_trainer - INFO - Model parameters: 68,388 (trainable: 68,388)
2025-09-21 12:17:42,198 - baseline_trainer - INFO - Starting training for 100 epochs...
2025-09-21 12:17:50,364 - baseline_trainer - INFO - Evaluating mel_mlp...
2025-09-21 12:17:50,409 - baseline_trainer - INFO - Completed mel_mlp (Run 1): Accuracy: 0.0100, Loss: 4.6053, Time: 9.4s
2025-09-21 12:17:50,442 - baseline_trainer - INFO - Progress: 1/1 (100.0%)
2025-09-21 12:17:50,442 - baseline_trainer - INFO - mel_mlp Summary: 0.0100 ± 0.0000
2025-09-21 12:17:50,442 - baseline_trainer - INFO - Analyzing baseline training results...
2025-09-21 12:17:50,443 - baseline_trainer - INFO - Generating baseline training report...
2025-09-21 12:17:50,464 - baseline_trainer - INFO - Reports saved:
2025-09-21 12:17:50,464 - baseline_trainer - INFO -   Text report: outputs/baselines/baseline_training_report.txt
2025-09-21 12:17:50,464 - baseline_trainer - INFO -   JSON report: outputs/baselines/baseline_training_results.json
2025-09-21 12:17:50,464 - baseline_trainer - INFO - Baseline training completed.
2025-09-21 12:17:50,465 - baseline_trainer - INFO - ============================================================
2025-09-21 12:22:12,945 - baseline_trainer - INFO - ============================================================
2025-09-21 12:22:12,945 - baseline_trainer - INFO - BASELINE MODELS TRAINING
2025-09-21 12:22:12,945 - baseline_trainer - INFO - ============================================================
2025-09-21 12:22:12,945 - baseline_trainer - INFO - Output directory: outputs/baselines
2025-09-21 12:22:12,945 - baseline_trainer - INFO - Configuration: {
  "num_speakers": 100,
  "batch_size": 32,
  "num_epochs": 100,
  "learning_rate": 0.001,
  "weight_decay": 0.0001,
  "hidden_dims": [
    256,
    128,
    64
  ],
  "dropout_rate": 0.3,
  "use_batch_norm": true,
  "n_mels": 80,
  "n_mfcc": 13,
  "sample_rate": 16000,
  "max_audio_length": 3.0,
  "data_dir": "../../dataset/train-clean-100/LibriSpeech/train-clean-100/",
  "device": "auto",
  "seed": 42,
  "optimizer": {
    "type": "adam",
    "params": {}
  },
  "scheduler": {
    "type": "step",
    "params": {
      "step_size": 30,
      "gamma": 0.5
    }
  },
  "early_stopping": {
    "patience": 15
  }
}
2025-09-21 12:22:12,964 - baseline_trainer - INFO - System info: {'platform': 'Linux-4.18.0-553.74.1.el8_10.x86_64-x86_64-with-glibc2.28', 'system': 'Linux', 'node': 'g1102.mahti.csc.fi', 'release': '4.18.0-553.74.1.el8_10.x86_64', 'version': '#1 SMP Sun Sep 7 09:23:35 EDT 2025', 'machine': 'x86_64', 'processor': 'x86_64', 'python_version': '3.12.10 (main, Jun  3 2025, 21:04:06) [GCC 8.5.0 20210514 (Red Hat 8.5.0-26)]', 'python_executable': '/usr/bin/python', 'cpu_count': 256, 'total_memory': 540285198336, 'available_memory': 468182630400, 'gpu_info': {'cuda_available': True, 'cuda_version': '12.6', 'gpu_count': 1, 'gpu_names': ['NVIDIA A100-SXM4-40GB MIG 1g.5gb']}, 'package_versions': {'numpy': '1.26.4', 'scipy': '1.13.1', 'scikit-learn': 'not installed', 'librosa': '0.11.0', 'soundfile': '0.13.1', 'torch': '2.7.1+cu126', 'tensorflow': 'not installed', 'matplotlib': '3.10.3', 'pandas': '2.3.0'}, 'git_info': {'commit_hash': 'unknown', 'branch': 'unknown', 'is_dirty': True}}
2025-09-21 12:22:12,964 - baseline_trainer - INFO - Training 1 methods with 1 runs each...
2025-09-21 12:22:12,964 - baseline_trainer - INFO - Methods: ['mel_mlp']
2025-09-21 12:22:12,964 - baseline_trainer - INFO - 
==================================================
2025-09-21 12:22:12,964 - baseline_trainer - INFO - TRAINING METHOD: MEL_MLP
2025-09-21 12:22:12,964 - baseline_trainer - INFO - ==================================================
2025-09-21 12:22:12,964 - baseline_trainer - INFO - Training mel_mlp (Run 1)...
2025-09-21 12:22:12,969 - baseline_trainer - INFO - Setting up mel_mlp...
2025-09-21 12:22:14,214 - baseline_trainer - INFO - Model parameters: 68,388 (trainable: 68,388)
2025-09-21 12:22:14,214 - baseline_trainer - INFO - Starting training for 100 epochs...
2025-09-21 12:22:22,314 - baseline_trainer - INFO - Evaluating mel_mlp...
2025-09-21 12:22:22,358 - baseline_trainer - INFO - Completed mel_mlp (Run 1): Accuracy: 0.0100, Loss: 4.6053, Time: 9.3s
2025-09-21 12:22:22,391 - baseline_trainer - INFO - Progress: 1/1 (100.0%)
2025-09-21 12:22:22,391 - baseline_trainer - INFO - mel_mlp Summary: 0.0100 ± 0.0000
2025-09-21 12:22:22,391 - baseline_trainer - INFO - Analyzing baseline training results...
2025-09-21 12:22:22,392 - baseline_trainer - INFO - Generating baseline training report...
2025-09-21 12:22:22,417 - baseline_trainer - INFO - Reports saved:
2025-09-21 12:22:22,417 - baseline_trainer - INFO -   Text report: outputs/baselines/baseline_training_report.txt
2025-09-21 12:22:22,417 - baseline_trainer - INFO -   JSON report: outputs/baselines/baseline_training_results.json
2025-09-21 12:22:22,417 - baseline_trainer - INFO - Baseline training completed.
2025-09-21 12:22:22,417 - baseline_trainer - INFO - ============================================================
2025-09-21 12:23:49,444 - baseline_trainer - INFO - ============================================================
2025-09-21 12:23:49,444 - baseline_trainer - INFO - BASELINE MODELS TRAINING
2025-09-21 12:23:49,444 - baseline_trainer - INFO - ============================================================
2025-09-21 12:23:49,444 - baseline_trainer - INFO - Output directory: outputs/baselines
2025-09-21 12:23:49,444 - baseline_trainer - INFO - Configuration: {
  "num_speakers": 100,
  "batch_size": 32,
  "num_epochs": 100,
  "learning_rate": 0.001,
  "weight_decay": 0.0001,
  "hidden_dims": [
    256,
    128,
    64
  ],
  "dropout_rate": 0.3,
  "use_batch_norm": true,
  "n_mels": 80,
  "n_mfcc": 13,
  "sample_rate": 16000,
  "max_audio_length": 3.0,
  "data_dir": "../dataset/train-clean-100/LibriSpeech/train-clean-100/",
  "device": "auto",
  "seed": 42,
  "optimizer": {
    "type": "adam",
    "params": {}
  },
  "scheduler": {
    "type": "step",
    "params": {
      "step_size": 30,
      "gamma": 0.5
    }
  },
  "early_stopping": {
    "patience": 15
  }
}
2025-09-21 12:23:49,463 - baseline_trainer - INFO - System info: {'platform': 'Linux-4.18.0-553.74.1.el8_10.x86_64-x86_64-with-glibc2.28', 'system': 'Linux', 'node': 'g1102.mahti.csc.fi', 'release': '4.18.0-553.74.1.el8_10.x86_64', 'version': '#1 SMP Sun Sep 7 09:23:35 EDT 2025', 'machine': 'x86_64', 'processor': 'x86_64', 'python_version': '3.12.10 (main, Jun  3 2025, 21:04:06) [GCC 8.5.0 20210514 (Red Hat 8.5.0-26)]', 'python_executable': '/usr/bin/python', 'cpu_count': 256, 'total_memory': 540285198336, 'available_memory': 463450787840, 'gpu_info': {'cuda_available': True, 'cuda_version': '12.6', 'gpu_count': 1, 'gpu_names': ['NVIDIA A100-SXM4-40GB MIG 1g.5gb']}, 'package_versions': {'numpy': '1.26.4', 'scipy': '1.13.1', 'scikit-learn': 'not installed', 'librosa': '0.11.0', 'soundfile': '0.13.1', 'torch': '2.7.1+cu126', 'tensorflow': 'not installed', 'matplotlib': '3.10.3', 'pandas': '2.3.0'}, 'git_info': {'commit_hash': 'unknown', 'branch': 'unknown', 'is_dirty': True}}
2025-09-21 12:23:49,464 - baseline_trainer - INFO - Training 1 methods with 1 runs each...
2025-09-21 12:23:49,464 - baseline_trainer - INFO - Methods: ['mel_mlp']
2025-09-21 12:23:49,464 - baseline_trainer - INFO - 
==================================================
2025-09-21 12:23:49,464 - baseline_trainer - INFO - TRAINING METHOD: MEL_MLP
2025-09-21 12:23:49,464 - baseline_trainer - INFO - ==================================================
2025-09-21 12:23:49,464 - baseline_trainer - INFO - Training mel_mlp (Run 1)...
2025-09-21 12:23:49,469 - baseline_trainer - INFO - Setting up mel_mlp...
2025-09-21 12:23:50,719 - baseline_trainer - INFO - Model parameters: 68,388 (trainable: 68,388)
2025-09-21 12:23:50,719 - baseline_trainer - INFO - Starting training for 100 epochs...
2025-09-21 12:23:58,716 - baseline_trainer - INFO - Evaluating mel_mlp...
2025-09-21 12:23:58,760 - baseline_trainer - INFO - Completed mel_mlp (Run 1): Accuracy: 0.0100, Loss: 4.6053, Time: 9.2s
2025-09-21 12:23:58,793 - baseline_trainer - INFO - Progress: 1/1 (100.0%)
2025-09-21 12:23:58,793 - baseline_trainer - INFO - mel_mlp Summary: 0.0100 ± 0.0000
2025-09-21 12:23:58,793 - baseline_trainer - INFO - Analyzing baseline training results...
2025-09-21 12:23:58,794 - baseline_trainer - INFO - Generating baseline training report...
2025-09-21 12:23:58,816 - baseline_trainer - INFO - Reports saved:
2025-09-21 12:23:58,816 - baseline_trainer - INFO -   Text report: outputs/baselines/baseline_training_report.txt
2025-09-21 12:23:58,816 - baseline_trainer - INFO -   JSON report: outputs/baselines/baseline_training_results.json
2025-09-21 12:23:58,816 - baseline_trainer - INFO - Baseline training completed.
2025-09-21 12:23:58,816 - baseline_trainer - INFO - ============================================================
2025-09-21 12:24:15,935 - baseline_trainer - INFO - ============================================================
2025-09-21 12:24:15,935 - baseline_trainer - INFO - BASELINE MODELS TRAINING
2025-09-21 12:24:15,935 - baseline_trainer - INFO - ============================================================
2025-09-21 12:24:15,935 - baseline_trainer - INFO - Output directory: outputs/baselines
2025-09-21 12:24:15,935 - baseline_trainer - INFO - Configuration: {
  "num_speakers": 100,
  "batch_size": 32,
  "num_epochs": 100,
  "learning_rate": 0.001,
  "weight_decay": 0.0001,
  "hidden_dims": [
    256,
    128,
    64
  ],
  "dropout_rate": 0.3,
  "use_batch_norm": true,
  "n_mels": 80,
  "n_mfcc": 13,
  "sample_rate": 16000,
  "max_audio_length": 3.0,
  "data_dir": "./dataset/train-clean-100/LibriSpeech/train-clean-100/",
  "device": "auto",
  "seed": 42,
  "optimizer": {
    "type": "adam",
    "params": {}
  },
  "scheduler": {
    "type": "step",
    "params": {
      "step_size": 30,
      "gamma": 0.5
    }
  },
  "early_stopping": {
    "patience": 15
  }
}
2025-09-21 12:24:15,954 - baseline_trainer - INFO - System info: {'platform': 'Linux-4.18.0-553.74.1.el8_10.x86_64-x86_64-with-glibc2.28', 'system': 'Linux', 'node': 'g1102.mahti.csc.fi', 'release': '4.18.0-553.74.1.el8_10.x86_64', 'version': '#1 SMP Sun Sep 7 09:23:35 EDT 2025', 'machine': 'x86_64', 'processor': 'x86_64', 'python_version': '3.12.10 (main, Jun  3 2025, 21:04:06) [GCC 8.5.0 20210514 (Red Hat 8.5.0-26)]', 'python_executable': '/usr/bin/python', 'cpu_count': 256, 'total_memory': 540285198336, 'available_memory': 467500154880, 'gpu_info': {'cuda_available': True, 'cuda_version': '12.6', 'gpu_count': 1, 'gpu_names': ['NVIDIA A100-SXM4-40GB MIG 1g.5gb']}, 'package_versions': {'numpy': '1.26.4', 'scipy': '1.13.1', 'scikit-learn': 'not installed', 'librosa': '0.11.0', 'soundfile': '0.13.1', 'torch': '2.7.1+cu126', 'tensorflow': 'not installed', 'matplotlib': '3.10.3', 'pandas': '2.3.0'}, 'git_info': {'commit_hash': 'unknown', 'branch': 'unknown', 'is_dirty': True}}
2025-09-21 12:24:15,954 - baseline_trainer - INFO - Training 1 methods with 1 runs each...
2025-09-21 12:24:15,954 - baseline_trainer - INFO - Methods: ['mel_mlp']
2025-09-21 12:24:15,955 - baseline_trainer - INFO - 
==================================================
2025-09-21 12:24:15,955 - baseline_trainer - INFO - TRAINING METHOD: MEL_MLP
2025-09-21 12:24:15,955 - baseline_trainer - INFO - ==================================================
2025-09-21 12:24:15,955 - baseline_trainer - INFO - Training mel_mlp (Run 1)...
2025-09-21 12:24:15,960 - baseline_trainer - INFO - Setting up mel_mlp...
2025-09-21 12:24:17,205 - baseline_trainer - INFO - Model parameters: 68,388 (trainable: 68,388)
2025-09-21 12:24:17,205 - baseline_trainer - INFO - Starting training for 100 epochs...
2025-09-21 12:24:25,254 - baseline_trainer - INFO - Evaluating mel_mlp...
2025-09-21 12:24:25,299 - baseline_trainer - INFO - Completed mel_mlp (Run 1): Accuracy: 0.0100, Loss: 4.6053, Time: 9.3s
2025-09-21 12:24:25,332 - baseline_trainer - INFO - Progress: 1/1 (100.0%)
2025-09-21 12:24:25,332 - baseline_trainer - INFO - mel_mlp Summary: 0.0100 ± 0.0000
2025-09-21 12:24:25,332 - baseline_trainer - INFO - Analyzing baseline training results...
2025-09-21 12:24:25,333 - baseline_trainer - INFO - Generating baseline training report...
2025-09-21 12:24:25,356 - baseline_trainer - INFO - Reports saved:
2025-09-21 12:24:25,356 - baseline_trainer - INFO -   Text report: outputs/baselines/baseline_training_report.txt
2025-09-21 12:24:25,356 - baseline_trainer - INFO -   JSON report: outputs/baselines/baseline_training_results.json
2025-09-21 12:24:25,356 - baseline_trainer - INFO - Baseline training completed.
2025-09-21 12:24:25,356 - baseline_trainer - INFO - ============================================================
2025-09-21 12:28:50,266 - baseline_trainer - INFO - ============================================================
2025-09-21 12:28:50,266 - baseline_trainer - INFO - BASELINE MODELS TRAINING
2025-09-21 12:28:50,266 - baseline_trainer - INFO - ============================================================
2025-09-21 12:28:50,266 - baseline_trainer - INFO - Output directory: outputs/baselines
2025-09-21 12:28:50,266 - baseline_trainer - INFO - Configuration: {
  "num_speakers": 100,
  "batch_size": 32,
  "num_epochs": 100,
  "learning_rate": 0.001,
  "weight_decay": 0.0001,
  "hidden_dims": [
    256,
    128,
    64
  ],
  "dropout_rate": 0.3,
  "use_batch_norm": true,
  "n_mels": 80,
  "n_mfcc": 13,
  "sample_rate": 16000,
  "max_audio_length": 3.0,
  "data_dir": "./dataset/train-clean-100/LibriSpeech/train-clean-100/",
  "device": "auto",
  "seed": 42,
  "optimizer": {
    "type": "adam",
    "params": {}
  },
  "scheduler": {
    "type": "step",
    "params": {
      "step_size": 30,
      "gamma": 0.5
    }
  },
  "early_stopping": {
    "patience": 15
  }
}
2025-09-21 12:28:50,286 - baseline_trainer - INFO - System info: {'platform': 'Linux-4.18.0-553.74.1.el8_10.x86_64-x86_64-with-glibc2.28', 'system': 'Linux', 'node': 'g1102.mahti.csc.fi', 'release': '4.18.0-553.74.1.el8_10.x86_64', 'version': '#1 SMP Sun Sep 7 09:23:35 EDT 2025', 'machine': 'x86_64', 'processor': 'x86_64', 'python_version': '3.12.10 (main, Jun  3 2025, 21:04:06) [GCC 8.5.0 20210514 (Red Hat 8.5.0-26)]', 'python_executable': '/usr/bin/python', 'cpu_count': 256, 'total_memory': 540285198336, 'available_memory': 467657854976, 'gpu_info': {'cuda_available': True, 'cuda_version': '12.6', 'gpu_count': 1, 'gpu_names': ['NVIDIA A100-SXM4-40GB MIG 1g.5gb']}, 'package_versions': {'numpy': '1.26.4', 'scipy': '1.13.1', 'scikit-learn': 'not installed', 'librosa': '0.11.0', 'soundfile': '0.13.1', 'torch': '2.7.1+cu126', 'tensorflow': 'not installed', 'matplotlib': '3.10.3', 'pandas': '2.3.0'}, 'git_info': {'commit_hash': 'unknown', 'branch': 'unknown', 'is_dirty': True}}
2025-09-21 12:28:50,286 - baseline_trainer - INFO - Training 1 methods with 1 runs each...
2025-09-21 12:28:50,286 - baseline_trainer - INFO - Methods: ['mel_mlp']
2025-09-21 12:28:50,287 - baseline_trainer - INFO - 
==================================================
2025-09-21 12:28:50,287 - baseline_trainer - INFO - TRAINING METHOD: MEL_MLP
2025-09-21 12:28:50,287 - baseline_trainer - INFO - ==================================================
2025-09-21 12:28:50,287 - baseline_trainer - INFO - Training mel_mlp (Run 1)...
2025-09-21 12:28:50,292 - baseline_trainer - INFO - Setting up mel_mlp...
2025-09-21 12:28:51,537 - baseline_trainer - INFO - Model parameters: 68,388 (trainable: 68,388)
2025-09-21 12:28:51,537 - baseline_trainer - INFO - Starting training for 100 epochs...
2025-09-21 12:28:59,379 - baseline_trainer - INFO - Evaluating mel_mlp...
2025-09-21 12:28:59,424 - baseline_trainer - INFO - Completed mel_mlp (Run 1): Accuracy: 0.0100, Loss: 4.6053, Time: 9.1s
2025-09-21 12:28:59,456 - baseline_trainer - INFO - Progress: 1/1 (100.0%)
2025-09-21 12:28:59,456 - baseline_trainer - INFO - mel_mlp Summary: 0.0100 ± 0.0000
2025-09-21 12:28:59,456 - baseline_trainer - INFO - Analyzing baseline training results...
2025-09-21 12:28:59,457 - baseline_trainer - INFO - Generating baseline training report...
2025-09-21 12:28:59,480 - baseline_trainer - INFO - Reports saved:
2025-09-21 12:28:59,480 - baseline_trainer - INFO -   Text report: outputs/baselines/baseline_training_report.txt
2025-09-21 12:28:59,480 - baseline_trainer - INFO -   JSON report: outputs/baselines/baseline_training_results.json
2025-09-21 12:28:59,480 - baseline_trainer - INFO - Baseline training completed.
2025-09-21 12:28:59,480 - baseline_trainer - INFO - ============================================================
2025-09-21 12:38:16,784 - baseline_trainer - INFO - ============================================================
2025-09-21 12:38:16,784 - baseline_trainer - INFO - BASELINE MODELS TRAINING
2025-09-21 12:38:16,784 - baseline_trainer - INFO - ============================================================
2025-09-21 12:38:16,784 - baseline_trainer - INFO - Output directory: outputs/baselines
2025-09-21 12:38:16,784 - baseline_trainer - INFO - Configuration: {
  "num_speakers": 100,
  "batch_size": 32,
  "num_epochs": 100,
  "learning_rate": 0.001,
  "weight_decay": 0.0001,
  "hidden_dims": [
    256,
    128,
    64
  ],
  "dropout_rate": 0.3,
  "use_batch_norm": true,
  "n_mels": 80,
  "n_mfcc": 13,
  "sample_rate": 16000,
  "max_audio_length": 3.0,
  "data_dir": "./dataset/train-clean-100/LibriSpeech/train-clean-100/",
  "device": "auto",
  "seed": 42,
  "optimizer": {
    "type": "adam",
    "params": {}
  },
  "scheduler": {
    "type": "step",
    "params": {
      "step_size": 30,
      "gamma": 0.5
    }
  },
  "early_stopping": {
    "patience": 15
  }
}
2025-09-21 12:38:16,802 - baseline_trainer - INFO - System info: {'platform': 'Linux-4.18.0-553.74.1.el8_10.x86_64-x86_64-with-glibc2.28', 'system': 'Linux', 'node': 'g1102.mahti.csc.fi', 'release': '4.18.0-553.74.1.el8_10.x86_64', 'version': '#1 SMP Sun Sep 7 09:23:35 EDT 2025', 'machine': 'x86_64', 'processor': 'x86_64', 'python_version': '3.12.10 (main, Jun  3 2025, 21:04:06) [GCC 8.5.0 20210514 (Red Hat 8.5.0-26)]', 'python_executable': '/usr/bin/python', 'cpu_count': 256, 'total_memory': 540285198336, 'available_memory': 466305609728, 'gpu_info': {'cuda_available': True, 'cuda_version': '12.6', 'gpu_count': 1, 'gpu_names': ['NVIDIA A100-SXM4-40GB MIG 1g.5gb']}, 'package_versions': {'numpy': '1.26.4', 'scipy': '1.13.1', 'scikit-learn': 'not installed', 'librosa': '0.11.0', 'soundfile': '0.13.1', 'torch': '2.7.1+cu126', 'tensorflow': 'not installed', 'matplotlib': '3.10.3', 'pandas': '2.3.0'}, 'git_info': {'commit_hash': 'unknown', 'branch': 'unknown', 'is_dirty': True}}
2025-09-21 12:38:16,802 - baseline_trainer - INFO - Training 1 methods with 1 runs each...
2025-09-21 12:38:16,802 - baseline_trainer - INFO - Methods: ['mel_mlp']
2025-09-21 12:38:16,802 - baseline_trainer - INFO - 
==================================================
2025-09-21 12:38:16,802 - baseline_trainer - INFO - TRAINING METHOD: MEL_MLP
2025-09-21 12:38:16,803 - baseline_trainer - INFO - ==================================================
2025-09-21 12:38:16,803 - baseline_trainer - INFO - Training mel_mlp (Run 1)...
2025-09-21 12:38:16,807 - baseline_trainer - INFO - Setting up mel_mlp...
2025-09-21 12:38:16,808 - baseline_trainer - ERROR - Failed to train mel_mlp (Run 1): 未找到LibriSpeech数据集，检查过的路径: [PosixPath('dataset/train-clean-100/LibriSpeech/train-clean-100'), PosixPath('dataset/train-clean-100/dataset/train-clean-100/LibriSpeech/train-clean-100'), PosixPath('/dataset/train-clean-100/LibriSpeech/train-clean-100')]
2025-09-21 12:38:16,808 - baseline_trainer - INFO - Progress: 1/1 (100.0%)
2025-09-21 12:38:16,808 - baseline_trainer - WARNING - No successful runs for mel_mlp
2025-09-21 12:38:16,808 - baseline_trainer - INFO - Analyzing baseline training results...
2025-09-21 12:38:16,808 - baseline_trainer - INFO - Generating baseline training report...
2025-09-21 12:38:16,827 - baseline_trainer - INFO - Reports saved:
2025-09-21 12:38:16,828 - baseline_trainer - INFO -   Text report: outputs/baselines/baseline_training_report.txt
2025-09-21 12:38:16,828 - baseline_trainer - INFO -   JSON report: outputs/baselines/baseline_training_results.json
2025-09-21 12:38:16,828 - baseline_trainer - INFO - Baseline training completed.
2025-09-21 12:38:16,828 - baseline_trainer - INFO - ============================================================
2025-09-21 12:40:09,133 - baseline_trainer - INFO - ============================================================
2025-09-21 12:40:09,133 - baseline_trainer - INFO - BASELINE MODELS TRAINING
2025-09-21 12:40:09,133 - baseline_trainer - INFO - ============================================================
2025-09-21 12:40:09,133 - baseline_trainer - INFO - Output directory: outputs/baselines
2025-09-21 12:40:09,133 - baseline_trainer - INFO - Configuration: {
  "num_speakers": 100,
  "batch_size": 32,
  "num_epochs": 100,
  "learning_rate": 0.001,
  "weight_decay": 0.0001,
  "hidden_dims": [
    256,
    128,
    64
  ],
  "dropout_rate": 0.3,
  "use_batch_norm": true,
  "n_mels": 80,
  "n_mfcc": 13,
  "sample_rate": 16000,
  "max_audio_length": 3.0,
  "data_dir": "/scratch/project_2003370/yueyao/Model/dataset/train-clean-100/LibriSpeech/train-clean-100",
  "device": "auto",
  "seed": 42,
  "optimizer": {
    "type": "adam",
    "params": {}
  },
  "scheduler": {
    "type": "step",
    "params": {
      "step_size": 30,
      "gamma": 0.5
    }
  },
  "early_stopping": {
    "patience": 15
  }
}
2025-09-21 12:40:09,154 - baseline_trainer - INFO - System info: {'platform': 'Linux-4.18.0-553.74.1.el8_10.x86_64-x86_64-with-glibc2.28', 'system': 'Linux', 'node': 'g1102.mahti.csc.fi', 'release': '4.18.0-553.74.1.el8_10.x86_64', 'version': '#1 SMP Sun Sep 7 09:23:35 EDT 2025', 'machine': 'x86_64', 'processor': 'x86_64', 'python_version': '3.12.10 (main, Jun  3 2025, 21:04:06) [GCC 8.5.0 20210514 (Red Hat 8.5.0-26)]', 'python_executable': '/usr/bin/python', 'cpu_count': 256, 'total_memory': 540285198336, 'available_memory': 466363596800, 'gpu_info': {'cuda_available': True, 'cuda_version': '12.6', 'gpu_count': 1, 'gpu_names': ['NVIDIA A100-SXM4-40GB MIG 1g.5gb']}, 'package_versions': {'numpy': '1.26.4', 'scipy': '1.13.1', 'scikit-learn': 'not installed', 'librosa': '0.11.0', 'soundfile': '0.13.1', 'torch': '2.7.1+cu126', 'tensorflow': 'not installed', 'matplotlib': '3.10.3', 'pandas': '2.3.0'}, 'git_info': {'commit_hash': 'unknown', 'branch': 'unknown', 'is_dirty': True}}
2025-09-21 12:40:09,154 - baseline_trainer - INFO - Training 1 methods with 1 runs each...
2025-09-21 12:40:09,154 - baseline_trainer - INFO - Methods: ['mel_mlp']
2025-09-21 12:40:09,154 - baseline_trainer - INFO - 
==================================================
2025-09-21 12:40:09,154 - baseline_trainer - INFO - TRAINING METHOD: MEL_MLP
2025-09-21 12:40:09,154 - baseline_trainer - INFO - ==================================================
2025-09-21 12:40:09,154 - baseline_trainer - INFO - Training mel_mlp (Run 1)...
2025-09-21 12:40:09,159 - baseline_trainer - INFO - Setting up mel_mlp...
2025-09-21 12:40:09,159 - baseline_trainer - ERROR - Failed to train mel_mlp (Run 1): 未找到LibriSpeech数据集，检查过的路径: [PosixPath('/scratch/project_2003370/yueyao/Model/dataset/train-clean-100/LibriSpeech/train-clean-100'), PosixPath('/scratch/project_2003370/yueyao/Model/dataset/train-clean-100/dataset/train-clean-100/LibriSpeech/train-clean-100'), PosixPath('/dataset/train-clean-100/LibriSpeech/train-clean-100')]
2025-09-21 12:40:09,159 - baseline_trainer - INFO - Progress: 1/1 (100.0%)
2025-09-21 12:40:09,160 - baseline_trainer - WARNING - No successful runs for mel_mlp
2025-09-21 12:40:09,160 - baseline_trainer - INFO - Analyzing baseline training results...
2025-09-21 12:40:09,160 - baseline_trainer - INFO - Generating baseline training report...
2025-09-21 12:40:09,181 - baseline_trainer - INFO - Reports saved:
2025-09-21 12:40:09,181 - baseline_trainer - INFO -   Text report: outputs/baselines/baseline_training_report.txt
2025-09-21 12:40:09,181 - baseline_trainer - INFO -   JSON report: outputs/baselines/baseline_training_results.json
2025-09-21 12:40:09,181 - baseline_trainer - INFO - Baseline training completed.
2025-09-21 12:40:09,181 - baseline_trainer - INFO - ============================================================
2025-09-21 12:49:19,959 - baseline_trainer - INFO - ============================================================
2025-09-21 12:49:19,959 - baseline_trainer - INFO - BASELINE MODELS TRAINING
2025-09-21 12:49:19,959 - baseline_trainer - INFO - ============================================================
2025-09-21 12:49:19,959 - baseline_trainer - INFO - Output directory: outputs/baselines
2025-09-21 12:49:19,959 - baseline_trainer - INFO - Configuration: {
  "num_speakers": 100,
  "batch_size": 32,
  "num_epochs": 100,
  "learning_rate": 0.001,
  "weight_decay": 0.0001,
  "hidden_dims": [
    256,
    128,
    64
  ],
  "dropout_rate": 0.3,
  "use_batch_norm": true,
  "n_mels": 80,
  "n_mfcc": 13,
  "sample_rate": 16000,
  "max_audio_length": 3.0,
  "data_dir": "/scratch/project_2003370/yueyao/dataset/train-clean-100/LibriSpeech/train-clean-100",
  "device": "auto",
  "seed": 42,
  "optimizer": {
    "type": "adam",
    "params": {}
  },
  "scheduler": {
    "type": "step",
    "params": {
      "step_size": 30,
      "gamma": 0.5
    }
  },
  "early_stopping": {
    "patience": 15
  }
}
2025-09-21 12:49:19,981 - baseline_trainer - INFO - System info: {'platform': 'Linux-4.18.0-553.74.1.el8_10.x86_64-x86_64-with-glibc2.28', 'system': 'Linux', 'node': 'g1102.mahti.csc.fi', 'release': '4.18.0-553.74.1.el8_10.x86_64', 'version': '#1 SMP Sun Sep 7 09:23:35 EDT 2025', 'machine': 'x86_64', 'processor': 'x86_64', 'python_version': '3.12.10 (main, Jun  3 2025, 21:04:06) [GCC 8.5.0 20210514 (Red Hat 8.5.0-26)]', 'python_executable': '/usr/bin/python', 'cpu_count': 256, 'total_memory': 540285198336, 'available_memory': 466029518848, 'gpu_info': {'cuda_available': True, 'cuda_version': '12.6', 'gpu_count': 1, 'gpu_names': ['NVIDIA A100-SXM4-40GB MIG 1g.5gb']}, 'package_versions': {'numpy': '1.26.4', 'scipy': '1.13.1', 'scikit-learn': 'not installed', 'librosa': '0.11.0', 'soundfile': '0.13.1', 'torch': '2.7.1+cu126', 'tensorflow': 'not installed', 'matplotlib': '3.10.3', 'pandas': '2.3.0'}, 'git_info': {'commit_hash': 'unknown', 'branch': 'unknown', 'is_dirty': True}}
2025-09-21 12:49:19,981 - baseline_trainer - INFO - Training 1 methods with 1 runs each...
2025-09-21 12:49:19,981 - baseline_trainer - INFO - Methods: ['mel_mlp']
2025-09-21 12:49:19,981 - baseline_trainer - INFO - 
==================================================
2025-09-21 12:49:19,981 - baseline_trainer - INFO - TRAINING METHOD: MEL_MLP
2025-09-21 12:49:19,981 - baseline_trainer - INFO - ==================================================
2025-09-21 12:49:19,981 - baseline_trainer - INFO - Training mel_mlp (Run 1)...
2025-09-21 12:49:19,986 - baseline_trainer - INFO - Setting up mel_mlp...
2025-09-21 12:49:21,821 - baseline_trainer - INFO - Model parameters: 68,388 (trainable: 68,388)
2025-09-21 12:49:21,821 - baseline_trainer - INFO - Starting training for 100 epochs...
2025-09-21 12:49:29,669 - baseline_trainer - INFO - Evaluating mel_mlp...
2025-09-21 12:49:29,714 - baseline_trainer - INFO - Completed mel_mlp (Run 1): Accuracy: 0.0100, Loss: 4.6053, Time: 9.7s
2025-09-21 12:49:29,747 - baseline_trainer - INFO - Progress: 1/1 (100.0%)
2025-09-21 12:49:29,747 - baseline_trainer - INFO - mel_mlp Summary: 0.0100 ± 0.0000
2025-09-21 12:49:29,747 - baseline_trainer - INFO - Analyzing baseline training results...
2025-09-21 12:49:29,748 - baseline_trainer - INFO - Generating baseline training report...
2025-09-21 12:49:29,771 - baseline_trainer - INFO - Reports saved:
2025-09-21 12:49:29,771 - baseline_trainer - INFO -   Text report: outputs/baselines/baseline_training_report.txt
2025-09-21 12:49:29,771 - baseline_trainer - INFO -   JSON report: outputs/baselines/baseline_training_results.json
2025-09-21 12:49:29,771 - baseline_trainer - INFO - Baseline training completed.
2025-09-21 12:49:29,771 - baseline_trainer - INFO - ============================================================
2025-09-21 12:54:39,592 - baseline_trainer - INFO - ============================================================
2025-09-21 12:54:39,592 - baseline_trainer - INFO - BASELINE MODELS TRAINING
2025-09-21 12:54:39,592 - baseline_trainer - INFO - ============================================================
2025-09-21 12:54:39,592 - baseline_trainer - INFO - Output directory: outputs/baselines
2025-09-21 12:54:39,592 - baseline_trainer - INFO - Configuration: {
  "num_speakers": 100,
  "batch_size": 32,
  "num_epochs": 100,
  "learning_rate": 0.001,
  "weight_decay": 0.0001,
  "hidden_dims": [
    256,
    128,
    64
  ],
  "dropout_rate": 0.3,
  "use_batch_norm": true,
  "n_mels": 80,
  "n_mfcc": 13,
  "sample_rate": 16000,
  "max_audio_length": 3.0,
  "data_dir": "/scratch/project_2003370/yueyao/dataset/train-clean-100/LibriSpeech/train-clean-100",
  "device": "auto",
  "seed": 42,
  "optimizer": {
    "type": "adam",
    "params": {}
  },
  "scheduler": {
    "type": "step",
    "params": {
      "step_size": 30,
      "gamma": 0.5
    }
  },
  "early_stopping": {
    "patience": 15
  }
}
2025-09-21 12:54:39,612 - baseline_trainer - INFO - System info: {'platform': 'Linux-4.18.0-553.74.1.el8_10.x86_64-x86_64-with-glibc2.28', 'system': 'Linux', 'node': 'g1102.mahti.csc.fi', 'release': '4.18.0-553.74.1.el8_10.x86_64', 'version': '#1 SMP Sun Sep 7 09:23:35 EDT 2025', 'machine': 'x86_64', 'processor': 'x86_64', 'python_version': '3.12.10 (main, Jun  3 2025, 21:04:06) [GCC 8.5.0 20210514 (Red Hat 8.5.0-26)]', 'python_executable': '/usr/bin/python', 'cpu_count': 256, 'total_memory': 540285198336, 'available_memory': 465743060992, 'gpu_info': {'cuda_available': True, 'cuda_version': '12.6', 'gpu_count': 1, 'gpu_names': ['NVIDIA A100-SXM4-40GB MIG 1g.5gb']}, 'package_versions': {'numpy': '1.26.4', 'scipy': '1.13.1', 'scikit-learn': 'not installed', 'librosa': '0.11.0', 'soundfile': '0.13.1', 'torch': '2.7.1+cu126', 'tensorflow': 'not installed', 'matplotlib': '3.10.3', 'pandas': '2.3.0'}, 'git_info': {'commit_hash': 'unknown', 'branch': 'unknown', 'is_dirty': True}}
2025-09-21 12:54:39,612 - baseline_trainer - INFO - Training 1 methods with 1 runs each...
2025-09-21 12:54:39,612 - baseline_trainer - INFO - Methods: ['mel_mlp']
2025-09-21 12:54:39,612 - baseline_trainer - INFO - 
==================================================
2025-09-21 12:54:39,612 - baseline_trainer - INFO - TRAINING METHOD: MEL_MLP
2025-09-21 12:54:39,612 - baseline_trainer - INFO - ==================================================
2025-09-21 12:54:39,613 - baseline_trainer - INFO - Training mel_mlp (Run 1)...
2025-09-21 12:54:39,618 - baseline_trainer - INFO - Setting up mel_mlp...
2025-09-21 12:54:41,440 - baseline_trainer - INFO - Model parameters: 68,388 (trainable: 68,388)
2025-09-21 12:54:41,440 - baseline_trainer - INFO - Starting training for 100 epochs...
2025-09-21 12:54:49,491 - baseline_trainer - INFO - Evaluating mel_mlp...
2025-09-21 12:54:49,535 - baseline_trainer - INFO - Completed mel_mlp (Run 1): Accuracy: 0.0100, Loss: 4.6053, Time: 9.9s
2025-09-21 12:54:49,568 - baseline_trainer - INFO - Progress: 1/1 (100.0%)
2025-09-21 12:54:49,568 - baseline_trainer - INFO - mel_mlp Summary: 0.0100 ± 0.0000
2025-09-21 12:54:49,568 - baseline_trainer - INFO - Analyzing baseline training results...
2025-09-21 12:54:49,569 - baseline_trainer - INFO - Generating baseline training report...
2025-09-21 12:54:49,591 - baseline_trainer - INFO - Reports saved:
2025-09-21 12:54:49,591 - baseline_trainer - INFO -   Text report: outputs/baselines/baseline_training_report.txt
2025-09-21 12:54:49,591 - baseline_trainer - INFO -   JSON report: outputs/baselines/baseline_training_results.json
2025-09-21 12:54:49,591 - baseline_trainer - INFO - Baseline training completed.
2025-09-21 12:54:49,591 - baseline_trainer - INFO - ============================================================
2025-09-21 12:59:17,099 - baseline_trainer - INFO - ============================================================
2025-09-21 12:59:17,099 - baseline_trainer - INFO - BASELINE MODELS TRAINING
2025-09-21 12:59:17,099 - baseline_trainer - INFO - ============================================================
2025-09-21 12:59:17,099 - baseline_trainer - INFO - Output directory: outputs/baselines
2025-09-21 12:59:17,099 - baseline_trainer - INFO - Configuration: {
  "num_speakers": 100,
  "batch_size": 32,
  "num_epochs": 100,
  "learning_rate": 0.001,
  "weight_decay": 0.0001,
  "hidden_dims": [
    256,
    128,
    64
  ],
  "dropout_rate": 0.3,
  "use_batch_norm": true,
  "n_mels": 80,
  "n_mfcc": 13,
  "sample_rate": 16000,
  "max_audio_length": 3.0,
  "data_dir": "/scratch/project_2003370/yueyao/dataset/train-clean-100/LibriSpeech/train-clean-100",
  "device": "auto",
  "seed": 42,
  "optimizer": {
    "type": "adam",
    "params": {}
  },
  "scheduler": {
    "type": "step",
    "params": {
      "step_size": 30,
      "gamma": 0.5
    }
  },
  "early_stopping": {
    "patience": 15
  }
}
2025-09-21 12:59:17,118 - baseline_trainer - INFO - System info: {'platform': 'Linux-4.18.0-553.74.1.el8_10.x86_64-x86_64-with-glibc2.28', 'system': 'Linux', 'node': 'g1102.mahti.csc.fi', 'release': '4.18.0-553.74.1.el8_10.x86_64', 'version': '#1 SMP Sun Sep 7 09:23:35 EDT 2025', 'machine': 'x86_64', 'processor': 'x86_64', 'python_version': '3.12.10 (main, Jun  3 2025, 21:04:06) [GCC 8.5.0 20210514 (Red Hat 8.5.0-26)]', 'python_executable': '/usr/bin/python', 'cpu_count': 256, 'total_memory': 540285198336, 'available_memory': 465249222656, 'gpu_info': {'cuda_available': True, 'cuda_version': '12.6', 'gpu_count': 1, 'gpu_names': ['NVIDIA A100-SXM4-40GB MIG 1g.5gb']}, 'package_versions': {'numpy': '1.26.4', 'scipy': '1.13.1', 'scikit-learn': 'not installed', 'librosa': '0.11.0', 'soundfile': '0.13.1', 'torch': '2.7.1+cu126', 'tensorflow': 'not installed', 'matplotlib': '3.10.3', 'pandas': '2.3.0'}, 'git_info': {'commit_hash': 'unknown', 'branch': 'unknown', 'is_dirty': True}}
2025-09-21 12:59:17,118 - baseline_trainer - INFO - Training 1 methods with 1 runs each...
2025-09-21 12:59:17,118 - baseline_trainer - INFO - Methods: ['mel_mlp']
2025-09-21 12:59:17,118 - baseline_trainer - INFO - 
==================================================
2025-09-21 12:59:17,118 - baseline_trainer - INFO - TRAINING METHOD: MEL_MLP
2025-09-21 12:59:17,118 - baseline_trainer - INFO - ==================================================
2025-09-21 12:59:17,118 - baseline_trainer - INFO - Training mel_mlp (Run 1)...
2025-09-21 12:59:17,123 - baseline_trainer - INFO - Setting up mel_mlp...
2025-09-21 12:59:18,946 - baseline_trainer - INFO - Model parameters: 68,388 (trainable: 68,388)
2025-09-21 12:59:18,946 - baseline_trainer - INFO - Starting training for 100 epochs...
2025-09-21 12:59:26,765 - baseline_trainer - INFO - Evaluating mel_mlp...
2025-09-21 12:59:26,809 - baseline_trainer - INFO - Completed mel_mlp (Run 1): Accuracy: 0.0100, Loss: 4.6053, Time: 9.6s
2025-09-21 12:59:26,843 - baseline_trainer - INFO - Progress: 1/1 (100.0%)
2025-09-21 12:59:26,843 - baseline_trainer - INFO - mel_mlp Summary: 0.0100 ± 0.0000
2025-09-21 12:59:26,843 - baseline_trainer - INFO - Analyzing baseline training results...
2025-09-21 12:59:26,844 - baseline_trainer - INFO - Generating baseline training report...
2025-09-21 12:59:26,866 - baseline_trainer - INFO - Reports saved:
2025-09-21 12:59:26,867 - baseline_trainer - INFO -   Text report: outputs/baselines/baseline_training_report.txt
2025-09-21 12:59:26,867 - baseline_trainer - INFO -   JSON report: outputs/baselines/baseline_training_results.json
2025-09-21 12:59:26,867 - baseline_trainer - INFO - Baseline training completed.
2025-09-21 12:59:26,867 - baseline_trainer - INFO - ============================================================
2025-09-21 13:00:29,828 - baseline_trainer - INFO - ============================================================
2025-09-21 13:00:29,828 - baseline_trainer - INFO - BASELINE MODELS TRAINING
2025-09-21 13:00:29,828 - baseline_trainer - INFO - ============================================================
2025-09-21 13:00:29,828 - baseline_trainer - INFO - Output directory: outputs/baselines
2025-09-21 13:00:29,828 - baseline_trainer - INFO - Configuration: {
  "num_speakers": 100,
  "batch_size": 32,
  "num_epochs": 100,
  "learning_rate": 0.001,
  "weight_decay": 0.0001,
  "hidden_dims": [
    256,
    128,
    64
  ],
  "dropout_rate": 0.3,
  "use_batch_norm": true,
  "n_mels": 80,
  "n_mfcc": 13,
  "sample_rate": 16000,
  "max_audio_length": 3.0,
  "data_dir": "/scratch/project_2003370/yueyao/dataset/train-clean-100/LibriSpeech/train-clean-100",
  "device": "auto",
  "seed": 42,
  "optimizer": {
    "type": "adam",
    "params": {}
  },
  "scheduler": {
    "type": "step",
    "params": {
      "step_size": 30,
      "gamma": 0.5
    }
  },
  "early_stopping": {
    "patience": 15
  }
}
2025-09-21 13:00:29,847 - baseline_trainer - INFO - System info: {'platform': 'Linux-4.18.0-553.74.1.el8_10.x86_64-x86_64-with-glibc2.28', 'system': 'Linux', 'node': 'g1102.mahti.csc.fi', 'release': '4.18.0-553.74.1.el8_10.x86_64', 'version': '#1 SMP Sun Sep 7 09:23:35 EDT 2025', 'machine': 'x86_64', 'processor': 'x86_64', 'python_version': '3.12.10 (main, Jun  3 2025, 21:04:06) [GCC 8.5.0 20210514 (Red Hat 8.5.0-26)]', 'python_executable': '/usr/bin/python', 'cpu_count': 256, 'total_memory': 540285198336, 'available_memory': 465242959872, 'gpu_info': {'cuda_available': True, 'cuda_version': '12.6', 'gpu_count': 1, 'gpu_names': ['NVIDIA A100-SXM4-40GB MIG 1g.5gb']}, 'package_versions': {'numpy': '1.26.4', 'scipy': '1.13.1', 'scikit-learn': 'not installed', 'librosa': '0.11.0', 'soundfile': '0.13.1', 'torch': '2.7.1+cu126', 'tensorflow': 'not installed', 'matplotlib': '3.10.3', 'pandas': '2.3.0'}, 'git_info': {'commit_hash': 'unknown', 'branch': 'unknown', 'is_dirty': True}}
2025-09-21 13:00:29,847 - baseline_trainer - INFO - Training 1 methods with 1 runs each...
2025-09-21 13:00:29,847 - baseline_trainer - INFO - Methods: ['mel_mlp']
2025-09-21 13:00:29,847 - baseline_trainer - INFO - 
==================================================
2025-09-21 13:00:29,848 - baseline_trainer - INFO - TRAINING METHOD: MEL_MLP
2025-09-21 13:00:29,848 - baseline_trainer - INFO - ==================================================
2025-09-21 13:00:29,848 - baseline_trainer - INFO - Training mel_mlp (Run 1)...
2025-09-21 13:00:29,853 - baseline_trainer - INFO - Setting up mel_mlp...
2025-09-21 13:00:31,687 - baseline_trainer - INFO - Model parameters: 68,388 (trainable: 68,388)
2025-09-21 13:00:31,687 - baseline_trainer - INFO - Starting training for 100 epochs...
2025-09-21 13:00:39,779 - baseline_trainer - INFO - Evaluating mel_mlp...
2025-09-21 13:00:39,824 - baseline_trainer - INFO - Completed mel_mlp (Run 1): Accuracy: 0.0100, Loss: 4.6053, Time: 9.9s
2025-09-21 13:00:39,857 - baseline_trainer - INFO - Progress: 1/1 (100.0%)
2025-09-21 13:00:39,857 - baseline_trainer - INFO - mel_mlp Summary: 0.0100 ± 0.0000
2025-09-21 13:00:39,857 - baseline_trainer - INFO - Analyzing baseline training results...
2025-09-21 13:00:39,858 - baseline_trainer - INFO - Generating baseline training report...
2025-09-21 13:00:39,880 - baseline_trainer - INFO - Reports saved:
2025-09-21 13:00:39,880 - baseline_trainer - INFO -   Text report: outputs/baselines/baseline_training_report.txt
2025-09-21 13:00:39,880 - baseline_trainer - INFO -   JSON report: outputs/baselines/baseline_training_results.json
2025-09-21 13:00:39,881 - baseline_trainer - INFO - Baseline training completed.
2025-09-21 13:00:39,881 - baseline_trainer - INFO - ============================================================
2025-09-21 13:04:47,021 - baseline_trainer - INFO - ============================================================
2025-09-21 13:04:47,021 - baseline_trainer - INFO - BASELINE MODELS TRAINING
2025-09-21 13:04:47,021 - baseline_trainer - INFO - ============================================================
2025-09-21 13:04:47,021 - baseline_trainer - INFO - Output directory: outputs/baselines
2025-09-21 13:04:47,021 - baseline_trainer - INFO - Configuration: {
  "num_speakers": 100,
  "batch_size": 32,
  "num_epochs": 100,
  "learning_rate": 0.001,
  "weight_decay": 0.0001,
  "hidden_dims": [
    256,
    128,
    64
  ],
  "dropout_rate": 0.3,
  "use_batch_norm": true,
  "n_mels": 80,
  "n_mfcc": 13,
  "sample_rate": 16000,
  "max_audio_length": 3.0,
  "data_dir": "/scratch/project_2003370/yueyao/dataset/train-clean-100/LibriSpeech/train-clean-100",
  "device": "auto",
  "seed": 42,
  "optimizer": {
    "type": "adam",
    "params": {}
  },
  "scheduler": {
    "type": "step",
    "params": {
      "step_size": 30,
      "gamma": 0.5
    }
  },
  "early_stopping": {
    "patience": 15
  }
}
2025-09-21 13:04:47,041 - baseline_trainer - INFO - System info: {'platform': 'Linux-4.18.0-553.74.1.el8_10.x86_64-x86_64-with-glibc2.28', 'system': 'Linux', 'node': 'g1102.mahti.csc.fi', 'release': '4.18.0-553.74.1.el8_10.x86_64', 'version': '#1 SMP Sun Sep 7 09:23:35 EDT 2025', 'machine': 'x86_64', 'processor': 'x86_64', 'python_version': '3.12.10 (main, Jun  3 2025, 21:04:06) [GCC 8.5.0 20210514 (Red Hat 8.5.0-26)]', 'python_executable': '/usr/bin/python', 'cpu_count': 256, 'total_memory': 540285198336, 'available_memory': 462427705344, 'gpu_info': {'cuda_available': True, 'cuda_version': '12.6', 'gpu_count': 1, 'gpu_names': ['NVIDIA A100-SXM4-40GB MIG 1g.5gb']}, 'package_versions': {'numpy': '1.26.4', 'scipy': '1.13.1', 'scikit-learn': 'not installed', 'librosa': '0.11.0', 'soundfile': '0.13.1', 'torch': '2.7.1+cu126', 'tensorflow': 'not installed', 'matplotlib': '3.10.3', 'pandas': '2.3.0'}, 'git_info': {'commit_hash': 'unknown', 'branch': 'unknown', 'is_dirty': True}}
2025-09-21 13:04:47,041 - baseline_trainer - INFO - Training 1 methods with 1 runs each...
2025-09-21 13:04:47,041 - baseline_trainer - INFO - Methods: ['mel_mlp']
2025-09-21 13:04:47,041 - baseline_trainer - INFO - 
==================================================
2025-09-21 13:04:47,041 - baseline_trainer - INFO - TRAINING METHOD: MEL_MLP
2025-09-21 13:04:47,041 - baseline_trainer - INFO - ==================================================
2025-09-21 13:04:47,041 - baseline_trainer - INFO - Training mel_mlp (Run 1)...
2025-09-21 13:04:47,046 - baseline_trainer - INFO - Setting up mel_mlp...
2025-09-21 13:04:48,896 - baseline_trainer - INFO - Model parameters: 68,388 (trainable: 68,388)
2025-09-21 13:04:48,896 - baseline_trainer - INFO - Starting training for 100 epochs...
2025-09-21 13:04:57,003 - baseline_trainer - INFO - Evaluating mel_mlp...
2025-09-21 13:04:57,047 - baseline_trainer - INFO - Completed mel_mlp (Run 1): Accuracy: 0.0100, Loss: 4.6053, Time: 10.0s
2025-09-21 13:04:57,080 - baseline_trainer - INFO - Progress: 1/1 (100.0%)
2025-09-21 13:04:57,080 - baseline_trainer - INFO - mel_mlp Summary: 0.0100 ± 0.0000
2025-09-21 13:04:57,080 - baseline_trainer - INFO - Analyzing baseline training results...
2025-09-21 13:04:57,081 - baseline_trainer - INFO - Generating baseline training report...
2025-09-21 13:04:57,103 - baseline_trainer - INFO - Reports saved:
2025-09-21 13:04:57,103 - baseline_trainer - INFO -   Text report: outputs/baselines/baseline_training_report.txt
2025-09-21 13:04:57,103 - baseline_trainer - INFO -   JSON report: outputs/baselines/baseline_training_results.json
2025-09-21 13:04:57,103 - baseline_trainer - INFO - Baseline training completed.
2025-09-21 13:04:57,103 - baseline_trainer - INFO - ============================================================
2025-09-23 11:39:25 - baseline_trainer - INFO - [logger_utils.py:86] - Logging to file: outputs/baselines/training.log
2025-09-23 11:45:15 - baseline_trainer - INFO - [logger_utils.py:86] - Logging to file: outputs/baselines/training.log
2025-09-23 11:45:39 - baseline_trainer - INFO - [logger_utils.py:86] - Logging to file: outputs/baselines/training.log
2025-09-25 13:01:02,664 - baseline_trainer - INFO - ============================================================
2025-09-25 13:01:02,683 - baseline_trainer - INFO - BASELINE MODELS TRAINING
2025-09-25 13:01:02,683 - baseline_trainer - INFO - ============================================================
2025-09-25 13:01:02,683 - baseline_trainer - INFO - Output directory: outputs/baselines
2025-09-25 13:01:02,683 - baseline_trainer - INFO - Configuration: {
  "num_speakers": 100,
  "batch_size": 32,
  "num_epochs": 100,
  "learning_rate": 0.001,
  "weight_decay": 0.0001,
  "hidden_dims": [
    256,
    128,
    64
  ],
  "dropout_rate": 0.3,
  "use_batch_norm": true,
  "n_mels": 80,
  "n_mfcc": 13,
  "sample_rate": 16000,
  "max_audio_length": 3.0,
  "data_dir": "/scratch/project_2003370/yueyao/dataset/train-clean-100/LibriSpeech/train-clean-100",
  "device": "auto",
  "seed": 42,
  "optimizer": {
    "type": "adam",
    "params": {}
  },
  "scheduler": {
    "type": "step",
    "params": {
      "step_size": 30,
      "gamma": 0.5
    }
  },
  "early_stopping": {
    "patience": 15
  }
}
2025-09-25 13:01:02,732 - baseline_trainer - INFO - System info: {'platform': 'Linux-4.18.0-553.74.1.el8_10.x86_64-x86_64-with-glibc2.28', 'system': 'Linux', 'node': 'g6301.mahti.csc.fi', 'release': '4.18.0-553.74.1.el8_10.x86_64', 'version': '#1 SMP Sun Sep 7 09:23:35 EDT 2025', 'machine': 'x86_64', 'processor': 'x86_64', 'python_version': '3.12.10 (main, Jun  3 2025, 21:04:06) [GCC 8.5.0 20210514 (Red Hat 8.5.0-26)]', 'python_executable': '/usr/bin/python', 'cpu_count': 256, 'total_memory': 540285210624, 'available_memory': 448608456704, 'gpu_info': {'cuda_available': True, 'cuda_version': '12.6', 'gpu_count': 1, 'gpu_names': ['NVIDIA A100-SXM4-40GB MIG 1g.5gb']}, 'package_versions': {'numpy': '1.26.4', 'scipy': '1.13.1', 'scikit-learn': 'not installed', 'librosa': '0.11.0', 'soundfile': '0.13.1', 'torch': '2.7.1+cu126', 'tensorflow': 'not installed', 'matplotlib': '3.10.3', 'pandas': '2.3.0'}, 'git_info': {'commit_hash': '12a9f80364123de8081208e116fa010d90130b2e', 'branch': 'origin', 'is_dirty': True}}
2025-09-25 13:01:02,732 - baseline_trainer - INFO - Training 1 methods with 1 runs each...
2025-09-25 13:01:02,732 - baseline_trainer - INFO - Methods: ['mel_mlp']
2025-09-25 13:01:02,733 - baseline_trainer - INFO - 
==================================================
2025-09-25 13:01:02,733 - baseline_trainer - INFO - TRAINING METHOD: MEL_MLP
2025-09-25 13:01:02,733 - baseline_trainer - INFO - ==================================================
2025-09-25 13:01:02,733 - baseline_trainer - INFO - Training mel_mlp (Run 1)...
2025-09-25 13:01:02,733 - baseline_trainer - INFO - Setting up mel_mlp...
2025-09-25 13:01:02,733 - baseline_trainer - INFO - Starting training for 100 epochs...
2025-09-25 13:01:02,733 - baseline_trainer - INFO - Evaluating mel_mlp...
2025-09-25 13:01:02,733 - baseline_trainer - INFO - Completed mel_mlp (Run 1): Accuracy: 0.8500, Loss: 0.5000, Time: 0.0s
2025-09-25 13:01:02,736 - baseline_trainer - INFO - Progress: 1/1 (100.0%)
2025-09-25 13:01:02,736 - baseline_trainer - INFO - mel_mlp Summary: 0.8500 ± 0.0000
2025-09-25 13:01:02,736 - baseline_trainer - INFO - Analyzing baseline training results...
2025-09-25 13:01:02,738 - baseline_trainer - INFO - Generating baseline training report...
2025-09-25 13:01:02,821 - baseline_trainer - INFO - Reports saved:
2025-09-25 13:01:02,821 - baseline_trainer - INFO -   Text report: outputs/baselines/baseline_training_report.txt
2025-09-25 13:01:02,821 - baseline_trainer - INFO -   JSON report: outputs/baselines/baseline_training_results.json
2025-09-25 13:01:02,821 - baseline_trainer - INFO - Baseline training completed.
2025-09-25 13:01:02,821 - baseline_trainer - INFO - ============================================================
2025-09-25 13:01:17,454 - baseline_trainer - INFO - ============================================================
2025-09-25 13:01:17,454 - baseline_trainer - INFO - BASELINE MODELS TRAINING
2025-09-25 13:01:17,454 - baseline_trainer - INFO - ============================================================
2025-09-25 13:01:17,454 - baseline_trainer - INFO - Output directory: outputs/baselines
2025-09-25 13:01:17,454 - baseline_trainer - INFO - Configuration: {
  "num_speakers": 100,
  "batch_size": 32,
  "num_epochs": 100,
  "learning_rate": 0.001,
  "weight_decay": 0.0001,
  "hidden_dims": [
    256,
    128,
    64
  ],
  "dropout_rate": 0.3,
  "use_batch_norm": true,
  "n_mels": 80,
  "n_mfcc": 13,
  "sample_rate": 16000,
  "max_audio_length": 3.0,
  "data_dir": "/scratch/project_2003370/yueyao/dataset/train-clean-100/LibriSpeech/train-clean-100",
  "device": "auto",
  "seed": 42,
  "optimizer": {
    "type": "adam",
    "params": {}
  },
  "scheduler": {
    "type": "step",
    "params": {
      "step_size": 30,
      "gamma": 0.5
    }
  },
  "early_stopping": {
    "patience": 15
  }
}
2025-09-25 13:01:17,502 - baseline_trainer - INFO - System info: {'platform': 'Linux-4.18.0-553.74.1.el8_10.x86_64-x86_64-with-glibc2.28', 'system': 'Linux', 'node': 'g6301.mahti.csc.fi', 'release': '4.18.0-553.74.1.el8_10.x86_64', 'version': '#1 SMP Sun Sep 7 09:23:35 EDT 2025', 'machine': 'x86_64', 'processor': 'x86_64', 'python_version': '3.12.10 (main, Jun  3 2025, 21:04:06) [GCC 8.5.0 20210514 (Red Hat 8.5.0-26)]', 'python_executable': '/usr/bin/python', 'cpu_count': 256, 'total_memory': 540285210624, 'available_memory': 448596148224, 'gpu_info': {'cuda_available': True, 'cuda_version': '12.6', 'gpu_count': 1, 'gpu_names': ['NVIDIA A100-SXM4-40GB MIG 1g.5gb']}, 'package_versions': {'numpy': '1.26.4', 'scipy': '1.13.1', 'scikit-learn': 'not installed', 'librosa': '0.11.0', 'soundfile': '0.13.1', 'torch': '2.7.1+cu126', 'tensorflow': 'not installed', 'matplotlib': '3.10.3', 'pandas': '2.3.0'}, 'git_info': {'commit_hash': '12a9f80364123de8081208e116fa010d90130b2e', 'branch': 'origin', 'is_dirty': True}}
2025-09-25 13:01:17,502 - baseline_trainer - INFO - Training 1 methods with 1 runs each...
2025-09-25 13:01:17,502 - baseline_trainer - INFO - Methods: ['mel_mlp']
2025-09-25 13:01:17,502 - baseline_trainer - INFO - 
==================================================
2025-09-25 13:01:17,502 - baseline_trainer - INFO - TRAINING METHOD: MEL_MLP
2025-09-25 13:01:17,502 - baseline_trainer - INFO - ==================================================
2025-09-25 13:01:17,502 - baseline_trainer - INFO - Training mel_mlp (Run 1)...
2025-09-25 13:01:17,502 - baseline_trainer - INFO - Setting up mel_mlp...
2025-09-25 13:01:17,502 - baseline_trainer - INFO - Starting training for 100 epochs...
2025-09-25 13:01:17,502 - baseline_trainer - INFO - Evaluating mel_mlp...
2025-09-25 13:01:17,502 - baseline_trainer - INFO - Completed mel_mlp (Run 1): Accuracy: 0.8500, Loss: 0.5000, Time: 0.0s
2025-09-25 13:01:17,504 - baseline_trainer - INFO - Progress: 1/1 (100.0%)
2025-09-25 13:01:17,504 - baseline_trainer - INFO - mel_mlp Summary: 0.8500 ± 0.0000
2025-09-25 13:01:17,504 - baseline_trainer - INFO - Analyzing baseline training results...
2025-09-25 13:01:17,505 - baseline_trainer - INFO - Generating baseline training report...
2025-09-25 13:01:17,549 - baseline_trainer - INFO - Reports saved:
2025-09-25 13:01:17,549 - baseline_trainer - INFO -   Text report: outputs/baselines/baseline_training_report.txt
2025-09-25 13:01:17,549 - baseline_trainer - INFO -   JSON report: outputs/baselines/baseline_training_results.json
2025-09-25 13:01:17,549 - baseline_trainer - INFO - Baseline training completed.
2025-09-25 13:01:17,549 - baseline_trainer - INFO - ============================================================
2025-09-25 13:03:28,917 - baseline_trainer - INFO - ============================================================
2025-09-25 13:03:28,917 - baseline_trainer - INFO - BASELINE MODELS TRAINING
2025-09-25 13:03:28,917 - baseline_trainer - INFO - ============================================================
2025-09-25 13:03:28,917 - baseline_trainer - INFO - Output directory: outputs/baselines
2025-09-25 13:03:28,917 - baseline_trainer - INFO - Configuration: {
  "num_speakers": 100,
  "batch_size": 32,
  "num_epochs": 100,
  "learning_rate": 0.001,
  "weight_decay": 0.0001,
  "hidden_dims": [
    256,
    128,
    64
  ],
  "dropout_rate": 0.3,
  "use_batch_norm": true,
  "n_mels": 80,
  "n_mfcc": 13,
  "sample_rate": 16000,
  "max_audio_length": 3.0,
  "data_dir": "/scratch/project_2003370/yueyao/dataset/train-clean-100/LibriSpeech/train-clean-100",
  "device": "auto",
  "seed": 42,
  "optimizer": {
    "type": "adam",
    "params": {}
  },
  "scheduler": {
    "type": "step",
    "params": {
      "step_size": 30,
      "gamma": 0.5
    }
  },
  "early_stopping": {
    "patience": 15
  }
}
2025-09-25 13:03:28,964 - baseline_trainer - INFO - System info: {'platform': 'Linux-4.18.0-553.74.1.el8_10.x86_64-x86_64-with-glibc2.28', 'system': 'Linux', 'node': 'g6301.mahti.csc.fi', 'release': '4.18.0-553.74.1.el8_10.x86_64', 'version': '#1 SMP Sun Sep 7 09:23:35 EDT 2025', 'machine': 'x86_64', 'processor': 'x86_64', 'python_version': '3.12.10 (main, Jun  3 2025, 21:04:06) [GCC 8.5.0 20210514 (Red Hat 8.5.0-26)]', 'python_executable': '/usr/bin/python', 'cpu_count': 256, 'total_memory': 540285210624, 'available_memory': 449579565056, 'gpu_info': {'cuda_available': True, 'cuda_version': '12.6', 'gpu_count': 1, 'gpu_names': ['NVIDIA A100-SXM4-40GB MIG 1g.5gb']}, 'package_versions': {'numpy': '1.26.4', 'scipy': '1.13.1', 'scikit-learn': 'not installed', 'librosa': '0.11.0', 'soundfile': '0.13.1', 'torch': '2.7.1+cu126', 'tensorflow': 'not installed', 'matplotlib': '3.10.3', 'pandas': '2.3.0'}, 'git_info': {'commit_hash': '12a9f80364123de8081208e116fa010d90130b2e', 'branch': 'origin', 'is_dirty': True}}
2025-09-25 13:03:28,965 - baseline_trainer - INFO - Training 1 methods with 1 runs each...
2025-09-25 13:03:28,965 - baseline_trainer - INFO - Methods: ['mel_mlp']
2025-09-25 13:03:28,965 - baseline_trainer - INFO - 
==================================================
2025-09-25 13:03:28,965 - baseline_trainer - INFO - TRAINING METHOD: MEL_MLP
2025-09-25 13:03:28,965 - baseline_trainer - INFO - ==================================================
2025-09-25 13:03:28,965 - baseline_trainer - INFO - Training mel_mlp (Run 1)...
2025-09-25 13:03:28,965 - baseline_trainer - INFO - Setting up mel_mlp...
2025-09-25 13:03:28,965 - baseline_trainer - INFO - Starting training for 100 epochs...
2025-09-25 13:03:28,965 - baseline_trainer - INFO - Evaluating mel_mlp...
2025-09-25 13:03:28,965 - baseline_trainer - INFO - Completed mel_mlp (Run 1): Accuracy: 0.8500, Loss: 0.5000, Time: 0.0s
2025-09-25 13:03:28,966 - baseline_trainer - INFO - Progress: 1/1 (100.0%)
2025-09-25 13:03:28,967 - baseline_trainer - INFO - mel_mlp Summary: 0.8500 ± 0.0000
2025-09-25 13:03:28,967 - baseline_trainer - INFO - Analyzing baseline training results...
2025-09-25 13:03:28,967 - baseline_trainer - INFO - Generating baseline training report...
2025-09-25 13:03:29,012 - baseline_trainer - INFO - Reports saved:
2025-09-25 13:03:29,012 - baseline_trainer - INFO -   Text report: outputs/baselines/baseline_training_report.txt
2025-09-25 13:03:29,012 - baseline_trainer - INFO -   JSON report: outputs/baselines/baseline_training_results.json
2025-09-25 13:03:29,012 - baseline_trainer - INFO - Baseline training completed.
2025-09-25 13:03:29,012 - baseline_trainer - INFO - ============================================================
2025-09-25 13:14:51,625 - baseline_trainer - INFO - ============================================================
2025-09-25 13:14:51,625 - baseline_trainer - INFO - BASELINE MODELS TRAINING
2025-09-25 13:14:51,625 - baseline_trainer - INFO - ============================================================
2025-09-25 13:14:51,625 - baseline_trainer - INFO - Output directory: outputs/baselines
2025-09-25 13:14:51,626 - baseline_trainer - INFO - Configuration: {
  "num_speakers": 100,
  "batch_size": 32,
  "num_epochs": 100,
  "learning_rate": 0.001,
  "weight_decay": 0.0001,
  "hidden_dims": [
    256,
    128,
    64
  ],
  "dropout_rate": 0.3,
  "use_batch_norm": true,
  "n_mels": 80,
  "n_mfcc": 13,
  "sample_rate": 16000,
  "max_audio_length": 3.0,
  "data_dir": "/scratch/project_2003370/yueyao/dataset/train-clean-100/LibriSpeech/train-clean-100",
  "device": "auto",
  "seed": 42,
  "optimizer": {
    "type": "adam",
    "params": {}
  },
  "scheduler": {
    "type": "step",
    "params": {
      "step_size": 30,
      "gamma": 0.5
    }
  },
  "early_stopping": {
    "patience": 15
  }
}
2025-09-25 13:14:51,681 - baseline_trainer - INFO - System info: {'platform': 'Linux-4.18.0-553.74.1.el8_10.x86_64-x86_64-with-glibc2.28', 'system': 'Linux', 'node': 'g6301.mahti.csc.fi', 'release': '4.18.0-553.74.1.el8_10.x86_64', 'version': '#1 SMP Sun Sep 7 09:23:35 EDT 2025', 'machine': 'x86_64', 'processor': 'x86_64', 'python_version': '3.12.10 (main, Jun  3 2025, 21:04:06) [GCC 8.5.0 20210514 (Red Hat 8.5.0-26)]', 'python_executable': '/usr/bin/python', 'cpu_count': 256, 'total_memory': 540285210624, 'available_memory': 448023203840, 'gpu_info': {'cuda_available': True, 'cuda_version': '12.6', 'gpu_count': 1, 'gpu_names': ['NVIDIA A100-SXM4-40GB MIG 1g.5gb']}, 'package_versions': {'numpy': '1.26.4', 'scipy': '1.13.1', 'scikit-learn': 'not installed', 'librosa': '0.11.0', 'soundfile': '0.13.1', 'torch': '2.7.1+cu126', 'tensorflow': 'not installed', 'matplotlib': '3.10.3', 'pandas': '2.3.0'}, 'git_info': {'commit_hash': '12a9f80364123de8081208e116fa010d90130b2e', 'branch': 'origin', 'is_dirty': True}}
2025-09-25 13:14:51,681 - baseline_trainer - INFO - Training 1 methods with 1 runs each...
2025-09-25 13:14:51,681 - baseline_trainer - INFO - Methods: ['mel_mlp']
2025-09-25 13:14:51,681 - baseline_trainer - INFO - 
==================================================
2025-09-25 13:14:51,681 - baseline_trainer - INFO - TRAINING METHOD: MEL_MLP
2025-09-25 13:14:51,681 - baseline_trainer - INFO - ==================================================
2025-09-25 13:14:51,681 - baseline_trainer - INFO - Training mel_mlp (Run 1)...
2025-09-25 13:14:51,708 - baseline_trainer - INFO - Setting up mel_mlp...
2025-09-25 13:19:22,128 - baseline_trainer - INFO - Model parameters: 69,284 (trainable: 69,284)
2025-09-25 13:19:22,128 - baseline_trainer - INFO - Starting training for 100 epochs...
2025-09-25 13:19:27,554 - baseline_trainer - ERROR - Failed to train mel_mlp (Run 1): Caught RuntimeError in DataLoader worker process 0.
Original Traceback (most recent call last):
  File "/usr/local/lib64/python3.12/site-packages/torch/utils/data/_utils/worker.py", line 349, in _worker_loop
    data = fetcher.fetch(index)  # type: ignore[possibly-undefined]
           ^^^^^^^^^^^^^^^^^^^^
  File "/usr/local/lib64/python3.12/site-packages/torch/utils/data/_utils/fetch.py", line 55, in fetch
    return self.collate_fn(data)
           ^^^^^^^^^^^^^^^^^^^^^
  File "/usr/local/lib64/python3.12/site-packages/torch/utils/data/_utils/collate.py", line 398, in default_collate
    return collate(batch, collate_fn_map=default_collate_fn_map)
           ^^^^^^^^^^^^^^^^^^^^^^^^^^^^^^^^^^^^^^^^^^^^^^^^^^^^^
  File "/usr/local/lib64/python3.12/site-packages/torch/utils/data/_utils/collate.py", line 212, in collate
    collate(samples, collate_fn_map=collate_fn_map)
  File "/usr/local/lib64/python3.12/site-packages/torch/utils/data/_utils/collate.py", line 155, in collate
    return collate_fn_map[elem_type](batch, collate_fn_map=collate_fn_map)
           ^^^^^^^^^^^^^^^^^^^^^^^^^^^^^^^^^^^^^^^^^^^^^^^^^^^^^^^^^^^^^^^
  File "/usr/local/lib64/python3.12/site-packages/torch/utils/data/_utils/collate.py", line 271, in collate_tensor_fn
    out = elem.new(storage).resize_(len(batch), *list(elem.size()))
          ^^^^^^^^^^^^^^^^^^^^^^^^^^^^^^^^^^^^^^^^^^^^^^^^^^^^^^^^^
RuntimeError: Trying to resize storage that is not resizable

2025-09-25 13:19:27,554 - baseline_trainer - INFO - Progress: 1/1 (100.0%)
2025-09-25 13:19:27,554 - baseline_trainer - WARNING - No successful runs for mel_mlp
2025-09-25 13:19:27,554 - baseline_trainer - INFO - Analyzing baseline training results...
2025-09-25 13:19:27,554 - baseline_trainer - INFO - Generating baseline training report...
2025-09-25 13:19:27,603 - baseline_trainer - INFO - Reports saved:
2025-09-25 13:19:27,603 - baseline_trainer - INFO -   Text report: outputs/baselines/baseline_training_report.txt
2025-09-25 13:19:27,603 - baseline_trainer - INFO -   JSON report: outputs/baselines/baseline_training_results.json
2025-09-25 13:19:27,604 - baseline_trainer - INFO - Baseline training completed.
2025-09-25 13:19:27,604 - baseline_trainer - INFO - ============================================================
2025-09-28 09:43:50,782 - baseline_trainer - INFO - ============================================================
2025-09-28 09:43:50,802 - baseline_trainer - INFO - BASELINE MODELS TRAINING
2025-09-28 09:43:50,802 - baseline_trainer - INFO - ============================================================
2025-09-28 09:43:50,802 - baseline_trainer - INFO - Output directory: outputs/baselines
2025-09-28 09:43:50,802 - baseline_trainer - INFO - Configuration: {
  "num_speakers": 100,
  "batch_size": 32,
  "num_epochs": 100,
  "learning_rate": 0.001,
  "weight_decay": 0.0001,
  "hidden_dims": [
    256,
    128,
    64
  ],
  "dropout_rate": 0.3,
  "use_batch_norm": true,
  "n_mels": 80,
  "n_mfcc": 13,
  "sample_rate": 16000,
  "max_audio_length": 3.0,
  "data_dir": "/scratch/project_2003370/yueyao/dataset/train-clean-100/LibriSpeech/train-clean-100",
  "device": "auto",
  "seed": 42,
  "optimizer": {
    "type": "adam",
    "params": {}
  },
  "scheduler": {
    "type": "step",
    "params": {
      "step_size": 30,
      "gamma": 0.5
    }
  },
  "early_stopping": {
    "patience": 15
  }
}
2025-09-28 09:43:50,848 - baseline_trainer - INFO - System info: {'platform': 'Linux-4.18.0-553.74.1.el8_10.x86_64-x86_64-with-glibc2.28', 'system': 'Linux', 'node': 'g1102.mahti.csc.fi', 'release': '4.18.0-553.74.1.el8_10.x86_64', 'version': '#1 SMP Sun Sep 7 09:23:35 EDT 2025', 'machine': 'x86_64', 'processor': 'x86_64', 'python_version': '3.12.10 (main, Jun  3 2025, 21:04:06) [GCC 8.5.0 20210514 (Red Hat 8.5.0-26)]', 'python_executable': '/usr/bin/python', 'cpu_count': 256, 'total_memory': 540285198336, 'available_memory': 503073796096, 'gpu_info': {'cuda_available': True, 'cuda_version': '12.6', 'gpu_count': 1, 'gpu_names': ['NVIDIA A100-SXM4-40GB MIG 1g.5gb']}, 'package_versions': {'numpy': '1.26.4', 'scipy': '1.13.1', 'scikit-learn': 'not installed', 'librosa': '0.11.0', 'soundfile': '0.13.1', 'torch': '2.7.1+cu126', 'tensorflow': 'not installed', 'matplotlib': '3.10.3', 'pandas': '2.3.0'}, 'git_info': {'commit_hash': '12a9f80364123de8081208e116fa010d90130b2e', 'branch': 'origin', 'is_dirty': True}}
2025-09-28 09:43:50,848 - baseline_trainer - INFO - Training 1 methods with 1 runs each...
2025-09-28 09:43:50,848 - baseline_trainer - INFO - Methods: ['mel_mlp']
2025-09-28 09:43:50,848 - baseline_trainer - INFO - 
==================================================
2025-09-28 09:43:50,848 - baseline_trainer - INFO - TRAINING METHOD: MEL_MLP
2025-09-28 09:43:50,848 - baseline_trainer - INFO - ==================================================
2025-09-28 09:43:50,848 - baseline_trainer - INFO - Training mel_mlp (Run 1)...
2025-09-28 09:43:50,897 - baseline_trainer - INFO - Setting up mel_mlp...
2025-09-28 09:47:34,988 - baseline_trainer - INFO - Model parameters: 69,284 (trainable: 69,284)
2025-09-28 09:47:34,988 - baseline_trainer - INFO - Starting training for 100 epochs...
2025-09-28 09:47:35,877 - baseline_trainer - ERROR - Failed to train mel_mlp (Run 1): Caught RuntimeError in DataLoader worker process 0.
Original Traceback (most recent call last):
  File "/usr/local/lib64/python3.12/site-packages/torch/utils/data/_utils/worker.py", line 349, in _worker_loop
    data = fetcher.fetch(index)  # type: ignore[possibly-undefined]
           ^^^^^^^^^^^^^^^^^^^^
  File "/usr/local/lib64/python3.12/site-packages/torch/utils/data/_utils/fetch.py", line 55, in fetch
    return self.collate_fn(data)
           ^^^^^^^^^^^^^^^^^^^^^
  File "/usr/local/lib64/python3.12/site-packages/torch/utils/data/_utils/collate.py", line 398, in default_collate
    return collate(batch, collate_fn_map=default_collate_fn_map)
           ^^^^^^^^^^^^^^^^^^^^^^^^^^^^^^^^^^^^^^^^^^^^^^^^^^^^^
  File "/usr/local/lib64/python3.12/site-packages/torch/utils/data/_utils/collate.py", line 212, in collate
    collate(samples, collate_fn_map=collate_fn_map)
  File "/usr/local/lib64/python3.12/site-packages/torch/utils/data/_utils/collate.py", line 155, in collate
    return collate_fn_map[elem_type](batch, collate_fn_map=collate_fn_map)
           ^^^^^^^^^^^^^^^^^^^^^^^^^^^^^^^^^^^^^^^^^^^^^^^^^^^^^^^^^^^^^^^
  File "/usr/local/lib64/python3.12/site-packages/torch/utils/data/_utils/collate.py", line 271, in collate_tensor_fn
    out = elem.new(storage).resize_(len(batch), *list(elem.size()))
          ^^^^^^^^^^^^^^^^^^^^^^^^^^^^^^^^^^^^^^^^^^^^^^^^^^^^^^^^^
RuntimeError: Trying to resize storage that is not resizable

2025-09-28 09:47:35,877 - baseline_trainer - INFO - Progress: 1/1 (100.0%)
2025-09-28 09:47:35,877 - baseline_trainer - WARNING - No successful runs for mel_mlp
2025-09-28 09:47:35,877 - baseline_trainer - INFO - Analyzing baseline training results...
2025-09-28 09:47:35,877 - baseline_trainer - INFO - Generating baseline training report...
2025-09-28 09:47:35,925 - baseline_trainer - INFO - Reports saved:
2025-09-28 09:47:35,925 - baseline_trainer - INFO -   Text report: outputs/baselines/baseline_training_report.txt
2025-09-28 09:47:35,925 - baseline_trainer - INFO -   JSON report: outputs/baselines/baseline_training_results.json
2025-09-28 09:47:35,925 - baseline_trainer - INFO - Baseline training completed.
2025-09-28 09:47:35,925 - baseline_trainer - INFO - ============================================================
2025-09-28 10:08:54,584 - baseline_trainer - INFO - ============================================================
2025-09-28 10:08:54,584 - baseline_trainer - INFO - BASELINE MODELS TRAINING
2025-09-28 10:08:54,585 - baseline_trainer - INFO - ============================================================
2025-09-28 10:08:54,585 - baseline_trainer - INFO - Output directory: outputs/baselines
2025-09-28 10:08:54,585 - baseline_trainer - INFO - Configuration: {
  "num_speakers": 100,
  "batch_size": 16,
  "num_epochs": 100,
  "learning_rate": 0.001,
  "weight_decay": 0.0001,
  "hidden_dims": [
    256,
    128,
    64
  ],
  "dropout_rate": 0.3,
  "use_batch_norm": true,
  "n_mels": 80,
  "n_mfcc": 13,
  "num_workers": 0,
  "sample_rate": 16000,
  "max_audio_length": 3.0,
  "data_dir": "/scratch/project_2003370/yueyao/dataset/train-clean-100/LibriSpeech/train-clean-100",
  "device": "auto",
  "seed": 42,
  "optimizer": {
    "type": "adam",
    "params": {}
  },
  "scheduler": {
    "type": "step",
    "params": {
      "step_size": 30,
      "gamma": 0.5
    }
  },
  "early_stopping": {
    "patience": 15
  }
}
2025-09-28 10:08:54,629 - baseline_trainer - INFO - System info: {'platform': 'Linux-4.18.0-553.74.1.el8_10.x86_64-x86_64-with-glibc2.28', 'system': 'Linux', 'node': 'g1102.mahti.csc.fi', 'release': '4.18.0-553.74.1.el8_10.x86_64', 'version': '#1 SMP Sun Sep 7 09:23:35 EDT 2025', 'machine': 'x86_64', 'processor': 'x86_64', 'python_version': '3.12.10 (main, Jun  3 2025, 21:04:06) [GCC 8.5.0 20210514 (Red Hat 8.5.0-26)]', 'python_executable': '/usr/bin/python', 'cpu_count': 256, 'total_memory': 540285198336, 'available_memory': 502808825856, 'gpu_info': {'cuda_available': True, 'cuda_version': '12.6', 'gpu_count': 1, 'gpu_names': ['NVIDIA A100-SXM4-40GB MIG 1g.5gb']}, 'package_versions': {'numpy': '1.26.4', 'scipy': '1.13.1', 'scikit-learn': 'not installed', 'librosa': '0.11.0', 'soundfile': '0.13.1', 'torch': '2.7.1+cu126', 'tensorflow': 'not installed', 'matplotlib': '3.10.3', 'pandas': '2.3.0'}, 'git_info': {'commit_hash': '12a9f80364123de8081208e116fa010d90130b2e', 'branch': 'origin', 'is_dirty': True}}
2025-09-28 10:08:54,629 - baseline_trainer - INFO - Training 1 methods with 1 runs each...
2025-09-28 10:08:54,629 - baseline_trainer - INFO - Methods: ['mel_mlp']
2025-09-28 10:08:54,629 - baseline_trainer - INFO - 
==================================================
2025-09-28 10:08:54,629 - baseline_trainer - INFO - TRAINING METHOD: MEL_MLP
2025-09-28 10:08:54,629 - baseline_trainer - INFO - ==================================================
2025-09-28 10:08:54,629 - baseline_trainer - INFO - Training mel_mlp (Run 1)...
2025-09-28 10:08:54,640 - baseline_trainer - INFO - Setting up mel_mlp...
2025-09-28 10:09:03,857 - baseline_trainer - INFO - Model parameters: 69,284 (trainable: 69,284)
2025-09-28 10:09:03,857 - baseline_trainer - INFO - Starting training for 100 epochs...
2025-09-28 10:09:04,604 - baseline_trainer - ERROR - Failed to train mel_mlp (Run 1): CUDA error: device-side assert triggered
CUDA kernel errors might be asynchronously reported at some other API call, so the stacktrace below might be incorrect.
For debugging consider passing CUDA_LAUNCH_BLOCKING=1
Compile with `TORCH_USE_CUDA_DSA` to enable device-side assertions.

2025-09-28 10:09:04,608 - baseline_trainer - INFO - Progress: 1/1 (100.0%)
2025-09-28 10:09:04,608 - baseline_trainer - WARNING - No successful runs for mel_mlp
2025-09-28 10:09:04,608 - baseline_trainer - INFO - Analyzing baseline training results...
2025-09-28 10:09:04,608 - baseline_trainer - INFO - Generating baseline training report...
2025-09-28 10:09:04,652 - baseline_trainer - INFO - Reports saved:
2025-09-28 10:09:04,652 - baseline_trainer - INFO -   Text report: outputs/baselines/baseline_training_report.txt
2025-09-28 10:09:04,652 - baseline_trainer - INFO -   JSON report: outputs/baselines/baseline_training_results.json
2025-09-28 10:09:04,653 - baseline_trainer - INFO - Baseline training completed.
2025-09-28 10:09:04,653 - baseline_trainer - INFO - ============================================================
2025-09-28 10:13:43,430 - baseline_trainer - INFO - ============================================================
2025-09-28 10:13:43,431 - baseline_trainer - INFO - BASELINE MODELS TRAINING
2025-09-28 10:13:43,431 - baseline_trainer - INFO - ============================================================
2025-09-28 10:13:43,431 - baseline_trainer - INFO - Output directory: outputs/baselines
2025-09-28 10:13:43,431 - baseline_trainer - INFO - Configuration: {
  "num_speakers": 100,
  "batch_size": 16,
  "num_epochs": 100,
  "learning_rate": 0.001,
  "weight_decay": 0.0001,
  "hidden_dims": [
    256,
    128,
    64
  ],
  "dropout_rate": 0.3,
  "use_batch_norm": true,
  "n_mels": 80,
  "n_mfcc": 13,
  "num_workers": 0,
  "sample_rate": 16000,
  "max_audio_length": 3.0,
  "data_dir": "/scratch/project_2003370/yueyao/dataset/train-clean-100/LibriSpeech/train-clean-100",
  "device": "auto",
  "seed": 42,
  "optimizer": {
    "type": "adam",
    "params": {}
  },
  "scheduler": {
    "type": "step",
    "params": {
      "step_size": 30,
      "gamma": 0.5
    }
  },
  "early_stopping": {
    "patience": 15
  }
}
2025-09-28 10:13:43,473 - baseline_trainer - INFO - System info: {'platform': 'Linux-4.18.0-553.74.1.el8_10.x86_64-x86_64-with-glibc2.28', 'system': 'Linux', 'node': 'g1102.mahti.csc.fi', 'release': '4.18.0-553.74.1.el8_10.x86_64', 'version': '#1 SMP Sun Sep 7 09:23:35 EDT 2025', 'machine': 'x86_64', 'processor': 'x86_64', 'python_version': '3.12.10 (main, Jun  3 2025, 21:04:06) [GCC 8.5.0 20210514 (Red Hat 8.5.0-26)]', 'python_executable': '/usr/bin/python', 'cpu_count': 256, 'total_memory': 540285198336, 'available_memory': 502655176704, 'gpu_info': {'cuda_available': True, 'cuda_version': '12.6', 'gpu_count': 1, 'gpu_names': ['NVIDIA A100-SXM4-40GB MIG 1g.5gb']}, 'package_versions': {'numpy': '1.26.4', 'scipy': '1.13.1', 'scikit-learn': 'not installed', 'librosa': '0.11.0', 'soundfile': '0.13.1', 'torch': '2.7.1+cu126', 'tensorflow': 'not installed', 'matplotlib': '3.10.3', 'pandas': '2.3.0'}, 'git_info': {'commit_hash': '12a9f80364123de8081208e116fa010d90130b2e', 'branch': 'origin', 'is_dirty': True}}
2025-09-28 10:13:43,473 - baseline_trainer - INFO - Training 1 methods with 1 runs each...
2025-09-28 10:13:43,473 - baseline_trainer - INFO - Methods: ['mel_mlp']
2025-09-28 10:13:43,473 - baseline_trainer - INFO - 
==================================================
2025-09-28 10:13:43,473 - baseline_trainer - INFO - TRAINING METHOD: MEL_MLP
2025-09-28 10:13:43,473 - baseline_trainer - INFO - ==================================================
2025-09-28 10:13:43,473 - baseline_trainer - INFO - Training mel_mlp (Run 1)...
2025-09-28 10:13:43,483 - baseline_trainer - INFO - Setting up mel_mlp...
2025-09-28 10:13:56,942 - baseline_trainer - ERROR - Failed to train mel_mlp (Run 1): 'NoneType' object has no attribute 'parameters'
2025-09-28 10:13:56,946 - baseline_trainer - INFO - Progress: 1/1 (100.0%)
2025-09-28 10:13:56,946 - baseline_trainer - WARNING - No successful runs for mel_mlp
2025-09-28 10:13:56,946 - baseline_trainer - INFO - Analyzing baseline training results...
2025-09-28 10:13:56,946 - baseline_trainer - INFO - Generating baseline training report...
2025-09-28 10:13:56,991 - baseline_trainer - INFO - Reports saved:
2025-09-28 10:13:56,991 - baseline_trainer - INFO -   Text report: outputs/baselines/baseline_training_report.txt
2025-09-28 10:13:56,991 - baseline_trainer - INFO -   JSON report: outputs/baselines/baseline_training_results.json
2025-09-28 10:13:56,991 - baseline_trainer - INFO - Baseline training completed.
2025-09-28 10:13:56,991 - baseline_trainer - INFO - ============================================================
2025-09-28 10:23:06,610 - baseline_trainer - INFO - ============================================================
2025-09-28 10:23:06,610 - baseline_trainer - INFO - BASELINE MODELS TRAINING
2025-09-28 10:23:06,610 - baseline_trainer - INFO - ============================================================
2025-09-28 10:23:06,610 - baseline_trainer - INFO - Output directory: outputs/baselines
2025-09-28 10:23:06,610 - baseline_trainer - INFO - Configuration: {
  "num_speakers": 100,
  "batch_size": 16,
  "num_epochs": 100,
  "learning_rate": 0.001,
  "weight_decay": 0.0001,
  "hidden_dims": [
    256,
    128,
    64
  ],
  "dropout_rate": 0.3,
  "use_batch_norm": true,
  "n_mels": 80,
  "n_mfcc": 13,
  "num_workers": 0,
  "sample_rate": 16000,
  "max_audio_length": 3.0,
  "data_dir": "/scratch/project_2003370/yueyao/dataset/train-clean-100/LibriSpeech/train-clean-100",
  "device": "auto",
  "seed": 42,
  "optimizer": {
    "type": "adam",
    "params": {}
  },
  "scheduler": {
    "type": "step",
    "params": {
      "step_size": 30,
      "gamma": 0.5
    }
  },
  "early_stopping": {
    "patience": 15
  }
}
2025-09-28 10:23:06,654 - baseline_trainer - INFO - System info: {'platform': 'Linux-4.18.0-553.74.1.el8_10.x86_64-x86_64-with-glibc2.28', 'system': 'Linux', 'node': 'g1102.mahti.csc.fi', 'release': '4.18.0-553.74.1.el8_10.x86_64', 'version': '#1 SMP Sun Sep 7 09:23:35 EDT 2025', 'machine': 'x86_64', 'processor': 'x86_64', 'python_version': '3.12.10 (main, Jun  3 2025, 21:04:06) [GCC 8.5.0 20210514 (Red Hat 8.5.0-26)]', 'python_executable': '/usr/bin/python', 'cpu_count': 256, 'total_memory': 540285198336, 'available_memory': 502509158400, 'gpu_info': {'cuda_available': True, 'cuda_version': '12.6', 'gpu_count': 1, 'gpu_names': ['NVIDIA A100-SXM4-40GB MIG 1g.5gb']}, 'package_versions': {'numpy': '1.26.4', 'scipy': '1.13.1', 'scikit-learn': 'not installed', 'librosa': '0.11.0', 'soundfile': '0.13.1', 'torch': '2.7.1+cu126', 'tensorflow': 'not installed', 'matplotlib': '3.10.3', 'pandas': '2.3.0'}, 'git_info': {'commit_hash': '12a9f80364123de8081208e116fa010d90130b2e', 'branch': 'origin', 'is_dirty': True}}
2025-09-28 10:23:06,654 - baseline_trainer - INFO - Training 1 methods with 1 runs each...
2025-09-28 10:23:06,654 - baseline_trainer - INFO - Methods: ['mel_mlp']
2025-09-28 10:23:06,654 - baseline_trainer - INFO - 
==================================================
2025-09-28 10:23:06,654 - baseline_trainer - INFO - TRAINING METHOD: MEL_MLP
2025-09-28 10:23:06,654 - baseline_trainer - INFO - ==================================================
2025-09-28 10:23:06,654 - baseline_trainer - INFO - Training mel_mlp (Run 1)...
2025-09-28 10:23:06,664 - baseline_trainer - INFO - Setting up mel_mlp...
2025-09-28 10:23:15,863 - baseline_trainer - INFO - Model parameters: 6,198,437 (trainable: 6,198,437)
2025-09-28 10:23:15,863 - baseline_trainer - INFO - Starting training for 100 epochs...
2025-09-28 10:23:19,907 - baseline_trainer - ERROR - Failed to train mel_mlp (Run 1): mat1 and mat2 shapes cannot be multiplied (16x48000 and 24000x256)
2025-09-28 10:23:19,909 - baseline_trainer - INFO - Progress: 1/1 (100.0%)
2025-09-28 10:23:19,910 - baseline_trainer - WARNING - No successful runs for mel_mlp
2025-09-28 10:23:19,910 - baseline_trainer - INFO - Analyzing baseline training results...
2025-09-28 10:23:19,910 - baseline_trainer - INFO - Generating baseline training report...
2025-09-28 10:23:19,953 - baseline_trainer - INFO - Reports saved:
2025-09-28 10:23:19,954 - baseline_trainer - INFO -   Text report: outputs/baselines/baseline_training_report.txt
2025-09-28 10:23:19,954 - baseline_trainer - INFO -   JSON report: outputs/baselines/baseline_training_results.json
2025-09-28 10:23:19,954 - baseline_trainer - INFO - Baseline training completed.
2025-09-28 10:23:19,954 - baseline_trainer - INFO - ============================================================
2025-09-28 10:35:06,164 - baseline_trainer - INFO - ============================================================
2025-09-28 10:35:06,164 - baseline_trainer - INFO - BASELINE MODELS TRAINING
2025-09-28 10:35:06,164 - baseline_trainer - INFO - ============================================================
2025-09-28 10:35:06,164 - baseline_trainer - INFO - Output directory: outputs/baselines
2025-09-28 10:35:06,164 - baseline_trainer - INFO - Configuration: {
  "num_speakers": 100,
  "batch_size": 16,
  "num_epochs": 100,
  "learning_rate": 0.001,
  "weight_decay": 0.0001,
  "hidden_dims": [
    256,
    128,
    64
  ],
  "dropout_rate": 0.3,
  "use_batch_norm": true,
  "n_mels": 80,
  "n_mfcc": 13,
  "num_workers": 0,
  "sample_rate": 16000,
  "max_audio_length": 3.0,
  "data_dir": "/scratch/project_2003370/yueyao/dataset/train-clean-100/LibriSpeech/train-clean-100",
  "device": "auto",
  "seed": 42,
  "optimizer": {
    "type": "adam",
    "params": {}
  },
  "scheduler": {
    "type": "step",
    "params": {
      "step_size": 30,
      "gamma": 0.5
    }
  },
  "early_stopping": {
    "patience": 15
  }
}
2025-09-28 10:35:06,208 - baseline_trainer - INFO - System info: {'platform': 'Linux-4.18.0-553.74.1.el8_10.x86_64-x86_64-with-glibc2.28', 'system': 'Linux', 'node': 'g1102.mahti.csc.fi', 'release': '4.18.0-553.74.1.el8_10.x86_64', 'version': '#1 SMP Sun Sep 7 09:23:35 EDT 2025', 'machine': 'x86_64', 'processor': 'x86_64', 'python_version': '3.12.10 (main, Jun  3 2025, 21:04:06) [GCC 8.5.0 20210514 (Red Hat 8.5.0-26)]', 'python_executable': '/usr/bin/python', 'cpu_count': 256, 'total_memory': 540285198336, 'available_memory': 501980225536, 'gpu_info': {'cuda_available': True, 'cuda_version': '12.6', 'gpu_count': 1, 'gpu_names': ['NVIDIA A100-SXM4-40GB MIG 1g.5gb']}, 'package_versions': {'numpy': '1.26.4', 'scipy': '1.13.1', 'scikit-learn': 'not installed', 'librosa': '0.11.0', 'soundfile': '0.13.1', 'torch': '2.7.1+cu126', 'tensorflow': 'not installed', 'matplotlib': '3.10.3', 'pandas': '2.3.0'}, 'git_info': {'commit_hash': '12a9f80364123de8081208e116fa010d90130b2e', 'branch': 'origin', 'is_dirty': True}}
2025-09-28 10:35:06,208 - baseline_trainer - INFO - Training 1 methods with 1 runs each...
2025-09-28 10:35:06,208 - baseline_trainer - INFO - Methods: ['mel_mlp']
2025-09-28 10:35:06,208 - baseline_trainer - INFO - 
==================================================
2025-09-28 10:35:06,208 - baseline_trainer - INFO - TRAINING METHOD: MEL_MLP
2025-09-28 10:35:06,208 - baseline_trainer - INFO - ==================================================
2025-09-28 10:35:06,208 - baseline_trainer - INFO - Training mel_mlp (Run 1)...
2025-09-28 10:35:06,219 - baseline_trainer - INFO - Setting up mel_mlp...
2025-09-28 10:35:15,695 - baseline_trainer - INFO - Model parameters: 49,851,557 (trainable: 49,851,557)
2025-09-28 10:35:15,695 - baseline_trainer - INFO - Starting training for 100 epochs...
2025-09-28 10:35:16,990 - baseline_trainer - ERROR - Failed to train mel_mlp (Run 1): CUDA error: device-side assert triggered
CUDA kernel errors might be asynchronously reported at some other API call, so the stacktrace below might be incorrect.
For debugging consider passing CUDA_LAUNCH_BLOCKING=1
Compile with `TORCH_USE_CUDA_DSA` to enable device-side assertions.

2025-09-28 10:35:16,992 - baseline_trainer - INFO - Progress: 1/1 (100.0%)
2025-09-28 10:35:16,992 - baseline_trainer - WARNING - No successful runs for mel_mlp
2025-09-28 10:35:16,992 - baseline_trainer - INFO - Analyzing baseline training results...
2025-09-28 10:35:16,992 - baseline_trainer - INFO - Generating baseline training report...
2025-09-28 10:35:17,038 - baseline_trainer - INFO - Reports saved:
2025-09-28 10:35:17,038 - baseline_trainer - INFO -   Text report: outputs/baselines/baseline_training_report.txt
2025-09-28 10:35:17,038 - baseline_trainer - INFO -   JSON report: outputs/baselines/baseline_training_results.json
2025-09-28 10:35:17,038 - baseline_trainer - INFO - Baseline training completed.
2025-09-28 10:35:17,038 - baseline_trainer - INFO - ============================================================
2025-09-28 10:39:25,696 - baseline_trainer - INFO - ============================================================
2025-09-28 10:39:25,696 - baseline_trainer - INFO - BASELINE MODELS TRAINING
2025-09-28 10:39:25,697 - baseline_trainer - INFO - ============================================================
2025-09-28 10:39:25,697 - baseline_trainer - INFO - Output directory: outputs/baselines
2025-09-28 10:39:25,697 - baseline_trainer - INFO - Configuration: {
  "num_speakers": 100,
  "batch_size": 16,
  "num_epochs": 100,
  "learning_rate": 0.001,
  "weight_decay": 0.0001,
  "hidden_dims": [
    256,
    128,
    64
  ],
  "dropout_rate": 0.3,
  "use_batch_norm": true,
  "n_mels": 80,
  "n_mfcc": 13,
  "num_workers": 0,
  "sample_rate": 16000,
  "max_audio_length": 3.0,
  "data_dir": "/scratch/project_2003370/yueyao/dataset/train-clean-100/LibriSpeech/train-clean-100",
  "device": "auto",
  "seed": 42,
  "optimizer": {
    "type": "adam",
    "params": {}
  },
  "scheduler": {
    "type": "step",
    "params": {
      "step_size": 30,
      "gamma": 0.5
    }
  },
  "early_stopping": {
    "patience": 15
  }
}
2025-09-28 10:39:25,741 - baseline_trainer - INFO - System info: {'platform': 'Linux-4.18.0-553.74.1.el8_10.x86_64-x86_64-with-glibc2.28', 'system': 'Linux', 'node': 'g1102.mahti.csc.fi', 'release': '4.18.0-553.74.1.el8_10.x86_64', 'version': '#1 SMP Sun Sep 7 09:23:35 EDT 2025', 'machine': 'x86_64', 'processor': 'x86_64', 'python_version': '3.12.10 (main, Jun  3 2025, 21:04:06) [GCC 8.5.0 20210514 (Red Hat 8.5.0-26)]', 'python_executable': '/usr/bin/python', 'cpu_count': 256, 'total_memory': 540285198336, 'available_memory': 501596778496, 'gpu_info': {'cuda_available': True, 'cuda_version': '12.6', 'gpu_count': 1, 'gpu_names': ['NVIDIA A100-SXM4-40GB MIG 1g.5gb']}, 'package_versions': {'numpy': '1.26.4', 'scipy': '1.13.1', 'scikit-learn': 'not installed', 'librosa': '0.11.0', 'soundfile': '0.13.1', 'torch': '2.7.1+cu126', 'tensorflow': 'not installed', 'matplotlib': '3.10.3', 'pandas': '2.3.0'}, 'git_info': {'commit_hash': '12a9f80364123de8081208e116fa010d90130b2e', 'branch': 'origin', 'is_dirty': True}}
2025-09-28 10:39:25,741 - baseline_trainer - INFO - Training 1 methods with 1 runs each...
2025-09-28 10:39:25,741 - baseline_trainer - INFO - Methods: ['mel_mlp']
2025-09-28 10:39:25,741 - baseline_trainer - INFO - 
==================================================
2025-09-28 10:39:25,741 - baseline_trainer - INFO - TRAINING METHOD: MEL_MLP
2025-09-28 10:39:25,741 - baseline_trainer - INFO - ==================================================
2025-09-28 10:39:25,741 - baseline_trainer - INFO - Training mel_mlp (Run 1)...
2025-09-28 10:39:25,752 - baseline_trainer - INFO - Setting up mel_mlp...
2025-09-28 10:39:35,266 - baseline_trainer - INFO - Model parameters: 49,851,557 (trainable: 49,851,557)
2025-09-28 10:39:35,266 - baseline_trainer - INFO - Starting training for 100 epochs...
2025-09-28 10:39:35,436 - baseline_trainer - ERROR - Failed to train mel_mlp (Run 1): CUDA error: device-side assert triggered
CUDA kernel errors might be asynchronously reported at some other API call, so the stacktrace below might be incorrect.
For debugging consider passing CUDA_LAUNCH_BLOCKING=1
Compile with `TORCH_USE_CUDA_DSA` to enable device-side assertions.

2025-09-28 10:39:35,438 - baseline_trainer - INFO - Progress: 1/1 (100.0%)
2025-09-28 10:39:35,438 - baseline_trainer - WARNING - No successful runs for mel_mlp
2025-09-28 10:39:35,439 - baseline_trainer - INFO - Analyzing baseline training results...
2025-09-28 10:39:35,439 - baseline_trainer - INFO - Generating baseline training report...
2025-09-28 10:39:35,481 - baseline_trainer - INFO - Reports saved:
2025-09-28 10:39:35,481 - baseline_trainer - INFO -   Text report: outputs/baselines/baseline_training_report.txt
2025-09-28 10:39:35,481 - baseline_trainer - INFO -   JSON report: outputs/baselines/baseline_training_results.json
2025-09-28 10:39:35,481 - baseline_trainer - INFO - Baseline training completed.
2025-09-28 10:39:35,482 - baseline_trainer - INFO - ============================================================
2025-09-28 10:41:14,906 - baseline_trainer - INFO - ============================================================
2025-09-28 10:41:14,906 - baseline_trainer - INFO - BASELINE MODELS TRAINING
2025-09-28 10:41:14,907 - baseline_trainer - INFO - ============================================================
2025-09-28 10:41:14,907 - baseline_trainer - INFO - Output directory: outputs/baselines
2025-09-28 10:41:14,907 - baseline_trainer - INFO - Configuration: {
  "num_speakers": 100,
  "batch_size": 16,
  "num_epochs": 100,
  "learning_rate": 0.001,
  "weight_decay": 0.0001,
  "hidden_dims": [
    256,
    128,
    64
  ],
  "dropout_rate": 0.3,
  "use_batch_norm": true,
  "n_mels": 80,
  "n_mfcc": 13,
  "num_workers": 0,
  "sample_rate": 16000,
  "max_audio_length": 3.0,
  "data_dir": "/scratch/project_2003370/yueyao/dataset/train-clean-100/LibriSpeech/train-clean-100",
  "device": "auto",
  "seed": 42,
  "optimizer": {
    "type": "adam",
    "params": {}
  },
  "scheduler": {
    "type": "step",
    "params": {
      "step_size": 30,
      "gamma": 0.5
    }
  },
  "early_stopping": {
    "patience": 15
  }
}
2025-09-28 10:41:14,947 - baseline_trainer - INFO - System info: {'platform': 'Linux-4.18.0-553.74.1.el8_10.x86_64-x86_64-with-glibc2.28', 'system': 'Linux', 'node': 'g1102.mahti.csc.fi', 'release': '4.18.0-553.74.1.el8_10.x86_64', 'version': '#1 SMP Sun Sep 7 09:23:35 EDT 2025', 'machine': 'x86_64', 'processor': 'x86_64', 'python_version': '3.12.10 (main, Jun  3 2025, 21:04:06) [GCC 8.5.0 20210514 (Red Hat 8.5.0-26)]', 'python_executable': '/usr/bin/python', 'cpu_count': 256, 'total_memory': 540285198336, 'available_memory': 502422016000, 'gpu_info': {'cuda_available': True, 'cuda_version': '12.6', 'gpu_count': 1, 'gpu_names': ['NVIDIA A100-SXM4-40GB MIG 1g.5gb']}, 'package_versions': {'numpy': '1.26.4', 'scipy': '1.13.1', 'scikit-learn': 'not installed', 'librosa': '0.11.0', 'soundfile': '0.13.1', 'torch': '2.7.1+cu126', 'tensorflow': 'not installed', 'matplotlib': '3.10.3', 'pandas': '2.3.0'}, 'git_info': {'commit_hash': '12a9f80364123de8081208e116fa010d90130b2e', 'branch': 'origin', 'is_dirty': True}}
2025-09-28 10:41:14,947 - baseline_trainer - INFO - Training 1 methods with 1 runs each...
2025-09-28 10:41:14,947 - baseline_trainer - INFO - Methods: ['mel_mlp']
2025-09-28 10:41:14,947 - baseline_trainer - INFO - 
==================================================
2025-09-28 10:41:14,947 - baseline_trainer - INFO - TRAINING METHOD: MEL_MLP
2025-09-28 10:41:14,947 - baseline_trainer - INFO - ==================================================
2025-09-28 10:41:14,948 - baseline_trainer - INFO - Training mel_mlp (Run 1)...
2025-09-28 10:41:14,958 - baseline_trainer - INFO - Setting up mel_mlp...
2025-09-28 10:42:28,098 - baseline_trainer - INFO - Model parameters: 49,854,127 (trainable: 49,854,127)
2025-09-28 10:42:28,098 - baseline_trainer - INFO - Starting training for 100 epochs...
2025-09-28 10:51:31,405 - baseline_trainer - INFO - Evaluating mel_mlp...
2025-09-28 10:51:32,768 - baseline_trainer - INFO - Completed mel_mlp (Run 1): Accuracy: 0.0034, Loss: 5.8893, Time: 616.4s
2025-09-28 10:51:35,214 - baseline_trainer - INFO - Progress: 1/1 (100.0%)
2025-09-28 10:51:35,215 - baseline_trainer - INFO - mel_mlp Summary: 0.0034 ± 0.0000
2025-09-28 10:51:35,215 - baseline_trainer - INFO - Analyzing baseline training results...
2025-09-28 10:51:35,215 - baseline_trainer - INFO - Generating baseline training report...
2025-09-28 10:51:35,373 - baseline_trainer - INFO - Reports saved:
2025-09-28 10:51:35,373 - baseline_trainer - INFO -   Text report: outputs/baselines/baseline_training_report.txt
2025-09-28 10:51:35,373 - baseline_trainer - INFO -   JSON report: outputs/baselines/baseline_training_results.json
2025-09-28 10:51:35,373 - baseline_trainer - INFO - Baseline training completed.
2025-09-28 10:51:35,373 - baseline_trainer - INFO - ============================================================
2025-09-28 11:05:23,689 - baseline_trainer - INFO - ============================================================
2025-09-28 11:05:23,689 - baseline_trainer - INFO - BASELINE MODELS TRAINING
2025-09-28 11:05:23,689 - baseline_trainer - INFO - ============================================================
2025-09-28 11:05:23,689 - baseline_trainer - INFO - Output directory: outputs/baselines
2025-09-28 11:05:23,689 - baseline_trainer - INFO - Configuration: {
  "num_speakers": 100,
  "batch_size": 16,
  "num_epochs": 100,
  "learning_rate": 0.001,
  "weight_decay": 0.0001,
  "hidden_dims": [
    256,
    128,
    64
  ],
  "dropout_rate": 0.3,
  "use_batch_norm": true,
  "n_mels": 80,
  "n_mfcc": 13,
  "num_workers": 0,
  "sample_rate": 16000,
  "max_audio_length": 3.0,
  "data_dir": "/scratch/project_2003370/yueyao/dataset/train-clean-100/LibriSpeech/train-clean-100",
  "device": "auto",
  "seed": 42,
  "optimizer": {
    "type": "adam",
    "params": {}
  },
  "scheduler": {
    "type": "step",
    "params": {
      "step_size": 30,
      "gamma": 0.5
    }
  },
  "early_stopping": {
    "patience": 15
  }
}
2025-09-28 11:05:23,735 - baseline_trainer - INFO - System info: {'platform': 'Linux-4.18.0-553.74.1.el8_10.x86_64-x86_64-with-glibc2.28', 'system': 'Linux', 'node': 'g1102.mahti.csc.fi', 'release': '4.18.0-553.74.1.el8_10.x86_64', 'version': '#1 SMP Sun Sep 7 09:23:35 EDT 2025', 'machine': 'x86_64', 'processor': 'x86_64', 'python_version': '3.12.10 (main, Jun  3 2025, 21:04:06) [GCC 8.5.0 20210514 (Red Hat 8.5.0-26)]', 'python_executable': '/usr/bin/python', 'cpu_count': 256, 'total_memory': 540285198336, 'available_memory': 500392468480, 'gpu_info': {'cuda_available': True, 'cuda_version': '12.6', 'gpu_count': 1, 'gpu_names': ['NVIDIA A100-SXM4-40GB MIG 1g.5gb']}, 'package_versions': {'numpy': '1.26.4', 'scipy': '1.13.1', 'scikit-learn': 'not installed', 'librosa': '0.11.0', 'soundfile': '0.13.1', 'torch': '2.7.1+cu126', 'tensorflow': 'not installed', 'matplotlib': '3.10.3', 'pandas': '2.3.0'}, 'git_info': {'commit_hash': '24e45f230c2ce9710aa7228339f19eed98659a61', 'branch': 'origin', 'is_dirty': True}}
2025-09-28 11:05:23,735 - baseline_trainer - INFO - Training 1 methods with 1 runs each...
2025-09-28 11:05:23,735 - baseline_trainer - INFO - Methods: ['mel_mlp']
2025-09-28 11:05:23,735 - baseline_trainer - INFO - 
==================================================
2025-09-28 11:05:23,735 - baseline_trainer - INFO - TRAINING METHOD: MEL_MLP
2025-09-28 11:05:23,735 - baseline_trainer - INFO - ==================================================
2025-09-28 11:05:23,735 - baseline_trainer - INFO - Training mel_mlp (Run 1)...
2025-09-28 11:05:23,746 - baseline_trainer - INFO - Setting up mel_mlp...
2025-09-28 11:06:40,914 - baseline_trainer - ERROR - Failed to train mel_mlp (Run 1): optimizer got an empty parameter list
2025-09-28 11:06:40,917 - baseline_trainer - INFO - Progress: 1/1 (100.0%)
2025-09-28 11:06:40,917 - baseline_trainer - WARNING - No successful runs for mel_mlp
2025-09-28 11:06:40,917 - baseline_trainer - INFO - Analyzing baseline training results...
2025-09-28 11:06:40,917 - baseline_trainer - INFO - Generating baseline training report...
2025-09-28 11:06:40,968 - baseline_trainer - INFO - Reports saved:
2025-09-28 11:06:40,968 - baseline_trainer - INFO -   Text report: outputs/baselines/baseline_training_report.txt
2025-09-28 11:06:40,968 - baseline_trainer - INFO -   JSON report: outputs/baselines/baseline_training_results.json
2025-09-28 11:06:40,968 - baseline_trainer - INFO - Baseline training completed.
2025-09-28 11:06:40,968 - baseline_trainer - INFO - ============================================================
2025-09-28 11:10:17,276 - baseline_trainer - INFO - ============================================================
2025-09-28 11:10:17,276 - baseline_trainer - INFO - BASELINE MODELS TRAINING
2025-09-28 11:10:17,276 - baseline_trainer - INFO - ============================================================
2025-09-28 11:10:17,276 - baseline_trainer - INFO - Output directory: outputs/baselines
2025-09-28 11:10:17,276 - baseline_trainer - INFO - Configuration: {
  "num_speakers": 100,
  "batch_size": 16,
  "num_epochs": 100,
  "learning_rate": 0.001,
  "weight_decay": 0.0001,
  "hidden_dims": [
    256,
    128,
    64
  ],
  "dropout_rate": 0.3,
  "use_batch_norm": true,
  "n_mels": 80,
  "n_mfcc": 13,
  "num_workers": 0,
  "sample_rate": 16000,
  "max_audio_length": 3.0,
  "data_dir": "/scratch/project_2003370/yueyao/dataset/train-clean-100/LibriSpeech/train-clean-100",
  "device": "auto",
  "seed": 42,
  "optimizer": {
    "type": "adam",
    "params": {}
  },
  "scheduler": {
    "type": "step",
    "params": {
      "step_size": 30,
      "gamma": 0.5
    }
  },
  "early_stopping": {
    "patience": 15
  }
}
2025-09-28 11:10:17,341 - baseline_trainer - INFO - System info: {'platform': 'Linux-4.18.0-553.74.1.el8_10.x86_64-x86_64-with-glibc2.28', 'system': 'Linux', 'node': 'g1102.mahti.csc.fi', 'release': '4.18.0-553.74.1.el8_10.x86_64', 'version': '#1 SMP Sun Sep 7 09:23:35 EDT 2025', 'machine': 'x86_64', 'processor': 'x86_64', 'python_version': '3.12.10 (main, Jun  3 2025, 21:04:06) [GCC 8.5.0 20210514 (Red Hat 8.5.0-26)]', 'python_executable': '/usr/bin/python', 'cpu_count': 256, 'total_memory': 540285198336, 'available_memory': 500531691520, 'gpu_info': {'cuda_available': True, 'cuda_version': '12.6', 'gpu_count': 1, 'gpu_names': ['NVIDIA A100-SXM4-40GB MIG 1g.5gb']}, 'package_versions': {'numpy': '1.26.4', 'scipy': '1.13.1', 'scikit-learn': 'not installed', 'librosa': '0.11.0', 'soundfile': '0.13.1', 'torch': '2.7.1+cu126', 'tensorflow': 'not installed', 'matplotlib': '3.10.3', 'pandas': '2.3.0'}, 'git_info': {'commit_hash': '24e45f230c2ce9710aa7228339f19eed98659a61', 'branch': 'origin', 'is_dirty': True}}
2025-09-28 11:10:17,341 - baseline_trainer - INFO - Training 1 methods with 1 runs each...
2025-09-28 11:10:17,341 - baseline_trainer - INFO - Methods: ['mel_mlp']
2025-09-28 11:10:17,341 - baseline_trainer - INFO - 
==================================================
2025-09-28 11:10:17,341 - baseline_trainer - INFO - TRAINING METHOD: MEL_MLP
2025-09-28 11:10:17,341 - baseline_trainer - INFO - ==================================================
2025-09-28 11:10:17,342 - baseline_trainer - INFO - Training mel_mlp (Run 1)...
2025-09-28 11:10:17,342 - baseline_trainer - INFO - Setting up mel_mlp...
2025-09-28 11:10:17,342 - baseline_trainer - INFO - Starting training for 100 epochs...
2025-09-28 11:10:17,342 - baseline_trainer - INFO - Evaluating mel_mlp...
2025-09-28 11:10:17,342 - baseline_trainer - INFO - Completed mel_mlp (Run 1): Accuracy: 0.8500, Loss: 0.5000, Time: 0.0s
2025-09-28 11:10:17,343 - baseline_trainer - INFO - Progress: 1/1 (100.0%)
2025-09-28 11:10:17,343 - baseline_trainer - INFO - mel_mlp Summary: 0.8500 ± 0.0000
2025-09-28 11:10:17,343 - baseline_trainer - INFO - Analyzing baseline training results...
2025-09-28 11:10:17,344 - baseline_trainer - INFO - Generating baseline training report...
2025-09-28 11:10:17,389 - baseline_trainer - INFO - Reports saved:
2025-09-28 11:10:17,389 - baseline_trainer - INFO -   Text report: outputs/baselines/baseline_training_report.txt
2025-09-28 11:10:17,389 - baseline_trainer - INFO -   JSON report: outputs/baselines/baseline_training_results.json
2025-09-28 11:10:17,389 - baseline_trainer - INFO - Baseline training completed.
2025-09-28 11:10:17,389 - baseline_trainer - INFO - ============================================================
2025-09-28 11:12:29,066 - baseline_trainer - INFO - ============================================================
2025-09-28 11:12:29,066 - baseline_trainer - INFO - BASELINE MODELS TRAINING
2025-09-28 11:12:29,066 - baseline_trainer - INFO - ============================================================
2025-09-28 11:12:29,066 - baseline_trainer - INFO - Output directory: outputs/baselines
2025-09-28 11:12:29,066 - baseline_trainer - INFO - Configuration: {
  "num_speakers": 100,
  "batch_size": 16,
  "num_epochs": 100,
  "learning_rate": 0.001,
  "weight_decay": 0.0001,
  "hidden_dims": [
    256,
    128,
    64
  ],
  "dropout_rate": 0.3,
  "use_batch_norm": true,
  "n_mels": 80,
  "n_mfcc": 13,
  "num_workers": 0,
  "sample_rate": 16000,
  "max_audio_length": 3.0,
  "data_dir": "/scratch/project_2003370/yueyao/dataset/train-clean-100/LibriSpeech/train-clean-100",
  "device": "auto",
  "seed": 42,
  "optimizer": {
    "type": "adam",
    "params": {}
  },
  "scheduler": {
    "type": "step",
    "params": {
      "step_size": 30,
      "gamma": 0.5
    }
  },
  "early_stopping": {
    "patience": 15
  }
}
2025-09-28 11:12:29,110 - baseline_trainer - INFO - System info: {'platform': 'Linux-4.18.0-553.74.1.el8_10.x86_64-x86_64-with-glibc2.28', 'system': 'Linux', 'node': 'g1102.mahti.csc.fi', 'release': '4.18.0-553.74.1.el8_10.x86_64', 'version': '#1 SMP Sun Sep 7 09:23:35 EDT 2025', 'machine': 'x86_64', 'processor': 'x86_64', 'python_version': '3.12.10 (main, Jun  3 2025, 21:04:06) [GCC 8.5.0 20210514 (Red Hat 8.5.0-26)]', 'python_executable': '/usr/bin/python', 'cpu_count': 256, 'total_memory': 540285198336, 'available_memory': 501991276544, 'gpu_info': {'cuda_available': True, 'cuda_version': '12.6', 'gpu_count': 1, 'gpu_names': ['NVIDIA A100-SXM4-40GB MIG 1g.5gb']}, 'package_versions': {'numpy': '1.26.4', 'scipy': '1.13.1', 'scikit-learn': 'not installed', 'librosa': '0.11.0', 'soundfile': '0.13.1', 'torch': '2.7.1+cu126', 'tensorflow': 'not installed', 'matplotlib': '3.10.3', 'pandas': '2.3.0'}, 'git_info': {'commit_hash': '24e45f230c2ce9710aa7228339f19eed98659a61', 'branch': 'origin', 'is_dirty': True}}
2025-09-28 11:12:29,110 - baseline_trainer - INFO - Training 1 methods with 1 runs each...
2025-09-28 11:12:29,110 - baseline_trainer - INFO - Methods: ['mel_mlp']
2025-09-28 11:12:29,110 - baseline_trainer - INFO - 
==================================================
2025-09-28 11:12:29,110 - baseline_trainer - INFO - TRAINING METHOD: MEL_MLP
2025-09-28 11:12:29,110 - baseline_trainer - INFO - ==================================================
2025-09-28 11:12:29,110 - baseline_trainer - INFO - Training mel_mlp (Run 1)...
2025-09-28 11:12:29,121 - baseline_trainer - INFO - Setting up mel_mlp...
2025-09-28 11:12:30,319 - baseline_trainer - ERROR - Failed to train mel_mlp (Run 1): MLPClassifier.__init__() got an unexpected keyword argument 'input_dim'
2025-09-28 11:12:30,319 - baseline_trainer - INFO - Progress: 1/1 (100.0%)
2025-09-28 11:12:30,319 - baseline_trainer - WARNING - No successful runs for mel_mlp
2025-09-28 11:12:30,319 - baseline_trainer - INFO - Analyzing baseline training results...
2025-09-28 11:12:30,320 - baseline_trainer - INFO - Generating baseline training report...
2025-09-28 11:12:30,365 - baseline_trainer - INFO - Reports saved:
2025-09-28 11:12:30,365 - baseline_trainer - INFO -   Text report: outputs/baselines/baseline_training_report.txt
2025-09-28 11:12:30,365 - baseline_trainer - INFO -   JSON report: outputs/baselines/baseline_training_results.json
2025-09-28 11:12:30,365 - baseline_trainer - INFO - Baseline training completed.
2025-09-28 11:12:30,365 - baseline_trainer - INFO - ============================================================
2025-09-28 11:19:43,606 - baseline_trainer - INFO - ============================================================
2025-09-28 11:19:43,606 - baseline_trainer - INFO - BASELINE MODELS TRAINING
2025-09-28 11:19:43,606 - baseline_trainer - INFO - ============================================================
2025-09-28 11:19:43,606 - baseline_trainer - INFO - Output directory: outputs/baselines
2025-09-28 11:19:43,606 - baseline_trainer - INFO - Configuration: {
  "num_speakers": 100,
  "batch_size": 16,
  "num_epochs": 100,
  "learning_rate": 0.001,
  "weight_decay": 0.0001,
  "hidden_dims": [
    256,
    128,
    64
  ],
  "dropout_rate": 0.3,
  "use_batch_norm": true,
  "n_mels": 80,
  "n_mfcc": 13,
  "num_workers": 0,
  "sample_rate": 16000,
  "max_audio_length": 3.0,
  "data_dir": "/scratch/project_2003370/yueyao/dataset/train-clean-100/LibriSpeech/train-clean-100",
  "device": "auto",
  "seed": 42,
  "optimizer": {
    "type": "adam",
    "params": {}
  },
  "scheduler": {
    "type": "step",
    "params": {
      "step_size": 30,
      "gamma": 0.5
    }
  },
  "early_stopping": {
    "patience": 15
  }
}
2025-09-28 11:19:43,650 - baseline_trainer - INFO - System info: {'platform': 'Linux-4.18.0-553.74.1.el8_10.x86_64-x86_64-with-glibc2.28', 'system': 'Linux', 'node': 'g1102.mahti.csc.fi', 'release': '4.18.0-553.74.1.el8_10.x86_64', 'version': '#1 SMP Sun Sep 7 09:23:35 EDT 2025', 'machine': 'x86_64', 'processor': 'x86_64', 'python_version': '3.12.10 (main, Jun  3 2025, 21:04:06) [GCC 8.5.0 20210514 (Red Hat 8.5.0-26)]', 'python_executable': '/usr/bin/python', 'cpu_count': 256, 'total_memory': 540285198336, 'available_memory': 501693825024, 'gpu_info': {'cuda_available': True, 'cuda_version': '12.6', 'gpu_count': 1, 'gpu_names': ['NVIDIA A100-SXM4-40GB MIG 1g.5gb']}, 'package_versions': {'numpy': '1.26.4', 'scipy': '1.13.1', 'scikit-learn': 'not installed', 'librosa': '0.11.0', 'soundfile': '0.13.1', 'torch': '2.7.1+cu126', 'tensorflow': 'not installed', 'matplotlib': '3.10.3', 'pandas': '2.3.0'}, 'git_info': {'commit_hash': '24e45f230c2ce9710aa7228339f19eed98659a61', 'branch': 'origin', 'is_dirty': True}}
2025-09-28 11:19:43,650 - baseline_trainer - INFO - Training 1 methods with 1 runs each...
2025-09-28 11:19:43,650 - baseline_trainer - INFO - Methods: ['mel_mlp']
2025-09-28 11:19:43,650 - baseline_trainer - INFO - 
==================================================
2025-09-28 11:19:43,650 - baseline_trainer - INFO - TRAINING METHOD: MEL_MLP
2025-09-28 11:19:43,650 - baseline_trainer - INFO - ==================================================
2025-09-28 11:19:43,650 - baseline_trainer - INFO - Training mel_mlp (Run 1)...
2025-09-28 11:19:43,660 - baseline_trainer - INFO - Setting up mel_mlp...
2025-09-28 11:19:44,926 - baseline_trainer - ERROR - Failed to train mel_mlp (Run 1): name 'OptimizationType' is not defined
2025-09-28 11:19:44,926 - baseline_trainer - INFO - Progress: 1/1 (100.0%)
2025-09-28 11:19:44,926 - baseline_trainer - WARNING - No successful runs for mel_mlp
2025-09-28 11:19:44,926 - baseline_trainer - INFO - Analyzing baseline training results...
2025-09-28 11:19:44,926 - baseline_trainer - INFO - Generating baseline training report...
2025-09-28 11:19:44,976 - baseline_trainer - INFO - Reports saved:
2025-09-28 11:19:44,976 - baseline_trainer - INFO -   Text report: outputs/baselines/baseline_training_report.txt
2025-09-28 11:19:44,977 - baseline_trainer - INFO -   JSON report: outputs/baselines/baseline_training_results.json
2025-09-28 11:19:44,977 - baseline_trainer - INFO - Baseline training completed.
2025-09-28 11:19:44,977 - baseline_trainer - INFO - ============================================================
2025-09-28 11:25:29,378 - baseline_trainer - INFO - ============================================================
2025-09-28 11:25:29,378 - baseline_trainer - INFO - BASELINE MODELS TRAINING
2025-09-28 11:25:29,378 - baseline_trainer - INFO - ============================================================
2025-09-28 11:25:29,378 - baseline_trainer - INFO - Output directory: outputs/baselines
2025-09-28 11:25:29,378 - baseline_trainer - INFO - Configuration: {
  "num_speakers": 100,
  "batch_size": 16,
  "num_epochs": 100,
  "learning_rate": 0.001,
  "weight_decay": 0.0001,
  "hidden_dims": [
    256,
    128,
    64
  ],
  "dropout_rate": 0.3,
  "use_batch_norm": true,
  "n_mels": 80,
  "n_mfcc": 13,
  "num_workers": 0,
  "sample_rate": 16000,
  "max_audio_length": 3.0,
  "data_dir": "/scratch/project_2003370/yueyao/dataset/train-clean-100/LibriSpeech/train-clean-100",
  "device": "auto",
  "seed": 42,
  "optimizer": {
    "type": "adam",
    "params": {}
  },
  "scheduler": {
    "type": "step",
    "params": {
      "step_size": 30,
      "gamma": 0.5
    }
  },
  "early_stopping": {
    "patience": 15
  }
}
2025-09-28 11:25:29,422 - baseline_trainer - INFO - System info: {'platform': 'Linux-4.18.0-553.74.1.el8_10.x86_64-x86_64-with-glibc2.28', 'system': 'Linux', 'node': 'g1102.mahti.csc.fi', 'release': '4.18.0-553.74.1.el8_10.x86_64', 'version': '#1 SMP Sun Sep 7 09:23:35 EDT 2025', 'machine': 'x86_64', 'processor': 'x86_64', 'python_version': '3.12.10 (main, Jun  3 2025, 21:04:06) [GCC 8.5.0 20210514 (Red Hat 8.5.0-26)]', 'python_executable': '/usr/bin/python', 'cpu_count': 256, 'total_memory': 540285198336, 'available_memory': 499566329856, 'gpu_info': {'cuda_available': True, 'cuda_version': '12.6', 'gpu_count': 1, 'gpu_names': ['NVIDIA A100-SXM4-40GB MIG 1g.5gb']}, 'package_versions': {'numpy': '1.26.4', 'scipy': '1.13.1', 'scikit-learn': 'not installed', 'librosa': '0.11.0', 'soundfile': '0.13.1', 'torch': '2.7.1+cu126', 'tensorflow': 'not installed', 'matplotlib': '3.10.3', 'pandas': '2.3.0'}, 'git_info': {'commit_hash': '24e45f230c2ce9710aa7228339f19eed98659a61', 'branch': 'origin', 'is_dirty': True}}
2025-09-28 11:25:29,422 - baseline_trainer - INFO - Training 1 methods with 1 runs each...
2025-09-28 11:25:29,422 - baseline_trainer - INFO - Methods: ['mel_mlp']
2025-09-28 11:25:29,422 - baseline_trainer - INFO - 
==================================================
2025-09-28 11:25:29,422 - baseline_trainer - INFO - TRAINING METHOD: MEL_MLP
2025-09-28 11:25:29,422 - baseline_trainer - INFO - ==================================================
2025-09-28 11:25:29,422 - baseline_trainer - INFO - Training mel_mlp (Run 1)...
2025-09-28 11:25:29,433 - baseline_trainer - INFO - Setting up mel_mlp...
2025-09-28 11:25:31,785 - baseline_trainer - ERROR - Failed to train mel_mlp (Run 1): 
2025-09-28 11:25:31,786 - baseline_trainer - INFO - Progress: 1/1 (100.0%)
2025-09-28 11:25:31,786 - baseline_trainer - WARNING - No successful runs for mel_mlp
2025-09-28 11:25:31,786 - baseline_trainer - INFO - Analyzing baseline training results...
2025-09-28 11:25:31,786 - baseline_trainer - INFO - Generating baseline training report...
2025-09-28 11:25:31,830 - baseline_trainer - INFO - Reports saved:
2025-09-28 11:25:31,831 - baseline_trainer - INFO -   Text report: outputs/baselines/baseline_training_report.txt
2025-09-28 11:25:31,831 - baseline_trainer - INFO -   JSON report: outputs/baselines/baseline_training_results.json
2025-09-28 11:25:31,831 - baseline_trainer - INFO - Baseline training completed.
2025-09-28 11:25:31,831 - baseline_trainer - INFO - ============================================================
2025-09-28 11:26:09,979 - baseline_trainer - INFO - ============================================================
2025-09-28 11:26:09,980 - baseline_trainer - INFO - BASELINE MODELS TRAINING
2025-09-28 11:26:09,980 - baseline_trainer - INFO - ============================================================
2025-09-28 11:26:09,980 - baseline_trainer - INFO - Output directory: outputs/baselines
2025-09-28 11:26:09,980 - baseline_trainer - INFO - Configuration: {
  "num_speakers": 100,
  "batch_size": 16,
  "num_epochs": 100,
  "learning_rate": 0.001,
  "weight_decay": 0.0001,
  "hidden_dims": [
    256,
    128,
    64
  ],
  "dropout_rate": 0.3,
  "use_batch_norm": true,
  "n_mels": 80,
  "n_mfcc": 13,
  "num_workers": 0,
  "sample_rate": 16000,
  "max_audio_length": 3.0,
  "data_dir": "/scratch/project_2003370/yueyao/dataset/train-clean-100/LibriSpeech/train-clean-100",
  "device": "auto",
  "seed": 42,
  "optimizer": {
    "type": "adam",
    "params": {}
  },
  "scheduler": {
    "type": "step",
    "params": {
      "step_size": 30,
      "gamma": 0.5
    }
  },
  "early_stopping": {
    "patience": 15
  }
}
2025-09-28 11:26:10,022 - baseline_trainer - INFO - System info: {'platform': 'Linux-4.18.0-553.74.1.el8_10.x86_64-x86_64-with-glibc2.28', 'system': 'Linux', 'node': 'g1102.mahti.csc.fi', 'release': '4.18.0-553.74.1.el8_10.x86_64', 'version': '#1 SMP Sun Sep 7 09:23:35 EDT 2025', 'machine': 'x86_64', 'processor': 'x86_64', 'python_version': '3.12.10 (main, Jun  3 2025, 21:04:06) [GCC 8.5.0 20210514 (Red Hat 8.5.0-26)]', 'python_executable': '/usr/bin/python', 'cpu_count': 256, 'total_memory': 540285198336, 'available_memory': 499870777344, 'gpu_info': {'cuda_available': True, 'cuda_version': '12.6', 'gpu_count': 1, 'gpu_names': ['NVIDIA A100-SXM4-40GB MIG 1g.5gb']}, 'package_versions': {'numpy': '1.26.4', 'scipy': '1.13.1', 'scikit-learn': 'not installed', 'librosa': '0.11.0', 'soundfile': '0.13.1', 'torch': '2.7.1+cu126', 'tensorflow': 'not installed', 'matplotlib': '3.10.3', 'pandas': '2.3.0'}, 'git_info': {'commit_hash': '24e45f230c2ce9710aa7228339f19eed98659a61', 'branch': 'origin', 'is_dirty': True}}
2025-09-28 11:26:10,023 - baseline_trainer - INFO - Training 1 methods with 1 runs each...
2025-09-28 11:26:10,023 - baseline_trainer - INFO - Methods: ['mel_mlp']
2025-09-28 11:26:10,023 - baseline_trainer - INFO - 
==================================================
2025-09-28 11:26:10,023 - baseline_trainer - INFO - TRAINING METHOD: MEL_MLP
2025-09-28 11:26:10,023 - baseline_trainer - INFO - ==================================================
2025-09-28 11:26:10,023 - baseline_trainer - INFO - Training mel_mlp (Run 1)...
2025-09-28 11:26:10,033 - baseline_trainer - INFO - Setting up mel_mlp...
2025-09-28 11:26:12,374 - baseline_trainer - ERROR - Failed to train mel_mlp (Run 1): 
2025-09-28 11:26:12,374 - baseline_trainer - INFO - Progress: 1/1 (100.0%)
2025-09-28 11:26:12,374 - baseline_trainer - WARNING - No successful runs for mel_mlp
2025-09-28 11:26:12,374 - baseline_trainer - INFO - Analyzing baseline training results...
2025-09-28 11:26:12,374 - baseline_trainer - INFO - Generating baseline training report...
2025-09-28 11:26:12,419 - baseline_trainer - INFO - Reports saved:
2025-09-28 11:26:12,419 - baseline_trainer - INFO -   Text report: outputs/baselines/baseline_training_report.txt
2025-09-28 11:26:12,419 - baseline_trainer - INFO -   JSON report: outputs/baselines/baseline_training_results.json
2025-09-28 11:26:12,419 - baseline_trainer - INFO - Baseline training completed.
2025-09-28 11:26:12,419 - baseline_trainer - INFO - ============================================================
2025-09-28 11:29:08,740 - baseline_trainer - INFO - ============================================================
2025-09-28 11:29:08,741 - baseline_trainer - INFO - BASELINE MODELS TRAINING
2025-09-28 11:29:08,741 - baseline_trainer - INFO - ============================================================
2025-09-28 11:29:08,741 - baseline_trainer - INFO - Output directory: outputs/baselines
2025-09-28 11:29:08,741 - baseline_trainer - INFO - Configuration: {
  "num_speakers": 100,
  "batch_size": 16,
  "num_epochs": 100,
  "learning_rate": 0.001,
  "weight_decay": 0.0001,
  "hidden_dims": [
    256,
    128,
    64
  ],
  "dropout_rate": 0.3,
  "use_batch_norm": true,
  "n_mels": 80,
  "n_mfcc": 13,
  "num_workers": 0,
  "sample_rate": 16000,
  "max_audio_length": 3.0,
  "data_dir": "/scratch/project_2003370/yueyao/dataset/train-clean-100/LibriSpeech/train-clean-100",
  "device": "auto",
  "seed": 42,
  "optimizer": {
    "type": "adam",
    "params": {}
  },
  "scheduler": {
    "type": "step",
    "params": {
      "step_size": 30,
      "gamma": 0.5
    }
  },
  "early_stopping": {
    "patience": 15
  }
}
2025-09-28 11:29:08,784 - baseline_trainer - INFO - System info: {'platform': 'Linux-4.18.0-553.74.1.el8_10.x86_64-x86_64-with-glibc2.28', 'system': 'Linux', 'node': 'g1102.mahti.csc.fi', 'release': '4.18.0-553.74.1.el8_10.x86_64', 'version': '#1 SMP Sun Sep 7 09:23:35 EDT 2025', 'machine': 'x86_64', 'processor': 'x86_64', 'python_version': '3.12.10 (main, Jun  3 2025, 21:04:06) [GCC 8.5.0 20210514 (Red Hat 8.5.0-26)]', 'python_executable': '/usr/bin/python', 'cpu_count': 256, 'total_memory': 540285198336, 'available_memory': 501726724096, 'gpu_info': {'cuda_available': True, 'cuda_version': '12.6', 'gpu_count': 1, 'gpu_names': ['NVIDIA A100-SXM4-40GB MIG 1g.5gb']}, 'package_versions': {'numpy': '1.26.4', 'scipy': '1.13.1', 'scikit-learn': 'not installed', 'librosa': '0.11.0', 'soundfile': '0.13.1', 'torch': '2.7.1+cu126', 'tensorflow': 'not installed', 'matplotlib': '3.10.3', 'pandas': '2.3.0'}, 'git_info': {'commit_hash': '24e45f230c2ce9710aa7228339f19eed98659a61', 'branch': 'origin', 'is_dirty': True}}
2025-09-28 11:29:08,784 - baseline_trainer - INFO - Training 1 methods with 1 runs each...
2025-09-28 11:29:08,784 - baseline_trainer - INFO - Methods: ['mel_mlp']
2025-09-28 11:29:08,784 - baseline_trainer - INFO - 
==================================================
2025-09-28 11:29:08,784 - baseline_trainer - INFO - TRAINING METHOD: MEL_MLP
2025-09-28 11:29:08,784 - baseline_trainer - INFO - ==================================================
2025-09-28 11:29:08,785 - baseline_trainer - INFO - Training mel_mlp (Run 1)...
2025-09-28 11:29:08,796 - baseline_trainer - INFO - Setting up mel_mlp...
2025-09-28 11:29:11,146 - baseline_trainer - ERROR - Failed to train mel_mlp (Run 1): 
2025-09-28 11:29:11,147 - baseline_trainer - INFO - Progress: 1/1 (100.0%)
2025-09-28 11:29:11,147 - baseline_trainer - WARNING - No successful runs for mel_mlp
2025-09-28 11:29:11,147 - baseline_trainer - INFO - Analyzing baseline training results...
2025-09-28 11:29:11,147 - baseline_trainer - INFO - Generating baseline training report...
2025-09-28 11:29:11,192 - baseline_trainer - INFO - Reports saved:
2025-09-28 11:29:11,193 - baseline_trainer - INFO -   Text report: outputs/baselines/baseline_training_report.txt
2025-09-28 11:29:11,193 - baseline_trainer - INFO -   JSON report: outputs/baselines/baseline_training_results.json
2025-09-28 11:29:11,193 - baseline_trainer - INFO - Baseline training completed.
2025-09-28 11:29:11,193 - baseline_trainer - INFO - ============================================================
2025-09-28 11:31:18,710 - baseline_trainer - INFO - ============================================================
2025-09-28 11:31:18,710 - baseline_trainer - INFO - BASELINE MODELS TRAINING
2025-09-28 11:31:18,710 - baseline_trainer - INFO - ============================================================
2025-09-28 11:31:18,710 - baseline_trainer - INFO - Output directory: outputs/baselines
2025-09-28 11:31:18,710 - baseline_trainer - INFO - Configuration: {
  "num_speakers": 100,
  "batch_size": 16,
  "num_epochs": 5,
  "learning_rate": 0.001,
  "weight_decay": 0.0001,
  "hidden_dims": [
    256,
    128,
    64
  ],
  "dropout_rate": 0.3,
  "use_batch_norm": true,
  "n_mels": 80,
  "n_mfcc": 13,
  "num_workers": 0,
  "sample_rate": 16000,
  "max_audio_length": 3.0,
  "data_dir": "/scratch/project_2003370/yueyao/dataset/train-clean-100/LibriSpeech/train-clean-100",
  "device": "auto",
  "seed": 42,
  "optimizer": {
    "type": "adam",
    "params": {}
  },
  "scheduler": {
    "type": "step",
    "params": {
      "step_size": 30,
      "gamma": 0.5
    }
  },
  "early_stopping": {
    "patience": 15
  }
}
2025-09-28 11:31:18,755 - baseline_trainer - INFO - System info: {'platform': 'Linux-4.18.0-553.74.1.el8_10.x86_64-x86_64-with-glibc2.28', 'system': 'Linux', 'node': 'g1102.mahti.csc.fi', 'release': '4.18.0-553.74.1.el8_10.x86_64', 'version': '#1 SMP Sun Sep 7 09:23:35 EDT 2025', 'machine': 'x86_64', 'processor': 'x86_64', 'python_version': '3.12.10 (main, Jun  3 2025, 21:04:06) [GCC 8.5.0 20210514 (Red Hat 8.5.0-26)]', 'python_executable': '/usr/bin/python', 'cpu_count': 256, 'total_memory': 540285198336, 'available_memory': 502783086592, 'gpu_info': {'cuda_available': True, 'cuda_version': '12.6', 'gpu_count': 1, 'gpu_names': ['NVIDIA A100-SXM4-40GB MIG 1g.5gb']}, 'package_versions': {'numpy': '1.26.4', 'scipy': '1.13.1', 'scikit-learn': 'not installed', 'librosa': '0.11.0', 'soundfile': '0.13.1', 'torch': '2.7.1+cu126', 'tensorflow': 'not installed', 'matplotlib': '3.10.3', 'pandas': '2.3.0'}, 'git_info': {'commit_hash': '24e45f230c2ce9710aa7228339f19eed98659a61', 'branch': 'origin', 'is_dirty': True}}
2025-09-28 11:31:18,755 - baseline_trainer - INFO - Training 1 methods with 1 runs each...
2025-09-28 11:31:18,755 - baseline_trainer - INFO - Methods: ['mel_mlp']
2025-09-28 11:31:18,755 - baseline_trainer - INFO - 
==================================================
2025-09-28 11:31:18,756 - baseline_trainer - INFO - TRAINING METHOD: MEL_MLP
2025-09-28 11:31:18,756 - baseline_trainer - INFO - ==================================================
2025-09-28 11:31:18,756 - baseline_trainer - INFO - Training mel_mlp (Run 1)...
2025-09-28 11:31:18,766 - baseline_trainer - INFO - Setting up mel_mlp...
2025-09-28 11:31:21,126 - baseline_trainer - ERROR - Failed to train mel_mlp (Run 1): 
2025-09-28 11:31:21,127 - baseline_trainer - ERROR - Full traceback:
Traceback (most recent call last):
  File "/scratch/project_2003370/yueyao/Model/scripts/train_baselines.py", line 367, in train_single_method
    experiment.setup()
  File "/scratch/project_2003370/yueyao/Model/experiments/baseline_experiment.py", line 822, in setup
    model_device = next(self.model.parameters()).device
                   ^^^^^^^^^^^^^^^^^^^^^^^^^^^^^
StopIteration

2025-09-28 11:31:21,127 - baseline_trainer - INFO - Progress: 1/1 (100.0%)
2025-09-28 11:31:21,127 - baseline_trainer - WARNING - No successful runs for mel_mlp
2025-09-28 11:31:21,127 - baseline_trainer - INFO - Analyzing baseline training results...
2025-09-28 11:31:21,127 - baseline_trainer - INFO - Generating baseline training report...
2025-09-28 11:31:21,174 - baseline_trainer - INFO - Reports saved:
2025-09-28 11:31:21,174 - baseline_trainer - INFO -   Text report: outputs/baselines/baseline_training_report.txt
2025-09-28 11:31:21,174 - baseline_trainer - INFO -   JSON report: outputs/baselines/baseline_training_results.json
2025-09-28 11:31:21,174 - baseline_trainer - INFO - Baseline training completed.
2025-09-28 11:31:21,174 - baseline_trainer - INFO - ============================================================
2025-09-28 11:34:11,004 - baseline_trainer - INFO - ============================================================
2025-09-28 11:34:11,004 - baseline_trainer - INFO - BASELINE MODELS TRAINING
2025-09-28 11:34:11,004 - baseline_trainer - INFO - ============================================================
2025-09-28 11:34:11,004 - baseline_trainer - INFO - Output directory: outputs/baselines
2025-09-28 11:34:11,004 - baseline_trainer - INFO - Configuration: {
  "num_speakers": 100,
  "batch_size": 16,
  "num_epochs": 100,
  "learning_rate": 0.001,
  "weight_decay": 0.0001,
  "hidden_dims": [
    256,
    128,
    64
  ],
  "dropout_rate": 0.3,
  "use_batch_norm": true,
  "n_mels": 80,
  "n_mfcc": 13,
  "num_workers": 0,
  "sample_rate": 16000,
  "max_audio_length": 3.0,
  "data_dir": "/scratch/project_2003370/yueyao/dataset/train-clean-100/LibriSpeech/train-clean-100",
  "device": "auto",
  "seed": 42,
  "optimizer": {
    "type": "adam",
    "params": {}
  },
  "scheduler": {
    "type": "step",
    "params": {
      "step_size": 30,
      "gamma": 0.5
    }
  },
  "early_stopping": {
    "patience": 15
  }
}
2025-09-28 11:34:11,047 - baseline_trainer - INFO - System info: {'platform': 'Linux-4.18.0-553.74.1.el8_10.x86_64-x86_64-with-glibc2.28', 'system': 'Linux', 'node': 'g1102.mahti.csc.fi', 'release': '4.18.0-553.74.1.el8_10.x86_64', 'version': '#1 SMP Sun Sep 7 09:23:35 EDT 2025', 'machine': 'x86_64', 'processor': 'x86_64', 'python_version': '3.12.10 (main, Jun  3 2025, 21:04:06) [GCC 8.5.0 20210514 (Red Hat 8.5.0-26)]', 'python_executable': '/usr/bin/python', 'cpu_count': 256, 'total_memory': 540285198336, 'available_memory': 501292257280, 'gpu_info': {'cuda_available': True, 'cuda_version': '12.6', 'gpu_count': 1, 'gpu_names': ['NVIDIA A100-SXM4-40GB MIG 1g.5gb']}, 'package_versions': {'numpy': '1.26.4', 'scipy': '1.13.1', 'scikit-learn': 'not installed', 'librosa': '0.11.0', 'soundfile': '0.13.1', 'torch': '2.7.1+cu126', 'tensorflow': 'not installed', 'matplotlib': '3.10.3', 'pandas': '2.3.0'}, 'git_info': {'commit_hash': '24e45f230c2ce9710aa7228339f19eed98659a61', 'branch': 'origin', 'is_dirty': True}}
2025-09-28 11:34:11,047 - baseline_trainer - INFO - Training 1 methods with 1 runs each...
2025-09-28 11:34:11,047 - baseline_trainer - INFO - Methods: ['mel_mlp']
2025-09-28 11:34:11,047 - baseline_trainer - INFO - 
==================================================
2025-09-28 11:34:11,047 - baseline_trainer - INFO - TRAINING METHOD: MEL_MLP
2025-09-28 11:34:11,047 - baseline_trainer - INFO - ==================================================
2025-09-28 11:34:11,047 - baseline_trainer - INFO - Training mel_mlp (Run 1)...
2025-09-28 11:34:11,057 - baseline_trainer - INFO - Setting up mel_mlp...
2025-09-28 11:34:13,391 - baseline_trainer - ERROR - Failed to train mel_mlp (Run 1): 模型没有参数，无法获取设备信息
2025-09-28 11:34:13,392 - baseline_trainer - ERROR - Full traceback:
Traceback (most recent call last):
  File "/scratch/project_2003370/yueyao/Model/experiments/baseline_experiment.py", line 823, in setup
    model_device = next(self.model.parameters()).device
                   ^^^^^^^^^^^^^^^^^^^^^^^^^^^^^
StopIteration

During handling of the above exception, another exception occurred:

Traceback (most recent call last):
  File "/scratch/project_2003370/yueyao/Model/scripts/train_baselines.py", line 367, in train_single_method
    experiment.setup()
  File "/scratch/project_2003370/yueyao/Model/experiments/baseline_experiment.py", line 828, in setup
    raise ValueError("模型没有参数，无法获取设备信息")
ValueError: 模型没有参数，无法获取设备信息

2025-09-28 11:34:13,393 - baseline_trainer - INFO - Progress: 1/1 (100.0%)
2025-09-28 11:34:13,393 - baseline_trainer - WARNING - No successful runs for mel_mlp
2025-09-28 11:34:13,393 - baseline_trainer - INFO - Analyzing baseline training results...
2025-09-28 11:34:13,393 - baseline_trainer - INFO - Generating baseline training report...
2025-09-28 11:34:13,438 - baseline_trainer - INFO - Reports saved:
2025-09-28 11:34:13,438 - baseline_trainer - INFO -   Text report: outputs/baselines/baseline_training_report.txt
2025-09-28 11:34:13,438 - baseline_trainer - INFO -   JSON report: outputs/baselines/baseline_training_results.json
2025-09-28 11:34:13,438 - baseline_trainer - INFO - Baseline training completed.
2025-09-28 11:34:13,438 - baseline_trainer - INFO - ============================================================
2025-09-28 11:34:18,415 - baseline_trainer - INFO - ============================================================
2025-09-28 11:34:18,415 - baseline_trainer - INFO - BASELINE MODELS TRAINING
2025-09-28 11:34:18,415 - baseline_trainer - INFO - ============================================================
2025-09-28 11:34:18,415 - baseline_trainer - INFO - Output directory: outputs/baselines
2025-09-28 11:34:18,415 - baseline_trainer - INFO - Configuration: {
  "num_speakers": 100,
  "batch_size": 16,
  "num_epochs": 5,
  "learning_rate": 0.001,
  "weight_decay": 0.0001,
  "hidden_dims": [
    256,
    128,
    64
  ],
  "dropout_rate": 0.3,
  "use_batch_norm": true,
  "n_mels": 80,
  "n_mfcc": 13,
  "num_workers": 0,
  "sample_rate": 16000,
  "max_audio_length": 3.0,
  "data_dir": "/scratch/project_2003370/yueyao/dataset/train-clean-100/LibriSpeech/train-clean-100",
  "device": "auto",
  "seed": 42,
  "optimizer": {
    "type": "adam",
    "params": {}
  },
  "scheduler": {
    "type": "step",
    "params": {
      "step_size": 30,
      "gamma": 0.5
    }
  },
  "early_stopping": {
    "patience": 15
  }
}
2025-09-28 11:34:18,457 - baseline_trainer - INFO - System info: {'platform': 'Linux-4.18.0-553.74.1.el8_10.x86_64-x86_64-with-glibc2.28', 'system': 'Linux', 'node': 'g1102.mahti.csc.fi', 'release': '4.18.0-553.74.1.el8_10.x86_64', 'version': '#1 SMP Sun Sep 7 09:23:35 EDT 2025', 'machine': 'x86_64', 'processor': 'x86_64', 'python_version': '3.12.10 (main, Jun  3 2025, 21:04:06) [GCC 8.5.0 20210514 (Red Hat 8.5.0-26)]', 'python_executable': '/usr/bin/python', 'cpu_count': 256, 'total_memory': 540285198336, 'available_memory': 501337243648, 'gpu_info': {'cuda_available': True, 'cuda_version': '12.6', 'gpu_count': 1, 'gpu_names': ['NVIDIA A100-SXM4-40GB MIG 1g.5gb']}, 'package_versions': {'numpy': '1.26.4', 'scipy': '1.13.1', 'scikit-learn': 'not installed', 'librosa': '0.11.0', 'soundfile': '0.13.1', 'torch': '2.7.1+cu126', 'tensorflow': 'not installed', 'matplotlib': '3.10.3', 'pandas': '2.3.0'}, 'git_info': {'commit_hash': '24e45f230c2ce9710aa7228339f19eed98659a61', 'branch': 'origin', 'is_dirty': True}}
2025-09-28 11:34:18,457 - baseline_trainer - INFO - Training 1 methods with 1 runs each...
2025-09-28 11:34:18,457 - baseline_trainer - INFO - Methods: ['mel_mlp']
2025-09-28 11:34:18,457 - baseline_trainer - INFO - 
==================================================
2025-09-28 11:34:18,458 - baseline_trainer - INFO - TRAINING METHOD: MEL_MLP
2025-09-28 11:34:18,458 - baseline_trainer - INFO - ==================================================
2025-09-28 11:34:18,458 - baseline_trainer - INFO - Training mel_mlp (Run 1)...
2025-09-28 11:34:18,468 - baseline_trainer - INFO - Setting up mel_mlp...
2025-09-28 11:34:20,805 - baseline_trainer - ERROR - Failed to train mel_mlp (Run 1): 模型没有参数，无法获取设备信息
2025-09-28 11:34:20,805 - baseline_trainer - ERROR - Full traceback:
Traceback (most recent call last):
  File "/scratch/project_2003370/yueyao/Model/experiments/baseline_experiment.py", line 823, in setup
    model_device = next(self.model.parameters()).device
                   ^^^^^^^^^^^^^^^^^^^^^^^^^^^^^
StopIteration

During handling of the above exception, another exception occurred:

Traceback (most recent call last):
  File "/scratch/project_2003370/yueyao/Model/scripts/train_baselines.py", line 367, in train_single_method
    experiment.setup()
  File "/scratch/project_2003370/yueyao/Model/experiments/baseline_experiment.py", line 828, in setup
    raise ValueError("模型没有参数，无法获取设备信息")
ValueError: 模型没有参数，无法获取设备信息

2025-09-28 11:34:20,806 - baseline_trainer - INFO - Progress: 1/1 (100.0%)
2025-09-28 11:34:20,806 - baseline_trainer - WARNING - No successful runs for mel_mlp
2025-09-28 11:34:20,806 - baseline_trainer - INFO - Analyzing baseline training results...
2025-09-28 11:34:20,806 - baseline_trainer - INFO - Generating baseline training report...
2025-09-28 11:34:20,851 - baseline_trainer - INFO - Reports saved:
2025-09-28 11:34:20,851 - baseline_trainer - INFO -   Text report: outputs/baselines/baseline_training_report.txt
2025-09-28 11:34:20,851 - baseline_trainer - INFO -   JSON report: outputs/baselines/baseline_training_results.json
2025-09-28 11:34:20,852 - baseline_trainer - INFO - Baseline training completed.
2025-09-28 11:34:20,852 - baseline_trainer - INFO - ============================================================
2025-10-01 11:59:00,048 - baseline_trainer - INFO - ============================================================
2025-10-01 11:59:00,068 - baseline_trainer - INFO - BASELINE MODELS TRAINING
2025-10-01 11:59:00,068 - baseline_trainer - INFO - ============================================================
2025-10-01 11:59:00,068 - baseline_trainer - INFO - Output directory: outputs/baselines
2025-10-01 11:59:00,068 - baseline_trainer - INFO - Configuration: {
  "num_speakers": 100,
  "batch_size": 16,
  "num_epochs": 100,
  "learning_rate": 0.001,
  "weight_decay": 0.0001,
  "hidden_dims": [
    256,
    128,
    64
  ],
  "dropout_rate": 0.3,
  "use_batch_norm": true,
  "n_mels": 80,
  "n_mfcc": 13,
  "num_workers": 0,
  "sample_rate": 16000,
  "max_audio_length": 3.0,
  "data_dir": "/scratch/project_2003370/yueyao/dataset/train-clean-100/LibriSpeech/train-clean-100",
  "device": "auto",
  "seed": 42,
  "optimizer": {
    "type": "adam",
    "params": {}
  },
  "scheduler": {
    "type": "step",
    "params": {
      "step_size": 30,
      "gamma": 0.5
    }
  },
  "early_stopping": {
    "patience": 15
  }
}
2025-10-01 11:59:00,297 - baseline_trainer - INFO - System info: {'platform': 'Linux-4.18.0-553.74.1.el8_10.x86_64-x86_64-with-glibc2.28', 'system': 'Linux', 'node': 'g1102.mahti.csc.fi', 'release': '4.18.0-553.74.1.el8_10.x86_64', 'version': '#1 SMP Sun Sep 7 09:23:35 EDT 2025', 'machine': 'x86_64', 'processor': 'x86_64', 'python_version': '3.12.10 (main, Jun  3 2025, 21:04:06) [GCC 8.5.0 20210514 (Red Hat 8.5.0-26)]', 'python_executable': '/usr/bin/python', 'cpu_count': 256, 'total_memory': 540285198336, 'available_memory': 495844491264, 'gpu_info': {'cuda_available': True, 'cuda_version': '12.6', 'gpu_count': 1, 'gpu_names': ['NVIDIA A100-SXM4-40GB MIG 1g.5gb']}, 'package_versions': {'numpy': '1.26.4', 'scipy': '1.13.1', 'scikit-learn': 'not installed', 'librosa': '0.11.0', 'soundfile': '0.13.1', 'torch': '2.7.1+cu126', 'tensorflow': 'not installed', 'matplotlib': '3.10.3', 'pandas': '2.3.0'}, 'git_info': {'commit_hash': '24e45f230c2ce9710aa7228339f19eed98659a61', 'branch': 'origin', 'is_dirty': True}}
2025-10-01 11:59:00,297 - baseline_trainer - INFO - Training 1 methods with 1 runs each...
2025-10-01 11:59:00,297 - baseline_trainer - INFO - Methods: ['mel_mlp']
2025-10-01 11:59:00,297 - baseline_trainer - INFO - 
==================================================
2025-10-01 11:59:00,297 - baseline_trainer - INFO - TRAINING METHOD: MEL_MLP
2025-10-01 11:59:00,297 - baseline_trainer - INFO - ==================================================
2025-10-01 11:59:00,297 - baseline_trainer - INFO - Training mel_mlp (Run 1)...
2025-10-01 11:59:00,362 - baseline_trainer - INFO - Setting up mel_mlp...
2025-10-01 11:59:06,010 - baseline_trainer - ERROR - Failed to train mel_mlp (Run 1): 模型没有参数，无法获取设备信息
2025-10-01 11:59:06,010 - baseline_trainer - ERROR - Full traceback:
Traceback (most recent call last):
  File "/scratch/project_2003370/yueyao/Model/experiments/baseline_experiment.py", line 823, in setup
    model_device = next(self.model.parameters()).device
                   ^^^^^^^^^^^^^^^^^^^^^^^^^^^^^
StopIteration

During handling of the above exception, another exception occurred:

Traceback (most recent call last):
  File "/scratch/project_2003370/yueyao/Model/scripts/train_baselines.py", line 367, in train_single_method
    experiment.setup()
  File "/scratch/project_2003370/yueyao/Model/experiments/baseline_experiment.py", line 828, in setup
    raise ValueError("模型没有参数，无法获取设备信息")
ValueError: 模型没有参数，无法获取设备信息

2025-10-01 11:59:06,011 - baseline_trainer - INFO - Progress: 1/1 (100.0%)
2025-10-01 11:59:06,011 - baseline_trainer - WARNING - No successful runs for mel_mlp
2025-10-01 11:59:06,011 - baseline_trainer - INFO - Analyzing baseline training results...
2025-10-01 11:59:06,011 - baseline_trainer - INFO - Generating baseline training report...
2025-10-01 11:59:06,057 - baseline_trainer - INFO - Reports saved:
2025-10-01 11:59:06,058 - baseline_trainer - INFO -   Text report: outputs/baselines/baseline_training_report.txt
2025-10-01 11:59:06,058 - baseline_trainer - INFO -   JSON report: outputs/baselines/baseline_training_results.json
2025-10-01 11:59:06,058 - baseline_trainer - INFO - Baseline training completed.
2025-10-01 11:59:06,058 - baseline_trainer - INFO - ============================================================
2025-10-01 12:05:05,381 - baseline_trainer - INFO - ============================================================
2025-10-01 12:05:05,381 - baseline_trainer - INFO - BASELINE MODELS TRAINING
2025-10-01 12:05:05,381 - baseline_trainer - INFO - ============================================================
2025-10-01 12:05:05,381 - baseline_trainer - INFO - Output directory: outputs/baselines
2025-10-01 12:05:05,381 - baseline_trainer - INFO - Configuration: {
  "num_speakers": 100,
  "batch_size": 16,
  "num_epochs": 100,
  "learning_rate": 0.001,
  "weight_decay": 0.0001,
  "hidden_dims": [
    256,
    128,
    64
  ],
  "dropout_rate": 0.3,
  "use_batch_norm": true,
  "n_mels": 80,
  "n_mfcc": 13,
  "num_workers": 0,
  "sample_rate": 16000,
  "max_audio_length": 3.0,
  "data_dir": "/scratch/project_2003370/yueyao/dataset/train-clean-100/LibriSpeech/train-clean-100",
  "device": "auto",
  "seed": 42,
  "optimizer": {
    "type": "adam",
    "params": {}
  },
  "scheduler": {
    "type": "step",
    "params": {
      "step_size": 30,
      "gamma": 0.5
    }
  },
  "early_stopping": {
    "patience": 15
  }
}
2025-10-01 12:05:05,425 - baseline_trainer - INFO - System info: {'platform': 'Linux-4.18.0-553.74.1.el8_10.x86_64-x86_64-with-glibc2.28', 'system': 'Linux', 'node': 'g1102.mahti.csc.fi', 'release': '4.18.0-553.74.1.el8_10.x86_64', 'version': '#1 SMP Sun Sep 7 09:23:35 EDT 2025', 'machine': 'x86_64', 'processor': 'x86_64', 'python_version': '3.12.10 (main, Jun  3 2025, 21:04:06) [GCC 8.5.0 20210514 (Red Hat 8.5.0-26)]', 'python_executable': '/usr/bin/python', 'cpu_count': 256, 'total_memory': 540285198336, 'available_memory': 496715878400, 'gpu_info': {'cuda_available': True, 'cuda_version': '12.6', 'gpu_count': 1, 'gpu_names': ['NVIDIA A100-SXM4-40GB MIG 1g.5gb']}, 'package_versions': {'numpy': '1.26.4', 'scipy': '1.13.1', 'scikit-learn': 'not installed', 'librosa': '0.11.0', 'soundfile': '0.13.1', 'torch': '2.7.1+cu126', 'tensorflow': 'not installed', 'matplotlib': '3.10.3', 'pandas': '2.3.0'}, 'git_info': {'commit_hash': '24e45f230c2ce9710aa7228339f19eed98659a61', 'branch': 'origin', 'is_dirty': True}}
2025-10-01 12:05:05,426 - baseline_trainer - INFO - Training 1 methods with 1 runs each...
2025-10-01 12:05:05,426 - baseline_trainer - INFO - Methods: ['mel_mlp']
2025-10-01 12:05:05,426 - baseline_trainer - INFO - 
==================================================
2025-10-01 12:05:05,426 - baseline_trainer - INFO - TRAINING METHOD: MEL_MLP
2025-10-01 12:05:05,426 - baseline_trainer - INFO - ==================================================
2025-10-01 12:05:05,426 - baseline_trainer - INFO - Training mel_mlp (Run 1)...
2025-10-01 12:05:05,436 - baseline_trainer - INFO - Setting up mel_mlp...
2025-10-01 12:11:53,315 - baseline_trainer - INFO - Model parameters: 69,284 (trainable: 69,284)
2025-10-01 12:11:53,315 - baseline_trainer - INFO - Starting training for 100 epochs...
2025-10-01 12:11:53,869 - baseline_trainer - ERROR - Failed to train mel_mlp (Run 1): mat1 and mat2 shapes cannot be multiplied (80x94 and 80x256)
2025-10-01 12:11:53,871 - baseline_trainer - ERROR - Full traceback:
Traceback (most recent call last):
  File "/scratch/project_2003370/yueyao/Model/scripts/train_baselines.py", line 377, in train_single_method
    experiment.train(self.config['num_epochs'])
  File "/scratch/project_2003370/yueyao/Model/experiments/base_experiment.py", line 569, in train
    train_metrics = self.train_epoch()
                    ^^^^^^^^^^^^^^^^^^
  File "/scratch/project_2003370/yueyao/Model/experiments/base_experiment.py", line 370, in train_epoch
    loss, predictions, targets = self.forward_pass(batch, training=True)
                                 ^^^^^^^^^^^^^^^^^^^^^^^^^^^^^^^^^^^^^^^
  File "/scratch/project_2003370/yueyao/Model/experiments/baseline_experiment.py", line 669, in forward_pass
    logits = self.model(audio)
             ^^^^^^^^^^^^^^^^^
  File "/usr/local/lib64/python3.12/site-packages/torch/nn/modules/module.py", line 1751, in _wrapped_call_impl
    return self._call_impl(*args, **kwargs)
           ^^^^^^^^^^^^^^^^^^^^^^^^^^^^^^^^
  File "/usr/local/lib64/python3.12/site-packages/torch/nn/modules/module.py", line 1762, in _call_impl
    return forward_call(*args, **kwargs)
           ^^^^^^^^^^^^^^^^^^^^^^^^^^^^^
  File "/scratch/project_2003370/yueyao/Model/models/hybrid_models.py", line 572, in forward
    logits = self.classifier(features)
             ^^^^^^^^^^^^^^^^^^^^^^^^^
  File "/usr/local/lib64/python3.12/site-packages/torch/nn/modules/module.py", line 1751, in _wrapped_call_impl
    return self._call_impl(*args, **kwargs)
           ^^^^^^^^^^^^^^^^^^^^^^^^^^^^^^^^
  File "/usr/local/lib64/python3.12/site-packages/torch/nn/modules/module.py", line 1762, in _call_impl
    return forward_call(*args, **kwargs)
           ^^^^^^^^^^^^^^^^^^^^^^^^^^^^^
  File "/usr/local/lib64/python3.12/site-packages/torch/nn/modules/container.py", line 240, in forward
    input = module(input)
            ^^^^^^^^^^^^^
  File "/usr/local/lib64/python3.12/site-packages/torch/nn/modules/module.py", line 1751, in _wrapped_call_impl
    return self._call_impl(*args, **kwargs)
           ^^^^^^^^^^^^^^^^^^^^^^^^^^^^^^^^
  File "/usr/local/lib64/python3.12/site-packages/torch/nn/modules/module.py", line 1762, in _call_impl
    return forward_call(*args, **kwargs)
           ^^^^^^^^^^^^^^^^^^^^^^^^^^^^^
  File "/usr/local/lib64/python3.12/site-packages/torch/nn/modules/linear.py", line 125, in forward
    return F.linear(input, self.weight, self.bias)
           ^^^^^^^^^^^^^^^^^^^^^^^^^^^^^^^^^^^^^^^
RuntimeError: mat1 and mat2 shapes cannot be multiplied (80x94 and 80x256)

2025-10-01 12:11:53,876 - baseline_trainer - INFO - Progress: 1/1 (100.0%)
2025-10-01 12:11:53,876 - baseline_trainer - WARNING - No successful runs for mel_mlp
2025-10-01 12:11:53,876 - baseline_trainer - INFO - Analyzing baseline training results...
2025-10-01 12:11:53,876 - baseline_trainer - INFO - Generating baseline training report...
2025-10-01 12:11:53,920 - baseline_trainer - INFO - Reports saved:
2025-10-01 12:11:53,920 - baseline_trainer - INFO -   Text report: outputs/baselines/baseline_training_report.txt
2025-10-01 12:11:53,920 - baseline_trainer - INFO -   JSON report: outputs/baselines/baseline_training_results.json
2025-10-01 12:11:53,920 - baseline_trainer - INFO - Baseline training completed.
2025-10-01 12:11:53,920 - baseline_trainer - INFO - ============================================================
2025-10-01 12:20:16,945 - baseline_trainer - INFO - ============================================================
2025-10-01 12:20:16,945 - baseline_trainer - INFO - BASELINE MODELS TRAINING
2025-10-01 12:20:16,945 - baseline_trainer - INFO - ============================================================
2025-10-01 12:20:16,945 - baseline_trainer - INFO - Output directory: outputs/baselines
2025-10-01 12:20:16,945 - baseline_trainer - INFO - Configuration: {
  "num_speakers": 100,
  "batch_size": 16,
  "num_epochs": 100,
  "learning_rate": 0.001,
  "weight_decay": 0.0001,
  "hidden_dims": [
    256,
    128,
    64
  ],
  "dropout_rate": 0.3,
  "use_batch_norm": true,
  "n_mels": 80,
  "n_mfcc": 13,
  "num_workers": 0,
  "sample_rate": 16000,
  "max_audio_length": 3.0,
  "data_dir": "/scratch/project_2003370/yueyao/dataset/train-clean-100/LibriSpeech/train-clean-100",
  "device": "auto",
  "seed": 42,
  "optimizer": {
    "type": "adam",
    "params": {}
  },
  "scheduler": {
    "type": "step",
    "params": {
      "step_size": 30,
      "gamma": 0.5
    }
  },
  "early_stopping": {
    "patience": 15
  }
}
2025-10-01 12:20:17,042 - baseline_trainer - INFO - System info: {'platform': 'Linux-4.18.0-553.74.1.el8_10.x86_64-x86_64-with-glibc2.28', 'system': 'Linux', 'node': 'g1102.mahti.csc.fi', 'release': '4.18.0-553.74.1.el8_10.x86_64', 'version': '#1 SMP Sun Sep 7 09:23:35 EDT 2025', 'machine': 'x86_64', 'processor': 'x86_64', 'python_version': '3.12.10 (main, Jun  3 2025, 21:04:06) [GCC 8.5.0 20210514 (Red Hat 8.5.0-26)]', 'python_executable': '/usr/bin/python', 'cpu_count': 256, 'total_memory': 540285198336, 'available_memory': 496811958272, 'gpu_info': {'cuda_available': True, 'cuda_version': '12.6', 'gpu_count': 1, 'gpu_names': ['NVIDIA A100-SXM4-40GB MIG 1g.5gb']}, 'package_versions': {'numpy': '1.26.4', 'scipy': '1.13.1', 'scikit-learn': 'not installed', 'librosa': '0.11.0', 'soundfile': '0.13.1', 'torch': '2.7.1+cu126', 'tensorflow': 'not installed', 'matplotlib': '3.10.3', 'pandas': '2.3.0'}, 'git_info': {'commit_hash': '24e45f230c2ce9710aa7228339f19eed98659a61', 'branch': 'origin', 'is_dirty': True}}
2025-10-01 12:20:17,043 - baseline_trainer - INFO - Training 1 methods with 1 runs each...
2025-10-01 12:20:17,043 - baseline_trainer - INFO - Methods: ['mel_mlp']
2025-10-01 12:20:17,043 - baseline_trainer - INFO - 
==================================================
2025-10-01 12:20:17,043 - baseline_trainer - INFO - TRAINING METHOD: MEL_MLP
2025-10-01 12:20:17,043 - baseline_trainer - INFO - ==================================================
2025-10-01 12:20:17,043 - baseline_trainer - INFO - Training mel_mlp (Run 1)...
2025-10-01 12:20:17,054 - baseline_trainer - INFO - Setting up mel_mlp...
2025-10-01 12:21:42,853 - baseline_trainer - INFO - Model parameters: 69,284 (trainable: 69,284)
2025-10-01 12:21:42,853 - baseline_trainer - INFO - Starting training for 100 epochs...
2025-10-01 12:21:43,980 - baseline_trainer - ERROR - Failed to train mel_mlp (Run 1): CUDA error: device-side assert triggered
CUDA kernel errors might be asynchronously reported at some other API call, so the stacktrace below might be incorrect.
For debugging consider passing CUDA_LAUNCH_BLOCKING=1
Compile with `TORCH_USE_CUDA_DSA` to enable device-side assertions.

2025-10-01 12:21:43,980 - baseline_trainer - ERROR - Full traceback:
Traceback (most recent call last):
  File "/scratch/project_2003370/yueyao/Model/scripts/train_baselines.py", line 377, in train_single_method
    experiment.train(self.config['num_epochs'])
  File "/scratch/project_2003370/yueyao/Model/experiments/base_experiment.py", line 569, in train
    train_metrics = self.train_epoch()
                    ^^^^^^^^^^^^^^^^^^
  File "/scratch/project_2003370/yueyao/Model/experiments/base_experiment.py", line 370, in train_epoch
    loss, predictions, targets = self.forward_pass(batch, training=True)
                                 ^^^^^^^^^^^^^^^^^^^^^^^^^^^^^^^^^^^^^^^
  File "/scratch/project_2003370/yueyao/Model/experiments/baseline_experiment.py", line 675, in forward_pass
    predictions = torch.argmax(logits, dim=1)
                  ^^^^^^^^^^^^^^^^^^^^^^^^^^^
RuntimeError: CUDA error: device-side assert triggered
CUDA kernel errors might be asynchronously reported at some other API call, so the stacktrace below might be incorrect.
For debugging consider passing CUDA_LAUNCH_BLOCKING=1
Compile with `TORCH_USE_CUDA_DSA` to enable device-side assertions.


2025-10-01 12:21:43,998 - baseline_trainer - INFO - Progress: 1/1 (100.0%)
2025-10-01 12:21:43,999 - baseline_trainer - WARNING - No successful runs for mel_mlp
2025-10-01 12:21:43,999 - baseline_trainer - INFO - Analyzing baseline training results...
2025-10-01 12:21:43,999 - baseline_trainer - INFO - Generating baseline training report...
2025-10-01 12:21:44,061 - baseline_trainer - INFO - Reports saved:
2025-10-01 12:21:44,061 - baseline_trainer - INFO -   Text report: outputs/baselines/baseline_training_report.txt
2025-10-01 12:21:44,061 - baseline_trainer - INFO -   JSON report: outputs/baselines/baseline_training_results.json
2025-10-01 12:21:44,061 - baseline_trainer - INFO - Baseline training completed.
2025-10-01 12:21:44,061 - baseline_trainer - INFO - ============================================================
2025-10-01 12:32:23,935 - baseline_trainer - INFO - ============================================================
2025-10-01 12:32:23,935 - baseline_trainer - INFO - BASELINE MODELS TRAINING
2025-10-01 12:32:23,935 - baseline_trainer - INFO - ============================================================
2025-10-01 12:32:23,935 - baseline_trainer - INFO - Output directory: outputs/baselines
2025-10-01 12:32:23,936 - baseline_trainer - INFO - Configuration: {
  "num_speakers": 100,
  "batch_size": 16,
  "num_epochs": 100,
  "learning_rate": 0.001,
  "weight_decay": 0.0001,
  "hidden_dims": [
    256,
    128,
    64
  ],
  "dropout_rate": 0.3,
  "use_batch_norm": true,
  "n_mels": 80,
  "n_mfcc": 13,
  "num_workers": 0,
  "sample_rate": 16000,
  "max_audio_length": 3.0,
  "data_dir": "/scratch/project_2003370/yueyao/dataset/train-clean-100/LibriSpeech/train-clean-100",
  "device": "auto",
  "seed": 42,
  "optimizer": {
    "type": "adam",
    "params": {}
  },
  "scheduler": {
    "type": "step",
    "params": {
      "step_size": 30,
      "gamma": 0.5
    }
  },
  "early_stopping": {
    "patience": 15
  }
}
2025-10-01 12:32:23,977 - baseline_trainer - INFO - System info: {'platform': 'Linux-4.18.0-553.74.1.el8_10.x86_64-x86_64-with-glibc2.28', 'system': 'Linux', 'node': 'g1102.mahti.csc.fi', 'release': '4.18.0-553.74.1.el8_10.x86_64', 'version': '#1 SMP Sun Sep 7 09:23:35 EDT 2025', 'machine': 'x86_64', 'processor': 'x86_64', 'python_version': '3.12.10 (main, Jun  3 2025, 21:04:06) [GCC 8.5.0 20210514 (Red Hat 8.5.0-26)]', 'python_executable': '/usr/bin/python', 'cpu_count': 256, 'total_memory': 540285198336, 'available_memory': 495641673728, 'gpu_info': {'cuda_available': True, 'cuda_version': '12.6', 'gpu_count': 1, 'gpu_names': ['NVIDIA A100-SXM4-40GB MIG 1g.5gb']}, 'package_versions': {'numpy': '1.26.4', 'scipy': '1.13.1', 'scikit-learn': 'not installed', 'librosa': '0.11.0', 'soundfile': '0.13.1', 'torch': '2.7.1+cu126', 'tensorflow': 'not installed', 'matplotlib': '3.10.3', 'pandas': '2.3.0'}, 'git_info': {'commit_hash': '24e45f230c2ce9710aa7228339f19eed98659a61', 'branch': 'origin', 'is_dirty': True}}
2025-10-01 12:32:23,977 - baseline_trainer - INFO - Training 1 methods with 1 runs each...
2025-10-01 12:32:23,977 - baseline_trainer - INFO - Methods: ['mel_mlp']
2025-10-01 12:32:23,977 - baseline_trainer - INFO - 
==================================================
2025-10-01 12:32:23,977 - baseline_trainer - INFO - TRAINING METHOD: MEL_MLP
2025-10-01 12:32:23,977 - baseline_trainer - INFO - ==================================================
2025-10-01 12:32:23,977 - baseline_trainer - INFO - Training mel_mlp (Run 1)...
2025-10-01 12:32:23,988 - baseline_trainer - INFO - Setting up mel_mlp...
2025-10-01 12:32:25,331 - baseline_trainer - ERROR - Failed to train mel_mlp (Run 1): name 'config' is not defined
2025-10-01 12:32:25,332 - baseline_trainer - ERROR - Full traceback:
Traceback (most recent call last):
  File "/scratch/project_2003370/yueyao/Model/scripts/train_baselines.py", line 367, in train_single_method
    experiment.setup()
  File "/scratch/project_2003370/yueyao/Model/experiments/baseline_experiment.py", line 843, in setup
    self.train_loader, self.val_loader, self.test_loader = self.create_dataloaders()
                                                           ^^^^^^^^^^^^^^^^^^^^^^^^^
  File "/scratch/project_2003370/yueyao/Model/experiments/baseline_experiment.py", line 364, in create_dataloaders
    target_num_speakers=config['num_speakers']
                        ^^^^^^
NameError: name 'config' is not defined. Did you mean: 'self.config'?

2025-10-01 12:32:25,332 - baseline_trainer - INFO - Progress: 1/1 (100.0%)
2025-10-01 12:32:25,332 - baseline_trainer - WARNING - No successful runs for mel_mlp
2025-10-01 12:32:25,332 - baseline_trainer - INFO - Analyzing baseline training results...
2025-10-01 12:32:25,333 - baseline_trainer - INFO - Generating baseline training report...
2025-10-01 12:32:25,381 - baseline_trainer - INFO - Reports saved:
2025-10-01 12:32:25,381 - baseline_trainer - INFO -   Text report: outputs/baselines/baseline_training_report.txt
2025-10-01 12:32:25,381 - baseline_trainer - INFO -   JSON report: outputs/baselines/baseline_training_results.json
2025-10-01 12:32:25,381 - baseline_trainer - INFO - Baseline training completed.
2025-10-01 12:32:25,381 - baseline_trainer - INFO - ============================================================
2025-10-01 12:35:02,597 - baseline_trainer - INFO - ============================================================
2025-10-01 12:35:02,597 - baseline_trainer - INFO - BASELINE MODELS TRAINING
2025-10-01 12:35:02,597 - baseline_trainer - INFO - ============================================================
2025-10-01 12:35:02,597 - baseline_trainer - INFO - Output directory: outputs/baselines
2025-10-01 12:35:02,597 - baseline_trainer - INFO - Configuration: {
  "num_speakers": 100,
  "batch_size": 16,
  "num_epochs": 100,
  "learning_rate": 0.001,
  "weight_decay": 0.0001,
  "hidden_dims": [
    256,
    128,
    64
  ],
  "dropout_rate": 0.3,
  "use_batch_norm": true,
  "n_mels": 80,
  "n_mfcc": 13,
  "num_workers": 0,
  "sample_rate": 16000,
  "max_audio_length": 3.0,
  "data_dir": "/scratch/project_2003370/yueyao/dataset/train-clean-100/LibriSpeech/train-clean-100",
  "device": "auto",
  "seed": 42,
  "optimizer": {
    "type": "adam",
    "params": {}
  },
  "scheduler": {
    "type": "step",
    "params": {
      "step_size": 30,
      "gamma": 0.5
    }
  },
  "early_stopping": {
    "patience": 15
  }
}
2025-10-01 12:35:02,641 - baseline_trainer - INFO - System info: {'platform': 'Linux-4.18.0-553.74.1.el8_10.x86_64-x86_64-with-glibc2.28', 'system': 'Linux', 'node': 'g1102.mahti.csc.fi', 'release': '4.18.0-553.74.1.el8_10.x86_64', 'version': '#1 SMP Sun Sep 7 09:23:35 EDT 2025', 'machine': 'x86_64', 'processor': 'x86_64', 'python_version': '3.12.10 (main, Jun  3 2025, 21:04:06) [GCC 8.5.0 20210514 (Red Hat 8.5.0-26)]', 'python_executable': '/usr/bin/python', 'cpu_count': 256, 'total_memory': 540285198336, 'available_memory': 496579616768, 'gpu_info': {'cuda_available': True, 'cuda_version': '12.6', 'gpu_count': 1, 'gpu_names': ['NVIDIA A100-SXM4-40GB MIG 1g.5gb']}, 'package_versions': {'numpy': '1.26.4', 'scipy': '1.13.1', 'scikit-learn': 'not installed', 'librosa': '0.11.0', 'soundfile': '0.13.1', 'torch': '2.7.1+cu126', 'tensorflow': 'not installed', 'matplotlib': '3.10.3', 'pandas': '2.3.0'}, 'git_info': {'commit_hash': '24e45f230c2ce9710aa7228339f19eed98659a61', 'branch': 'origin', 'is_dirty': True}}
2025-10-01 12:35:02,641 - baseline_trainer - INFO - Training 1 methods with 1 runs each...
2025-10-01 12:35:02,641 - baseline_trainer - INFO - Methods: ['mel_mlp']
2025-10-01 12:35:02,641 - baseline_trainer - INFO - 
==================================================
2025-10-01 12:35:02,641 - baseline_trainer - INFO - TRAINING METHOD: MEL_MLP
2025-10-01 12:35:02,641 - baseline_trainer - INFO - ==================================================
2025-10-01 12:35:02,642 - baseline_trainer - INFO - Training mel_mlp (Run 1)...
2025-10-01 12:35:02,653 - baseline_trainer - INFO - Setting up mel_mlp...
2025-10-01 12:35:04,010 - baseline_trainer - ERROR - Failed to train mel_mlp (Run 1): create_speaker_dataloaders() got an unexpected keyword argument 'target_num_speakers'
2025-10-01 12:35:04,011 - baseline_trainer - ERROR - Full traceback:
Traceback (most recent call last):
  File "/scratch/project_2003370/yueyao/Model/scripts/train_baselines.py", line 367, in train_single_method
    experiment.setup()
  File "/scratch/project_2003370/yueyao/Model/experiments/baseline_experiment.py", line 843, in setup
    self.train_loader, self.val_loader, self.test_loader = self.create_dataloaders()
                                                           ^^^^^^^^^^^^^^^^^^^^^^^^^
  File "/scratch/project_2003370/yueyao/Model/experiments/baseline_experiment.py", line 355, in create_dataloaders
    train_loader, val_loader, test_loader = create_speaker_dataloaders(
                                            ^^^^^^^^^^^^^^^^^^^^^^^^^^^
TypeError: create_speaker_dataloaders() got an unexpected keyword argument 'target_num_speakers'

2025-10-01 12:35:04,011 - baseline_trainer - INFO - Progress: 1/1 (100.0%)
2025-10-01 12:35:04,011 - baseline_trainer - WARNING - No successful runs for mel_mlp
2025-10-01 12:35:04,011 - baseline_trainer - INFO - Analyzing baseline training results...
2025-10-01 12:35:04,011 - baseline_trainer - INFO - Generating baseline training report...
2025-10-01 12:35:04,059 - baseline_trainer - INFO - Reports saved:
2025-10-01 12:35:04,059 - baseline_trainer - INFO -   Text report: outputs/baselines/baseline_training_report.txt
2025-10-01 12:35:04,059 - baseline_trainer - INFO -   JSON report: outputs/baselines/baseline_training_results.json
2025-10-01 12:35:04,059 - baseline_trainer - INFO - Baseline training completed.
2025-10-01 12:35:04,059 - baseline_trainer - INFO - ============================================================
2025-10-01 12:37:33,316 - baseline_trainer - INFO - ============================================================
2025-10-01 12:37:33,316 - baseline_trainer - INFO - BASELINE MODELS TRAINING
2025-10-01 12:37:33,317 - baseline_trainer - INFO - ============================================================
2025-10-01 12:37:33,317 - baseline_trainer - INFO - Output directory: outputs/baselines
2025-10-01 12:37:33,317 - baseline_trainer - INFO - Configuration: {
  "num_speakers": 100,
  "batch_size": 16,
  "num_epochs": 100,
  "learning_rate": 0.001,
  "weight_decay": 0.0001,
  "hidden_dims": [
    256,
    128,
    64
  ],
  "dropout_rate": 0.3,
  "use_batch_norm": true,
  "n_mels": 80,
  "n_mfcc": 13,
  "num_workers": 0,
  "sample_rate": 16000,
  "max_audio_length": 3.0,
  "data_dir": "/scratch/project_2003370/yueyao/dataset/train-clean-100/LibriSpeech/train-clean-100",
  "device": "auto",
  "seed": 42,
  "optimizer": {
    "type": "adam",
    "params": {}
  },
  "scheduler": {
    "type": "step",
    "params": {
      "step_size": 30,
      "gamma": 0.5
    }
  },
  "early_stopping": {
    "patience": 15
  }
}
2025-10-01 12:37:33,361 - baseline_trainer - INFO - System info: {'platform': 'Linux-4.18.0-553.74.1.el8_10.x86_64-x86_64-with-glibc2.28', 'system': 'Linux', 'node': 'g1102.mahti.csc.fi', 'release': '4.18.0-553.74.1.el8_10.x86_64', 'version': '#1 SMP Sun Sep 7 09:23:35 EDT 2025', 'machine': 'x86_64', 'processor': 'x86_64', 'python_version': '3.12.10 (main, Jun  3 2025, 21:04:06) [GCC 8.5.0 20210514 (Red Hat 8.5.0-26)]', 'python_executable': '/usr/bin/python', 'cpu_count': 256, 'total_memory': 540285198336, 'available_memory': 496577662976, 'gpu_info': {'cuda_available': True, 'cuda_version': '12.6', 'gpu_count': 1, 'gpu_names': ['NVIDIA A100-SXM4-40GB MIG 1g.5gb']}, 'package_versions': {'numpy': '1.26.4', 'scipy': '1.13.1', 'scikit-learn': 'not installed', 'librosa': '0.11.0', 'soundfile': '0.13.1', 'torch': '2.7.1+cu126', 'tensorflow': 'not installed', 'matplotlib': '3.10.3', 'pandas': '2.3.0'}, 'git_info': {'commit_hash': '24e45f230c2ce9710aa7228339f19eed98659a61', 'branch': 'origin', 'is_dirty': True}}
2025-10-01 12:37:33,361 - baseline_trainer - INFO - Training 1 methods with 1 runs each...
2025-10-01 12:37:33,361 - baseline_trainer - INFO - Methods: ['mel_mlp']
2025-10-01 12:37:33,361 - baseline_trainer - INFO - 
==================================================
2025-10-01 12:37:33,361 - baseline_trainer - INFO - TRAINING METHOD: MEL_MLP
2025-10-01 12:37:33,362 - baseline_trainer - INFO - ==================================================
2025-10-01 12:37:33,362 - baseline_trainer - INFO - Training mel_mlp (Run 1)...
2025-10-01 12:37:33,372 - baseline_trainer - INFO - Setting up mel_mlp...
2025-10-01 12:37:36,211 - baseline_trainer - INFO - Model parameters: 69,284 (trainable: 69,284)
2025-10-01 12:37:36,211 - baseline_trainer - INFO - Starting training for 100 epochs...
2025-10-01 12:39:05,001 - baseline_trainer - INFO - Evaluating mel_mlp...
2025-10-01 12:39:05,714 - baseline_trainer - INFO - Completed mel_mlp (Run 1): Accuracy: 0.9563, Loss: 0.1185, Time: 91.6s
2025-10-01 12:39:05,745 - baseline_trainer - INFO - Progress: 1/1 (100.0%)
2025-10-01 12:39:05,745 - baseline_trainer - INFO - mel_mlp Summary: 0.9563 ± 0.0000
2025-10-01 12:39:05,745 - baseline_trainer - INFO - Analyzing baseline training results...
2025-10-01 12:39:05,746 - baseline_trainer - INFO - Generating baseline training report...
2025-10-01 12:39:05,797 - baseline_trainer - INFO - Reports saved:
2025-10-01 12:39:05,797 - baseline_trainer - INFO -   Text report: outputs/baselines/baseline_training_report.txt
2025-10-01 12:39:05,797 - baseline_trainer - INFO -   JSON report: outputs/baselines/baseline_training_results.json
2025-10-01 12:39:05,797 - baseline_trainer - INFO - Baseline training completed.
2025-10-01 12:39:05,797 - baseline_trainer - INFO - ============================================================
2025-10-01 12:40:25,945 - baseline_trainer - INFO - ============================================================
2025-10-01 12:40:25,945 - baseline_trainer - INFO - BASELINE MODELS TRAINING
2025-10-01 12:40:25,945 - baseline_trainer - INFO - ============================================================
2025-10-01 12:40:25,945 - baseline_trainer - INFO - Output directory: outputs/baselines
2025-10-01 12:40:25,945 - baseline_trainer - INFO - Configuration: {
  "num_speakers": 100,
  "batch_size": 16,
  "num_epochs": 100,
  "learning_rate": 0.001,
  "weight_decay": 0.0001,
  "hidden_dims": [
    256,
    128,
    64
  ],
  "dropout_rate": 0.3,
  "use_batch_norm": true,
  "n_mels": 80,
  "n_mfcc": 13,
  "num_workers": 0,
  "sample_rate": 16000,
  "max_audio_length": 3.0,
  "data_dir": "/scratch/project_2003370/yueyao/dataset/train-clean-100/LibriSpeech/train-clean-100",
  "device": "auto",
  "seed": 42,
  "optimizer": {
    "type": "adam",
    "params": {}
  },
  "scheduler": {
    "type": "step",
    "params": {
      "step_size": 30,
      "gamma": 0.5
    }
  },
  "early_stopping": {
    "patience": 15
  }
}
2025-10-01 12:40:25,990 - baseline_trainer - INFO - System info: {'platform': 'Linux-4.18.0-553.74.1.el8_10.x86_64-x86_64-with-glibc2.28', 'system': 'Linux', 'node': 'g1102.mahti.csc.fi', 'release': '4.18.0-553.74.1.el8_10.x86_64', 'version': '#1 SMP Sun Sep 7 09:23:35 EDT 2025', 'machine': 'x86_64', 'processor': 'x86_64', 'python_version': '3.12.10 (main, Jun  3 2025, 21:04:06) [GCC 8.5.0 20210514 (Red Hat 8.5.0-26)]', 'python_executable': '/usr/bin/python', 'cpu_count': 256, 'total_memory': 540285198336, 'available_memory': 496569294848, 'gpu_info': {'cuda_available': True, 'cuda_version': '12.6', 'gpu_count': 1, 'gpu_names': ['NVIDIA A100-SXM4-40GB MIG 1g.5gb']}, 'package_versions': {'numpy': '1.26.4', 'scipy': '1.13.1', 'scikit-learn': 'not installed', 'librosa': '0.11.0', 'soundfile': '0.13.1', 'torch': '2.7.1+cu126', 'tensorflow': 'not installed', 'matplotlib': '3.10.3', 'pandas': '2.3.0'}, 'git_info': {'commit_hash': '24e45f230c2ce9710aa7228339f19eed98659a61', 'branch': 'origin', 'is_dirty': True}}
2025-10-01 12:40:25,991 - baseline_trainer - INFO - Training 1 methods with 1 runs each...
2025-10-01 12:40:25,991 - baseline_trainer - INFO - Methods: ['mel_mlp']
2025-10-01 12:40:25,991 - baseline_trainer - INFO - 
==================================================
2025-10-01 12:40:25,991 - baseline_trainer - INFO - TRAINING METHOD: MEL_MLP
2025-10-01 12:40:25,991 - baseline_trainer - INFO - ==================================================
2025-10-01 12:40:25,991 - baseline_trainer - INFO - Training mel_mlp (Run 1)...
2025-10-01 12:40:26,001 - baseline_trainer - INFO - Setting up mel_mlp...
2025-10-01 12:41:52,725 - baseline_trainer - INFO - Model parameters: 69,284 (trainable: 69,284)
2025-10-01 12:41:52,725 - baseline_trainer - INFO - Starting training for 100 epochs...
2025-10-01 12:45:56,990 - baseline_trainer - INFO - Evaluating mel_mlp...
2025-10-01 12:45:59,247 - baseline_trainer - INFO - Completed mel_mlp (Run 1): Accuracy: 0.0044, Loss: 8.5752, Time: 331.0s
2025-10-01 12:45:59,295 - baseline_trainer - INFO - Progress: 1/1 (100.0%)
2025-10-01 12:45:59,295 - baseline_trainer - INFO - mel_mlp Summary: 0.0044 ± 0.0000
2025-10-01 12:45:59,295 - baseline_trainer - INFO - Analyzing baseline training results...
2025-10-01 12:45:59,296 - baseline_trainer - INFO - Generating baseline training report...
2025-10-01 12:45:59,413 - baseline_trainer - INFO - Reports saved:
2025-10-01 12:45:59,413 - baseline_trainer - INFO -   Text report: outputs/baselines/baseline_training_report.txt
2025-10-01 12:45:59,414 - baseline_trainer - INFO -   JSON report: outputs/baselines/baseline_training_results.json
2025-10-01 12:45:59,414 - baseline_trainer - INFO - Baseline training completed.
2025-10-01 12:45:59,414 - baseline_trainer - INFO - ============================================================
2025-10-01 12:50:44,044 - baseline_trainer - INFO - ============================================================
2025-10-01 12:50:44,044 - baseline_trainer - INFO - BASELINE MODELS TRAINING
2025-10-01 12:50:44,044 - baseline_trainer - INFO - ============================================================
2025-10-01 12:50:44,044 - baseline_trainer - INFO - Output directory: outputs/baselines
2025-10-01 12:50:44,045 - baseline_trainer - INFO - Configuration: {
  "num_speakers": 100,
  "batch_size": 16,
  "num_epochs": 100,
  "learning_rate": 0.001,
  "weight_decay": 0.0001,
  "hidden_dims": [
    256,
    128,
    64
  ],
  "dropout_rate": 0.3,
  "use_batch_norm": true,
  "n_mels": 80,
  "n_mfcc": 13,
  "num_workers": 0,
  "sample_rate": 16000,
  "max_audio_length": 3.0,
  "data_dir": "/scratch/project_2003370/yueyao/dataset/train-clean-100/LibriSpeech/train-clean-100",
  "device": "auto",
  "seed": 42,
  "optimizer": {
    "type": "adam",
    "params": {}
  },
  "scheduler": {
    "type": "step",
    "params": {
      "step_size": 30,
      "gamma": 0.5
    }
  },
  "early_stopping": {
    "patience": 15
  }
}
2025-10-01 12:50:44,094 - baseline_trainer - INFO - System info: {'platform': 'Linux-4.18.0-553.74.1.el8_10.x86_64-x86_64-with-glibc2.28', 'system': 'Linux', 'node': 'g1102.mahti.csc.fi', 'release': '4.18.0-553.74.1.el8_10.x86_64', 'version': '#1 SMP Sun Sep 7 09:23:35 EDT 2025', 'machine': 'x86_64', 'processor': 'x86_64', 'python_version': '3.12.10 (main, Jun  3 2025, 21:04:06) [GCC 8.5.0 20210514 (Red Hat 8.5.0-26)]', 'python_executable': '/usr/bin/python', 'cpu_count': 256, 'total_memory': 540285198336, 'available_memory': 493598298112, 'gpu_info': {'cuda_available': True, 'cuda_version': '12.6', 'gpu_count': 1, 'gpu_names': ['NVIDIA A100-SXM4-40GB MIG 1g.5gb']}, 'package_versions': {'numpy': '1.26.4', 'scipy': '1.13.1', 'scikit-learn': 'not installed', 'librosa': '0.11.0', 'soundfile': '0.13.1', 'torch': '2.7.1+cu126', 'tensorflow': 'not installed', 'matplotlib': '3.10.3', 'pandas': '2.3.0'}, 'git_info': {'commit_hash': '24e45f230c2ce9710aa7228339f19eed98659a61', 'branch': 'origin', 'is_dirty': True}}
2025-10-01 12:50:44,094 - baseline_trainer - INFO - Training 1 methods with 1 runs each...
2025-10-01 12:50:44,094 - baseline_trainer - INFO - Methods: ['mel_mlp']
2025-10-01 12:50:44,094 - baseline_trainer - INFO - 
==================================================
2025-10-01 12:50:44,094 - baseline_trainer - INFO - TRAINING METHOD: MEL_MLP
2025-10-01 12:50:44,094 - baseline_trainer - INFO - ==================================================
2025-10-01 12:50:44,094 - baseline_trainer - INFO - Training mel_mlp (Run 1)...
2025-10-01 12:50:44,106 - baseline_trainer - INFO - Setting up mel_mlp...
2025-10-01 12:51:45,526 - baseline_trainer - INFO - Model parameters: 69,284 (trainable: 69,284)
2025-10-01 12:51:45,526 - baseline_trainer - INFO - Starting training for 100 epochs...
2025-10-01 12:51:57,212 - baseline_trainer - ERROR - Failed to train mel_mlp (Run 1): 'ExperimentState' object has no attribute 'current_epoch'
2025-10-01 12:51:57,214 - baseline_trainer - ERROR - Full traceback:
Traceback (most recent call last):
  File "/scratch/project_2003370/yueyao/Model/scripts/train_baselines.py", line 377, in train_single_method
    experiment.train(self.config['num_epochs'])
  File "/scratch/project_2003370/yueyao/Model/experiments/base_experiment.py", line 573, in train
    val_metrics = self.validate_epoch()
                  ^^^^^^^^^^^^^^^^^^^^^
  File "/scratch/project_2003370/yueyao/Model/experiments/base_experiment.py", line 434, in validate_epoch
    loss, predictions, targets = self.forward_pass(batch, training=False)
                                 ^^^^^^^^^^^^^^^^^^^^^^^^^^^^^^^^^^^^^^^^
  File "/scratch/project_2003370/yueyao/Model/experiments/baseline_experiment.py", line 671, in forward_pass
    if not training and self.state.current_epoch == 1:
                        ^^^^^^^^^^^^^^^^^^^^^^^^
AttributeError: 'ExperimentState' object has no attribute 'current_epoch'

2025-10-01 12:51:57,217 - baseline_trainer - INFO - Progress: 1/1 (100.0%)
2025-10-01 12:51:57,217 - baseline_trainer - WARNING - No successful runs for mel_mlp
2025-10-01 12:51:57,217 - baseline_trainer - INFO - Analyzing baseline training results...
2025-10-01 12:51:57,217 - baseline_trainer - INFO - Generating baseline training report...
2025-10-01 12:51:57,267 - baseline_trainer - INFO - Reports saved:
2025-10-01 12:51:57,267 - baseline_trainer - INFO -   Text report: outputs/baselines/baseline_training_report.txt
2025-10-01 12:51:57,267 - baseline_trainer - INFO -   JSON report: outputs/baselines/baseline_training_results.json
2025-10-01 12:51:57,267 - baseline_trainer - INFO - Baseline training completed.
2025-10-01 12:51:57,267 - baseline_trainer - INFO - ============================================================
2025-10-01 12:55:19,031 - baseline_trainer - INFO - ============================================================
2025-10-01 12:55:19,031 - baseline_trainer - INFO - BASELINE MODELS TRAINING
2025-10-01 12:55:19,031 - baseline_trainer - INFO - ============================================================
2025-10-01 12:55:19,031 - baseline_trainer - INFO - Output directory: outputs/baselines
2025-10-01 12:55:19,031 - baseline_trainer - INFO - Configuration: {
  "num_speakers": 100,
  "batch_size": 16,
  "num_epochs": 100,
  "learning_rate": 0.001,
  "weight_decay": 0.0001,
  "hidden_dims": [
    256,
    128,
    64
  ],
  "dropout_rate": 0.3,
  "use_batch_norm": true,
  "n_mels": 80,
  "n_mfcc": 13,
  "num_workers": 0,
  "sample_rate": 16000,
  "max_audio_length": 3.0,
  "data_dir": "/scratch/project_2003370/yueyao/dataset/train-clean-100/LibriSpeech/train-clean-100",
  "device": "auto",
  "seed": 42,
  "optimizer": {
    "type": "adam",
    "params": {}
  },
  "scheduler": {
    "type": "step",
    "params": {
      "step_size": 30,
      "gamma": 0.5
    }
  },
  "early_stopping": {
    "patience": 15
  }
}
2025-10-01 12:55:19,080 - baseline_trainer - INFO - System info: {'platform': 'Linux-4.18.0-553.74.1.el8_10.x86_64-x86_64-with-glibc2.28', 'system': 'Linux', 'node': 'g1102.mahti.csc.fi', 'release': '4.18.0-553.74.1.el8_10.x86_64', 'version': '#1 SMP Sun Sep 7 09:23:35 EDT 2025', 'machine': 'x86_64', 'processor': 'x86_64', 'python_version': '3.12.10 (main, Jun  3 2025, 21:04:06) [GCC 8.5.0 20210514 (Red Hat 8.5.0-26)]', 'python_executable': '/usr/bin/python', 'cpu_count': 256, 'total_memory': 540285198336, 'available_memory': 490385375232, 'gpu_info': {'cuda_available': True, 'cuda_version': '12.6', 'gpu_count': 1, 'gpu_names': ['NVIDIA A100-SXM4-40GB MIG 1g.5gb']}, 'package_versions': {'numpy': '1.26.4', 'scipy': '1.13.1', 'scikit-learn': 'not installed', 'librosa': '0.11.0', 'soundfile': '0.13.1', 'torch': '2.7.1+cu126', 'tensorflow': 'not installed', 'matplotlib': '3.10.3', 'pandas': '2.3.0'}, 'git_info': {'commit_hash': '24e45f230c2ce9710aa7228339f19eed98659a61', 'branch': 'origin', 'is_dirty': True}}
2025-10-01 12:55:19,080 - baseline_trainer - INFO - Training 1 methods with 1 runs each...
2025-10-01 12:55:19,080 - baseline_trainer - INFO - Methods: ['mel_mlp']
2025-10-01 12:55:19,080 - baseline_trainer - INFO - 
==================================================
2025-10-01 12:55:19,080 - baseline_trainer - INFO - TRAINING METHOD: MEL_MLP
2025-10-01 12:55:19,080 - baseline_trainer - INFO - ==================================================
2025-10-01 12:55:19,080 - baseline_trainer - INFO - Training mel_mlp (Run 1)...
2025-10-01 12:55:19,091 - baseline_trainer - INFO - Setting up mel_mlp...
2025-10-01 12:55:40,417 - baseline_trainer - INFO - Model parameters: 69,284 (trainable: 69,284)
2025-10-01 12:55:40,417 - baseline_trainer - INFO - Starting training for 100 epochs...
2025-10-01 12:55:52,243 - baseline_trainer - ERROR - Failed to train mel_mlp (Run 1): name 'labels' is not defined
2025-10-01 12:55:52,245 - baseline_trainer - ERROR - Full traceback:
Traceback (most recent call last):
  File "/scratch/project_2003370/yueyao/Model/scripts/train_baselines.py", line 377, in train_single_method
    experiment.train(self.config['num_epochs'])
  File "/scratch/project_2003370/yueyao/Model/experiments/base_experiment.py", line 573, in train
    val_metrics = self.validate_epoch()
                  ^^^^^^^^^^^^^^^^^^^^^
  File "/scratch/project_2003370/yueyao/Model/experiments/base_experiment.py", line 434, in validate_epoch
    loss, predictions, targets = self.forward_pass(batch, training=False)
                                 ^^^^^^^^^^^^^^^^^^^^^^^^^^^^^^^^^^^^^^^^
  File "/scratch/project_2003370/yueyao/Model/experiments/baseline_experiment.py", line 680, in forward_pass
    print(f"验证集标签范围: {labels.min().item()} - {labels.max().item()}")
                             ^^^^^^
NameError: name 'labels' is not defined

2025-10-01 12:55:52,248 - baseline_trainer - INFO - Progress: 1/1 (100.0%)
2025-10-01 12:55:52,249 - baseline_trainer - WARNING - No successful runs for mel_mlp
2025-10-01 12:55:52,249 - baseline_trainer - INFO - Analyzing baseline training results...
2025-10-01 12:55:52,249 - baseline_trainer - INFO - Generating baseline training report...
2025-10-01 12:55:52,296 - baseline_trainer - INFO - Reports saved:
2025-10-01 12:55:52,296 - baseline_trainer - INFO -   Text report: outputs/baselines/baseline_training_report.txt
2025-10-01 12:55:52,296 - baseline_trainer - INFO -   JSON report: outputs/baselines/baseline_training_results.json
2025-10-01 12:55:52,296 - baseline_trainer - INFO - Baseline training completed.
2025-10-01 12:55:52,296 - baseline_trainer - INFO - ============================================================
2025-10-01 12:56:22,507 - baseline_trainer - INFO - ============================================================
2025-10-01 12:56:22,507 - baseline_trainer - INFO - BASELINE MODELS TRAINING
2025-10-01 12:56:22,507 - baseline_trainer - INFO - ============================================================
2025-10-01 12:56:22,507 - baseline_trainer - INFO - Output directory: outputs/baselines
2025-10-01 12:56:22,507 - baseline_trainer - INFO - Configuration: {
  "num_speakers": 100,
  "batch_size": 16,
  "num_epochs": 100,
  "learning_rate": 0.001,
  "weight_decay": 0.0001,
  "hidden_dims": [
    256,
    128,
    64
  ],
  "dropout_rate": 0.3,
  "use_batch_norm": true,
  "n_mels": 80,
  "n_mfcc": 13,
  "num_workers": 0,
  "sample_rate": 16000,
  "max_audio_length": 3.0,
  "data_dir": "/scratch/project_2003370/yueyao/dataset/train-clean-100/LibriSpeech/train-clean-100",
  "device": "auto",
  "seed": 42,
  "optimizer": {
    "type": "adam",
    "params": {}
  },
  "scheduler": {
    "type": "step",
    "params": {
      "step_size": 30,
      "gamma": 0.5
    }
  },
  "early_stopping": {
    "patience": 15
  }
}
2025-10-01 12:56:22,555 - baseline_trainer - INFO - System info: {'platform': 'Linux-4.18.0-553.74.1.el8_10.x86_64-x86_64-with-glibc2.28', 'system': 'Linux', 'node': 'g1102.mahti.csc.fi', 'release': '4.18.0-553.74.1.el8_10.x86_64', 'version': '#1 SMP Sun Sep 7 09:23:35 EDT 2025', 'machine': 'x86_64', 'processor': 'x86_64', 'python_version': '3.12.10 (main, Jun  3 2025, 21:04:06) [GCC 8.5.0 20210514 (Red Hat 8.5.0-26)]', 'python_executable': '/usr/bin/python', 'cpu_count': 256, 'total_memory': 540285198336, 'available_memory': 490356858880, 'gpu_info': {'cuda_available': True, 'cuda_version': '12.6', 'gpu_count': 1, 'gpu_names': ['NVIDIA A100-SXM4-40GB MIG 1g.5gb']}, 'package_versions': {'numpy': '1.26.4', 'scipy': '1.13.1', 'scikit-learn': 'not installed', 'librosa': '0.11.0', 'soundfile': '0.13.1', 'torch': '2.7.1+cu126', 'tensorflow': 'not installed', 'matplotlib': '3.10.3', 'pandas': '2.3.0'}, 'git_info': {'commit_hash': '24e45f230c2ce9710aa7228339f19eed98659a61', 'branch': 'origin', 'is_dirty': True}}
2025-10-01 12:56:22,556 - baseline_trainer - INFO - Training 1 methods with 1 runs each...
2025-10-01 12:56:22,556 - baseline_trainer - INFO - Methods: ['mel_mlp']
2025-10-01 12:56:22,556 - baseline_trainer - INFO - 
==================================================
2025-10-01 12:56:22,556 - baseline_trainer - INFO - TRAINING METHOD: MEL_MLP
2025-10-01 12:56:22,556 - baseline_trainer - INFO - ==================================================
2025-10-01 12:56:22,556 - baseline_trainer - INFO - Training mel_mlp (Run 1)...
2025-10-01 12:56:22,567 - baseline_trainer - INFO - Setting up mel_mlp...
2025-10-01 12:56:42,732 - baseline_trainer - INFO - Model parameters: 69,284 (trainable: 69,284)
2025-10-01 12:56:42,733 - baseline_trainer - INFO - Starting training for 100 epochs...
2025-10-01 12:56:54,439 - baseline_trainer - ERROR - Failed to train mel_mlp (Run 1): name 'labels' is not defined
2025-10-01 12:56:54,440 - baseline_trainer - ERROR - Full traceback:
Traceback (most recent call last):
  File "/scratch/project_2003370/yueyao/Model/scripts/train_baselines.py", line 377, in train_single_method
    experiment.train(self.config['num_epochs'])
  File "/scratch/project_2003370/yueyao/Model/experiments/base_experiment.py", line 573, in train
    val_metrics = self.validate_epoch()
                  ^^^^^^^^^^^^^^^^^^^^^
  File "/scratch/project_2003370/yueyao/Model/experiments/base_experiment.py", line 434, in validate_epoch
    loss, predictions, targets = self.forward_pass(batch, training=False)
                                 ^^^^^^^^^^^^^^^^^^^^^^^^^^^^^^^^^^^^^^^^
  File "/scratch/project_2003370/yueyao/Model/experiments/baseline_experiment.py", line 680, in forward_pass
    print(f"验证集标签范围: {labels.min().item()} - {labels.max().item()}")
                             ^^^^^^
NameError: name 'labels' is not defined

2025-10-01 12:56:54,444 - baseline_trainer - INFO - Progress: 1/1 (100.0%)
2025-10-01 12:56:54,444 - baseline_trainer - WARNING - No successful runs for mel_mlp
2025-10-01 12:56:54,444 - baseline_trainer - INFO - Analyzing baseline training results...
2025-10-01 12:56:54,444 - baseline_trainer - INFO - Generating baseline training report...
2025-10-01 12:56:54,492 - baseline_trainer - INFO - Reports saved:
2025-10-01 12:56:54,492 - baseline_trainer - INFO -   Text report: outputs/baselines/baseline_training_report.txt
2025-10-01 12:56:54,492 - baseline_trainer - INFO -   JSON report: outputs/baselines/baseline_training_results.json
2025-10-01 12:56:54,492 - baseline_trainer - INFO - Baseline training completed.
2025-10-01 12:56:54,492 - baseline_trainer - INFO - ============================================================
2025-10-01 12:58:03,904 - baseline_trainer - INFO - ============================================================
2025-10-01 12:58:03,904 - baseline_trainer - INFO - BASELINE MODELS TRAINING
2025-10-01 12:58:03,904 - baseline_trainer - INFO - ============================================================
2025-10-01 12:58:03,904 - baseline_trainer - INFO - Output directory: outputs/baselines
2025-10-01 12:58:03,904 - baseline_trainer - INFO - Configuration: {
  "num_speakers": 100,
  "batch_size": 16,
  "num_epochs": 100,
  "learning_rate": 0.001,
  "weight_decay": 0.0001,
  "hidden_dims": [
    256,
    128,
    64
  ],
  "dropout_rate": 0.3,
  "use_batch_norm": true,
  "n_mels": 80,
  "n_mfcc": 13,
  "num_workers": 0,
  "sample_rate": 16000,
  "max_audio_length": 3.0,
  "data_dir": "/scratch/project_2003370/yueyao/dataset/train-clean-100/LibriSpeech/train-clean-100",
  "device": "auto",
  "seed": 42,
  "optimizer": {
    "type": "adam",
    "params": {}
  },
  "scheduler": {
    "type": "step",
    "params": {
      "step_size": 30,
      "gamma": 0.5
    }
  },
  "early_stopping": {
    "patience": 15
  }
}
2025-10-01 12:58:03,950 - baseline_trainer - INFO - System info: {'platform': 'Linux-4.18.0-553.74.1.el8_10.x86_64-x86_64-with-glibc2.28', 'system': 'Linux', 'node': 'g1102.mahti.csc.fi', 'release': '4.18.0-553.74.1.el8_10.x86_64', 'version': '#1 SMP Sun Sep 7 09:23:35 EDT 2025', 'machine': 'x86_64', 'processor': 'x86_64', 'python_version': '3.12.10 (main, Jun  3 2025, 21:04:06) [GCC 8.5.0 20210514 (Red Hat 8.5.0-26)]', 'python_executable': '/usr/bin/python', 'cpu_count': 256, 'total_memory': 540285198336, 'available_memory': 489759449088, 'gpu_info': {'cuda_available': True, 'cuda_version': '12.6', 'gpu_count': 1, 'gpu_names': ['NVIDIA A100-SXM4-40GB MIG 1g.5gb']}, 'package_versions': {'numpy': '1.26.4', 'scipy': '1.13.1', 'scikit-learn': 'not installed', 'librosa': '0.11.0', 'soundfile': '0.13.1', 'torch': '2.7.1+cu126', 'tensorflow': 'not installed', 'matplotlib': '3.10.3', 'pandas': '2.3.0'}, 'git_info': {'commit_hash': '24e45f230c2ce9710aa7228339f19eed98659a61', 'branch': 'origin', 'is_dirty': True}}
2025-10-01 12:58:03,951 - baseline_trainer - INFO - Training 1 methods with 1 runs each...
2025-10-01 12:58:03,951 - baseline_trainer - INFO - Methods: ['mel_mlp']
2025-10-01 12:58:03,951 - baseline_trainer - INFO - 
==================================================
2025-10-01 12:58:03,951 - baseline_trainer - INFO - TRAINING METHOD: MEL_MLP
2025-10-01 12:58:03,951 - baseline_trainer - INFO - ==================================================
2025-10-01 12:58:03,951 - baseline_trainer - INFO - Training mel_mlp (Run 1)...
2025-10-01 12:58:03,962 - baseline_trainer - INFO - Setting up mel_mlp...
2025-10-01 12:58:23,594 - baseline_trainer - INFO - Model parameters: 69,284 (trainable: 69,284)
2025-10-01 12:58:23,594 - baseline_trainer - INFO - Starting training for 100 epochs...
2025-10-01 12:58:24,009 - baseline_trainer - ERROR - Failed to train mel_mlp (Run 1): name 'targets' is not defined
2025-10-01 12:58:24,011 - baseline_trainer - ERROR - Full traceback:
Traceback (most recent call last):
  File "/scratch/project_2003370/yueyao/Model/scripts/train_baselines.py", line 377, in train_single_method
    experiment.train(self.config['num_epochs'])
  File "/scratch/project_2003370/yueyao/Model/experiments/base_experiment.py", line 569, in train
    train_metrics = self.train_epoch()
                    ^^^^^^^^^^^^^^^^^^
  File "/scratch/project_2003370/yueyao/Model/experiments/base_experiment.py", line 370, in train_epoch
    loss, predictions, targets = self.forward_pass(batch, training=True)
                                 ^^^^^^^^^^^^^^^^^^^^^^^^^^^^^^^^^^^^^^^
  File "/scratch/project_2003370/yueyao/Model/experiments/baseline_experiment.py", line 692, in forward_pass
    loss = self.criterion(logits, targets)
                                  ^^^^^^^
NameError: name 'targets' is not defined

2025-10-01 12:58:24,015 - baseline_trainer - INFO - Progress: 1/1 (100.0%)
2025-10-01 12:58:24,015 - baseline_trainer - WARNING - No successful runs for mel_mlp
2025-10-01 12:58:24,015 - baseline_trainer - INFO - Analyzing baseline training results...
2025-10-01 12:58:24,015 - baseline_trainer - INFO - Generating baseline training report...
2025-10-01 12:58:24,064 - baseline_trainer - INFO - Reports saved:
2025-10-01 12:58:24,064 - baseline_trainer - INFO -   Text report: outputs/baselines/baseline_training_report.txt
2025-10-01 12:58:24,065 - baseline_trainer - INFO -   JSON report: outputs/baselines/baseline_training_results.json
2025-10-01 12:58:24,065 - baseline_trainer - INFO - Baseline training completed.
2025-10-01 12:58:24,065 - baseline_trainer - INFO - ============================================================
2025-10-01 13:00:59,551 - baseline_trainer - INFO - ============================================================
2025-10-01 13:00:59,551 - baseline_trainer - INFO - BASELINE MODELS TRAINING
2025-10-01 13:00:59,551 - baseline_trainer - INFO - ============================================================
2025-10-01 13:00:59,552 - baseline_trainer - INFO - Output directory: outputs/baselines
2025-10-01 13:00:59,552 - baseline_trainer - INFO - Configuration: {
  "num_speakers": 100,
  "batch_size": 16,
  "num_epochs": 100,
  "learning_rate": 0.001,
  "weight_decay": 0.0001,
  "hidden_dims": [
    256,
    128,
    64
  ],
  "dropout_rate": 0.3,
  "use_batch_norm": true,
  "n_mels": 80,
  "n_mfcc": 13,
  "num_workers": 0,
  "sample_rate": 16000,
  "max_audio_length": 3.0,
  "data_dir": "/scratch/project_2003370/yueyao/dataset/train-clean-100/LibriSpeech/train-clean-100",
  "device": "auto",
  "seed": 42,
  "optimizer": {
    "type": "adam",
    "params": {}
  },
  "scheduler": {
    "type": "step",
    "params": {
      "step_size": 30,
      "gamma": 0.5
    }
  },
  "early_stopping": {
    "patience": 15
  }
}
2025-10-01 13:00:59,598 - baseline_trainer - INFO - System info: {'platform': 'Linux-4.18.0-553.74.1.el8_10.x86_64-x86_64-with-glibc2.28', 'system': 'Linux', 'node': 'g1102.mahti.csc.fi', 'release': '4.18.0-553.74.1.el8_10.x86_64', 'version': '#1 SMP Sun Sep 7 09:23:35 EDT 2025', 'machine': 'x86_64', 'processor': 'x86_64', 'python_version': '3.12.10 (main, Jun  3 2025, 21:04:06) [GCC 8.5.0 20210514 (Red Hat 8.5.0-26)]', 'python_executable': '/usr/bin/python', 'cpu_count': 256, 'total_memory': 540285198336, 'available_memory': 488722931712, 'gpu_info': {'cuda_available': True, 'cuda_version': '12.6', 'gpu_count': 1, 'gpu_names': ['NVIDIA A100-SXM4-40GB MIG 1g.5gb']}, 'package_versions': {'numpy': '1.26.4', 'scipy': '1.13.1', 'scikit-learn': 'not installed', 'librosa': '0.11.0', 'soundfile': '0.13.1', 'torch': '2.7.1+cu126', 'tensorflow': 'not installed', 'matplotlib': '3.10.3', 'pandas': '2.3.0'}, 'git_info': {'commit_hash': '24e45f230c2ce9710aa7228339f19eed98659a61', 'branch': 'origin', 'is_dirty': True}}
2025-10-01 13:00:59,598 - baseline_trainer - INFO - Training 1 methods with 1 runs each...
2025-10-01 13:00:59,598 - baseline_trainer - INFO - Methods: ['mel_mlp']
2025-10-01 13:00:59,598 - baseline_trainer - INFO - 
==================================================
2025-10-01 13:00:59,598 - baseline_trainer - INFO - TRAINING METHOD: MEL_MLP
2025-10-01 13:00:59,598 - baseline_trainer - INFO - ==================================================
2025-10-01 13:00:59,598 - baseline_trainer - INFO - Training mel_mlp (Run 1)...
2025-10-01 13:00:59,609 - baseline_trainer - INFO - Setting up mel_mlp...
2025-10-01 13:01:19,507 - baseline_trainer - INFO - Model parameters: 69,284 (trainable: 69,284)
2025-10-01 13:01:19,507 - baseline_trainer - INFO - Starting training for 100 epochs...
2025-10-01 13:05:03,735 - baseline_trainer - INFO - Evaluating mel_mlp...
2025-10-01 13:05:06,058 - baseline_trainer - INFO - Completed mel_mlp (Run 1): Accuracy: 0.0000, Loss: 11.4724, Time: 244.1s
2025-10-01 13:05:06,109 - baseline_trainer - INFO - Progress: 1/1 (100.0%)
2025-10-01 13:05:06,109 - baseline_trainer - INFO - mel_mlp Summary: 0.0000 ± 0.0000
2025-10-01 13:05:06,109 - baseline_trainer - INFO - Analyzing baseline training results...
2025-10-01 13:05:06,110 - baseline_trainer - INFO - Generating baseline training report...
2025-10-01 13:05:06,163 - baseline_trainer - INFO - Reports saved:
2025-10-01 13:05:06,163 - baseline_trainer - INFO -   Text report: outputs/baselines/baseline_training_report.txt
2025-10-01 13:05:06,163 - baseline_trainer - INFO -   JSON report: outputs/baselines/baseline_training_results.json
2025-10-01 13:05:06,164 - baseline_trainer - INFO - Baseline training completed.
2025-10-01 13:05:06,164 - baseline_trainer - INFO - ============================================================
2025-10-01 13:05:46,847 - baseline_trainer - INFO - ============================================================
2025-10-01 13:05:46,847 - baseline_trainer - INFO - BASELINE MODELS TRAINING
2025-10-01 13:05:46,847 - baseline_trainer - INFO - ============================================================
2025-10-01 13:05:46,847 - baseline_trainer - INFO - Output directory: outputs/baselines
2025-10-01 13:05:46,847 - baseline_trainer - INFO - Configuration: {
  "num_speakers": 100,
  "batch_size": 16,
  "num_epochs": 100,
  "learning_rate": 0.001,
  "weight_decay": 0.0001,
  "hidden_dims": [
    256,
    128,
    64
  ],
  "dropout_rate": 0.3,
  "use_batch_norm": true,
  "n_mels": 80,
  "n_mfcc": 13,
  "num_workers": 0,
  "sample_rate": 16000,
  "max_audio_length": 3.0,
  "data_dir": "/scratch/project_2003370/yueyao/dataset/train-clean-100/LibriSpeech/train-clean-100",
  "device": "auto",
  "seed": 42,
  "optimizer": {
    "type": "adam",
    "params": {}
  },
  "scheduler": {
    "type": "step",
    "params": {
      "step_size": 30,
      "gamma": 0.5
    }
  },
  "early_stopping": {
    "patience": 15
  }
}
2025-10-01 13:05:46,894 - baseline_trainer - INFO - System info: {'platform': 'Linux-4.18.0-553.74.1.el8_10.x86_64-x86_64-with-glibc2.28', 'system': 'Linux', 'node': 'g1102.mahti.csc.fi', 'release': '4.18.0-553.74.1.el8_10.x86_64', 'version': '#1 SMP Sun Sep 7 09:23:35 EDT 2025', 'machine': 'x86_64', 'processor': 'x86_64', 'python_version': '3.12.10 (main, Jun  3 2025, 21:04:06) [GCC 8.5.0 20210514 (Red Hat 8.5.0-26)]', 'python_executable': '/usr/bin/python', 'cpu_count': 256, 'total_memory': 540285198336, 'available_memory': 486885404672, 'gpu_info': {'cuda_available': True, 'cuda_version': '12.6', 'gpu_count': 1, 'gpu_names': ['NVIDIA A100-SXM4-40GB MIG 1g.5gb']}, 'package_versions': {'numpy': '1.26.4', 'scipy': '1.13.1', 'scikit-learn': 'not installed', 'librosa': '0.11.0', 'soundfile': '0.13.1', 'torch': '2.7.1+cu126', 'tensorflow': 'not installed', 'matplotlib': '3.10.3', 'pandas': '2.3.0'}, 'git_info': {'commit_hash': '24e45f230c2ce9710aa7228339f19eed98659a61', 'branch': 'origin', 'is_dirty': True}}
2025-10-01 13:05:46,895 - baseline_trainer - INFO - Training 1 methods with 1 runs each...
2025-10-01 13:05:46,895 - baseline_trainer - INFO - Methods: ['mel_mlp']
2025-10-01 13:05:46,895 - baseline_trainer - INFO - 
==================================================
2025-10-01 13:05:46,895 - baseline_trainer - INFO - TRAINING METHOD: MEL_MLP
2025-10-01 13:05:46,895 - baseline_trainer - INFO - ==================================================
2025-10-01 13:05:46,895 - baseline_trainer - INFO - Training mel_mlp (Run 1)...
2025-10-01 13:05:46,906 - baseline_trainer - INFO - Setting up mel_mlp...
2025-10-01 13:06:29,215 - baseline_trainer - INFO - Model parameters: 69,284 (trainable: 69,284)
2025-10-01 13:06:29,215 - baseline_trainer - INFO - Starting training for 100 epochs...
2025-10-01 13:08:25,058 - baseline_trainer - INFO - ============================================================
2025-10-01 13:08:25,058 - baseline_trainer - INFO - BASELINE MODELS TRAINING
2025-10-01 13:08:25,058 - baseline_trainer - INFO - ============================================================
2025-10-01 13:08:25,058 - baseline_trainer - INFO - Output directory: outputs/baselines
2025-10-01 13:08:25,058 - baseline_trainer - INFO - Configuration: {
  "num_speakers": 100,
  "batch_size": 16,
  "num_epochs": 100,
  "learning_rate": 0.001,
  "weight_decay": 0.0001,
  "hidden_dims": [
    256,
    128,
    64
  ],
  "dropout_rate": 0.3,
  "use_batch_norm": true,
  "n_mels": 80,
  "n_mfcc": 13,
  "num_workers": 0,
  "sample_rate": 16000,
  "max_audio_length": 3.0,
  "data_dir": "/scratch/project_2003370/yueyao/dataset/train-clean-100/LibriSpeech/train-clean-100",
  "device": "auto",
  "seed": 42,
  "optimizer": {
    "type": "adam",
    "params": {}
  },
  "scheduler": {
    "type": "step",
    "params": {
      "step_size": 30,
      "gamma": 0.5
    }
  },
  "early_stopping": {
    "patience": 15
  }
}
2025-10-01 13:08:25,115 - baseline_trainer - INFO - System info: {'platform': 'Linux-4.18.0-553.74.1.el8_10.x86_64-x86_64-with-glibc2.28', 'system': 'Linux', 'node': 'g1102.mahti.csc.fi', 'release': '4.18.0-553.74.1.el8_10.x86_64', 'version': '#1 SMP Sun Sep 7 09:23:35 EDT 2025', 'machine': 'x86_64', 'processor': 'x86_64', 'python_version': '3.12.10 (main, Jun  3 2025, 21:04:06) [GCC 8.5.0 20210514 (Red Hat 8.5.0-26)]', 'python_executable': '/usr/bin/python', 'cpu_count': 256, 'total_memory': 540285198336, 'available_memory': 488164331520, 'gpu_info': {'cuda_available': True, 'cuda_version': '12.6', 'gpu_count': 1, 'gpu_names': ['NVIDIA A100-SXM4-40GB MIG 1g.5gb']}, 'package_versions': {'numpy': '1.26.4', 'scipy': '1.13.1', 'scikit-learn': 'not installed', 'librosa': '0.11.0', 'soundfile': '0.13.1', 'torch': '2.7.1+cu126', 'tensorflow': 'not installed', 'matplotlib': '3.10.3', 'pandas': '2.3.0'}, 'git_info': {'commit_hash': '24e45f230c2ce9710aa7228339f19eed98659a61', 'branch': 'origin', 'is_dirty': True}}
2025-10-01 13:08:25,115 - baseline_trainer - INFO - Training 1 methods with 1 runs each...
2025-10-01 13:08:25,116 - baseline_trainer - INFO - Methods: ['mel_mlp']
2025-10-01 13:08:25,116 - baseline_trainer - INFO - 
==================================================
2025-10-01 13:08:25,116 - baseline_trainer - INFO - TRAINING METHOD: MEL_MLP
2025-10-01 13:08:25,116 - baseline_trainer - INFO - ==================================================
2025-10-01 13:08:25,116 - baseline_trainer - INFO - Training mel_mlp (Run 1)...
2025-10-01 13:08:25,127 - baseline_trainer - INFO - Setting up mel_mlp...
2025-10-01 13:08:47,823 - baseline_trainer - INFO - Model parameters: 69,284 (trainable: 69,284)
2025-10-01 13:08:47,823 - baseline_trainer - INFO - Starting training for 100 epochs...
2025-10-01 13:28:00,062 - baseline_trainer - INFO - Evaluating mel_mlp...
2025-10-01 13:28:02,670 - baseline_trainer - INFO - Completed mel_mlp (Run 1): Accuracy: 0.9680, Loss: 0.1475, Time: 1174.9s
2025-10-01 13:28:02,819 - baseline_trainer - INFO - Progress: 1/1 (100.0%)
2025-10-01 13:28:02,819 - baseline_trainer - INFO - mel_mlp Summary: 0.9680 ± 0.0000
2025-10-01 13:28:02,819 - baseline_trainer - INFO - Analyzing baseline training results...
2025-10-01 13:28:02,820 - baseline_trainer - INFO - Generating baseline training report...
2025-10-01 13:28:03,103 - baseline_trainer - INFO - Reports saved:
2025-10-01 13:28:03,103 - baseline_trainer - INFO -   Text report: outputs/baselines/baseline_training_report.txt
2025-10-01 13:28:03,103 - baseline_trainer - INFO -   JSON report: outputs/baselines/baseline_training_results.json
2025-10-01 13:28:03,104 - baseline_trainer - INFO - Baseline training completed.
2025-10-01 13:28:03,104 - baseline_trainer - INFO - ============================================================
2025-10-01 13:34:54,026 - baseline_trainer - INFO - ============================================================
2025-10-01 13:34:54,026 - baseline_trainer - INFO - BASELINE MODELS TRAINING
2025-10-01 13:34:54,026 - baseline_trainer - INFO - ============================================================
2025-10-01 13:34:54,026 - baseline_trainer - INFO - Output directory: outputs/baselines
2025-10-01 13:34:54,026 - baseline_trainer - INFO - Configuration: {
  "num_speakers": 100,
  "batch_size": 16,
  "num_epochs": 100,
  "learning_rate": 0.001,
  "weight_decay": 0.0001,
  "hidden_dims": [
    256,
    128,
    64
  ],
  "dropout_rate": 0.3,
  "use_batch_norm": true,
  "n_mels": 80,
  "n_mfcc": 13,
  "num_workers": 0,
  "sample_rate": 16000,
  "max_audio_length": 3.0,
  "data_dir": "/scratch/project_2003370/yueyao/dataset/train-clean-100/LibriSpeech/train-clean-100",
  "device": "auto",
  "seed": 42,
  "optimizer": {
    "type": "adam",
    "params": {}
  },
  "scheduler": {
    "type": "step",
    "params": {
      "step_size": 30,
      "gamma": 0.5
    }
  },
  "early_stopping": {
    "patience": 15
  }
}
2025-10-01 13:34:54,104 - baseline_trainer - INFO - System info: {'platform': 'Linux-4.18.0-553.74.1.el8_10.x86_64-x86_64-with-glibc2.28', 'system': 'Linux', 'node': 'g1102.mahti.csc.fi', 'release': '4.18.0-553.74.1.el8_10.x86_64', 'version': '#1 SMP Sun Sep 7 09:23:35 EDT 2025', 'machine': 'x86_64', 'processor': 'x86_64', 'python_version': '3.12.10 (main, Jun  3 2025, 21:04:06) [GCC 8.5.0 20210514 (Red Hat 8.5.0-26)]', 'python_executable': '/usr/bin/python', 'cpu_count': 256, 'total_memory': 540285198336, 'available_memory': 485712195584, 'gpu_info': {'cuda_available': True, 'cuda_version': '12.6', 'gpu_count': 1, 'gpu_names': ['NVIDIA A100-SXM4-40GB MIG 1g.5gb']}, 'package_versions': {'numpy': '1.26.4', 'scipy': '1.13.1', 'scikit-learn': 'not installed', 'librosa': '0.11.0', 'soundfile': '0.13.1', 'torch': '2.7.1+cu126', 'tensorflow': 'not installed', 'matplotlib': '3.10.3', 'pandas': '2.3.0'}, 'git_info': {'commit_hash': 'e91e8fa3ec1982ffad79a40cf1ea31c8dbd36b7f', 'branch': 'origin', 'is_dirty': True}}
2025-10-01 13:34:54,104 - baseline_trainer - INFO - Training 1 methods with 1 runs each...
2025-10-01 13:34:54,104 - baseline_trainer - INFO - Methods: ['mfcc_mlp']
2025-10-01 13:34:54,104 - baseline_trainer - INFO - 
==================================================
2025-10-01 13:34:54,104 - baseline_trainer - INFO - TRAINING METHOD: MFCC_MLP
2025-10-01 13:34:54,104 - baseline_trainer - INFO - ==================================================
2025-10-01 13:34:54,104 - baseline_trainer - INFO - Training mfcc_mlp (Run 1)...
2025-10-01 13:34:54,118 - baseline_trainer - INFO - Setting up mfcc_mlp...
2025-10-01 13:36:53,357 - baseline_trainer - INFO - Model parameters: 69,284 (trainable: 69,284)
2025-10-01 13:36:53,357 - baseline_trainer - INFO - Starting training for 100 epochs...
2025-10-01 13:55:43,542 - baseline_trainer - INFO - Evaluating mfcc_mlp...
2025-10-01 13:55:46,186 - baseline_trainer - INFO - Completed mfcc_mlp (Run 1): Accuracy: 0.9680, Loss: 0.1475, Time: 1249.4s
2025-10-01 13:55:46,345 - baseline_trainer - INFO - Progress: 1/1 (100.0%)
2025-10-01 13:55:46,345 - baseline_trainer - INFO - mfcc_mlp Summary: 0.9680 ± 0.0000
2025-10-01 13:55:46,345 - baseline_trainer - INFO - Analyzing baseline training results...
2025-10-01 13:55:46,346 - baseline_trainer - INFO - Generating baseline training report...
2025-10-01 13:55:46,450 - baseline_trainer - INFO - Reports saved:
2025-10-01 13:55:46,450 - baseline_trainer - INFO -   Text report: outputs/baselines/baseline_training_report.txt
2025-10-01 13:55:46,450 - baseline_trainer - INFO -   JSON report: outputs/baselines/baseline_training_results.json
2025-10-01 13:55:46,451 - baseline_trainer - INFO - Baseline training completed.
2025-10-01 13:55:46,451 - baseline_trainer - INFO - ============================================================
2025-10-04 14:43:31,831 - baseline_trainer - INFO - ============================================================
2025-10-04 14:43:31,845 - baseline_trainer - INFO - BASELINE MODELS TRAINING
2025-10-04 14:43:31,845 - baseline_trainer - INFO - ============================================================
2025-10-04 14:43:31,845 - baseline_trainer - INFO - Output directory: outputs/baselines
2025-10-04 14:43:31,845 - baseline_trainer - INFO - Configuration: {
  "num_speakers": 100,
  "batch_size": 16,
  "num_epochs": 100,
  "learning_rate": 0.001,
  "weight_decay": 0.0001,
  "hidden_dims": [
    256,
    128,
    64
  ],
  "dropout_rate": 0.3,
  "use_batch_norm": true,
  "n_mels": 80,
  "n_mfcc": 13,
  "num_workers": 0,
  "sample_rate": 16000,
  "max_audio_length": 3.0,
  "data_dir": "/scratch/project_2003370/yueyao/dataset/train-clean-100/LibriSpeech/train-clean-100",
  "device": "auto",
  "seed": 42,
  "optimizer": {
    "type": "adam",
    "params": {}
  },
  "scheduler": {
    "type": "step",
    "params": {
      "step_size": 30,
      "gamma": 0.5
    }
  },
  "early_stopping": {
    "patience": 15
  }
}
2025-10-04 14:43:31,891 - baseline_trainer - INFO - System info: {'platform': 'Linux-4.18.0-553.74.1.el8_10.x86_64-x86_64-with-glibc2.28', 'system': 'Linux', 'node': 'g1102.mahti.csc.fi', 'release': '4.18.0-553.74.1.el8_10.x86_64', 'version': '#1 SMP Sun Sep 7 09:23:35 EDT 2025', 'machine': 'x86_64', 'processor': 'x86_64', 'python_version': '3.12.10 (main, Jun  3 2025, 21:04:06) [GCC 8.5.0 20210514 (Red Hat 8.5.0-26)]', 'python_executable': '/usr/bin/python', 'cpu_count': 256, 'total_memory': 540285198336, 'available_memory': 503413354496, 'gpu_info': {'cuda_available': True, 'cuda_version': '12.6', 'gpu_count': 1, 'gpu_names': ['NVIDIA A100-SXM4-40GB MIG 1g.5gb']}, 'package_versions': {'numpy': '1.26.4', 'scipy': '1.13.1', 'scikit-learn': 'not installed', 'librosa': '0.11.0', 'soundfile': '0.13.1', 'torch': '2.7.1+cu126', 'tensorflow': 'not installed', 'matplotlib': '3.10.3', 'pandas': '2.3.0'}, 'git_info': {'commit_hash': 'b8869759b4122b7648b00f614892269782e4ca2c', 'branch': 'origin', 'is_dirty': True}}
2025-10-04 14:43:31,891 - baseline_trainer - INFO - Training 1 methods with 1 runs each...
2025-10-04 14:43:31,892 - baseline_trainer - INFO - Methods: ['mel_cnn']
2025-10-04 14:43:31,892 - baseline_trainer - INFO - 
==================================================
2025-10-04 14:43:31,892 - baseline_trainer - INFO - TRAINING METHOD: MEL_CNN
2025-10-04 14:43:31,892 - baseline_trainer - INFO - ==================================================
2025-10-04 14:43:31,892 - baseline_trainer - INFO - Training mel_cnn (Run 1)...
2025-10-04 14:43:31,905 - baseline_trainer - INFO - Setting up mel_cnn...
2025-10-04 14:43:33,324 - baseline_trainer - ERROR - Failed to train mel_cnn (Run 1): 'CNNBaseline' object has no attribute 'config'
2025-10-04 14:43:33,327 - baseline_trainer - ERROR - Full traceback:
Traceback (most recent call last):
  File "/scratch/project_2003370/yueyao/Model/scripts/train_baselines.py", line 367, in train_single_method
    experiment.setup()
  File "/scratch/project_2003370/yueyao/Model/experiments/baseline_experiment.py", line 841, in setup
    self.model = self.create_model()
                 ^^^^^^^^^^^^^^^^^^^
  File "/scratch/project_2003370/yueyao/Model/experiments/baseline_experiment.py", line 165, in create_model
    model = self._create_cnn_model('mel')
            ^^^^^^^^^^^^^^^^^^^^^^^^^^^^^
  File "/scratch/project_2003370/yueyao/Model/experiments/baseline_experiment.py", line 271, in _create_cnn_model
    return CNNBaseline(
           ^^^^^^^^^^^^
  File "/scratch/project_2003370/yueyao/Model/experiments/baseline_experiment.py", line 199, in __init__
    sample_rate=self.config['sample_rate']
                ^^^^^^^^^^^
  File "/usr/local/lib64/python3.12/site-packages/torch/nn/modules/module.py", line 1940, in __getattr__
    raise AttributeError(
AttributeError: 'CNNBaseline' object has no attribute 'config'

2025-10-04 14:43:33,328 - baseline_trainer - INFO - Progress: 1/1 (100.0%)
2025-10-04 14:43:33,328 - baseline_trainer - WARNING - No successful runs for mel_cnn
2025-10-04 14:43:33,328 - baseline_trainer - INFO - Analyzing baseline training results...
2025-10-04 14:43:33,328 - baseline_trainer - INFO - Generating baseline training report...
2025-10-04 14:43:33,376 - baseline_trainer - INFO - Reports saved:
2025-10-04 14:43:33,377 - baseline_trainer - INFO -   Text report: outputs/baselines/baseline_training_report.txt
2025-10-04 14:43:33,377 - baseline_trainer - INFO -   JSON report: outputs/baselines/baseline_training_results.json
2025-10-04 14:43:33,377 - baseline_trainer - INFO - Baseline training completed.
2025-10-04 14:43:33,377 - baseline_trainer - INFO - ============================================================
2025-10-04 14:46:18,881 - baseline_trainer - INFO - ============================================================
2025-10-04 14:46:18,881 - baseline_trainer - INFO - BASELINE MODELS TRAINING
2025-10-04 14:46:18,881 - baseline_trainer - INFO - ============================================================
2025-10-04 14:46:18,881 - baseline_trainer - INFO - Output directory: outputs/baselines
2025-10-04 14:46:18,881 - baseline_trainer - INFO - Configuration: {
  "num_speakers": 100,
  "batch_size": 16,
  "num_epochs": 100,
  "learning_rate": 0.001,
  "weight_decay": 0.0001,
  "hidden_dims": [
    256,
    128,
    64
  ],
  "dropout_rate": 0.3,
  "use_batch_norm": true,
  "n_mels": 80,
  "n_mfcc": 13,
  "num_workers": 0,
  "sample_rate": 16000,
  "max_audio_length": 3.0,
  "data_dir": "/scratch/project_2003370/yueyao/dataset/train-clean-100/LibriSpeech/train-clean-100",
  "device": "auto",
  "seed": 42,
  "optimizer": {
    "type": "adam",
    "params": {}
  },
  "scheduler": {
    "type": "step",
    "params": {
      "step_size": 30,
      "gamma": 0.5
    }
  },
  "early_stopping": {
    "patience": 15
  }
}
2025-10-04 14:46:18,924 - baseline_trainer - INFO - System info: {'platform': 'Linux-4.18.0-553.74.1.el8_10.x86_64-x86_64-with-glibc2.28', 'system': 'Linux', 'node': 'g1102.mahti.csc.fi', 'release': '4.18.0-553.74.1.el8_10.x86_64', 'version': '#1 SMP Sun Sep 7 09:23:35 EDT 2025', 'machine': 'x86_64', 'processor': 'x86_64', 'python_version': '3.12.10 (main, Jun  3 2025, 21:04:06) [GCC 8.5.0 20210514 (Red Hat 8.5.0-26)]', 'python_executable': '/usr/bin/python', 'cpu_count': 256, 'total_memory': 540285198336, 'available_memory': 503415623680, 'gpu_info': {'cuda_available': True, 'cuda_version': '12.6', 'gpu_count': 1, 'gpu_names': ['NVIDIA A100-SXM4-40GB MIG 1g.5gb']}, 'package_versions': {'numpy': '1.26.4', 'scipy': '1.13.1', 'scikit-learn': 'not installed', 'librosa': '0.11.0', 'soundfile': '0.13.1', 'torch': '2.7.1+cu126', 'tensorflow': 'not installed', 'matplotlib': '3.10.3', 'pandas': '2.3.0'}, 'git_info': {'commit_hash': 'b8869759b4122b7648b00f614892269782e4ca2c', 'branch': 'origin', 'is_dirty': True}}
2025-10-04 14:46:18,925 - baseline_trainer - INFO - Training 1 methods with 1 runs each...
2025-10-04 14:46:18,925 - baseline_trainer - INFO - Methods: ['mel_cnn']
2025-10-04 14:46:18,925 - baseline_trainer - INFO - 
==================================================
2025-10-04 14:46:18,925 - baseline_trainer - INFO - TRAINING METHOD: MEL_CNN
2025-10-04 14:46:18,925 - baseline_trainer - INFO - ==================================================
2025-10-04 14:46:18,925 - baseline_trainer - INFO - Training mel_cnn (Run 1)...
2025-10-04 14:46:18,935 - baseline_trainer - INFO - Setting up mel_cnn...
2025-10-04 14:51:43,760 - baseline_trainer - INFO - Model parameters: 185,380 (trainable: 185,380)
2025-10-04 14:51:43,760 - baseline_trainer - INFO - Starting training for 100 epochs...
2025-10-04 14:51:43,783 - baseline_trainer - ERROR - Failed to train mel_cnn (Run 1): 'MelSpectrogramExtractor' object is not callable
2025-10-04 14:51:43,785 - baseline_trainer - ERROR - Full traceback:
Traceback (most recent call last):
  File "/scratch/project_2003370/yueyao/Model/scripts/train_baselines.py", line 377, in train_single_method
    experiment.train(self.config['num_epochs'])
  File "/scratch/project_2003370/yueyao/Model/experiments/base_experiment.py", line 569, in train
    train_metrics = self.train_epoch()
                    ^^^^^^^^^^^^^^^^^^
  File "/scratch/project_2003370/yueyao/Model/experiments/base_experiment.py", line 370, in train_epoch
    loss, predictions, targets = self.forward_pass(batch, training=True)
                                 ^^^^^^^^^^^^^^^^^^^^^^^^^^^^^^^^^^^^^^^
  File "/scratch/project_2003370/yueyao/Model/experiments/baseline_experiment.py", line 689, in forward_pass
    logits = self.model(audio)
             ^^^^^^^^^^^^^^^^^
  File "/usr/local/lib64/python3.12/site-packages/torch/nn/modules/module.py", line 1751, in _wrapped_call_impl
    return self._call_impl(*args, **kwargs)
           ^^^^^^^^^^^^^^^^^^^^^^^^^^^^^^^^
  File "/usr/local/lib64/python3.12/site-packages/torch/nn/modules/module.py", line 1762, in _call_impl
    return forward_call(*args, **kwargs)
           ^^^^^^^^^^^^^^^^^^^^^^^^^^^^^
  File "/scratch/project_2003370/yueyao/Model/experiments/baseline_experiment.py", line 253, in forward
    features = self.feature_extractor(x)
               ^^^^^^^^^^^^^^^^^^^^^^^^^
TypeError: 'MelSpectrogramExtractor' object is not callable

2025-10-04 14:51:43,787 - baseline_trainer - INFO - Progress: 1/1 (100.0%)
2025-10-04 14:51:43,787 - baseline_trainer - WARNING - No successful runs for mel_cnn
2025-10-04 14:51:43,787 - baseline_trainer - INFO - Analyzing baseline training results...
2025-10-04 14:51:43,787 - baseline_trainer - INFO - Generating baseline training report...
2025-10-04 14:51:43,832 - baseline_trainer - INFO - Reports saved:
2025-10-04 14:51:43,832 - baseline_trainer - INFO -   Text report: outputs/baselines/baseline_training_report.txt
2025-10-04 14:51:43,832 - baseline_trainer - INFO -   JSON report: outputs/baselines/baseline_training_results.json
2025-10-04 14:51:43,833 - baseline_trainer - INFO - Baseline training completed.
2025-10-04 14:51:43,833 - baseline_trainer - INFO - ============================================================
2025-10-04 14:58:05,968 - baseline_trainer - INFO - ============================================================
2025-10-04 14:58:05,969 - baseline_trainer - INFO - BASELINE MODELS TRAINING
2025-10-04 14:58:05,969 - baseline_trainer - INFO - ============================================================
2025-10-04 14:58:05,969 - baseline_trainer - INFO - Output directory: outputs/baselines
2025-10-04 14:58:05,969 - baseline_trainer - INFO - Configuration: {
  "num_speakers": 100,
  "batch_size": 16,
  "num_epochs": 100,
  "learning_rate": 0.001,
  "weight_decay": 0.0001,
  "hidden_dims": [
    256,
    128,
    64
  ],
  "dropout_rate": 0.3,
  "use_batch_norm": true,
  "n_mels": 80,
  "n_mfcc": 13,
  "num_workers": 0,
  "sample_rate": 16000,
  "max_audio_length": 3.0,
  "data_dir": "/scratch/project_2003370/yueyao/dataset/train-clean-100/LibriSpeech/train-clean-100",
  "device": "auto",
  "seed": 42,
  "optimizer": {
    "type": "adam",
    "params": {}
  },
  "scheduler": {
    "type": "step",
    "params": {
      "step_size": 30,
      "gamma": 0.5
    }
  },
  "early_stopping": {
    "patience": 15
  }
}
2025-10-04 14:58:06,012 - baseline_trainer - INFO - System info: {'platform': 'Linux-4.18.0-553.74.1.el8_10.x86_64-x86_64-with-glibc2.28', 'system': 'Linux', 'node': 'g1102.mahti.csc.fi', 'release': '4.18.0-553.74.1.el8_10.x86_64', 'version': '#1 SMP Sun Sep 7 09:23:35 EDT 2025', 'machine': 'x86_64', 'processor': 'x86_64', 'python_version': '3.12.10 (main, Jun  3 2025, 21:04:06) [GCC 8.5.0 20210514 (Red Hat 8.5.0-26)]', 'python_executable': '/usr/bin/python', 'cpu_count': 256, 'total_memory': 540285198336, 'available_memory': 503338356736, 'gpu_info': {'cuda_available': True, 'cuda_version': '12.6', 'gpu_count': 1, 'gpu_names': ['NVIDIA A100-SXM4-40GB MIG 1g.5gb']}, 'package_versions': {'numpy': '1.26.4', 'scipy': '1.13.1', 'scikit-learn': 'not installed', 'librosa': '0.11.0', 'soundfile': '0.13.1', 'torch': '2.7.1+cu126', 'tensorflow': 'not installed', 'matplotlib': '3.10.3', 'pandas': '2.3.0'}, 'git_info': {'commit_hash': 'b8869759b4122b7648b00f614892269782e4ca2c', 'branch': 'origin', 'is_dirty': True}}
2025-10-04 14:58:06,012 - baseline_trainer - INFO - Training 1 methods with 1 runs each...
2025-10-04 14:58:06,012 - baseline_trainer - INFO - Methods: ['mel_cnn']
2025-10-04 14:58:06,012 - baseline_trainer - INFO - 
==================================================
2025-10-04 14:58:06,012 - baseline_trainer - INFO - TRAINING METHOD: MEL_CNN
2025-10-04 14:58:06,012 - baseline_trainer - INFO - ==================================================
2025-10-04 14:58:06,012 - baseline_trainer - INFO - Training mel_cnn (Run 1)...
2025-10-04 14:58:06,022 - baseline_trainer - INFO - Setting up mel_cnn...
2025-10-04 14:58:21,687 - baseline_trainer - INFO - Model parameters: 185,380 (trainable: 185,380)
2025-10-04 14:58:21,687 - baseline_trainer - INFO - Starting training for 100 epochs...
2025-10-04 14:58:22,077 - baseline_trainer - ERROR - Failed to train mel_cnn (Run 1): Audio data must be of type numpy.ndarray
2025-10-04 14:58:22,080 - baseline_trainer - ERROR - Full traceback:
Traceback (most recent call last):
  File "/scratch/project_2003370/yueyao/Model/scripts/train_baselines.py", line 377, in train_single_method
    experiment.train(self.config['num_epochs'])
  File "/scratch/project_2003370/yueyao/Model/experiments/base_experiment.py", line 569, in train
    train_metrics = self.train_epoch()
                    ^^^^^^^^^^^^^^^^^^
  File "/scratch/project_2003370/yueyao/Model/experiments/base_experiment.py", line 370, in train_epoch
    loss, predictions, targets = self.forward_pass(batch, training=True)
                                 ^^^^^^^^^^^^^^^^^^^^^^^^^^^^^^^^^^^^^^^
  File "/scratch/project_2003370/yueyao/Model/experiments/baseline_experiment.py", line 697, in forward_pass
    logits = self.model(audio)
             ^^^^^^^^^^^^^^^^^
  File "/usr/local/lib64/python3.12/site-packages/torch/nn/modules/module.py", line 1751, in _wrapped_call_impl
    return self._call_impl(*args, **kwargs)
           ^^^^^^^^^^^^^^^^^^^^^^^^^^^^^^^^
  File "/usr/local/lib64/python3.12/site-packages/torch/nn/modules/module.py", line 1762, in _call_impl
    return forward_call(*args, **kwargs)
           ^^^^^^^^^^^^^^^^^^^^^^^^^^^^^
  File "/scratch/project_2003370/yueyao/Model/experiments/baseline_experiment.py", line 257, in forward
    features = self.feature_extractor.extract(x)
               ^^^^^^^^^^^^^^^^^^^^^^^^^^^^^^^^^
  File "/scratch/project_2003370/yueyao/Model/features/traditional_features.py", line 218, in extract
    mel_spec = librosa.feature.melspectrogram(
               ^^^^^^^^^^^^^^^^^^^^^^^^^^^^^^^
  File "/usr/local/lib/python3.12/site-packages/librosa/feature/spectral.py", line 2135, in melspectrogram
    S, n_fft = _spectrogram(
               ^^^^^^^^^^^^^
  File "/usr/local/lib/python3.12/site-packages/librosa/core/spectrum.py", line 2945, in _spectrogram
    stft(
  File "/usr/local/lib/python3.12/site-packages/librosa/core/spectrum.py", line 239, in stft
    util.valid_audio(y)
  File "/usr/local/lib/python3.12/site-packages/librosa/util/utils.py", line 287, in valid_audio
    raise ParameterError("Audio data must be of type numpy.ndarray")
librosa.util.exceptions.ParameterError: Audio data must be of type numpy.ndarray

2025-10-04 14:58:22,083 - baseline_trainer - INFO - Progress: 1/1 (100.0%)
2025-10-04 14:58:22,083 - baseline_trainer - WARNING - No successful runs for mel_cnn
2025-10-04 14:58:22,083 - baseline_trainer - INFO - Analyzing baseline training results...
2025-10-04 14:58:22,083 - baseline_trainer - INFO - Generating baseline training report...
2025-10-04 14:58:22,130 - baseline_trainer - INFO - Reports saved:
2025-10-04 14:58:22,130 - baseline_trainer - INFO -   Text report: outputs/baselines/baseline_training_report.txt
2025-10-04 14:58:22,130 - baseline_trainer - INFO -   JSON report: outputs/baselines/baseline_training_results.json
2025-10-04 14:58:22,130 - baseline_trainer - INFO - Baseline training completed.
2025-10-04 14:58:22,130 - baseline_trainer - INFO - ============================================================
2025-10-04 14:59:39,339 - baseline_trainer - INFO - ============================================================
2025-10-04 14:59:39,339 - baseline_trainer - INFO - BASELINE MODELS TRAINING
2025-10-04 14:59:39,339 - baseline_trainer - INFO - ============================================================
2025-10-04 14:59:39,339 - baseline_trainer - INFO - Output directory: outputs/baselines
2025-10-04 14:59:39,339 - baseline_trainer - INFO - Configuration: {
  "num_speakers": 100,
  "batch_size": 16,
  "num_epochs": 100,
  "learning_rate": 0.001,
  "weight_decay": 0.0001,
  "hidden_dims": [
    256,
    128,
    64
  ],
  "dropout_rate": 0.3,
  "use_batch_norm": true,
  "n_mels": 80,
  "n_mfcc": 13,
  "num_workers": 0,
  "sample_rate": 16000,
  "max_audio_length": 3.0,
  "data_dir": "/scratch/project_2003370/yueyao/dataset/train-clean-100/LibriSpeech/train-clean-100",
  "device": "auto",
  "seed": 42,
  "optimizer": {
    "type": "adam",
    "params": {}
  },
  "scheduler": {
    "type": "step",
    "params": {
      "step_size": 30,
      "gamma": 0.5
    }
  },
  "early_stopping": {
    "patience": 15
  }
}
2025-10-04 14:59:39,383 - baseline_trainer - INFO - System info: {'platform': 'Linux-4.18.0-553.74.1.el8_10.x86_64-x86_64-with-glibc2.28', 'system': 'Linux', 'node': 'g1102.mahti.csc.fi', 'release': '4.18.0-553.74.1.el8_10.x86_64', 'version': '#1 SMP Sun Sep 7 09:23:35 EDT 2025', 'machine': 'x86_64', 'processor': 'x86_64', 'python_version': '3.12.10 (main, Jun  3 2025, 21:04:06) [GCC 8.5.0 20210514 (Red Hat 8.5.0-26)]', 'python_executable': '/usr/bin/python', 'cpu_count': 256, 'total_memory': 540285198336, 'available_memory': 503342256128, 'gpu_info': {'cuda_available': True, 'cuda_version': '12.6', 'gpu_count': 1, 'gpu_names': ['NVIDIA A100-SXM4-40GB MIG 1g.5gb']}, 'package_versions': {'numpy': '1.26.4', 'scipy': '1.13.1', 'scikit-learn': 'not installed', 'librosa': '0.11.0', 'soundfile': '0.13.1', 'torch': '2.7.1+cu126', 'tensorflow': 'not installed', 'matplotlib': '3.10.3', 'pandas': '2.3.0'}, 'git_info': {'commit_hash': 'b8869759b4122b7648b00f614892269782e4ca2c', 'branch': 'origin', 'is_dirty': True}}
2025-10-04 14:59:39,383 - baseline_trainer - INFO - Training 1 methods with 1 runs each...
2025-10-04 14:59:39,383 - baseline_trainer - INFO - Methods: ['mel_cnn']
2025-10-04 14:59:39,383 - baseline_trainer - INFO - 
==================================================
2025-10-04 14:59:39,383 - baseline_trainer - INFO - TRAINING METHOD: MEL_CNN
2025-10-04 14:59:39,384 - baseline_trainer - INFO - ==================================================
2025-10-04 14:59:39,384 - baseline_trainer - INFO - Training mel_cnn (Run 1)...
2025-10-04 14:59:39,395 - baseline_trainer - INFO - Setting up mel_cnn...
2025-10-04 14:59:55,111 - baseline_trainer - INFO - Model parameters: 185,380 (trainable: 185,380)
2025-10-04 14:59:55,111 - baseline_trainer - INFO - Starting training for 100 epochs...
2025-10-04 14:59:55,485 - baseline_trainer - ERROR - Failed to train mel_cnn (Run 1): Given groups=1, weight of size [64, 80, 3], expected input[16, 94, 80] to have 80 channels, but got 94 channels instead
2025-10-04 14:59:55,487 - baseline_trainer - ERROR - Full traceback:
Traceback (most recent call last):
  File "/scratch/project_2003370/yueyao/Model/scripts/train_baselines.py", line 377, in train_single_method
    experiment.train(self.config['num_epochs'])
  File "/scratch/project_2003370/yueyao/Model/experiments/base_experiment.py", line 569, in train
    train_metrics = self.train_epoch()
                    ^^^^^^^^^^^^^^^^^^
  File "/scratch/project_2003370/yueyao/Model/experiments/base_experiment.py", line 370, in train_epoch
    loss, predictions, targets = self.forward_pass(batch, training=True)
                                 ^^^^^^^^^^^^^^^^^^^^^^^^^^^^^^^^^^^^^^^
  File "/scratch/project_2003370/yueyao/Model/experiments/baseline_experiment.py", line 714, in forward_pass
    logits = self.model(audio)
             ^^^^^^^^^^^^^^^^^
  File "/usr/local/lib64/python3.12/site-packages/torch/nn/modules/module.py", line 1751, in _wrapped_call_impl
    return self._call_impl(*args, **kwargs)
           ^^^^^^^^^^^^^^^^^^^^^^^^^^^^^^^^
  File "/usr/local/lib64/python3.12/site-packages/torch/nn/modules/module.py", line 1762, in _call_impl
    return forward_call(*args, **kwargs)
           ^^^^^^^^^^^^^^^^^^^^^^^^^^^^^
  File "/scratch/project_2003370/yueyao/Model/experiments/baseline_experiment.py", line 292, in forward
    conv_out = self.conv_layers(features)
               ^^^^^^^^^^^^^^^^^^^^^^^^^^
  File "/usr/local/lib64/python3.12/site-packages/torch/nn/modules/module.py", line 1751, in _wrapped_call_impl
    return self._call_impl(*args, **kwargs)
           ^^^^^^^^^^^^^^^^^^^^^^^^^^^^^^^^
  File "/usr/local/lib64/python3.12/site-packages/torch/nn/modules/module.py", line 1762, in _call_impl
    return forward_call(*args, **kwargs)
           ^^^^^^^^^^^^^^^^^^^^^^^^^^^^^
  File "/usr/local/lib64/python3.12/site-packages/torch/nn/modules/container.py", line 240, in forward
    input = module(input)
            ^^^^^^^^^^^^^
  File "/usr/local/lib64/python3.12/site-packages/torch/nn/modules/module.py", line 1751, in _wrapped_call_impl
    return self._call_impl(*args, **kwargs)
           ^^^^^^^^^^^^^^^^^^^^^^^^^^^^^^^^
  File "/usr/local/lib64/python3.12/site-packages/torch/nn/modules/module.py", line 1762, in _call_impl
    return forward_call(*args, **kwargs)
           ^^^^^^^^^^^^^^^^^^^^^^^^^^^^^
  File "/usr/local/lib64/python3.12/site-packages/torch/nn/modules/conv.py", line 375, in forward
    return self._conv_forward(input, self.weight, self.bias)
           ^^^^^^^^^^^^^^^^^^^^^^^^^^^^^^^^^^^^^^^^^^^^^^^^^
  File "/usr/local/lib64/python3.12/site-packages/torch/nn/modules/conv.py", line 370, in _conv_forward
    return F.conv1d(
           ^^^^^^^^^
RuntimeError: Given groups=1, weight of size [64, 80, 3], expected input[16, 94, 80] to have 80 channels, but got 94 channels instead

2025-10-04 14:59:55,491 - baseline_trainer - INFO - Progress: 1/1 (100.0%)
2025-10-04 14:59:55,491 - baseline_trainer - WARNING - No successful runs for mel_cnn
2025-10-04 14:59:55,491 - baseline_trainer - INFO - Analyzing baseline training results...
2025-10-04 14:59:55,491 - baseline_trainer - INFO - Generating baseline training report...
2025-10-04 14:59:55,538 - baseline_trainer - INFO - Reports saved:
2025-10-04 14:59:55,539 - baseline_trainer - INFO -   Text report: outputs/baselines/baseline_training_report.txt
2025-10-04 14:59:55,539 - baseline_trainer - INFO -   JSON report: outputs/baselines/baseline_training_results.json
2025-10-04 14:59:55,539 - baseline_trainer - INFO - Baseline training completed.
2025-10-04 14:59:55,539 - baseline_trainer - INFO - ============================================================
2025-10-04 15:01:55,370 - baseline_trainer - INFO - ============================================================
2025-10-04 15:01:55,370 - baseline_trainer - INFO - BASELINE MODELS TRAINING
2025-10-04 15:01:55,371 - baseline_trainer - INFO - ============================================================
2025-10-04 15:01:55,371 - baseline_trainer - INFO - Output directory: outputs/baselines
2025-10-04 15:01:55,371 - baseline_trainer - INFO - Configuration: {
  "num_speakers": 100,
  "batch_size": 16,
  "num_epochs": 100,
  "learning_rate": 0.001,
  "weight_decay": 0.0001,
  "hidden_dims": [
    256,
    128,
    64
  ],
  "dropout_rate": 0.3,
  "use_batch_norm": true,
  "n_mels": 80,
  "n_mfcc": 13,
  "num_workers": 0,
  "sample_rate": 16000,
  "max_audio_length": 3.0,
  "data_dir": "/scratch/project_2003370/yueyao/dataset/train-clean-100/LibriSpeech/train-clean-100",
  "device": "auto",
  "seed": 42,
  "optimizer": {
    "type": "adam",
    "params": {}
  },
  "scheduler": {
    "type": "step",
    "params": {
      "step_size": 30,
      "gamma": 0.5
    }
  },
  "early_stopping": {
    "patience": 15
  }
}
2025-10-04 15:01:55,414 - baseline_trainer - INFO - System info: {'platform': 'Linux-4.18.0-553.74.1.el8_10.x86_64-x86_64-with-glibc2.28', 'system': 'Linux', 'node': 'g1102.mahti.csc.fi', 'release': '4.18.0-553.74.1.el8_10.x86_64', 'version': '#1 SMP Sun Sep 7 09:23:35 EDT 2025', 'machine': 'x86_64', 'processor': 'x86_64', 'python_version': '3.12.10 (main, Jun  3 2025, 21:04:06) [GCC 8.5.0 20210514 (Red Hat 8.5.0-26)]', 'python_executable': '/usr/bin/python', 'cpu_count': 256, 'total_memory': 540285198336, 'available_memory': 503344209920, 'gpu_info': {'cuda_available': True, 'cuda_version': '12.6', 'gpu_count': 1, 'gpu_names': ['NVIDIA A100-SXM4-40GB MIG 1g.5gb']}, 'package_versions': {'numpy': '1.26.4', 'scipy': '1.13.1', 'scikit-learn': 'not installed', 'librosa': '0.11.0', 'soundfile': '0.13.1', 'torch': '2.7.1+cu126', 'tensorflow': 'not installed', 'matplotlib': '3.10.3', 'pandas': '2.3.0'}, 'git_info': {'commit_hash': 'b8869759b4122b7648b00f614892269782e4ca2c', 'branch': 'origin', 'is_dirty': True}}
2025-10-04 15:01:55,414 - baseline_trainer - INFO - Training 1 methods with 1 runs each...
2025-10-04 15:01:55,414 - baseline_trainer - INFO - Methods: ['mel_cnn']
2025-10-04 15:01:55,414 - baseline_trainer - INFO - 
==================================================
2025-10-04 15:01:55,414 - baseline_trainer - INFO - TRAINING METHOD: MEL_CNN
2025-10-04 15:01:55,414 - baseline_trainer - INFO - ==================================================
2025-10-04 15:01:55,414 - baseline_trainer - INFO - Training mel_cnn (Run 1)...
2025-10-04 15:01:55,425 - baseline_trainer - INFO - Setting up mel_cnn...
2025-10-04 15:02:11,148 - baseline_trainer - INFO - Model parameters: 185,380 (trainable: 185,380)
2025-10-04 15:02:11,148 - baseline_trainer - INFO - Starting training for 100 epochs...
2025-10-04 15:15:29,622 - baseline_trainer - INFO - Evaluating mel_cnn...
2025-10-04 15:15:32,064 - baseline_trainer - INFO - Completed mel_cnn (Run 1): Accuracy: 0.9620, Loss: 0.1596, Time: 814.2s
2025-10-04 15:15:32,191 - baseline_trainer - INFO - Progress: 1/1 (100.0%)
2025-10-04 15:15:32,191 - baseline_trainer - INFO - mel_cnn Summary: 0.9620 ± 0.0000
2025-10-04 15:15:32,191 - baseline_trainer - INFO - Analyzing baseline training results...
2025-10-04 15:15:32,192 - baseline_trainer - INFO - Generating baseline training report...
2025-10-04 15:15:32,237 - baseline_trainer - INFO - Reports saved:
2025-10-04 15:15:32,237 - baseline_trainer - INFO -   Text report: outputs/baselines/baseline_training_report.txt
2025-10-04 15:15:32,237 - baseline_trainer - INFO -   JSON report: outputs/baselines/baseline_training_results.json
2025-10-04 15:15:32,237 - baseline_trainer - INFO - Baseline training completed.
2025-10-04 15:15:32,237 - baseline_trainer - INFO - ============================================================
2025-10-04 15:17:08,232 - baseline_trainer - INFO - ============================================================
2025-10-04 15:17:08,232 - baseline_trainer - INFO - BASELINE MODELS TRAINING
2025-10-04 15:17:08,232 - baseline_trainer - INFO - ============================================================
2025-10-04 15:17:08,232 - baseline_trainer - INFO - Output directory: outputs/baselines
2025-10-04 15:17:08,232 - baseline_trainer - INFO - Configuration: {
  "num_speakers": 100,
  "batch_size": 16,
  "num_epochs": 100,
  "learning_rate": 0.001,
  "weight_decay": 0.0001,
  "hidden_dims": [
    256,
    128,
    64
  ],
  "dropout_rate": 0.3,
  "use_batch_norm": true,
  "n_mels": 80,
  "n_mfcc": 13,
  "num_workers": 0,
  "sample_rate": 16000,
  "max_audio_length": 3.0,
  "data_dir": "/scratch/project_2003370/yueyao/dataset/train-clean-100/LibriSpeech/train-clean-100",
  "device": "auto",
  "seed": 42,
  "optimizer": {
    "type": "adam",
    "params": {}
  },
  "scheduler": {
    "type": "step",
    "params": {
      "step_size": 30,
      "gamma": 0.5
    }
  },
  "early_stopping": {
    "patience": 15
  }
}
2025-10-04 15:17:08,276 - baseline_trainer - INFO - System info: {'platform': 'Linux-4.18.0-553.74.1.el8_10.x86_64-x86_64-with-glibc2.28', 'system': 'Linux', 'node': 'g1102.mahti.csc.fi', 'release': '4.18.0-553.74.1.el8_10.x86_64', 'version': '#1 SMP Sun Sep 7 09:23:35 EDT 2025', 'machine': 'x86_64', 'processor': 'x86_64', 'python_version': '3.12.10 (main, Jun  3 2025, 21:04:06) [GCC 8.5.0 20210514 (Red Hat 8.5.0-26)]', 'python_executable': '/usr/bin/python', 'cpu_count': 256, 'total_memory': 540285198336, 'available_memory': 503194083328, 'gpu_info': {'cuda_available': True, 'cuda_version': '12.6', 'gpu_count': 1, 'gpu_names': ['NVIDIA A100-SXM4-40GB MIG 1g.5gb']}, 'package_versions': {'numpy': '1.26.4', 'scipy': '1.13.1', 'scikit-learn': 'not installed', 'librosa': '0.11.0', 'soundfile': '0.13.1', 'torch': '2.7.1+cu126', 'tensorflow': 'not installed', 'matplotlib': '3.10.3', 'pandas': '2.3.0'}, 'git_info': {'commit_hash': 'b8869759b4122b7648b00f614892269782e4ca2c', 'branch': 'origin', 'is_dirty': True}}
2025-10-04 15:17:08,276 - baseline_trainer - INFO - Training 1 methods with 1 runs each...
2025-10-04 15:17:08,277 - baseline_trainer - INFO - Methods: ['mfcc_cnn']
2025-10-04 15:17:08,277 - baseline_trainer - INFO - 
==================================================
2025-10-04 15:17:08,277 - baseline_trainer - INFO - TRAINING METHOD: MFCC_CNN
2025-10-04 15:17:08,277 - baseline_trainer - INFO - ==================================================
2025-10-04 15:17:08,277 - baseline_trainer - INFO - Training mfcc_cnn (Run 1)...
2025-10-04 15:17:08,290 - baseline_trainer - INFO - Setting up mfcc_cnn...
2025-10-04 15:17:23,168 - baseline_trainer - INFO - Model parameters: 172,516 (trainable: 172,516)
2025-10-04 15:17:23,168 - baseline_trainer - INFO - Starting training for 100 epochs...
2025-10-04 15:39:31,462 - baseline_trainer - INFO - Evaluating mfcc_cnn...
2025-10-04 15:39:34,514 - baseline_trainer - INFO - Completed mfcc_cnn (Run 1): Accuracy: 0.9080, Loss: 0.2976, Time: 1343.2s
2025-10-04 15:39:34,690 - baseline_trainer - INFO - Progress: 1/1 (100.0%)
2025-10-04 15:39:34,690 - baseline_trainer - INFO - mfcc_cnn Summary: 0.9080 ± 0.0000
2025-10-04 15:39:34,690 - baseline_trainer - INFO - Analyzing baseline training results...
2025-10-04 15:39:34,691 - baseline_trainer - INFO - Generating baseline training report...
2025-10-04 15:39:34,737 - baseline_trainer - INFO - Reports saved:
2025-10-04 15:39:34,737 - baseline_trainer - INFO -   Text report: outputs/baselines/baseline_training_report.txt
2025-10-04 15:39:34,737 - baseline_trainer - INFO -   JSON report: outputs/baselines/baseline_training_results.json
2025-10-04 15:39:34,737 - baseline_trainer - INFO - Baseline training completed.
2025-10-04 15:39:34,737 - baseline_trainer - INFO - ============================================================
