2026-01-26 09:47:44,565 - experiment_chaotic_lorenz_full_chaotic_run_0 - INFO - Initialized experiment: chaotic_lorenz_full_chaotic_run_0
2026-01-26 09:47:44,566 - experiment_chaotic_lorenz_full_chaotic_run_0 - INFO - Device: cuda
2026-01-26 09:47:44,566 - experiment_chaotic_lorenz_full_chaotic_run_0 - INFO - Output directory: /scratch/project_2003370/yueyao/Model/experiments/configs/base_chaotic/251_speaker/experiments/chaotic_lorenz_full_chaotic_run_0
2026-01-26 09:47:44,566 - experiment_chaotic_lorenz_full_chaotic_run_0 - INFO - Initialized chaotic network experiment with lorenz system
2026-01-26 09:47:44,566 - experiment_chaotic_lorenz_full_chaotic_run_0 - INFO - Setting up experiment components...
2026-01-26 09:47:44,566 - experiment_chaotic_lorenz_full_chaotic_run_0 - INFO - Creating dataloaders...
2026-01-26 09:49:24,879 - experiment_chaotic_lorenz_full_chaotic_run_0 - INFO - Initialized experiment: chaotic_lorenz_full_chaotic_run_0
2026-01-26 09:49:24,880 - experiment_chaotic_lorenz_full_chaotic_run_0 - INFO - Device: cuda
2026-01-26 09:49:24,880 - experiment_chaotic_lorenz_full_chaotic_run_0 - INFO - Output directory: /scratch/project_2003370/yueyao/Model/experiments/configs/base_chaotic/full_speaker/experiments/chaotic_lorenz_full_chaotic_run_0
2026-01-26 09:49:24,880 - experiment_chaotic_lorenz_full_chaotic_run_0 - INFO - Initialized chaotic network experiment with lorenz system
2026-01-26 09:49:24,880 - experiment_chaotic_lorenz_full_chaotic_run_0 - INFO - Setting up experiment components...
2026-01-26 09:49:24,880 - experiment_chaotic_lorenz_full_chaotic_run_0 - INFO - Creating dataloaders...
2026-01-26 11:51:51,226 - experiment_chaotic_lorenz_full_chaotic_run_0 - INFO - Initialized experiment: chaotic_lorenz_full_chaotic_run_0
2026-01-26 11:51:51,276 - experiment_chaotic_lorenz_full_chaotic_run_0 - INFO - Device: cuda
2026-01-26 11:51:51,277 - experiment_chaotic_lorenz_full_chaotic_run_0 - INFO - Output directory: /scratch/project_2003370/yueyao/Model/experiments/configs/base_chaotic/full_speaker/experiments/chaotic_lorenz_full_chaotic_run_0
2026-01-26 11:51:51,277 - experiment_chaotic_lorenz_full_chaotic_run_0 - INFO - Initialized chaotic network experiment with lorenz system
2026-01-26 11:51:51,277 - experiment_chaotic_lorenz_full_chaotic_run_0 - INFO - Setting up experiment components...
2026-01-26 11:51:51,277 - experiment_chaotic_lorenz_full_chaotic_run_0 - INFO - Creating dataloaders...
2026-01-26 11:55:41,147 - experiment_chaotic_lorenz_full_chaotic_run_0 - INFO - Detected 251 speakers in dataset
2026-01-26 11:55:41,147 - experiment_chaotic_lorenz_full_chaotic_run_0 - INFO - Dataloaders created:
2026-01-26 11:55:41,147 - experiment_chaotic_lorenz_full_chaotic_run_0 - INFO -   Train: 164 batches
2026-01-26 11:55:41,147 - experiment_chaotic_lorenz_full_chaotic_run_0 - INFO -   Val: 32 batches
2026-01-26 11:55:41,147 - experiment_chaotic_lorenz_full_chaotic_run_0 - INFO -   Test: 40 batches
2026-01-26 11:55:41,148 - experiment_chaotic_lorenz_full_chaotic_run_0 - INFO - Creating model...
2026-01-26 11:55:41,148 - experiment_chaotic_lorenz_full_chaotic_run_0 - INFO - Using actual num_speakers from dataset: 251
2026-01-26 11:56:46,641 - experiment_chaotic_lorenz_full_chaotic_run_0 - INFO - Total parameters: 644,154
2026-01-26 11:56:46,641 - experiment_chaotic_lorenz_full_chaotic_run_0 - INFO - Trainable parameters: 644,154
2026-01-26 11:56:46,641 - experiment_chaotic_lorenz_full_chaotic_run_0 - INFO - Creating optimizer...
2026-01-26 11:56:48,454 - experiment_chaotic_lorenz_full_chaotic_run_0 - INFO - Optimizer: Adam
2026-01-26 11:56:48,454 - experiment_chaotic_lorenz_full_chaotic_run_0 - INFO - Creating scheduler...
2026-01-26 11:56:48,454 - experiment_chaotic_lorenz_full_chaotic_run_0 - WARNING - Unknown scheduler type: cosine_annealing, no scheduler will be used
2026-01-26 11:56:48,454 - experiment_chaotic_lorenz_full_chaotic_run_0 - INFO - Creating criterion...
2026-01-26 11:56:48,454 - experiment_chaotic_lorenz_full_chaotic_run_0 - INFO - Criterion: CrossEntropyLoss
2026-01-26 11:56:48,499 - experiment_chaotic_lorenz_full_chaotic_run_0 - INFO - Configuration saved to: /scratch/project_2003370/yueyao/Model/experiments/configs/base_chaotic/full_speaker/experiments/chaotic_lorenz_full_chaotic_run_0/config.json
2026-01-26 11:56:48,500 - experiment_chaotic_lorenz_full_chaotic_run_0 - INFO - Experiment setup completed
2026-01-26 11:56:48,500 - experiment_chaotic_lorenz_full_chaotic_run_0 - INFO - Starting training for 100 epochs
2026-01-26 11:56:53,463 - experiment_chaotic_lorenz_full_chaotic_run_0 - INFO - 
================================================================================
2026-01-26 11:56:53,463 - experiment_chaotic_lorenz_full_chaotic_run_0 - INFO - COMPREHENSIVE DEBUG - FIRST BATCH
2026-01-26 11:56:53,463 - experiment_chaotic_lorenz_full_chaotic_run_0 - INFO - ================================================================================
2026-01-26 11:56:53,463 - experiment_chaotic_lorenz_full_chaotic_run_0 - INFO - Batch Info:
2026-01-26 11:56:53,464 - experiment_chaotic_lorenz_full_chaotic_run_0 - INFO -   Audio shape: torch.Size([32, 48000])
2026-01-26 11:56:53,464 - experiment_chaotic_lorenz_full_chaotic_run_0 - INFO -   Targets shape: torch.Size([32])
2026-01-26 11:56:53,470 - experiment_chaotic_lorenz_full_chaotic_run_0 - INFO -   Targets (first 8): tensor([127, 124, 236,  12, 202, 233,  52,  66], device='cuda:0')
2026-01-26 11:56:56,340 - experiment_chaotic_lorenz_full_chaotic_run_0 - INFO - ================================================================================

2026-01-26 11:56:57,595 - experiment_chaotic_lorenz_full_chaotic_run_0 - ERROR - Training failed with error: float() argument must be a string or a real number, not 'dict'
2026-01-26 12:00:28,574 - experiment_chaotic_lorenz_full_chaotic_run_0 - INFO - Initialized experiment: chaotic_lorenz_full_chaotic_run_0
2026-01-26 12:00:28,574 - experiment_chaotic_lorenz_full_chaotic_run_0 - INFO - Device: cuda
2026-01-26 12:00:28,574 - experiment_chaotic_lorenz_full_chaotic_run_0 - INFO - Output directory: /scratch/project_2003370/yueyao/Model/experiments/configs/base_chaotic/full_speaker/experiments/chaotic_lorenz_full_chaotic_run_0
2026-01-26 12:00:28,574 - experiment_chaotic_lorenz_full_chaotic_run_0 - INFO - Initialized chaotic network experiment with lorenz system
2026-01-26 12:00:28,575 - experiment_chaotic_lorenz_full_chaotic_run_0 - INFO - Setting up experiment components...
2026-01-26 12:00:28,575 - experiment_chaotic_lorenz_full_chaotic_run_0 - INFO - Creating dataloaders...
2026-01-26 12:00:36,237 - experiment_chaotic_lorenz_full_chaotic_run_0 - INFO - Detected 251 speakers in dataset
2026-01-26 12:00:36,237 - experiment_chaotic_lorenz_full_chaotic_run_0 - INFO - Dataloaders created:
2026-01-26 12:00:36,237 - experiment_chaotic_lorenz_full_chaotic_run_0 - INFO -   Train: 164 batches
2026-01-26 12:00:36,237 - experiment_chaotic_lorenz_full_chaotic_run_0 - INFO -   Val: 32 batches
2026-01-26 12:00:36,237 - experiment_chaotic_lorenz_full_chaotic_run_0 - INFO -   Test: 40 batches
2026-01-26 12:00:36,237 - experiment_chaotic_lorenz_full_chaotic_run_0 - INFO - Creating model...
2026-01-26 12:00:36,237 - experiment_chaotic_lorenz_full_chaotic_run_0 - INFO - Using actual num_speakers from dataset: 251
2026-01-26 12:01:42,191 - experiment_chaotic_lorenz_full_chaotic_run_0 - INFO - Total parameters: 644,154
2026-01-26 12:01:42,191 - experiment_chaotic_lorenz_full_chaotic_run_0 - INFO - Trainable parameters: 644,154
2026-01-26 12:01:42,191 - experiment_chaotic_lorenz_full_chaotic_run_0 - INFO - Creating optimizer...
2026-01-26 12:01:43,319 - experiment_chaotic_lorenz_full_chaotic_run_0 - INFO - Optimizer: Adam
2026-01-26 12:01:43,319 - experiment_chaotic_lorenz_full_chaotic_run_0 - INFO - Creating scheduler...
2026-01-26 12:01:43,320 - experiment_chaotic_lorenz_full_chaotic_run_0 - WARNING - Unknown scheduler type: cosine_annealing, no scheduler will be used
2026-01-26 12:01:43,320 - experiment_chaotic_lorenz_full_chaotic_run_0 - INFO - Creating criterion...
2026-01-26 12:01:43,320 - experiment_chaotic_lorenz_full_chaotic_run_0 - INFO - Criterion: CrossEntropyLoss
2026-01-26 12:01:43,365 - experiment_chaotic_lorenz_full_chaotic_run_0 - INFO - Configuration saved to: /scratch/project_2003370/yueyao/Model/experiments/configs/base_chaotic/full_speaker/experiments/chaotic_lorenz_full_chaotic_run_0/config.json
2026-01-26 12:01:43,365 - experiment_chaotic_lorenz_full_chaotic_run_0 - INFO - Experiment setup completed
2026-01-26 12:01:43,366 - experiment_chaotic_lorenz_full_chaotic_run_0 - INFO - Starting training for 100 epochs
2026-01-26 12:01:43,513 - experiment_chaotic_lorenz_full_chaotic_run_0 - INFO - 
================================================================================
2026-01-26 12:01:43,513 - experiment_chaotic_lorenz_full_chaotic_run_0 - INFO - COMPREHENSIVE DEBUG - FIRST BATCH
2026-01-26 12:01:43,513 - experiment_chaotic_lorenz_full_chaotic_run_0 - INFO - ================================================================================
2026-01-26 12:01:43,513 - experiment_chaotic_lorenz_full_chaotic_run_0 - INFO - Batch Info:
2026-01-26 12:01:43,513 - experiment_chaotic_lorenz_full_chaotic_run_0 - INFO -   Audio shape: torch.Size([32, 48000])
2026-01-26 12:01:43,514 - experiment_chaotic_lorenz_full_chaotic_run_0 - INFO -   Targets shape: torch.Size([32])
2026-01-26 12:01:43,519 - experiment_chaotic_lorenz_full_chaotic_run_0 - INFO -   Targets (first 8): tensor([127, 124, 236,  12, 202, 233,  52,  66], device='cuda:0')
2026-01-26 12:01:44,085 - experiment_chaotic_lorenz_full_chaotic_run_0 - INFO - ================================================================================

2026-01-26 12:01:45,007 - experiment_chaotic_lorenz_full_chaotic_run_0 - INFO - Train Epoch 0: [0/5268 (0.0%)]	Loss: 5.520069
2026-01-26 12:02:16,340 - experiment_chaotic_lorenz_full_chaotic_run_0 - INFO - Train Epoch 0: [3200/5268 (61.0%)]	Loss: 5.495028
2026-01-26 12:02:44,314 - experiment_chaotic_lorenz_full_chaotic_run_0 - INFO - Epoch 0: Train Loss: 5.5131, Train Acc: 0.0046, Val Loss: 5.5237, Val Acc: 0.0040
2026-01-26 12:02:44,394 - experiment_chaotic_lorenz_full_chaotic_run_0 - INFO - Saved new best model at epoch 0
2026-01-26 12:02:45,221 - experiment_chaotic_lorenz_full_chaotic_run_0 - INFO - Train Epoch 1: [0/5268 (0.0%)]	Loss: 5.437743
2026-01-26 12:03:15,802 - experiment_chaotic_lorenz_full_chaotic_run_0 - INFO - Train Epoch 1: [3200/5268 (61.0%)]	Loss: 5.044760
2026-01-26 12:03:39,546 - experiment_chaotic_lorenz_full_chaotic_run_0 - INFO - Epoch 1: Train Loss: 5.0409, Train Acc: 0.0139, Val Loss: 5.9775, Val Acc: 0.0040
2026-01-26 12:03:40,076 - experiment_chaotic_lorenz_full_chaotic_run_0 - INFO - Train Epoch 2: [0/5268 (0.0%)]	Loss: 4.470954
2026-01-26 12:04:10,763 - experiment_chaotic_lorenz_full_chaotic_run_0 - INFO - Train Epoch 2: [3200/5268 (61.0%)]	Loss: 4.649066
2026-01-26 12:04:34,548 - experiment_chaotic_lorenz_full_chaotic_run_0 - INFO - Epoch 2: Train Loss: 4.5262, Train Acc: 0.0263, Val Loss: 5.0134, Val Acc: 0.0179
2026-01-26 12:04:34,634 - experiment_chaotic_lorenz_full_chaotic_run_0 - INFO - Saved new best model at epoch 2
2026-01-26 12:04:35,206 - experiment_chaotic_lorenz_full_chaotic_run_0 - INFO - Train Epoch 3: [0/5268 (0.0%)]	Loss: 4.340266
2026-01-26 12:05:05,900 - experiment_chaotic_lorenz_full_chaotic_run_0 - INFO - Train Epoch 3: [3200/5268 (61.0%)]	Loss: 4.240805
2026-01-26 12:05:29,842 - experiment_chaotic_lorenz_full_chaotic_run_0 - INFO - Epoch 3: Train Loss: 4.2688, Train Acc: 0.0436, Val Loss: 5.3717, Val Acc: 0.0140
2026-01-26 12:05:30,379 - experiment_chaotic_lorenz_full_chaotic_run_0 - INFO - Train Epoch 4: [0/5268 (0.0%)]	Loss: 3.853628
2026-01-26 12:06:01,203 - experiment_chaotic_lorenz_full_chaotic_run_0 - INFO - Train Epoch 4: [3200/5268 (61.0%)]	Loss: 3.933352
2026-01-26 12:06:25,133 - experiment_chaotic_lorenz_full_chaotic_run_0 - INFO - Epoch 4: Train Loss: 4.0687, Train Acc: 0.0596, Val Loss: 4.3913, Val Acc: 0.0558
2026-01-26 12:06:25,214 - experiment_chaotic_lorenz_full_chaotic_run_0 - INFO - Saved new best model at epoch 4
2026-01-26 12:06:25,793 - experiment_chaotic_lorenz_full_chaotic_run_0 - INFO - Train Epoch 5: [0/5268 (0.0%)]	Loss: 3.775229
2026-01-26 12:06:56,721 - experiment_chaotic_lorenz_full_chaotic_run_0 - INFO - Train Epoch 5: [3200/5268 (61.0%)]	Loss: 3.922070
2026-01-26 12:07:20,475 - experiment_chaotic_lorenz_full_chaotic_run_0 - INFO - Epoch 5: Train Loss: 3.8912, Train Acc: 0.0783, Val Loss: 4.8272, Val Acc: 0.0309
2026-01-26 12:07:21,008 - experiment_chaotic_lorenz_full_chaotic_run_0 - INFO - Train Epoch 6: [0/5268 (0.0%)]	Loss: 3.793352
2026-01-26 12:07:51,490 - experiment_chaotic_lorenz_full_chaotic_run_0 - INFO - Train Epoch 6: [3200/5268 (61.0%)]	Loss: 3.545833
2026-01-26 12:08:15,198 - experiment_chaotic_lorenz_full_chaotic_run_0 - INFO - Epoch 6: Train Loss: 3.7478, Train Acc: 0.0838, Val Loss: 3.8568, Val Acc: 0.0698
2026-01-26 12:08:15,280 - experiment_chaotic_lorenz_full_chaotic_run_0 - INFO - Saved new best model at epoch 6
2026-01-26 12:08:15,863 - experiment_chaotic_lorenz_full_chaotic_run_0 - INFO - Train Epoch 7: [0/5268 (0.0%)]	Loss: 3.677396
2026-01-26 12:08:46,380 - experiment_chaotic_lorenz_full_chaotic_run_0 - INFO - Train Epoch 7: [3200/5268 (61.0%)]	Loss: 3.672210
2026-01-26 12:09:10,066 - experiment_chaotic_lorenz_full_chaotic_run_0 - INFO - Epoch 7: Train Loss: 3.6788, Train Acc: 0.0938, Val Loss: 4.5090, Val Acc: 0.0469
2026-01-26 12:09:10,608 - experiment_chaotic_lorenz_full_chaotic_run_0 - INFO - Train Epoch 8: [0/5268 (0.0%)]	Loss: 3.555920
2026-01-26 12:09:41,080 - experiment_chaotic_lorenz_full_chaotic_run_0 - INFO - Train Epoch 8: [3200/5268 (61.0%)]	Loss: 3.445232
2026-01-26 12:10:04,763 - experiment_chaotic_lorenz_full_chaotic_run_0 - INFO - Epoch 8: Train Loss: 3.6030, Train Acc: 0.0930, Val Loss: 5.7055, Val Acc: 0.0269
2026-01-26 12:10:05,301 - experiment_chaotic_lorenz_full_chaotic_run_0 - INFO - Train Epoch 9: [0/5268 (0.0%)]	Loss: 3.269152
2026-01-26 12:10:35,811 - experiment_chaotic_lorenz_full_chaotic_run_0 - INFO - Train Epoch 9: [3200/5268 (61.0%)]	Loss: 3.467380
2026-01-26 12:10:59,538 - experiment_chaotic_lorenz_full_chaotic_run_0 - INFO - Epoch 9: Train Loss: 3.5349, Train Acc: 0.1082, Val Loss: 6.7769, Val Acc: 0.0100
2026-01-26 12:11:00,076 - experiment_chaotic_lorenz_full_chaotic_run_0 - INFO - Train Epoch 10: [0/5268 (0.0%)]	Loss: 3.528651
2026-01-26 12:11:30,711 - experiment_chaotic_lorenz_full_chaotic_run_0 - INFO - Train Epoch 10: [3200/5268 (61.0%)]	Loss: 3.165307
2026-01-26 12:11:54,419 - experiment_chaotic_lorenz_full_chaotic_run_0 - INFO - Epoch 10: Train Loss: 3.4650, Train Acc: 0.1153, Val Loss: 5.5944, Val Acc: 0.0249
2026-01-26 12:11:55,049 - experiment_chaotic_lorenz_full_chaotic_run_0 - INFO - Train Epoch 11: [0/5268 (0.0%)]	Loss: 3.590234
2026-01-26 12:12:25,405 - experiment_chaotic_lorenz_full_chaotic_run_0 - INFO - Train Epoch 11: [3200/5268 (61.0%)]	Loss: 3.113422
2026-01-26 12:12:49,045 - experiment_chaotic_lorenz_full_chaotic_run_0 - INFO - Epoch 11: Train Loss: 3.4119, Train Acc: 0.1261, Val Loss: 6.8373, Val Acc: 0.0150
2026-01-26 12:12:49,576 - experiment_chaotic_lorenz_full_chaotic_run_0 - INFO - Train Epoch 12: [0/5268 (0.0%)]	Loss: 3.146839
2026-01-26 12:13:19,947 - experiment_chaotic_lorenz_full_chaotic_run_0 - INFO - Train Epoch 12: [3200/5268 (61.0%)]	Loss: 3.220288
2026-01-26 12:13:43,628 - experiment_chaotic_lorenz_full_chaotic_run_0 - INFO - Epoch 12: Train Loss: 3.3727, Train Acc: 0.1231, Val Loss: 6.1931, Val Acc: 0.0349
2026-01-26 12:13:44,165 - experiment_chaotic_lorenz_full_chaotic_run_0 - INFO - Train Epoch 13: [0/5268 (0.0%)]	Loss: 3.168828
2026-01-26 12:14:14,590 - experiment_chaotic_lorenz_full_chaotic_run_0 - INFO - Train Epoch 13: [3200/5268 (61.0%)]	Loss: 3.257047
2026-01-26 12:14:38,229 - experiment_chaotic_lorenz_full_chaotic_run_0 - INFO - Epoch 13: Train Loss: 3.3304, Train Acc: 0.1284, Val Loss: 4.2385, Val Acc: 0.0718
2026-01-26 12:14:38,318 - experiment_chaotic_lorenz_full_chaotic_run_0 - INFO - Saved new best model at epoch 13
2026-01-26 12:14:38,912 - experiment_chaotic_lorenz_full_chaotic_run_0 - INFO - Train Epoch 14: [0/5268 (0.0%)]	Loss: 3.263852
2026-01-26 12:15:09,360 - experiment_chaotic_lorenz_full_chaotic_run_0 - INFO - Train Epoch 14: [3200/5268 (61.0%)]	Loss: 3.285913
2026-01-26 12:15:33,268 - experiment_chaotic_lorenz_full_chaotic_run_0 - INFO - Epoch 14: Train Loss: 3.2870, Train Acc: 0.1380, Val Loss: 5.0220, Val Acc: 0.0309
2026-01-26 12:15:33,813 - experiment_chaotic_lorenz_full_chaotic_run_0 - INFO - Train Epoch 15: [0/5268 (0.0%)]	Loss: 3.114521
2026-01-26 12:16:04,269 - experiment_chaotic_lorenz_full_chaotic_run_0 - INFO - Train Epoch 15: [3200/5268 (61.0%)]	Loss: 3.328277
2026-01-26 12:16:28,001 - experiment_chaotic_lorenz_full_chaotic_run_0 - INFO - Epoch 15: Train Loss: 3.2375, Train Acc: 0.1465, Val Loss: 6.5617, Val Acc: 0.0259
2026-01-26 12:16:28,542 - experiment_chaotic_lorenz_full_chaotic_run_0 - INFO - Train Epoch 16: [0/5268 (0.0%)]	Loss: 3.142792
2026-01-26 12:16:58,956 - experiment_chaotic_lorenz_full_chaotic_run_0 - INFO - Train Epoch 16: [3200/5268 (61.0%)]	Loss: 3.379012
2026-01-26 12:17:22,630 - experiment_chaotic_lorenz_full_chaotic_run_0 - INFO - Epoch 16: Train Loss: 3.1958, Train Acc: 0.1452, Val Loss: 5.4214, Val Acc: 0.0329
2026-01-26 12:17:23,162 - experiment_chaotic_lorenz_full_chaotic_run_0 - INFO - Train Epoch 17: [0/5268 (0.0%)]	Loss: 3.291554
2026-01-26 12:17:53,627 - experiment_chaotic_lorenz_full_chaotic_run_0 - INFO - Train Epoch 17: [3200/5268 (61.0%)]	Loss: 3.468314
2026-01-26 12:18:17,379 - experiment_chaotic_lorenz_full_chaotic_run_0 - INFO - Epoch 17: Train Loss: 3.1657, Train Acc: 0.1583, Val Loss: 6.3784, Val Acc: 0.0289
2026-01-26 12:18:17,942 - experiment_chaotic_lorenz_full_chaotic_run_0 - INFO - Train Epoch 18: [0/5268 (0.0%)]	Loss: 2.998715
2026-01-26 12:18:48,317 - experiment_chaotic_lorenz_full_chaotic_run_0 - INFO - Train Epoch 18: [3200/5268 (61.0%)]	Loss: 2.939792
2026-01-26 12:19:12,202 - experiment_chaotic_lorenz_full_chaotic_run_0 - INFO - Epoch 18: Train Loss: 3.1287, Train Acc: 0.1530, Val Loss: 6.1543, Val Acc: 0.0319
2026-01-26 12:19:12,746 - experiment_chaotic_lorenz_full_chaotic_run_0 - INFO - Train Epoch 19: [0/5268 (0.0%)]	Loss: 3.031839
2026-01-26 12:19:43,211 - experiment_chaotic_lorenz_full_chaotic_run_0 - INFO - Train Epoch 19: [3200/5268 (61.0%)]	Loss: 3.142347
2026-01-26 12:20:06,926 - experiment_chaotic_lorenz_full_chaotic_run_0 - INFO - Epoch 19: Train Loss: 3.1167, Train Acc: 0.1606, Val Loss: 7.9887, Val Acc: 0.0140
2026-01-26 12:20:07,467 - experiment_chaotic_lorenz_full_chaotic_run_0 - INFO - Train Epoch 20: [0/5268 (0.0%)]	Loss: 2.903305
2026-01-26 12:20:37,803 - experiment_chaotic_lorenz_full_chaotic_run_0 - INFO - Train Epoch 20: [3200/5268 (61.0%)]	Loss: 2.654387
2026-01-26 12:21:01,509 - experiment_chaotic_lorenz_full_chaotic_run_0 - INFO - Epoch 20: Train Loss: 3.0498, Train Acc: 0.1702, Val Loss: 6.0209, Val Acc: 0.0518
2026-01-26 12:21:02,135 - experiment_chaotic_lorenz_full_chaotic_run_0 - INFO - Train Epoch 21: [0/5268 (0.0%)]	Loss: 3.106550
2026-01-26 12:21:32,564 - experiment_chaotic_lorenz_full_chaotic_run_0 - INFO - Train Epoch 21: [3200/5268 (61.0%)]	Loss: 2.950243
2026-01-26 12:21:56,249 - experiment_chaotic_lorenz_full_chaotic_run_0 - INFO - Epoch 21: Train Loss: 3.0318, Train Acc: 0.1839, Val Loss: 5.0425, Val Acc: 0.0329
2026-01-26 12:21:56,785 - experiment_chaotic_lorenz_full_chaotic_run_0 - INFO - Train Epoch 22: [0/5268 (0.0%)]	Loss: 3.250108
2026-01-26 12:22:27,117 - experiment_chaotic_lorenz_full_chaotic_run_0 - INFO - Train Epoch 22: [3200/5268 (61.0%)]	Loss: 2.638735
2026-01-26 12:22:50,744 - experiment_chaotic_lorenz_full_chaotic_run_0 - INFO - Epoch 22: Train Loss: 2.9928, Train Acc: 0.1936, Val Loss: 8.6083, Val Acc: 0.0090
2026-01-26 12:22:51,281 - experiment_chaotic_lorenz_full_chaotic_run_0 - INFO - Train Epoch 23: [0/5268 (0.0%)]	Loss: 2.688918
2026-01-26 12:23:21,832 - experiment_chaotic_lorenz_full_chaotic_run_0 - INFO - Train Epoch 23: [3200/5268 (61.0%)]	Loss: 3.144940
2026-01-26 12:23:45,513 - experiment_chaotic_lorenz_full_chaotic_run_0 - INFO - Epoch 23: Train Loss: 2.9710, Train Acc: 0.1873, Val Loss: 4.4810, Val Acc: 0.0568
2026-01-26 12:23:46,061 - experiment_chaotic_lorenz_full_chaotic_run_0 - INFO - Train Epoch 24: [0/5268 (0.0%)]	Loss: 2.788504
2026-01-26 12:24:16,422 - experiment_chaotic_lorenz_full_chaotic_run_0 - INFO - Train Epoch 24: [3200/5268 (61.0%)]	Loss: 3.236080
2026-01-26 12:24:40,103 - experiment_chaotic_lorenz_full_chaotic_run_0 - INFO - Epoch 24: Train Loss: 2.9488, Train Acc: 0.1858, Val Loss: 9.7859, Val Acc: 0.0050
2026-01-26 12:24:40,647 - experiment_chaotic_lorenz_full_chaotic_run_0 - INFO - Train Epoch 25: [0/5268 (0.0%)]	Loss: 2.801895
2026-01-26 12:25:11,008 - experiment_chaotic_lorenz_full_chaotic_run_0 - INFO - Train Epoch 25: [3200/5268 (61.0%)]	Loss: 2.563653
2026-01-26 12:25:34,683 - experiment_chaotic_lorenz_full_chaotic_run_0 - INFO - Epoch 25: Train Loss: 2.9052, Train Acc: 0.1953, Val Loss: 7.6159, Val Acc: 0.0199
2026-01-26 12:25:35,224 - experiment_chaotic_lorenz_full_chaotic_run_0 - INFO - Train Epoch 26: [0/5268 (0.0%)]	Loss: 2.933517
2026-01-26 12:26:05,849 - experiment_chaotic_lorenz_full_chaotic_run_0 - INFO - Train Epoch 26: [3200/5268 (61.0%)]	Loss: 3.066325
2026-01-26 12:26:29,551 - experiment_chaotic_lorenz_full_chaotic_run_0 - INFO - Epoch 26: Train Loss: 2.8649, Train Acc: 0.2090, Val Loss: 8.8560, Val Acc: 0.0150
2026-01-26 12:26:30,094 - experiment_chaotic_lorenz_full_chaotic_run_0 - INFO - Train Epoch 27: [0/5268 (0.0%)]	Loss: 2.616946
2026-01-26 12:27:00,467 - experiment_chaotic_lorenz_full_chaotic_run_0 - INFO - Train Epoch 27: [3200/5268 (61.0%)]	Loss: 2.857120
2026-01-26 12:27:24,119 - experiment_chaotic_lorenz_full_chaotic_run_0 - INFO - Epoch 27: Train Loss: 2.8164, Train Acc: 0.2189, Val Loss: 6.2935, Val Acc: 0.0219
2026-01-26 12:27:24,661 - experiment_chaotic_lorenz_full_chaotic_run_0 - INFO - Train Epoch 28: [0/5268 (0.0%)]	Loss: 3.124091
2026-01-26 12:27:55,028 - experiment_chaotic_lorenz_full_chaotic_run_0 - INFO - Train Epoch 28: [3200/5268 (61.0%)]	Loss: 2.914386
2026-01-26 12:28:18,696 - experiment_chaotic_lorenz_full_chaotic_run_0 - INFO - Epoch 28: Train Loss: 2.8333, Train Acc: 0.2239, Val Loss: 9.3265, Val Acc: 0.0189
2026-01-26 12:28:19,239 - experiment_chaotic_lorenz_full_chaotic_run_0 - INFO - Train Epoch 29: [0/5268 (0.0%)]	Loss: 2.468176
2026-01-26 12:28:49,703 - experiment_chaotic_lorenz_full_chaotic_run_0 - INFO - Train Epoch 29: [3200/5268 (61.0%)]	Loss: 2.718416
2026-01-26 12:29:13,421 - experiment_chaotic_lorenz_full_chaotic_run_0 - INFO - Epoch 29: Train Loss: 2.7678, Train Acc: 0.2306, Val Loss: 9.0649, Val Acc: 0.0130
2026-01-26 12:29:13,966 - experiment_chaotic_lorenz_full_chaotic_run_0 - INFO - Train Epoch 30: [0/5268 (0.0%)]	Loss: 2.878422
2026-01-26 12:29:44,568 - experiment_chaotic_lorenz_full_chaotic_run_0 - INFO - Train Epoch 30: [3200/5268 (61.0%)]	Loss: 2.601910
2026-01-26 12:30:08,259 - experiment_chaotic_lorenz_full_chaotic_run_0 - INFO - Epoch 30: Train Loss: 2.7338, Train Acc: 0.2319, Val Loss: 7.2841, Val Acc: 0.0100
2026-01-26 12:30:08,918 - experiment_chaotic_lorenz_full_chaotic_run_0 - INFO - Train Epoch 31: [0/5268 (0.0%)]	Loss: 2.904046
2026-01-26 12:30:39,502 - experiment_chaotic_lorenz_full_chaotic_run_0 - INFO - Train Epoch 31: [3200/5268 (61.0%)]	Loss: 2.486779
2026-01-26 12:31:03,296 - experiment_chaotic_lorenz_full_chaotic_run_0 - INFO - Epoch 31: Train Loss: 2.7406, Train Acc: 0.2412, Val Loss: 5.0933, Val Acc: 0.0528
2026-01-26 12:31:03,831 - experiment_chaotic_lorenz_full_chaotic_run_0 - INFO - Train Epoch 32: [0/5268 (0.0%)]	Loss: 2.957499
2026-01-26 12:31:34,169 - experiment_chaotic_lorenz_full_chaotic_run_0 - INFO - Train Epoch 32: [3200/5268 (61.0%)]	Loss: 2.734473
2026-01-26 12:31:57,816 - experiment_chaotic_lorenz_full_chaotic_run_0 - INFO - Epoch 32: Train Loss: 2.6852, Train Acc: 0.2508, Val Loss: 6.7466, Val Acc: 0.0229
2026-01-26 12:31:58,360 - experiment_chaotic_lorenz_full_chaotic_run_0 - INFO - Train Epoch 33: [0/5268 (0.0%)]	Loss: 2.534415
2026-01-26 12:32:28,996 - experiment_chaotic_lorenz_full_chaotic_run_0 - INFO - Train Epoch 33: [3200/5268 (61.0%)]	Loss: 2.835964
2026-01-26 12:32:52,754 - experiment_chaotic_lorenz_full_chaotic_run_0 - INFO - Epoch 33: Train Loss: 2.6652, Train Acc: 0.2485, Val Loss: 5.9161, Val Acc: 0.0199
2026-01-26 12:32:53,296 - experiment_chaotic_lorenz_full_chaotic_run_0 - INFO - Train Epoch 34: [0/5268 (0.0%)]	Loss: 2.644544
2026-01-26 12:33:23,755 - experiment_chaotic_lorenz_full_chaotic_run_0 - INFO - Train Epoch 34: [3200/5268 (61.0%)]	Loss: 2.838652
2026-01-26 12:33:47,457 - experiment_chaotic_lorenz_full_chaotic_run_0 - INFO - Epoch 34: Train Loss: 2.6278, Train Acc: 0.2565, Val Loss: 6.9290, Val Acc: 0.0179
2026-01-26 12:33:47,996 - experiment_chaotic_lorenz_full_chaotic_run_0 - INFO - Train Epoch 35: [0/5268 (0.0%)]	Loss: 2.585772
2026-01-26 12:34:18,407 - experiment_chaotic_lorenz_full_chaotic_run_0 - INFO - Train Epoch 35: [3200/5268 (61.0%)]	Loss: 2.542093
2026-01-26 12:34:42,056 - experiment_chaotic_lorenz_full_chaotic_run_0 - INFO - Epoch 35: Train Loss: 2.6216, Train Acc: 0.2590, Val Loss: 7.5823, Val Acc: 0.0189
2026-01-26 12:34:42,598 - experiment_chaotic_lorenz_full_chaotic_run_0 - INFO - Train Epoch 36: [0/5268 (0.0%)]	Loss: 2.749165
2026-01-26 12:35:12,979 - experiment_chaotic_lorenz_full_chaotic_run_0 - INFO - Train Epoch 36: [3200/5268 (61.0%)]	Loss: 2.518589
2026-01-26 12:35:36,653 - experiment_chaotic_lorenz_full_chaotic_run_0 - INFO - Epoch 36: Train Loss: 2.6042, Train Acc: 0.2639, Val Loss: 7.8592, Val Acc: 0.0050
2026-01-26 12:35:37,188 - experiment_chaotic_lorenz_full_chaotic_run_0 - INFO - Train Epoch 37: [0/5268 (0.0%)]	Loss: 2.629558
2026-01-26 12:36:07,815 - experiment_chaotic_lorenz_full_chaotic_run_0 - INFO - Train Epoch 37: [3200/5268 (61.0%)]	Loss: 2.968382
2026-01-26 12:36:31,531 - experiment_chaotic_lorenz_full_chaotic_run_0 - INFO - Epoch 37: Train Loss: 2.5584, Train Acc: 0.2790, Val Loss: 7.8702, Val Acc: 0.0239
2026-01-26 12:36:32,072 - experiment_chaotic_lorenz_full_chaotic_run_0 - INFO - Train Epoch 38: [0/5268 (0.0%)]	Loss: 2.542768
2026-01-26 12:37:02,397 - experiment_chaotic_lorenz_full_chaotic_run_0 - INFO - Train Epoch 38: [3200/5268 (61.0%)]	Loss: 2.777716
2026-01-26 12:37:26,019 - experiment_chaotic_lorenz_full_chaotic_run_0 - INFO - Epoch 38: Train Loss: 2.5209, Train Acc: 0.2723, Val Loss: 8.3768, Val Acc: 0.0090
2026-01-26 12:37:26,559 - experiment_chaotic_lorenz_full_chaotic_run_0 - INFO - Train Epoch 39: [0/5268 (0.0%)]	Loss: 2.364950
2026-01-26 12:37:56,992 - experiment_chaotic_lorenz_full_chaotic_run_0 - INFO - Train Epoch 39: [3200/5268 (61.0%)]	Loss: 2.239671
2026-01-26 12:38:20,636 - experiment_chaotic_lorenz_full_chaotic_run_0 - INFO - Epoch 39: Train Loss: 2.5060, Train Acc: 0.2803, Val Loss: 4.6188, Val Acc: 0.0598
2026-01-26 12:38:21,181 - experiment_chaotic_lorenz_full_chaotic_run_0 - INFO - Train Epoch 40: [0/5268 (0.0%)]	Loss: 2.745695
2026-01-26 12:38:51,749 - experiment_chaotic_lorenz_full_chaotic_run_0 - INFO - Train Epoch 40: [3200/5268 (61.0%)]	Loss: 2.128272
2026-01-26 12:39:15,439 - experiment_chaotic_lorenz_full_chaotic_run_0 - INFO - Epoch 40: Train Loss: 2.4684, Train Acc: 0.3022, Val Loss: 8.5859, Val Acc: 0.0090
2026-01-26 12:39:16,063 - experiment_chaotic_lorenz_full_chaotic_run_0 - INFO - Train Epoch 41: [0/5268 (0.0%)]	Loss: 2.368873
2026-01-26 12:39:46,495 - experiment_chaotic_lorenz_full_chaotic_run_0 - INFO - Train Epoch 41: [3200/5268 (61.0%)]	Loss: 3.206921
2026-01-26 12:40:10,219 - experiment_chaotic_lorenz_full_chaotic_run_0 - INFO - Epoch 41: Train Loss: 2.4355, Train Acc: 0.3093, Val Loss: 8.9932, Val Acc: 0.0100
2026-01-26 12:40:10,753 - experiment_chaotic_lorenz_full_chaotic_run_0 - INFO - Train Epoch 42: [0/5268 (0.0%)]	Loss: 2.348340
2026-01-26 12:40:41,093 - experiment_chaotic_lorenz_full_chaotic_run_0 - INFO - Train Epoch 42: [3200/5268 (61.0%)]	Loss: 2.290105
2026-01-26 12:41:04,769 - experiment_chaotic_lorenz_full_chaotic_run_0 - INFO - Epoch 42: Train Loss: 2.4008, Train Acc: 0.3201, Val Loss: 7.9677, Val Acc: 0.0209
2026-01-26 12:41:05,310 - experiment_chaotic_lorenz_full_chaotic_run_0 - INFO - Train Epoch 43: [0/5268 (0.0%)]	Loss: 2.547723
2026-01-26 12:41:35,712 - experiment_chaotic_lorenz_full_chaotic_run_0 - INFO - Train Epoch 43: [3200/5268 (61.0%)]	Loss: 2.482894
2026-01-26 12:41:59,566 - experiment_chaotic_lorenz_full_chaotic_run_0 - INFO - Epoch 43: Train Loss: 2.3697, Train Acc: 0.3266, Val Loss: 8.2917, Val Acc: 0.0189
2026-01-26 12:41:59,569 - experiment_chaotic_lorenz_full_chaotic_run_0 - INFO - Early stopping triggered at epoch 43
2026-01-26 12:41:59,571 - experiment_chaotic_lorenz_full_chaotic_run_0 - INFO - Running final test evaluation...
2026-01-26 12:42:07,695 - experiment_chaotic_lorenz_full_chaotic_run_0 - INFO - Test Results:
2026-01-26 12:42:07,695 - experiment_chaotic_lorenz_full_chaotic_run_0 - INFO -   loss: 8.2183
2026-01-26 12:42:07,695 - experiment_chaotic_lorenz_full_chaotic_run_0 - INFO -   accuracy: 0.0207
2026-01-26 12:42:07,695 - experiment_chaotic_lorenz_full_chaotic_run_0 - INFO -   avg_confidence: 0.1146
2026-01-26 12:42:07,695 - experiment_chaotic_lorenz_full_chaotic_run_0 - INFO -   embedding_diversity: 0.1033
2026-01-26 12:42:07,695 - experiment_chaotic_lorenz_full_chaotic_run_0 - INFO -   embedding_norm_mean: 1.0000
2026-01-26 12:42:07,695 - experiment_chaotic_lorenz_full_chaotic_run_0 - INFO -   embedding_norm_std: 0.0000
2026-01-26 12:42:07,697 - experiment_chaotic_lorenz_full_chaotic_run_0 - INFO - Training completed
2026-01-26 12:42:12,262 - experiment_chaotic_lorenz_full_chaotic_run_0 - INFO - Running comprehensive chaotic network analysis...
2026-01-26 12:42:12,262 - experiment_chaotic_lorenz_full_chaotic_run_0 - INFO - Analyzing chaotic features and dynamics...
2026-01-26 12:42:13,769 - experiment_chaotic_lorenz_full_chaotic_run_0 - INFO - Chaotic analysis completed
2026-01-26 12:42:13,770 - experiment_chaotic_lorenz_full_chaotic_run_0 - INFO - Creating chaotic dynamics visualizations...
2026-01-26 12:42:16,128 - experiment_chaotic_lorenz_full_chaotic_run_0 - WARNING - Embedding plotting failed: boolean index did not match indexed array along dimension 0; dimension is 8 but corresponding boolean dimension is 32
2026-01-26 12:42:16,135 - experiment_chaotic_lorenz_full_chaotic_run_0 - INFO - Chaotic network analysis completed
2026-01-26 12:58:29,361 - experiment_chaotic_lorenz_full_chaotic_run_0 - INFO - Initialized experiment: chaotic_lorenz_full_chaotic_run_0
2026-01-26 12:58:29,361 - experiment_chaotic_lorenz_full_chaotic_run_0 - INFO - Device: cuda
2026-01-26 12:58:29,361 - experiment_chaotic_lorenz_full_chaotic_run_0 - INFO - Output directory: /scratch/project_2003370/yueyao/Model/experiments/configs/base_chaotic/full_speaker/experiments/chaotic_lorenz_full_chaotic_run_0
2026-01-26 12:58:29,362 - experiment_chaotic_lorenz_full_chaotic_run_0 - INFO - Initialized chaotic network experiment with lorenz system
2026-01-26 12:58:29,362 - experiment_chaotic_lorenz_full_chaotic_run_0 - INFO - Setting up experiment components...
2026-01-26 12:58:29,362 - experiment_chaotic_lorenz_full_chaotic_run_0 - INFO - Creating dataloaders...
2026-01-26 12:58:47,397 - experiment_chaotic_lorenz_full_chaotic_run_0 - INFO - Detected 26 speakers in dataset
2026-01-26 12:58:47,397 - experiment_chaotic_lorenz_full_chaotic_run_0 - INFO - Dataloaders created:
2026-01-26 12:58:47,397 - experiment_chaotic_lorenz_full_chaotic_run_0 - INFO -   Train: 14 batches
2026-01-26 12:58:47,397 - experiment_chaotic_lorenz_full_chaotic_run_0 - INFO -   Val: 3 batches
2026-01-26 12:58:47,397 - experiment_chaotic_lorenz_full_chaotic_run_0 - INFO -   Test: 4 batches
2026-01-26 12:58:47,397 - experiment_chaotic_lorenz_full_chaotic_run_0 - INFO - Creating model...
2026-01-26 12:58:47,397 - experiment_chaotic_lorenz_full_chaotic_run_0 - INFO - Using actual num_speakers from dataset: 26
2026-01-26 12:59:52,301 - experiment_chaotic_lorenz_full_chaotic_run_0 - INFO - Total parameters: 586,329
2026-01-26 12:59:52,301 - experiment_chaotic_lorenz_full_chaotic_run_0 - INFO - Trainable parameters: 586,329
2026-01-26 12:59:52,301 - experiment_chaotic_lorenz_full_chaotic_run_0 - INFO - Creating optimizer...
2026-01-26 12:59:53,425 - experiment_chaotic_lorenz_full_chaotic_run_0 - INFO - Optimizer: Adam
2026-01-26 12:59:53,425 - experiment_chaotic_lorenz_full_chaotic_run_0 - INFO - Creating scheduler...
2026-01-26 12:59:53,426 - experiment_chaotic_lorenz_full_chaotic_run_0 - WARNING - Unknown scheduler type: cosine_annealing, no scheduler will be used
2026-01-26 12:59:53,426 - experiment_chaotic_lorenz_full_chaotic_run_0 - INFO - Creating criterion...
2026-01-26 12:59:53,426 - experiment_chaotic_lorenz_full_chaotic_run_0 - INFO - Criterion: CrossEntropyLoss
2026-01-26 12:59:53,475 - experiment_chaotic_lorenz_full_chaotic_run_0 - INFO - Configuration saved to: /scratch/project_2003370/yueyao/Model/experiments/configs/base_chaotic/full_speaker/experiments/chaotic_lorenz_full_chaotic_run_0/config.json
2026-01-26 12:59:53,475 - experiment_chaotic_lorenz_full_chaotic_run_0 - INFO - Experiment setup completed
2026-01-26 12:59:53,475 - experiment_chaotic_lorenz_full_chaotic_run_0 - INFO - Starting training for 100 epochs
2026-01-26 12:59:54,947 - experiment_chaotic_lorenz_full_chaotic_run_0 - INFO - 
================================================================================
2026-01-26 12:59:54,948 - experiment_chaotic_lorenz_full_chaotic_run_0 - INFO - COMPREHENSIVE DEBUG - FIRST BATCH
2026-01-26 12:59:54,948 - experiment_chaotic_lorenz_full_chaotic_run_0 - INFO - ================================================================================
2026-01-26 12:59:54,948 - experiment_chaotic_lorenz_full_chaotic_run_0 - INFO - Batch Info:
2026-01-26 12:59:54,948 - experiment_chaotic_lorenz_full_chaotic_run_0 - INFO -   Audio shape: torch.Size([32, 48000])
2026-01-26 12:59:54,948 - experiment_chaotic_lorenz_full_chaotic_run_0 - INFO -   Targets shape: torch.Size([32])
2026-01-26 12:59:54,952 - experiment_chaotic_lorenz_full_chaotic_run_0 - INFO -   Targets (first 8): tensor([14,  4,  7, 21,  3,  6,  2,  5], device='cuda:0')
2026-01-26 12:59:55,586 - experiment_chaotic_lorenz_full_chaotic_run_0 - INFO - ================================================================================

2026-01-26 12:59:56,383 - experiment_chaotic_lorenz_full_chaotic_run_0 - INFO - Train Epoch 0: [0/472 (0.0%)]	Loss: 3.253699
2026-01-26 13:00:03,030 - experiment_chaotic_lorenz_full_chaotic_run_0 - INFO - Epoch 0: Train Loss: 3.2547, Train Acc: 0.0424, Val Loss: 3.2535, Val Acc: 0.0449
2026-01-26 13:00:03,110 - experiment_chaotic_lorenz_full_chaotic_run_0 - INFO - Saved new best model at epoch 0
2026-01-26 13:00:04,944 - experiment_chaotic_lorenz_full_chaotic_run_0 - INFO - Train Epoch 1: [0/472 (0.0%)]	Loss: 3.244701
2026-01-26 13:00:10,327 - experiment_chaotic_lorenz_full_chaotic_run_0 - INFO - Epoch 1: Train Loss: 3.2380, Train Acc: 0.0960, Val Loss: 3.2495, Val Acc: 0.0449
2026-01-26 13:00:10,844 - experiment_chaotic_lorenz_full_chaotic_run_0 - INFO - Train Epoch 2: [0/472 (0.0%)]	Loss: 3.210308
2026-01-26 13:00:16,318 - experiment_chaotic_lorenz_full_chaotic_run_0 - INFO - Epoch 2: Train Loss: 3.2073, Train Acc: 0.1562, Val Loss: 3.2437, Val Acc: 0.0449
2026-01-26 13:00:16,830 - experiment_chaotic_lorenz_full_chaotic_run_0 - INFO - Train Epoch 3: [0/472 (0.0%)]	Loss: 3.195307
2026-01-26 13:00:22,148 - experiment_chaotic_lorenz_full_chaotic_run_0 - INFO - Epoch 3: Train Loss: 3.1604, Train Acc: 0.2478, Val Loss: 3.2303, Val Acc: 0.0449
2026-01-26 13:00:22,663 - experiment_chaotic_lorenz_full_chaotic_run_0 - INFO - Train Epoch 4: [0/472 (0.0%)]	Loss: 3.101552
2026-01-26 13:00:28,022 - experiment_chaotic_lorenz_full_chaotic_run_0 - INFO - Epoch 4: Train Loss: 3.0777, Train Acc: 0.2656, Val Loss: 3.2334, Val Acc: 0.0449
2026-01-26 13:00:28,540 - experiment_chaotic_lorenz_full_chaotic_run_0 - INFO - Train Epoch 5: [0/472 (0.0%)]	Loss: 3.008652
2026-01-26 13:00:33,960 - experiment_chaotic_lorenz_full_chaotic_run_0 - INFO - Epoch 5: Train Loss: 2.9413, Train Acc: 0.3170, Val Loss: 3.2303, Val Acc: 0.0449
2026-01-26 13:00:34,475 - experiment_chaotic_lorenz_full_chaotic_run_0 - INFO - Train Epoch 6: [0/472 (0.0%)]	Loss: 2.809929
2026-01-26 13:00:39,816 - experiment_chaotic_lorenz_full_chaotic_run_0 - INFO - Epoch 6: Train Loss: 2.7610, Train Acc: 0.3304, Val Loss: 3.1916, Val Acc: 0.0449
2026-01-26 13:00:40,330 - experiment_chaotic_lorenz_full_chaotic_run_0 - INFO - Train Epoch 7: [0/472 (0.0%)]	Loss: 2.683896
2026-01-26 13:00:45,693 - experiment_chaotic_lorenz_full_chaotic_run_0 - INFO - Epoch 7: Train Loss: 2.5705, Train Acc: 0.3259, Val Loss: 3.4299, Val Acc: 0.0449
2026-01-26 13:00:46,210 - experiment_chaotic_lorenz_full_chaotic_run_0 - INFO - Train Epoch 8: [0/472 (0.0%)]	Loss: 2.569675
2026-01-26 13:00:51,549 - experiment_chaotic_lorenz_full_chaotic_run_0 - INFO - Epoch 8: Train Loss: 2.3978, Train Acc: 0.3549, Val Loss: 3.2239, Val Acc: 0.0449
2026-01-26 13:00:52,071 - experiment_chaotic_lorenz_full_chaotic_run_0 - INFO - Train Epoch 9: [0/472 (0.0%)]	Loss: 2.388700
2026-01-26 13:00:57,387 - experiment_chaotic_lorenz_full_chaotic_run_0 - INFO - Epoch 9: Train Loss: 2.2305, Train Acc: 0.4576, Val Loss: 3.3553, Val Acc: 0.0449
2026-01-26 13:00:57,900 - experiment_chaotic_lorenz_full_chaotic_run_0 - INFO - Train Epoch 10: [0/472 (0.0%)]	Loss: 2.115130
2026-01-26 13:01:03,489 - experiment_chaotic_lorenz_full_chaotic_run_0 - INFO - Epoch 10: Train Loss: 2.1123, Train Acc: 0.4799, Val Loss: 3.1435, Val Acc: 0.0674
2026-01-26 13:01:03,574 - experiment_chaotic_lorenz_full_chaotic_run_0 - INFO - Saved new best model at epoch 10
2026-01-26 13:01:04,216 - experiment_chaotic_lorenz_full_chaotic_run_0 - INFO - Train Epoch 11: [0/472 (0.0%)]	Loss: 2.151474
2026-01-26 13:01:09,570 - experiment_chaotic_lorenz_full_chaotic_run_0 - INFO - Epoch 11: Train Loss: 1.9850, Train Acc: 0.4888, Val Loss: 4.0405, Val Acc: 0.0449
2026-01-26 13:01:10,089 - experiment_chaotic_lorenz_full_chaotic_run_0 - INFO - Train Epoch 12: [0/472 (0.0%)]	Loss: 1.979450
2026-01-26 13:01:15,432 - experiment_chaotic_lorenz_full_chaotic_run_0 - INFO - Epoch 12: Train Loss: 1.8975, Train Acc: 0.5089, Val Loss: 3.4576, Val Acc: 0.0449
2026-01-26 13:01:15,948 - experiment_chaotic_lorenz_full_chaotic_run_0 - INFO - Train Epoch 13: [0/472 (0.0%)]	Loss: 1.798805
2026-01-26 13:01:21,252 - experiment_chaotic_lorenz_full_chaotic_run_0 - INFO - Epoch 13: Train Loss: 1.8135, Train Acc: 0.5201, Val Loss: 3.6393, Val Acc: 0.0449
2026-01-26 13:01:21,773 - experiment_chaotic_lorenz_full_chaotic_run_0 - INFO - Train Epoch 14: [0/472 (0.0%)]	Loss: 1.601314
2026-01-26 13:01:27,069 - experiment_chaotic_lorenz_full_chaotic_run_0 - INFO - Epoch 14: Train Loss: 1.6814, Train Acc: 0.5714, Val Loss: 4.3056, Val Acc: 0.0449
2026-01-26 13:01:27,595 - experiment_chaotic_lorenz_full_chaotic_run_0 - INFO - Train Epoch 15: [0/472 (0.0%)]	Loss: 1.563464
2026-01-26 13:01:32,970 - experiment_chaotic_lorenz_full_chaotic_run_0 - INFO - Epoch 15: Train Loss: 1.6058, Train Acc: 0.5938, Val Loss: 4.2817, Val Acc: 0.0449
2026-01-26 13:01:33,490 - experiment_chaotic_lorenz_full_chaotic_run_0 - INFO - Train Epoch 16: [0/472 (0.0%)]	Loss: 1.709343
2026-01-26 13:01:38,842 - experiment_chaotic_lorenz_full_chaotic_run_0 - INFO - Epoch 16: Train Loss: 1.5219, Train Acc: 0.5871, Val Loss: 4.5144, Val Acc: 0.0449
2026-01-26 13:01:39,357 - experiment_chaotic_lorenz_full_chaotic_run_0 - INFO - Train Epoch 17: [0/472 (0.0%)]	Loss: 1.561684
2026-01-26 13:01:44,781 - experiment_chaotic_lorenz_full_chaotic_run_0 - INFO - Epoch 17: Train Loss: 1.4682, Train Acc: 0.6071, Val Loss: 4.8904, Val Acc: 0.0449
2026-01-26 13:01:45,298 - experiment_chaotic_lorenz_full_chaotic_run_0 - INFO - Train Epoch 18: [0/472 (0.0%)]	Loss: 1.316230
2026-01-26 13:01:50,719 - experiment_chaotic_lorenz_full_chaotic_run_0 - INFO - Epoch 18: Train Loss: 1.3830, Train Acc: 0.6429, Val Loss: 5.1672, Val Acc: 0.0449
2026-01-26 13:01:51,234 - experiment_chaotic_lorenz_full_chaotic_run_0 - INFO - Train Epoch 19: [0/472 (0.0%)]	Loss: 1.210745
2026-01-26 13:01:56,544 - experiment_chaotic_lorenz_full_chaotic_run_0 - INFO - Epoch 19: Train Loss: 1.2833, Train Acc: 0.6741, Val Loss: 3.3326, Val Acc: 0.1011
2026-01-26 13:01:56,627 - experiment_chaotic_lorenz_full_chaotic_run_0 - INFO - Saved new best model at epoch 19
2026-01-26 13:01:57,194 - experiment_chaotic_lorenz_full_chaotic_run_0 - INFO - Train Epoch 20: [0/472 (0.0%)]	Loss: 1.276546
2026-01-26 13:02:02,557 - experiment_chaotic_lorenz_full_chaotic_run_0 - INFO - Epoch 20: Train Loss: 1.2232, Train Acc: 0.6719, Val Loss: 4.6426, Val Acc: 0.0449
2026-01-26 13:02:03,150 - experiment_chaotic_lorenz_full_chaotic_run_0 - INFO - Train Epoch 21: [0/472 (0.0%)]	Loss: 1.223454
2026-01-26 13:02:08,467 - experiment_chaotic_lorenz_full_chaotic_run_0 - INFO - Epoch 21: Train Loss: 1.2204, Train Acc: 0.6652, Val Loss: 4.6466, Val Acc: 0.0787
2026-01-26 13:02:08,981 - experiment_chaotic_lorenz_full_chaotic_run_0 - INFO - Train Epoch 22: [0/472 (0.0%)]	Loss: 1.227626
2026-01-26 13:02:14,414 - experiment_chaotic_lorenz_full_chaotic_run_0 - INFO - Epoch 22: Train Loss: 1.1283, Train Acc: 0.6786, Val Loss: 3.8371, Val Acc: 0.0899
2026-01-26 13:02:14,928 - experiment_chaotic_lorenz_full_chaotic_run_0 - INFO - Train Epoch 23: [0/472 (0.0%)]	Loss: 0.912146
2026-01-26 13:02:20,259 - experiment_chaotic_lorenz_full_chaotic_run_0 - INFO - Epoch 23: Train Loss: 1.0876, Train Acc: 0.6897, Val Loss: 5.6896, Val Acc: 0.0449
2026-01-26 13:02:20,782 - experiment_chaotic_lorenz_full_chaotic_run_0 - INFO - Train Epoch 24: [0/472 (0.0%)]	Loss: 1.083034
2026-01-26 13:02:26,247 - experiment_chaotic_lorenz_full_chaotic_run_0 - INFO - Epoch 24: Train Loss: 1.0297, Train Acc: 0.7433, Val Loss: 2.4918, Val Acc: 0.1573
2026-01-26 13:02:26,330 - experiment_chaotic_lorenz_full_chaotic_run_0 - INFO - Saved new best model at epoch 24
2026-01-26 13:02:26,887 - experiment_chaotic_lorenz_full_chaotic_run_0 - INFO - Train Epoch 25: [0/472 (0.0%)]	Loss: 1.013740
2026-01-26 13:02:32,279 - experiment_chaotic_lorenz_full_chaotic_run_0 - INFO - Epoch 25: Train Loss: 0.9984, Train Acc: 0.7277, Val Loss: 4.9507, Val Acc: 0.0449
2026-01-26 13:02:32,810 - experiment_chaotic_lorenz_full_chaotic_run_0 - INFO - Train Epoch 26: [0/472 (0.0%)]	Loss: 0.909527
2026-01-26 13:02:38,107 - experiment_chaotic_lorenz_full_chaotic_run_0 - INFO - Epoch 26: Train Loss: 0.9235, Train Acc: 0.7656, Val Loss: 3.9702, Val Acc: 0.0787
2026-01-26 13:02:38,630 - experiment_chaotic_lorenz_full_chaotic_run_0 - INFO - Train Epoch 27: [0/472 (0.0%)]	Loss: 1.138644
2026-01-26 13:02:44,028 - experiment_chaotic_lorenz_full_chaotic_run_0 - INFO - Epoch 27: Train Loss: 0.9347, Train Acc: 0.7433, Val Loss: 4.4800, Val Acc: 0.0449
2026-01-26 13:02:44,547 - experiment_chaotic_lorenz_full_chaotic_run_0 - INFO - Train Epoch 28: [0/472 (0.0%)]	Loss: 0.990588
2026-01-26 13:02:49,924 - experiment_chaotic_lorenz_full_chaotic_run_0 - INFO - Epoch 28: Train Loss: 0.8613, Train Acc: 0.7924, Val Loss: 5.6095, Val Acc: 0.0449
2026-01-26 13:02:50,446 - experiment_chaotic_lorenz_full_chaotic_run_0 - INFO - Train Epoch 29: [0/472 (0.0%)]	Loss: 1.006781
2026-01-26 13:02:55,815 - experiment_chaotic_lorenz_full_chaotic_run_0 - INFO - Epoch 29: Train Loss: 0.8225, Train Acc: 0.7589, Val Loss: 3.0771, Val Acc: 0.0562
2026-01-26 13:02:56,334 - experiment_chaotic_lorenz_full_chaotic_run_0 - INFO - Train Epoch 30: [0/472 (0.0%)]	Loss: 0.705670
2026-01-26 13:03:01,682 - experiment_chaotic_lorenz_full_chaotic_run_0 - INFO - Epoch 30: Train Loss: 0.7667, Train Acc: 0.7969, Val Loss: 3.8303, Val Acc: 0.1573
2026-01-26 13:03:02,285 - experiment_chaotic_lorenz_full_chaotic_run_0 - INFO - Train Epoch 31: [0/472 (0.0%)]	Loss: 0.684637
2026-01-26 13:03:07,595 - experiment_chaotic_lorenz_full_chaotic_run_0 - INFO - Epoch 31: Train Loss: 0.7303, Train Acc: 0.8237, Val Loss: 4.8986, Val Acc: 0.1011
2026-01-26 13:03:08,121 - experiment_chaotic_lorenz_full_chaotic_run_0 - INFO - Train Epoch 32: [0/472 (0.0%)]	Loss: 0.613320
2026-01-26 13:03:13,400 - experiment_chaotic_lorenz_full_chaotic_run_0 - INFO - Epoch 32: Train Loss: 0.7037, Train Acc: 0.8214, Val Loss: 4.4120, Val Acc: 0.1011
2026-01-26 13:03:13,930 - experiment_chaotic_lorenz_full_chaotic_run_0 - INFO - Train Epoch 33: [0/472 (0.0%)]	Loss: 0.745914
2026-01-26 13:03:19,231 - experiment_chaotic_lorenz_full_chaotic_run_0 - INFO - Epoch 33: Train Loss: 0.7215, Train Acc: 0.8438, Val Loss: 4.1243, Val Acc: 0.1124
2026-01-26 13:03:19,759 - experiment_chaotic_lorenz_full_chaotic_run_0 - INFO - Train Epoch 34: [0/472 (0.0%)]	Loss: 0.735645
2026-01-26 13:03:25,212 - experiment_chaotic_lorenz_full_chaotic_run_0 - INFO - Epoch 34: Train Loss: 0.6613, Train Acc: 0.8460, Val Loss: 4.9836, Val Acc: 0.0674
2026-01-26 13:03:25,736 - experiment_chaotic_lorenz_full_chaotic_run_0 - INFO - Train Epoch 35: [0/472 (0.0%)]	Loss: 0.886603
2026-01-26 13:03:31,062 - experiment_chaotic_lorenz_full_chaotic_run_0 - INFO - Epoch 35: Train Loss: 0.6336, Train Acc: 0.8549, Val Loss: 6.1168, Val Acc: 0.0899
2026-01-26 13:03:31,585 - experiment_chaotic_lorenz_full_chaotic_run_0 - INFO - Train Epoch 36: [0/472 (0.0%)]	Loss: 0.703890
2026-01-26 13:03:36,891 - experiment_chaotic_lorenz_full_chaotic_run_0 - INFO - Epoch 36: Train Loss: 0.5656, Train Acc: 0.8750, Val Loss: 4.8065, Val Acc: 0.0562
2026-01-26 13:03:37,404 - experiment_chaotic_lorenz_full_chaotic_run_0 - INFO - Train Epoch 37: [0/472 (0.0%)]	Loss: 0.510435
2026-01-26 13:03:42,739 - experiment_chaotic_lorenz_full_chaotic_run_0 - INFO - Epoch 37: Train Loss: 0.5715, Train Acc: 0.8705, Val Loss: 5.6274, Val Acc: 0.1011
2026-01-26 13:03:43,256 - experiment_chaotic_lorenz_full_chaotic_run_0 - INFO - Train Epoch 38: [0/472 (0.0%)]	Loss: 0.615796
2026-01-26 13:03:48,613 - experiment_chaotic_lorenz_full_chaotic_run_0 - INFO - Epoch 38: Train Loss: 0.5642, Train Acc: 0.8683, Val Loss: 6.6256, Val Acc: 0.0449
2026-01-26 13:03:49,128 - experiment_chaotic_lorenz_full_chaotic_run_0 - INFO - Train Epoch 39: [0/472 (0.0%)]	Loss: 0.531080
2026-01-26 13:03:54,497 - experiment_chaotic_lorenz_full_chaotic_run_0 - INFO - Epoch 39: Train Loss: 0.5549, Train Acc: 0.8728, Val Loss: 2.6338, Val Acc: 0.2584
2026-01-26 13:03:54,581 - experiment_chaotic_lorenz_full_chaotic_run_0 - INFO - Saved new best model at epoch 39
2026-01-26 13:03:55,138 - experiment_chaotic_lorenz_full_chaotic_run_0 - INFO - Train Epoch 40: [0/472 (0.0%)]	Loss: 0.411009
2026-01-26 13:04:00,500 - experiment_chaotic_lorenz_full_chaotic_run_0 - INFO - Epoch 40: Train Loss: 0.5106, Train Acc: 0.8839, Val Loss: 5.7663, Val Acc: 0.0449
2026-01-26 13:04:01,105 - experiment_chaotic_lorenz_full_chaotic_run_0 - INFO - Train Epoch 41: [0/472 (0.0%)]	Loss: 0.460595
2026-01-26 13:04:06,388 - experiment_chaotic_lorenz_full_chaotic_run_0 - INFO - Epoch 41: Train Loss: 0.4754, Train Acc: 0.9018, Val Loss: 6.0360, Val Acc: 0.0674
2026-01-26 13:04:06,913 - experiment_chaotic_lorenz_full_chaotic_run_0 - INFO - Train Epoch 42: [0/472 (0.0%)]	Loss: 0.476238
2026-01-26 13:04:12,464 - experiment_chaotic_lorenz_full_chaotic_run_0 - INFO - Epoch 42: Train Loss: 0.4749, Train Acc: 0.8973, Val Loss: 3.7975, Val Acc: 0.1348
2026-01-26 13:04:12,983 - experiment_chaotic_lorenz_full_chaotic_run_0 - INFO - Train Epoch 43: [0/472 (0.0%)]	Loss: 0.422792
2026-01-26 13:04:18,374 - experiment_chaotic_lorenz_full_chaotic_run_0 - INFO - Epoch 43: Train Loss: 0.4365, Train Acc: 0.9040, Val Loss: 3.0930, Val Acc: 0.1011
2026-01-26 13:04:18,893 - experiment_chaotic_lorenz_full_chaotic_run_0 - INFO - Train Epoch 44: [0/472 (0.0%)]	Loss: 0.444432
2026-01-26 13:04:24,179 - experiment_chaotic_lorenz_full_chaotic_run_0 - INFO - Epoch 44: Train Loss: 0.4235, Train Acc: 0.9129, Val Loss: 4.6400, Val Acc: 0.0899
2026-01-26 13:04:24,703 - experiment_chaotic_lorenz_full_chaotic_run_0 - INFO - Train Epoch 45: [0/472 (0.0%)]	Loss: 0.349036
2026-01-26 13:04:30,116 - experiment_chaotic_lorenz_full_chaotic_run_0 - INFO - Epoch 45: Train Loss: 0.4937, Train Acc: 0.8951, Val Loss: 6.5347, Val Acc: 0.0787
2026-01-26 13:04:30,637 - experiment_chaotic_lorenz_full_chaotic_run_0 - INFO - Train Epoch 46: [0/472 (0.0%)]	Loss: 0.335158
2026-01-26 13:04:35,922 - experiment_chaotic_lorenz_full_chaotic_run_0 - INFO - Epoch 46: Train Loss: 0.4263, Train Acc: 0.8973, Val Loss: 5.7018, Val Acc: 0.1348
2026-01-26 13:04:36,449 - experiment_chaotic_lorenz_full_chaotic_run_0 - INFO - Train Epoch 47: [0/472 (0.0%)]	Loss: 0.296111
2026-01-26 13:04:41,720 - experiment_chaotic_lorenz_full_chaotic_run_0 - INFO - Epoch 47: Train Loss: 0.4136, Train Acc: 0.9129, Val Loss: 3.7422, Val Acc: 0.1124
2026-01-26 13:04:42,246 - experiment_chaotic_lorenz_full_chaotic_run_0 - INFO - Train Epoch 48: [0/472 (0.0%)]	Loss: 0.259054
2026-01-26 13:04:47,538 - experiment_chaotic_lorenz_full_chaotic_run_0 - INFO - Epoch 48: Train Loss: 0.3791, Train Acc: 0.9196, Val Loss: 4.9729, Val Acc: 0.0674
2026-01-26 13:04:48,066 - experiment_chaotic_lorenz_full_chaotic_run_0 - INFO - Train Epoch 49: [0/472 (0.0%)]	Loss: 0.369125
2026-01-26 13:04:53,451 - experiment_chaotic_lorenz_full_chaotic_run_0 - INFO - Epoch 49: Train Loss: 0.3579, Train Acc: 0.9442, Val Loss: 3.3082, Val Acc: 0.1124
2026-01-26 13:04:53,991 - experiment_chaotic_lorenz_full_chaotic_run_0 - INFO - Train Epoch 50: [0/472 (0.0%)]	Loss: 0.410550
2026-01-26 13:04:59,306 - experiment_chaotic_lorenz_full_chaotic_run_0 - INFO - Epoch 50: Train Loss: 0.3463, Train Acc: 0.9464, Val Loss: 2.6691, Val Acc: 0.3146
2026-01-26 13:04:59,390 - experiment_chaotic_lorenz_full_chaotic_run_0 - INFO - Saved new best model at epoch 50
2026-01-26 13:05:00,040 - experiment_chaotic_lorenz_full_chaotic_run_0 - INFO - Train Epoch 51: [0/472 (0.0%)]	Loss: 0.571380
2026-01-26 13:05:05,417 - experiment_chaotic_lorenz_full_chaotic_run_0 - INFO - Epoch 51: Train Loss: 0.3648, Train Acc: 0.9286, Val Loss: 3.9994, Val Acc: 0.1011
2026-01-26 13:05:05,928 - experiment_chaotic_lorenz_full_chaotic_run_0 - INFO - Train Epoch 52: [0/472 (0.0%)]	Loss: 0.337582
2026-01-26 13:05:11,201 - experiment_chaotic_lorenz_full_chaotic_run_0 - INFO - Epoch 52: Train Loss: 0.3417, Train Acc: 0.9442, Val Loss: 7.7147, Val Acc: 0.0674
2026-01-26 13:05:11,717 - experiment_chaotic_lorenz_full_chaotic_run_0 - INFO - Train Epoch 53: [0/472 (0.0%)]	Loss: 0.285155
2026-01-26 13:05:16,965 - experiment_chaotic_lorenz_full_chaotic_run_0 - INFO - Epoch 53: Train Loss: 0.2812, Train Acc: 0.9576, Val Loss: 7.7884, Val Acc: 0.0449
2026-01-26 13:05:17,476 - experiment_chaotic_lorenz_full_chaotic_run_0 - INFO - Train Epoch 54: [0/472 (0.0%)]	Loss: 0.216499
2026-01-26 13:05:22,742 - experiment_chaotic_lorenz_full_chaotic_run_0 - INFO - Epoch 54: Train Loss: 0.3139, Train Acc: 0.9420, Val Loss: 7.0661, Val Acc: 0.0674
2026-01-26 13:05:23,258 - experiment_chaotic_lorenz_full_chaotic_run_0 - INFO - Train Epoch 55: [0/472 (0.0%)]	Loss: 0.295213
2026-01-26 13:05:28,579 - experiment_chaotic_lorenz_full_chaotic_run_0 - INFO - Epoch 55: Train Loss: 0.3239, Train Acc: 0.9330, Val Loss: 8.1709, Val Acc: 0.0562
2026-01-26 13:05:29,087 - experiment_chaotic_lorenz_full_chaotic_run_0 - INFO - Train Epoch 56: [0/472 (0.0%)]	Loss: 0.287216
2026-01-26 13:05:34,398 - experiment_chaotic_lorenz_full_chaotic_run_0 - INFO - Epoch 56: Train Loss: 0.3211, Train Acc: 0.9464, Val Loss: 4.3165, Val Acc: 0.0899
2026-01-26 13:05:34,908 - experiment_chaotic_lorenz_full_chaotic_run_0 - INFO - Train Epoch 57: [0/472 (0.0%)]	Loss: 0.449071
2026-01-26 13:05:40,215 - experiment_chaotic_lorenz_full_chaotic_run_0 - INFO - Epoch 57: Train Loss: 0.3269, Train Acc: 0.9263, Val Loss: 6.9614, Val Acc: 0.1236
2026-01-26 13:05:40,732 - experiment_chaotic_lorenz_full_chaotic_run_0 - INFO - Train Epoch 58: [0/472 (0.0%)]	Loss: 0.396472
2026-01-26 13:05:45,973 - experiment_chaotic_lorenz_full_chaotic_run_0 - INFO - Epoch 58: Train Loss: 0.2906, Train Acc: 0.9420, Val Loss: 2.4202, Val Acc: 0.3371
2026-01-26 13:05:46,058 - experiment_chaotic_lorenz_full_chaotic_run_0 - INFO - Saved new best model at epoch 58
2026-01-26 13:05:46,614 - experiment_chaotic_lorenz_full_chaotic_run_0 - INFO - Train Epoch 59: [0/472 (0.0%)]	Loss: 0.290065
2026-01-26 13:05:51,876 - experiment_chaotic_lorenz_full_chaotic_run_0 - INFO - Epoch 59: Train Loss: 0.2887, Train Acc: 0.9576, Val Loss: 5.2848, Val Acc: 0.1461
2026-01-26 13:05:52,389 - experiment_chaotic_lorenz_full_chaotic_run_0 - INFO - Train Epoch 60: [0/472 (0.0%)]	Loss: 0.260402
2026-01-26 13:05:57,693 - experiment_chaotic_lorenz_full_chaotic_run_0 - INFO - Epoch 60: Train Loss: 0.2712, Train Acc: 0.9509, Val Loss: 2.7273, Val Acc: 0.1910
2026-01-26 13:05:58,287 - experiment_chaotic_lorenz_full_chaotic_run_0 - INFO - Train Epoch 61: [0/472 (0.0%)]	Loss: 0.201720
2026-01-26 13:06:03,554 - experiment_chaotic_lorenz_full_chaotic_run_0 - INFO - Epoch 61: Train Loss: 0.2276, Train Acc: 0.9576, Val Loss: 9.1322, Val Acc: 0.0449
2026-01-26 13:06:04,060 - experiment_chaotic_lorenz_full_chaotic_run_0 - INFO - Train Epoch 62: [0/472 (0.0%)]	Loss: 0.151178
2026-01-26 13:06:09,387 - experiment_chaotic_lorenz_full_chaotic_run_0 - INFO - Epoch 62: Train Loss: 0.2314, Train Acc: 0.9598, Val Loss: 6.9751, Val Acc: 0.0899
2026-01-26 13:06:09,892 - experiment_chaotic_lorenz_full_chaotic_run_0 - INFO - Train Epoch 63: [0/472 (0.0%)]	Loss: 0.372893
2026-01-26 13:06:15,183 - experiment_chaotic_lorenz_full_chaotic_run_0 - INFO - Epoch 63: Train Loss: 0.2103, Train Acc: 0.9754, Val Loss: 7.4364, Val Acc: 0.0787
2026-01-26 13:06:15,703 - experiment_chaotic_lorenz_full_chaotic_run_0 - INFO - Train Epoch 64: [0/472 (0.0%)]	Loss: 0.190307
2026-01-26 13:06:20,965 - experiment_chaotic_lorenz_full_chaotic_run_0 - INFO - Epoch 64: Train Loss: 0.2593, Train Acc: 0.9442, Val Loss: 2.6175, Val Acc: 0.1685
2026-01-26 13:06:21,484 - experiment_chaotic_lorenz_full_chaotic_run_0 - INFO - Train Epoch 65: [0/472 (0.0%)]	Loss: 0.121283
2026-01-26 13:06:26,765 - experiment_chaotic_lorenz_full_chaotic_run_0 - INFO - Epoch 65: Train Loss: 0.2047, Train Acc: 0.9598, Val Loss: 3.8170, Val Acc: 0.2022
2026-01-26 13:06:27,271 - experiment_chaotic_lorenz_full_chaotic_run_0 - INFO - Train Epoch 66: [0/472 (0.0%)]	Loss: 0.131692
2026-01-26 13:06:32,597 - experiment_chaotic_lorenz_full_chaotic_run_0 - INFO - Epoch 66: Train Loss: 0.2018, Train Acc: 0.9710, Val Loss: 8.5744, Val Acc: 0.0449
2026-01-26 13:06:33,103 - experiment_chaotic_lorenz_full_chaotic_run_0 - INFO - Train Epoch 67: [0/472 (0.0%)]	Loss: 0.258370
2026-01-26 13:06:38,425 - experiment_chaotic_lorenz_full_chaotic_run_0 - INFO - Epoch 67: Train Loss: 0.2007, Train Acc: 0.9554, Val Loss: 7.7946, Val Acc: 0.0899
2026-01-26 13:06:38,934 - experiment_chaotic_lorenz_full_chaotic_run_0 - INFO - Train Epoch 68: [0/472 (0.0%)]	Loss: 0.219403
2026-01-26 13:06:44,259 - experiment_chaotic_lorenz_full_chaotic_run_0 - INFO - Epoch 68: Train Loss: 0.1923, Train Acc: 0.9710, Val Loss: 6.6987, Val Acc: 0.0674
2026-01-26 13:06:44,772 - experiment_chaotic_lorenz_full_chaotic_run_0 - INFO - Train Epoch 69: [0/472 (0.0%)]	Loss: 0.144340
2026-01-26 13:06:50,121 - experiment_chaotic_lorenz_full_chaotic_run_0 - INFO - Epoch 69: Train Loss: 0.1794, Train Acc: 0.9688, Val Loss: 6.4373, Val Acc: 0.0899
2026-01-26 13:06:50,624 - experiment_chaotic_lorenz_full_chaotic_run_0 - INFO - Train Epoch 70: [0/472 (0.0%)]	Loss: 0.241957
2026-01-26 13:06:55,909 - experiment_chaotic_lorenz_full_chaotic_run_0 - INFO - Epoch 70: Train Loss: 0.1980, Train Acc: 0.9576, Val Loss: 8.1845, Val Acc: 0.0449
2026-01-26 13:06:56,501 - experiment_chaotic_lorenz_full_chaotic_run_0 - INFO - Train Epoch 71: [0/472 (0.0%)]	Loss: 0.209095
2026-01-26 13:07:01,761 - experiment_chaotic_lorenz_full_chaotic_run_0 - INFO - Epoch 71: Train Loss: 0.1795, Train Acc: 0.9487, Val Loss: 8.1186, Val Acc: 0.1011
2026-01-26 13:07:02,265 - experiment_chaotic_lorenz_full_chaotic_run_0 - INFO - Train Epoch 72: [0/472 (0.0%)]	Loss: 0.093811
2026-01-26 13:07:07,570 - experiment_chaotic_lorenz_full_chaotic_run_0 - INFO - Epoch 72: Train Loss: 0.1686, Train Acc: 0.9821, Val Loss: 8.7371, Val Acc: 0.1011
2026-01-26 13:07:08,072 - experiment_chaotic_lorenz_full_chaotic_run_0 - INFO - Train Epoch 73: [0/472 (0.0%)]	Loss: 0.180767
2026-01-26 13:07:13,389 - experiment_chaotic_lorenz_full_chaotic_run_0 - INFO - Epoch 73: Train Loss: 0.1725, Train Acc: 0.9621, Val Loss: 5.6433, Val Acc: 0.0787
2026-01-26 13:07:13,895 - experiment_chaotic_lorenz_full_chaotic_run_0 - INFO - Train Epoch 74: [0/472 (0.0%)]	Loss: 0.137896
2026-01-26 13:07:19,203 - experiment_chaotic_lorenz_full_chaotic_run_0 - INFO - Epoch 74: Train Loss: 0.1544, Train Acc: 0.9754, Val Loss: 8.4297, Val Acc: 0.0787
2026-01-26 13:07:19,705 - experiment_chaotic_lorenz_full_chaotic_run_0 - INFO - Train Epoch 75: [0/472 (0.0%)]	Loss: 0.106257
2026-01-26 13:07:24,985 - experiment_chaotic_lorenz_full_chaotic_run_0 - INFO - Epoch 75: Train Loss: 0.1345, Train Acc: 0.9777, Val Loss: 8.1899, Val Acc: 0.0562
2026-01-26 13:07:25,505 - experiment_chaotic_lorenz_full_chaotic_run_0 - INFO - Train Epoch 76: [0/472 (0.0%)]	Loss: 0.098561
2026-01-26 13:07:30,754 - experiment_chaotic_lorenz_full_chaotic_run_0 - INFO - Epoch 76: Train Loss: 0.1341, Train Acc: 0.9799, Val Loss: 4.9603, Val Acc: 0.1461
2026-01-26 13:07:31,269 - experiment_chaotic_lorenz_full_chaotic_run_0 - INFO - Train Epoch 77: [0/472 (0.0%)]	Loss: 0.084627
2026-01-26 13:07:36,548 - experiment_chaotic_lorenz_full_chaotic_run_0 - INFO - Epoch 77: Train Loss: 0.1281, Train Acc: 0.9821, Val Loss: 4.3348, Val Acc: 0.1348
2026-01-26 13:07:37,072 - experiment_chaotic_lorenz_full_chaotic_run_0 - INFO - Train Epoch 78: [0/472 (0.0%)]	Loss: 0.081522
2026-01-26 13:07:42,428 - experiment_chaotic_lorenz_full_chaotic_run_0 - INFO - Epoch 78: Train Loss: 0.1416, Train Acc: 0.9732, Val Loss: 7.8658, Val Acc: 0.0899
2026-01-26 13:07:42,939 - experiment_chaotic_lorenz_full_chaotic_run_0 - INFO - Train Epoch 79: [0/472 (0.0%)]	Loss: 0.166366
2026-01-26 13:07:48,433 - experiment_chaotic_lorenz_full_chaotic_run_0 - INFO - Epoch 79: Train Loss: 0.1303, Train Acc: 0.9844, Val Loss: 7.2512, Val Acc: 0.0225
2026-01-26 13:07:48,936 - experiment_chaotic_lorenz_full_chaotic_run_0 - INFO - Train Epoch 80: [0/472 (0.0%)]	Loss: 0.100842
2026-01-26 13:07:54,356 - experiment_chaotic_lorenz_full_chaotic_run_0 - INFO - Epoch 80: Train Loss: 0.1370, Train Acc: 0.9754, Val Loss: 7.5351, Val Acc: 0.0899
2026-01-26 13:07:54,943 - experiment_chaotic_lorenz_full_chaotic_run_0 - INFO - Train Epoch 81: [0/472 (0.0%)]	Loss: 0.110295
2026-01-26 13:08:00,268 - experiment_chaotic_lorenz_full_chaotic_run_0 - INFO - Epoch 81: Train Loss: 0.1033, Train Acc: 0.9844, Val Loss: 9.1596, Val Acc: 0.0899
2026-01-26 13:08:00,772 - experiment_chaotic_lorenz_full_chaotic_run_0 - INFO - Train Epoch 82: [0/472 (0.0%)]	Loss: 0.097961
2026-01-26 13:08:06,120 - experiment_chaotic_lorenz_full_chaotic_run_0 - INFO - Epoch 82: Train Loss: 0.1337, Train Acc: 0.9732, Val Loss: 6.5920, Val Acc: 0.1461
2026-01-26 13:08:06,626 - experiment_chaotic_lorenz_full_chaotic_run_0 - INFO - Train Epoch 83: [0/472 (0.0%)]	Loss: 0.161353
2026-01-26 13:08:11,885 - experiment_chaotic_lorenz_full_chaotic_run_0 - INFO - Epoch 83: Train Loss: 0.1416, Train Acc: 0.9688, Val Loss: 9.5440, Val Acc: 0.0449
2026-01-26 13:08:12,392 - experiment_chaotic_lorenz_full_chaotic_run_0 - INFO - Train Epoch 84: [0/472 (0.0%)]	Loss: 0.268607
2026-01-26 13:08:17,746 - experiment_chaotic_lorenz_full_chaotic_run_0 - INFO - Epoch 84: Train Loss: 0.1244, Train Acc: 0.9754, Val Loss: 5.0644, Val Acc: 0.1236
2026-01-26 13:08:18,255 - experiment_chaotic_lorenz_full_chaotic_run_0 - INFO - Train Epoch 85: [0/472 (0.0%)]	Loss: 0.094576
2026-01-26 13:08:23,585 - experiment_chaotic_lorenz_full_chaotic_run_0 - INFO - Epoch 85: Train Loss: 0.1178, Train Acc: 0.9732, Val Loss: 8.0140, Val Acc: 0.0899
2026-01-26 13:08:24,093 - experiment_chaotic_lorenz_full_chaotic_run_0 - INFO - Train Epoch 86: [0/472 (0.0%)]	Loss: 0.051635
2026-01-26 13:08:29,376 - experiment_chaotic_lorenz_full_chaotic_run_0 - INFO - Epoch 86: Train Loss: 0.0823, Train Acc: 0.9866, Val Loss: 8.7119, Val Acc: 0.0562
2026-01-26 13:08:29,894 - experiment_chaotic_lorenz_full_chaotic_run_0 - INFO - Train Epoch 87: [0/472 (0.0%)]	Loss: 0.115201
2026-01-26 13:08:35,227 - experiment_chaotic_lorenz_full_chaotic_run_0 - INFO - Epoch 87: Train Loss: 0.0986, Train Acc: 0.9866, Val Loss: 2.9305, Val Acc: 0.3708
2026-01-26 13:08:35,311 - experiment_chaotic_lorenz_full_chaotic_run_0 - INFO - Saved new best model at epoch 87
2026-01-26 13:08:35,870 - experiment_chaotic_lorenz_full_chaotic_run_0 - INFO - Train Epoch 88: [0/472 (0.0%)]	Loss: 0.061593
2026-01-26 13:08:41,185 - experiment_chaotic_lorenz_full_chaotic_run_0 - INFO - Epoch 88: Train Loss: 0.1016, Train Acc: 0.9844, Val Loss: 9.5064, Val Acc: 0.0449
2026-01-26 13:08:41,697 - experiment_chaotic_lorenz_full_chaotic_run_0 - INFO - Train Epoch 89: [0/472 (0.0%)]	Loss: 0.155137
2026-01-26 13:08:47,082 - experiment_chaotic_lorenz_full_chaotic_run_0 - INFO - Epoch 89: Train Loss: 0.0934, Train Acc: 0.9866, Val Loss: 6.2776, Val Acc: 0.1236
2026-01-26 13:08:47,587 - experiment_chaotic_lorenz_full_chaotic_run_0 - INFO - Train Epoch 90: [0/472 (0.0%)]	Loss: 0.076518
2026-01-26 13:08:52,932 - experiment_chaotic_lorenz_full_chaotic_run_0 - INFO - Epoch 90: Train Loss: 0.1037, Train Acc: 0.9888, Val Loss: 5.9533, Val Acc: 0.1685
2026-01-26 13:08:53,522 - experiment_chaotic_lorenz_full_chaotic_run_0 - INFO - Train Epoch 91: [0/472 (0.0%)]	Loss: 0.080295
2026-01-26 13:08:58,954 - experiment_chaotic_lorenz_full_chaotic_run_0 - INFO - Epoch 91: Train Loss: 0.1275, Train Acc: 0.9710, Val Loss: 7.1463, Val Acc: 0.1011
2026-01-26 13:08:59,461 - experiment_chaotic_lorenz_full_chaotic_run_0 - INFO - Train Epoch 92: [0/472 (0.0%)]	Loss: 0.054835
2026-01-26 13:09:04,734 - experiment_chaotic_lorenz_full_chaotic_run_0 - INFO - Epoch 92: Train Loss: 0.0879, Train Acc: 0.9844, Val Loss: 7.2626, Val Acc: 0.0899
2026-01-26 13:09:05,245 - experiment_chaotic_lorenz_full_chaotic_run_0 - INFO - Train Epoch 93: [0/472 (0.0%)]	Loss: 0.091332
2026-01-26 13:09:10,542 - experiment_chaotic_lorenz_full_chaotic_run_0 - INFO - Epoch 93: Train Loss: 0.0953, Train Acc: 0.9777, Val Loss: 5.0141, Val Acc: 0.2584
2026-01-26 13:09:11,051 - experiment_chaotic_lorenz_full_chaotic_run_0 - INFO - Train Epoch 94: [0/472 (0.0%)]	Loss: 0.045189
2026-01-26 13:09:16,461 - experiment_chaotic_lorenz_full_chaotic_run_0 - INFO - Epoch 94: Train Loss: 0.0920, Train Acc: 0.9911, Val Loss: 8.7551, Val Acc: 0.1685
2026-01-26 13:09:16,978 - experiment_chaotic_lorenz_full_chaotic_run_0 - INFO - Train Epoch 95: [0/472 (0.0%)]	Loss: 0.050688
2026-01-26 13:09:22,252 - experiment_chaotic_lorenz_full_chaotic_run_0 - INFO - Epoch 95: Train Loss: 0.0795, Train Acc: 0.9866, Val Loss: 7.5551, Val Acc: 0.1348
2026-01-26 13:09:22,765 - experiment_chaotic_lorenz_full_chaotic_run_0 - INFO - Train Epoch 96: [0/472 (0.0%)]	Loss: 0.144184
2026-01-26 13:09:28,103 - experiment_chaotic_lorenz_full_chaotic_run_0 - INFO - Epoch 96: Train Loss: 0.0760, Train Acc: 0.9866, Val Loss: 9.3870, Val Acc: 0.1236
2026-01-26 13:09:28,612 - experiment_chaotic_lorenz_full_chaotic_run_0 - INFO - Train Epoch 97: [0/472 (0.0%)]	Loss: 0.087202
2026-01-26 13:09:33,937 - experiment_chaotic_lorenz_full_chaotic_run_0 - INFO - Epoch 97: Train Loss: 0.0896, Train Acc: 0.9799, Val Loss: 9.1101, Val Acc: 0.1011
2026-01-26 13:09:34,456 - experiment_chaotic_lorenz_full_chaotic_run_0 - INFO - Train Epoch 98: [0/472 (0.0%)]	Loss: 0.079887
2026-01-26 13:09:39,796 - experiment_chaotic_lorenz_full_chaotic_run_0 - INFO - Epoch 98: Train Loss: 0.0758, Train Acc: 0.9933, Val Loss: 7.5640, Val Acc: 0.0787
2026-01-26 13:09:40,315 - experiment_chaotic_lorenz_full_chaotic_run_0 - INFO - Train Epoch 99: [0/472 (0.0%)]	Loss: 0.048285
2026-01-26 13:09:45,578 - experiment_chaotic_lorenz_full_chaotic_run_0 - INFO - Epoch 99: Train Loss: 0.0632, Train Acc: 0.9955, Val Loss: 6.0849, Val Acc: 0.1124
2026-01-26 13:09:45,583 - experiment_chaotic_lorenz_full_chaotic_run_0 - INFO - Running final test evaluation...
2026-01-26 13:09:47,653 - experiment_chaotic_lorenz_full_chaotic_run_0 - INFO - Test Results:
2026-01-26 13:09:47,654 - experiment_chaotic_lorenz_full_chaotic_run_0 - INFO -   loss: 6.3169
2026-01-26 13:09:47,654 - experiment_chaotic_lorenz_full_chaotic_run_0 - INFO -   accuracy: 0.1271
2026-01-26 13:09:47,654 - experiment_chaotic_lorenz_full_chaotic_run_0 - INFO -   avg_confidence: 0.8597
2026-01-26 13:09:47,654 - experiment_chaotic_lorenz_full_chaotic_run_0 - INFO -   embedding_diversity: 0.2459
2026-01-26 13:09:47,654 - experiment_chaotic_lorenz_full_chaotic_run_0 - INFO -   embedding_norm_mean: 1.0000
2026-01-26 13:09:47,654 - experiment_chaotic_lorenz_full_chaotic_run_0 - INFO -   embedding_norm_std: 0.0000
2026-01-26 13:09:47,656 - experiment_chaotic_lorenz_full_chaotic_run_0 - INFO - Training completed
2026-01-26 13:09:48,399 - experiment_chaotic_lorenz_full_chaotic_run_0 - INFO - Running comprehensive chaotic network analysis...
2026-01-26 13:09:48,399 - experiment_chaotic_lorenz_full_chaotic_run_0 - INFO - Analyzing chaotic features and dynamics...
2026-01-26 13:09:49,033 - experiment_chaotic_lorenz_full_chaotic_run_0 - INFO - Chaotic analysis completed
2026-01-26 13:09:49,035 - experiment_chaotic_lorenz_full_chaotic_run_0 - INFO - Creating chaotic dynamics visualizations...
2026-01-26 13:09:51,383 - experiment_chaotic_lorenz_full_chaotic_run_0 - WARNING - Embedding plotting failed: boolean index did not match indexed array along dimension 0; dimension is 8 but corresponding boolean dimension is 32
2026-01-26 13:09:51,390 - experiment_chaotic_lorenz_full_chaotic_run_0 - INFO - Chaotic network analysis completed
2026-01-26 15:17:52,739 - experiment_chaotic_lorenz_full_chaotic_run_0 - INFO - Initialized experiment: chaotic_lorenz_full_chaotic_run_0
2026-01-26 15:17:52,806 - experiment_chaotic_lorenz_full_chaotic_run_0 - INFO - Device: cuda
2026-01-26 15:17:52,806 - experiment_chaotic_lorenz_full_chaotic_run_0 - INFO - Output directory: /scratch/project_2003370/yueyao/Model/experiments/configs/base_chaotic/full_speaker/experiments/chaotic_lorenz_full_chaotic_run_0
2026-01-26 15:17:52,806 - experiment_chaotic_lorenz_full_chaotic_run_0 - INFO - Initialized chaotic network experiment with lorenz system
2026-01-26 15:17:52,806 - experiment_chaotic_lorenz_full_chaotic_run_0 - INFO - Setting up experiment components...
2026-01-26 15:17:52,806 - experiment_chaotic_lorenz_full_chaotic_run_0 - INFO - Creating dataloaders...
2026-01-26 15:18:10,946 - experiment_chaotic_lorenz_full_chaotic_run_0 - INFO - Detected 26 speakers in dataset
2026-01-26 15:18:10,946 - experiment_chaotic_lorenz_full_chaotic_run_0 - INFO - Dataloaders created:
2026-01-26 15:18:10,946 - experiment_chaotic_lorenz_full_chaotic_run_0 - INFO -   Train: 14 batches
2026-01-26 15:18:10,946 - experiment_chaotic_lorenz_full_chaotic_run_0 - INFO -   Val: 3 batches
2026-01-26 15:18:10,946 - experiment_chaotic_lorenz_full_chaotic_run_0 - INFO -   Test: 4 batches
2026-01-26 15:18:10,946 - experiment_chaotic_lorenz_full_chaotic_run_0 - INFO - Creating model...
2026-01-26 15:18:10,946 - experiment_chaotic_lorenz_full_chaotic_run_0 - INFO - Using actual num_speakers from dataset: 26
2026-01-26 15:19:15,782 - experiment_chaotic_lorenz_full_chaotic_run_0 - INFO - Total parameters: 520,511
2026-01-26 15:19:15,782 - experiment_chaotic_lorenz_full_chaotic_run_0 - INFO - Trainable parameters: 520,511
2026-01-26 15:19:15,782 - experiment_chaotic_lorenz_full_chaotic_run_0 - INFO - Creating optimizer...
2026-01-26 15:19:16,902 - experiment_chaotic_lorenz_full_chaotic_run_0 - INFO - Optimizer: AdamW
2026-01-26 15:19:16,903 - experiment_chaotic_lorenz_full_chaotic_run_0 - INFO - Creating scheduler...
2026-01-26 15:19:16,903 - experiment_chaotic_lorenz_full_chaotic_run_0 - INFO - Scheduler: CosineAnnealingLR
2026-01-26 15:19:16,903 - experiment_chaotic_lorenz_full_chaotic_run_0 - INFO - Creating criterion...
2026-01-26 15:19:16,903 - experiment_chaotic_lorenz_full_chaotic_run_0 - INFO - Criterion: CrossEntropyLoss
2026-01-26 15:19:16,949 - experiment_chaotic_lorenz_full_chaotic_run_0 - INFO - Configuration saved to: /scratch/project_2003370/yueyao/Model/experiments/configs/base_chaotic/full_speaker/experiments/chaotic_lorenz_full_chaotic_run_0/config.json
2026-01-26 15:19:16,949 - experiment_chaotic_lorenz_full_chaotic_run_0 - INFO - Experiment setup completed
2026-01-26 15:19:16,950 - experiment_chaotic_lorenz_full_chaotic_run_0 - INFO - Starting training for 100 epochs
2026-01-26 15:19:17,588 - experiment_chaotic_lorenz_full_chaotic_run_0 - INFO - 
================================================================================
2026-01-26 15:19:17,589 - experiment_chaotic_lorenz_full_chaotic_run_0 - INFO - COMPREHENSIVE DEBUG - FIRST BATCH
2026-01-26 15:19:17,589 - experiment_chaotic_lorenz_full_chaotic_run_0 - INFO - ================================================================================
2026-01-26 15:19:17,589 - experiment_chaotic_lorenz_full_chaotic_run_0 - INFO - Batch Info:
2026-01-26 15:19:17,589 - experiment_chaotic_lorenz_full_chaotic_run_0 - INFO -   Audio shape: torch.Size([32, 48000])
2026-01-26 15:19:17,589 - experiment_chaotic_lorenz_full_chaotic_run_0 - INFO -   Targets shape: torch.Size([32])
2026-01-26 15:19:17,593 - experiment_chaotic_lorenz_full_chaotic_run_0 - INFO -   Targets (first 8): tensor([24, 16, 12, 13,  9,  3, 12,  1], device='cuda:0')
2026-01-26 15:19:18,209 - experiment_chaotic_lorenz_full_chaotic_run_0 - INFO - ================================================================================

2026-01-26 15:19:18,345 - experiment_chaotic_lorenz_full_chaotic_run_0 - INFO - [STABILITY] Initialized LyapunovStabilityLoss
2026-01-26 15:19:18,371 - experiment_chaotic_lorenz_full_chaotic_run_0 - DEBUG - [STABILITY] lyap=0.095, max_norm=48.2, min_std=7.916
2026-01-26 15:19:19,044 - experiment_chaotic_lorenz_full_chaotic_run_0 - INFO - Train Epoch 0: [0/472 (0.0%)]	Loss: 4.583617
2026-01-26 15:19:25,067 - experiment_chaotic_lorenz_full_chaotic_run_0 - INFO - Epoch 0: Train Loss: 4.4208, Train Acc: 0.0513, Val Loss: 4.0202, Val Acc: 0.0449
2026-01-26 15:19:25,141 - experiment_chaotic_lorenz_full_chaotic_run_0 - INFO - Saved new best model at epoch 0
2026-01-26 15:19:25,741 - experiment_chaotic_lorenz_full_chaotic_run_0 - INFO - Train Epoch 1: [0/472 (0.0%)]	Loss: 4.155750
2026-01-26 15:19:30,904 - experiment_chaotic_lorenz_full_chaotic_run_0 - INFO - Epoch 1: Train Loss: 3.6521, Train Acc: 0.0960, Val Loss: 4.3036, Val Acc: 0.0449
2026-01-26 15:19:31,389 - experiment_chaotic_lorenz_full_chaotic_run_0 - INFO - Train Epoch 2: [0/472 (0.0%)]	Loss: 2.200318
2026-01-26 15:19:36,555 - experiment_chaotic_lorenz_full_chaotic_run_0 - INFO - Epoch 2: Train Loss: 2.7359, Train Acc: 0.2455, Val Loss: 4.7843, Val Acc: 0.0787
2026-01-26 15:19:36,636 - experiment_chaotic_lorenz_full_chaotic_run_0 - INFO - Saved new best model at epoch 2
2026-01-26 15:19:37,167 - experiment_chaotic_lorenz_full_chaotic_run_0 - INFO - Train Epoch 3: [0/472 (0.0%)]	Loss: 2.575588
2026-01-26 15:19:42,330 - experiment_chaotic_lorenz_full_chaotic_run_0 - INFO - Epoch 3: Train Loss: 2.0882, Train Acc: 0.4129, Val Loss: 5.0839, Val Acc: 0.0899
2026-01-26 15:19:42,403 - experiment_chaotic_lorenz_full_chaotic_run_0 - INFO - Saved new best model at epoch 3
2026-01-26 15:19:42,930 - experiment_chaotic_lorenz_full_chaotic_run_0 - INFO - Train Epoch 4: [0/472 (0.0%)]	Loss: 1.653221
2026-01-26 15:19:48,093 - experiment_chaotic_lorenz_full_chaotic_run_0 - INFO - Epoch 4: Train Loss: 1.6448, Train Acc: 0.4978, Val Loss: 5.5361, Val Acc: 0.0449
2026-01-26 15:19:48,580 - experiment_chaotic_lorenz_full_chaotic_run_0 - INFO - Train Epoch 5: [0/472 (0.0%)]	Loss: 2.061043
2026-01-26 15:19:53,744 - experiment_chaotic_lorenz_full_chaotic_run_0 - INFO - Epoch 5: Train Loss: 1.3430, Train Acc: 0.5804, Val Loss: 5.0784, Val Acc: 0.0449
2026-01-26 15:19:54,223 - experiment_chaotic_lorenz_full_chaotic_run_0 - INFO - Train Epoch 6: [0/472 (0.0%)]	Loss: 1.153966
2026-01-26 15:19:59,388 - experiment_chaotic_lorenz_full_chaotic_run_0 - INFO - Epoch 6: Train Loss: 1.2144, Train Acc: 0.6071, Val Loss: 5.4864, Val Acc: 0.0449
2026-01-26 15:19:59,879 - experiment_chaotic_lorenz_full_chaotic_run_0 - INFO - Train Epoch 7: [0/472 (0.0%)]	Loss: 0.893912
2026-01-26 15:20:00,302 - experiment_chaotic_lorenz_full_chaotic_run_0 - DEBUG - [STABILITY] lyap=0.010, max_norm=48.2, min_std=11.549
2026-01-26 15:20:05,044 - experiment_chaotic_lorenz_full_chaotic_run_0 - INFO - Epoch 7: Train Loss: 0.8907, Train Acc: 0.7165, Val Loss: 4.8711, Val Acc: 0.0449
2026-01-26 15:20:05,527 - experiment_chaotic_lorenz_full_chaotic_run_0 - INFO - Train Epoch 8: [0/472 (0.0%)]	Loss: 0.708832
2026-01-26 15:20:10,687 - experiment_chaotic_lorenz_full_chaotic_run_0 - INFO - Epoch 8: Train Loss: 0.8480, Train Acc: 0.7188, Val Loss: 5.8816, Val Acc: 0.0449
2026-01-26 15:20:11,169 - experiment_chaotic_lorenz_full_chaotic_run_0 - INFO - Train Epoch 9: [0/472 (0.0%)]	Loss: 0.517218
2026-01-26 15:20:16,355 - experiment_chaotic_lorenz_full_chaotic_run_0 - INFO - Epoch 9: Train Loss: 0.7265, Train Acc: 0.7746, Val Loss: 4.9376, Val Acc: 0.0562
2026-01-26 15:20:16,842 - experiment_chaotic_lorenz_full_chaotic_run_0 - INFO - Train Epoch 10: [0/472 (0.0%)]	Loss: 0.326698
2026-01-26 15:20:22,007 - experiment_chaotic_lorenz_full_chaotic_run_0 - INFO - Epoch 10: Train Loss: 0.5797, Train Acc: 0.8058, Val Loss: 6.0099, Val Acc: 0.0449
2026-01-26 15:20:22,569 - experiment_chaotic_lorenz_full_chaotic_run_0 - INFO - Train Epoch 11: [0/472 (0.0%)]	Loss: 0.504162
2026-01-26 15:20:27,735 - experiment_chaotic_lorenz_full_chaotic_run_0 - INFO - Epoch 11: Train Loss: 0.5248, Train Acc: 0.8281, Val Loss: 5.7276, Val Acc: 0.0899
2026-01-26 15:20:28,213 - experiment_chaotic_lorenz_full_chaotic_run_0 - INFO - Train Epoch 12: [0/472 (0.0%)]	Loss: 0.576075
2026-01-26 15:20:33,382 - experiment_chaotic_lorenz_full_chaotic_run_0 - INFO - Epoch 12: Train Loss: 0.6156, Train Acc: 0.8237, Val Loss: 7.7275, Val Acc: 0.0449
2026-01-26 15:20:33,860 - experiment_chaotic_lorenz_full_chaotic_run_0 - INFO - Train Epoch 13: [0/472 (0.0%)]	Loss: 0.259618
2026-01-26 15:20:39,041 - experiment_chaotic_lorenz_full_chaotic_run_0 - INFO - Epoch 13: Train Loss: 0.4816, Train Acc: 0.8482, Val Loss: 6.4709, Val Acc: 0.0449
2026-01-26 15:20:39,529 - experiment_chaotic_lorenz_full_chaotic_run_0 - INFO - Train Epoch 14: [0/472 (0.0%)]	Loss: 0.444016
2026-01-26 15:20:40,564 - experiment_chaotic_lorenz_full_chaotic_run_0 - DEBUG - [STABILITY] lyap=0.011, max_norm=44.9, min_std=10.690
2026-01-26 15:20:44,702 - experiment_chaotic_lorenz_full_chaotic_run_0 - INFO - Epoch 14: Train Loss: 0.4294, Train Acc: 0.8705, Val Loss: 7.1889, Val Acc: 0.0449
2026-01-26 15:20:45,195 - experiment_chaotic_lorenz_full_chaotic_run_0 - INFO - Train Epoch 15: [0/472 (0.0%)]	Loss: 0.283185
2026-01-26 15:20:50,360 - experiment_chaotic_lorenz_full_chaotic_run_0 - INFO - Epoch 15: Train Loss: 0.3819, Train Acc: 0.8884, Val Loss: 6.9261, Val Acc: 0.0449
2026-01-26 15:20:50,850 - experiment_chaotic_lorenz_full_chaotic_run_0 - INFO - Train Epoch 16: [0/472 (0.0%)]	Loss: 0.547027
2026-01-26 15:20:56,010 - experiment_chaotic_lorenz_full_chaotic_run_0 - INFO - Epoch 16: Train Loss: 0.4139, Train Acc: 0.8616, Val Loss: 6.6365, Val Acc: 0.0449
2026-01-26 15:20:56,497 - experiment_chaotic_lorenz_full_chaotic_run_0 - INFO - Train Epoch 17: [0/472 (0.0%)]	Loss: 0.312904
2026-01-26 15:21:01,877 - experiment_chaotic_lorenz_full_chaotic_run_0 - INFO - Epoch 17: Train Loss: 0.3334, Train Acc: 0.8951, Val Loss: 6.4295, Val Acc: 0.0449
2026-01-26 15:21:02,365 - experiment_chaotic_lorenz_full_chaotic_run_0 - INFO - Train Epoch 18: [0/472 (0.0%)]	Loss: 0.397257
2026-01-26 15:21:07,534 - experiment_chaotic_lorenz_full_chaotic_run_0 - INFO - Epoch 18: Train Loss: 0.2670, Train Acc: 0.9152, Val Loss: 6.6315, Val Acc: 0.0449
2026-01-26 15:21:08,029 - experiment_chaotic_lorenz_full_chaotic_run_0 - INFO - Train Epoch 19: [0/472 (0.0%)]	Loss: 0.253522
2026-01-26 15:21:13,211 - experiment_chaotic_lorenz_full_chaotic_run_0 - INFO - Epoch 19: Train Loss: 0.2673, Train Acc: 0.9152, Val Loss: 6.6487, Val Acc: 0.0449
2026-01-26 15:21:13,702 - experiment_chaotic_lorenz_full_chaotic_run_0 - INFO - Train Epoch 20: [0/472 (0.0%)]	Loss: 0.477119
2026-01-26 15:21:18,897 - experiment_chaotic_lorenz_full_chaotic_run_0 - INFO - Epoch 20: Train Loss: 0.2678, Train Acc: 0.9152, Val Loss: 5.6333, Val Acc: 0.0899
2026-01-26 15:21:19,465 - experiment_chaotic_lorenz_full_chaotic_run_0 - INFO - Train Epoch 21: [0/472 (0.0%)]	Loss: 0.193062
2026-01-26 15:21:21,103 - experiment_chaotic_lorenz_full_chaotic_run_0 - DEBUG - [STABILITY] lyap=0.017, max_norm=35.7, min_std=8.215
2026-01-26 15:21:24,661 - experiment_chaotic_lorenz_full_chaotic_run_0 - INFO - Epoch 21: Train Loss: 0.2782, Train Acc: 0.9174, Val Loss: 8.5715, Val Acc: 0.0449
2026-01-26 15:21:25,152 - experiment_chaotic_lorenz_full_chaotic_run_0 - INFO - Train Epoch 22: [0/472 (0.0%)]	Loss: 0.101054
2026-01-26 15:21:30,325 - experiment_chaotic_lorenz_full_chaotic_run_0 - INFO - Epoch 22: Train Loss: 0.2490, Train Acc: 0.9241, Val Loss: 7.0899, Val Acc: 0.0449
2026-01-26 15:21:30,812 - experiment_chaotic_lorenz_full_chaotic_run_0 - INFO - Train Epoch 23: [0/472 (0.0%)]	Loss: 0.496119
2026-01-26 15:21:35,993 - experiment_chaotic_lorenz_full_chaotic_run_0 - INFO - Epoch 23: Train Loss: 0.2418, Train Acc: 0.9308, Val Loss: 6.6776, Val Acc: 0.0674
2026-01-26 15:21:36,486 - experiment_chaotic_lorenz_full_chaotic_run_0 - INFO - Train Epoch 24: [0/472 (0.0%)]	Loss: 0.218618
2026-01-26 15:21:41,647 - experiment_chaotic_lorenz_full_chaotic_run_0 - INFO - Epoch 24: Train Loss: 0.1827, Train Acc: 0.9487, Val Loss: 7.4945, Val Acc: 0.0674
2026-01-26 15:21:42,136 - experiment_chaotic_lorenz_full_chaotic_run_0 - INFO - Train Epoch 25: [0/472 (0.0%)]	Loss: 0.210800
2026-01-26 15:21:47,303 - experiment_chaotic_lorenz_full_chaotic_run_0 - INFO - Epoch 25: Train Loss: 0.1977, Train Acc: 0.9353, Val Loss: 5.7118, Val Acc: 0.1685
2026-01-26 15:21:47,392 - experiment_chaotic_lorenz_full_chaotic_run_0 - INFO - Saved new best model at epoch 25
2026-01-26 15:21:47,924 - experiment_chaotic_lorenz_full_chaotic_run_0 - INFO - Train Epoch 26: [0/472 (0.0%)]	Loss: 0.109839
2026-01-26 15:21:53,081 - experiment_chaotic_lorenz_full_chaotic_run_0 - INFO - Epoch 26: Train Loss: 0.2026, Train Acc: 0.9397, Val Loss: 7.5700, Val Acc: 0.0787
2026-01-26 15:21:53,567 - experiment_chaotic_lorenz_full_chaotic_run_0 - INFO - Train Epoch 27: [0/472 (0.0%)]	Loss: 0.187013
2026-01-26 15:21:58,741 - experiment_chaotic_lorenz_full_chaotic_run_0 - INFO - Epoch 27: Train Loss: 0.2368, Train Acc: 0.9263, Val Loss: 7.3142, Val Acc: 0.0674
2026-01-26 15:21:59,234 - experiment_chaotic_lorenz_full_chaotic_run_0 - INFO - Train Epoch 28: [0/472 (0.0%)]	Loss: 0.379355
2026-01-26 15:22:01,475 - experiment_chaotic_lorenz_full_chaotic_run_0 - DEBUG - [STABILITY] lyap=0.014, max_norm=39.9, min_std=9.340
2026-01-26 15:22:04,399 - experiment_chaotic_lorenz_full_chaotic_run_0 - INFO - Epoch 28: Train Loss: 0.1660, Train Acc: 0.9531, Val Loss: 5.5376, Val Acc: 0.1011
2026-01-26 15:22:04,902 - experiment_chaotic_lorenz_full_chaotic_run_0 - INFO - Train Epoch 29: [0/472 (0.0%)]	Loss: 0.252533
2026-01-26 15:22:10,079 - experiment_chaotic_lorenz_full_chaotic_run_0 - INFO - Epoch 29: Train Loss: 0.1789, Train Acc: 0.9554, Val Loss: 10.9289, Val Acc: 0.0449
2026-01-26 15:22:10,563 - experiment_chaotic_lorenz_full_chaotic_run_0 - INFO - Train Epoch 30: [0/472 (0.0%)]	Loss: 0.064358
2026-01-26 15:22:15,730 - experiment_chaotic_lorenz_full_chaotic_run_0 - INFO - Epoch 30: Train Loss: 0.1542, Train Acc: 0.9576, Val Loss: 10.2889, Val Acc: 0.0449
2026-01-26 15:22:16,294 - experiment_chaotic_lorenz_full_chaotic_run_0 - INFO - Train Epoch 31: [0/472 (0.0%)]	Loss: 0.071331
2026-01-26 15:22:21,463 - experiment_chaotic_lorenz_full_chaotic_run_0 - INFO - Epoch 31: Train Loss: 0.1174, Train Acc: 0.9710, Val Loss: 4.7832, Val Acc: 0.1236
2026-01-26 15:22:21,953 - experiment_chaotic_lorenz_full_chaotic_run_0 - INFO - Train Epoch 32: [0/472 (0.0%)]	Loss: 0.087643
2026-01-26 15:22:27,157 - experiment_chaotic_lorenz_full_chaotic_run_0 - INFO - Epoch 32: Train Loss: 0.1332, Train Acc: 0.9576, Val Loss: 7.0261, Val Acc: 0.0449
2026-01-26 15:22:27,652 - experiment_chaotic_lorenz_full_chaotic_run_0 - INFO - Train Epoch 33: [0/472 (0.0%)]	Loss: 0.263220
2026-01-26 15:22:32,861 - experiment_chaotic_lorenz_full_chaotic_run_0 - INFO - Epoch 33: Train Loss: 0.1112, Train Acc: 0.9688, Val Loss: 5.0215, Val Acc: 0.1461
2026-01-26 15:22:33,351 - experiment_chaotic_lorenz_full_chaotic_run_0 - INFO - Train Epoch 34: [0/472 (0.0%)]	Loss: 0.034588
2026-01-26 15:22:38,539 - experiment_chaotic_lorenz_full_chaotic_run_0 - INFO - Epoch 34: Train Loss: 0.1421, Train Acc: 0.9621, Val Loss: 5.7459, Val Acc: 0.1348
2026-01-26 15:22:39,030 - experiment_chaotic_lorenz_full_chaotic_run_0 - INFO - Train Epoch 35: [0/472 (0.0%)]	Loss: 0.094329
2026-01-26 15:22:41,891 - experiment_chaotic_lorenz_full_chaotic_run_0 - DEBUG - [STABILITY] lyap=0.013, max_norm=41.4, min_std=9.765
2026-01-26 15:22:44,201 - experiment_chaotic_lorenz_full_chaotic_run_0 - INFO - Epoch 35: Train Loss: 0.1411, Train Acc: 0.9665, Val Loss: 4.9515, Val Acc: 0.1798
2026-01-26 15:22:44,279 - experiment_chaotic_lorenz_full_chaotic_run_0 - INFO - Saved new best model at epoch 35
2026-01-26 15:22:44,804 - experiment_chaotic_lorenz_full_chaotic_run_0 - INFO - Train Epoch 36: [0/472 (0.0%)]	Loss: 0.067376
2026-01-26 15:22:49,987 - experiment_chaotic_lorenz_full_chaotic_run_0 - INFO - Epoch 36: Train Loss: 0.1161, Train Acc: 0.9754, Val Loss: 4.8286, Val Acc: 0.1236
2026-01-26 15:22:50,485 - experiment_chaotic_lorenz_full_chaotic_run_0 - INFO - Train Epoch 37: [0/472 (0.0%)]	Loss: 0.094914
2026-01-26 15:22:55,675 - experiment_chaotic_lorenz_full_chaotic_run_0 - INFO - Epoch 37: Train Loss: 0.1562, Train Acc: 0.9665, Val Loss: 6.3052, Val Acc: 0.0449
2026-01-26 15:22:56,165 - experiment_chaotic_lorenz_full_chaotic_run_0 - INFO - Train Epoch 38: [0/472 (0.0%)]	Loss: 0.400777
2026-01-26 15:23:01,353 - experiment_chaotic_lorenz_full_chaotic_run_0 - INFO - Epoch 38: Train Loss: 0.1133, Train Acc: 0.9621, Val Loss: 3.7938, Val Acc: 0.2809
2026-01-26 15:23:01,431 - experiment_chaotic_lorenz_full_chaotic_run_0 - INFO - Saved new best model at epoch 38
2026-01-26 15:23:01,967 - experiment_chaotic_lorenz_full_chaotic_run_0 - INFO - Train Epoch 39: [0/472 (0.0%)]	Loss: 0.172426
2026-01-26 15:23:07,215 - experiment_chaotic_lorenz_full_chaotic_run_0 - INFO - Epoch 39: Train Loss: 0.1450, Train Acc: 0.9531, Val Loss: 5.9344, Val Acc: 0.1685
2026-01-26 15:23:07,720 - experiment_chaotic_lorenz_full_chaotic_run_0 - INFO - Train Epoch 40: [0/472 (0.0%)]	Loss: 0.046388
2026-01-26 15:23:13,001 - experiment_chaotic_lorenz_full_chaotic_run_0 - INFO - Epoch 40: Train Loss: 0.0972, Train Acc: 0.9799, Val Loss: 5.6902, Val Acc: 0.1685
2026-01-26 15:23:13,584 - experiment_chaotic_lorenz_full_chaotic_run_0 - INFO - Train Epoch 41: [0/472 (0.0%)]	Loss: 0.156973
2026-01-26 15:23:18,829 - experiment_chaotic_lorenz_full_chaotic_run_0 - INFO - Epoch 41: Train Loss: 0.1011, Train Acc: 0.9732, Val Loss: 9.3250, Val Acc: 0.0449
2026-01-26 15:23:19,339 - experiment_chaotic_lorenz_full_chaotic_run_0 - INFO - Train Epoch 42: [0/472 (0.0%)]	Loss: 0.063220
2026-01-26 15:23:22,881 - experiment_chaotic_lorenz_full_chaotic_run_0 - DEBUG - [STABILITY] lyap=0.013, max_norm=41.3, min_std=9.754
2026-01-26 15:23:24,629 - experiment_chaotic_lorenz_full_chaotic_run_0 - INFO - Epoch 42: Train Loss: 0.1100, Train Acc: 0.9643, Val Loss: 7.4049, Val Acc: 0.1011
2026-01-26 15:23:25,145 - experiment_chaotic_lorenz_full_chaotic_run_0 - INFO - Train Epoch 43: [0/472 (0.0%)]	Loss: 0.128529
2026-01-26 15:23:30,398 - experiment_chaotic_lorenz_full_chaotic_run_0 - INFO - Epoch 43: Train Loss: 0.0708, Train Acc: 0.9821, Val Loss: 10.6132, Val Acc: 0.0449
2026-01-26 15:23:30,905 - experiment_chaotic_lorenz_full_chaotic_run_0 - INFO - Train Epoch 44: [0/472 (0.0%)]	Loss: 0.284253
2026-01-26 15:23:36,151 - experiment_chaotic_lorenz_full_chaotic_run_0 - INFO - Epoch 44: Train Loss: 0.1085, Train Acc: 0.9688, Val Loss: 12.3768, Val Acc: 0.0449
2026-01-26 15:23:36,662 - experiment_chaotic_lorenz_full_chaotic_run_0 - INFO - Train Epoch 45: [0/472 (0.0%)]	Loss: 0.034239
2026-01-26 15:23:41,890 - experiment_chaotic_lorenz_full_chaotic_run_0 - INFO - Epoch 45: Train Loss: 0.0969, Train Acc: 0.9732, Val Loss: 6.4105, Val Acc: 0.1461
2026-01-26 15:23:42,399 - experiment_chaotic_lorenz_full_chaotic_run_0 - INFO - Train Epoch 46: [0/472 (0.0%)]	Loss: 0.059449
2026-01-26 15:23:47,645 - experiment_chaotic_lorenz_full_chaotic_run_0 - INFO - Epoch 46: Train Loss: 0.0585, Train Acc: 0.9821, Val Loss: 8.8097, Val Acc: 0.0449
2026-01-26 15:23:48,157 - experiment_chaotic_lorenz_full_chaotic_run_0 - INFO - Train Epoch 47: [0/472 (0.0%)]	Loss: 0.026732
2026-01-26 15:23:53,380 - experiment_chaotic_lorenz_full_chaotic_run_0 - INFO - Epoch 47: Train Loss: 0.0508, Train Acc: 0.9911, Val Loss: 11.6270, Val Acc: 0.0449
2026-01-26 15:23:53,887 - experiment_chaotic_lorenz_full_chaotic_run_0 - INFO - Train Epoch 48: [0/472 (0.0%)]	Loss: 0.154674
2026-01-26 15:23:59,103 - experiment_chaotic_lorenz_full_chaotic_run_0 - INFO - Epoch 48: Train Loss: 0.0626, Train Acc: 0.9821, Val Loss: 11.3906, Val Acc: 0.0449
2026-01-26 15:23:59,612 - experiment_chaotic_lorenz_full_chaotic_run_0 - INFO - Train Epoch 49: [0/472 (0.0%)]	Loss: 0.100376
2026-01-26 15:24:04,836 - experiment_chaotic_lorenz_full_chaotic_run_0 - INFO - Epoch 49: Train Loss: 0.0406, Train Acc: 0.9911, Val Loss: 7.8450, Val Acc: 0.0787
2026-01-26 15:24:05,158 - experiment_chaotic_lorenz_full_chaotic_run_0 - DEBUG - [STABILITY] lyap=0.016, max_norm=35.6, min_std=8.188
2026-01-26 15:24:05,345 - experiment_chaotic_lorenz_full_chaotic_run_0 - INFO - Train Epoch 50: [0/472 (0.0%)]	Loss: 0.061269
2026-01-26 15:24:10,612 - experiment_chaotic_lorenz_full_chaotic_run_0 - INFO - Epoch 50: Train Loss: 0.0698, Train Acc: 0.9754, Val Loss: 4.9349, Val Acc: 0.2247
2026-01-26 15:24:11,203 - experiment_chaotic_lorenz_full_chaotic_run_0 - INFO - Train Epoch 51: [0/472 (0.0%)]	Loss: 0.250794
2026-01-26 15:24:16,439 - experiment_chaotic_lorenz_full_chaotic_run_0 - INFO - Epoch 51: Train Loss: 0.0835, Train Acc: 0.9777, Val Loss: 6.2250, Val Acc: 0.1011
2026-01-26 15:24:16,944 - experiment_chaotic_lorenz_full_chaotic_run_0 - INFO - Train Epoch 52: [0/472 (0.0%)]	Loss: 0.057698
2026-01-26 15:24:22,165 - experiment_chaotic_lorenz_full_chaotic_run_0 - INFO - Epoch 52: Train Loss: 0.0850, Train Acc: 0.9777, Val Loss: 5.4078, Val Acc: 0.1573
2026-01-26 15:24:22,679 - experiment_chaotic_lorenz_full_chaotic_run_0 - INFO - Train Epoch 53: [0/472 (0.0%)]	Loss: 0.021207
2026-01-26 15:24:27,936 - experiment_chaotic_lorenz_full_chaotic_run_0 - INFO - Epoch 53: Train Loss: 0.0549, Train Acc: 0.9888, Val Loss: 6.0217, Val Acc: 0.0787
2026-01-26 15:24:28,438 - experiment_chaotic_lorenz_full_chaotic_run_0 - INFO - Train Epoch 54: [0/472 (0.0%)]	Loss: 0.031245
2026-01-26 15:24:33,663 - experiment_chaotic_lorenz_full_chaotic_run_0 - INFO - Epoch 54: Train Loss: 0.0378, Train Acc: 0.9933, Val Loss: 4.6550, Val Acc: 0.1685
2026-01-26 15:24:34,170 - experiment_chaotic_lorenz_full_chaotic_run_0 - INFO - Train Epoch 55: [0/472 (0.0%)]	Loss: 0.016257
2026-01-26 15:24:39,406 - experiment_chaotic_lorenz_full_chaotic_run_0 - INFO - Epoch 55: Train Loss: 0.0481, Train Acc: 0.9888, Val Loss: 3.0229, Val Acc: 0.4157
2026-01-26 15:24:39,481 - experiment_chaotic_lorenz_full_chaotic_run_0 - INFO - Saved new best model at epoch 55
2026-01-26 15:24:40,030 - experiment_chaotic_lorenz_full_chaotic_run_0 - INFO - Train Epoch 56: [0/472 (0.0%)]	Loss: 0.082012
2026-01-26 15:24:45,304 - experiment_chaotic_lorenz_full_chaotic_run_0 - INFO - Epoch 56: Train Loss: 0.0591, Train Acc: 0.9821, Val Loss: 2.4662, Val Acc: 0.5056
2026-01-26 15:24:45,382 - experiment_chaotic_lorenz_full_chaotic_run_0 - INFO - Saved new best model at epoch 56
2026-01-26 15:24:45,929 - experiment_chaotic_lorenz_full_chaotic_run_0 - INFO - Train Epoch 57: [0/472 (0.0%)]	Loss: 0.027643
2026-01-26 15:24:46,354 - experiment_chaotic_lorenz_full_chaotic_run_0 - DEBUG - [STABILITY] lyap=0.015, max_norm=37.4, min_std=8.689
2026-01-26 15:24:51,182 - experiment_chaotic_lorenz_full_chaotic_run_0 - INFO - Epoch 57: Train Loss: 0.0597, Train Acc: 0.9911, Val Loss: 5.4858, Val Acc: 0.1236
2026-01-26 15:24:51,685 - experiment_chaotic_lorenz_full_chaotic_run_0 - INFO - Train Epoch 58: [0/472 (0.0%)]	Loss: 0.107116
2026-01-26 15:24:57,180 - experiment_chaotic_lorenz_full_chaotic_run_0 - INFO - Epoch 58: Train Loss: 0.0327, Train Acc: 0.9933, Val Loss: 3.8330, Val Acc: 0.3146
2026-01-26 15:24:57,694 - experiment_chaotic_lorenz_full_chaotic_run_0 - INFO - Train Epoch 59: [0/472 (0.0%)]	Loss: 0.023991
2026-01-26 15:25:02,968 - experiment_chaotic_lorenz_full_chaotic_run_0 - INFO - Epoch 59: Train Loss: 0.0286, Train Acc: 0.9933, Val Loss: 4.1453, Val Acc: 0.2921
2026-01-26 15:25:03,469 - experiment_chaotic_lorenz_full_chaotic_run_0 - INFO - Train Epoch 60: [0/472 (0.0%)]	Loss: 0.014634
2026-01-26 15:25:08,862 - experiment_chaotic_lorenz_full_chaotic_run_0 - INFO - Epoch 60: Train Loss: 0.0450, Train Acc: 0.9821, Val Loss: 2.1575, Val Acc: 0.5730
2026-01-26 15:25:08,938 - experiment_chaotic_lorenz_full_chaotic_run_0 - INFO - Saved new best model at epoch 60
2026-01-26 15:25:09,570 - experiment_chaotic_lorenz_full_chaotic_run_0 - INFO - Train Epoch 61: [0/472 (0.0%)]	Loss: 0.012204
2026-01-26 15:25:14,890 - experiment_chaotic_lorenz_full_chaotic_run_0 - INFO - Epoch 61: Train Loss: 0.0397, Train Acc: 0.9911, Val Loss: 1.8441, Val Acc: 0.6180
2026-01-26 15:25:14,972 - experiment_chaotic_lorenz_full_chaotic_run_0 - INFO - Saved new best model at epoch 61
2026-01-26 15:25:15,511 - experiment_chaotic_lorenz_full_chaotic_run_0 - INFO - Train Epoch 62: [0/472 (0.0%)]	Loss: 0.018807
2026-01-26 15:25:20,809 - experiment_chaotic_lorenz_full_chaotic_run_0 - INFO - Epoch 62: Train Loss: 0.0345, Train Acc: 0.9911, Val Loss: 1.8026, Val Acc: 0.6292
2026-01-26 15:25:20,887 - experiment_chaotic_lorenz_full_chaotic_run_0 - INFO - Saved new best model at epoch 62
2026-01-26 15:25:21,442 - experiment_chaotic_lorenz_full_chaotic_run_0 - INFO - Train Epoch 63: [0/472 (0.0%)]	Loss: 0.025434
2026-01-26 15:25:26,723 - experiment_chaotic_lorenz_full_chaotic_run_0 - INFO - Epoch 63: Train Loss: 0.0367, Train Acc: 0.9933, Val Loss: 3.2565, Val Acc: 0.4607
2026-01-26 15:25:27,230 - experiment_chaotic_lorenz_full_chaotic_run_0 - INFO - Train Epoch 64: [0/472 (0.0%)]	Loss: 0.015594
2026-01-26 15:25:28,264 - experiment_chaotic_lorenz_full_chaotic_run_0 - DEBUG - [STABILITY] lyap=0.015, max_norm=37.6, min_std=8.744
2026-01-26 15:25:32,488 - experiment_chaotic_lorenz_full_chaotic_run_0 - INFO - Epoch 64: Train Loss: 0.0367, Train Acc: 0.9911, Val Loss: 1.8414, Val Acc: 0.5955
2026-01-26 15:25:33,007 - experiment_chaotic_lorenz_full_chaotic_run_0 - INFO - Train Epoch 65: [0/472 (0.0%)]	Loss: 0.017298
2026-01-26 15:25:38,255 - experiment_chaotic_lorenz_full_chaotic_run_0 - INFO - Epoch 65: Train Loss: 0.0302, Train Acc: 0.9933, Val Loss: 0.7785, Val Acc: 0.7753
2026-01-26 15:25:38,339 - experiment_chaotic_lorenz_full_chaotic_run_0 - INFO - Saved new best model at epoch 65
2026-01-26 15:25:38,874 - experiment_chaotic_lorenz_full_chaotic_run_0 - INFO - Train Epoch 66: [0/472 (0.0%)]	Loss: 0.016664
2026-01-26 15:25:44,178 - experiment_chaotic_lorenz_full_chaotic_run_0 - INFO - Epoch 66: Train Loss: 0.0464, Train Acc: 0.9888, Val Loss: 2.2349, Val Acc: 0.5955
2026-01-26 15:25:44,687 - experiment_chaotic_lorenz_full_chaotic_run_0 - INFO - Train Epoch 67: [0/472 (0.0%)]	Loss: 0.037932
2026-01-26 15:25:50,040 - experiment_chaotic_lorenz_full_chaotic_run_0 - INFO - Epoch 67: Train Loss: 0.0446, Train Acc: 0.9799, Val Loss: 5.0365, Val Acc: 0.3146
2026-01-26 15:25:50,545 - experiment_chaotic_lorenz_full_chaotic_run_0 - INFO - Train Epoch 68: [0/472 (0.0%)]	Loss: 0.070105
2026-01-26 15:25:55,829 - experiment_chaotic_lorenz_full_chaotic_run_0 - INFO - Epoch 68: Train Loss: 0.0323, Train Acc: 0.9933, Val Loss: 1.5485, Val Acc: 0.6180
2026-01-26 15:25:56,340 - experiment_chaotic_lorenz_full_chaotic_run_0 - INFO - Train Epoch 69: [0/472 (0.0%)]	Loss: 0.021400
2026-01-26 15:26:01,586 - experiment_chaotic_lorenz_full_chaotic_run_0 - INFO - Epoch 69: Train Loss: 0.0295, Train Acc: 0.9955, Val Loss: 2.4630, Val Acc: 0.5730
2026-01-26 15:26:02,103 - experiment_chaotic_lorenz_full_chaotic_run_0 - INFO - Train Epoch 70: [0/472 (0.0%)]	Loss: 0.018995
2026-01-26 15:26:07,341 - experiment_chaotic_lorenz_full_chaotic_run_0 - INFO - Epoch 70: Train Loss: 0.0208, Train Acc: 0.9955, Val Loss: 0.5458, Val Acc: 0.8315
2026-01-26 15:26:07,421 - experiment_chaotic_lorenz_full_chaotic_run_0 - INFO - Saved new best model at epoch 70
2026-01-26 15:26:08,051 - experiment_chaotic_lorenz_full_chaotic_run_0 - INFO - Train Epoch 71: [0/472 (0.0%)]	Loss: 0.011092
2026-01-26 15:26:09,691 - experiment_chaotic_lorenz_full_chaotic_run_0 - DEBUG - [STABILITY] lyap=0.015, max_norm=37.5, min_std=8.735
2026-01-26 15:26:13,277 - experiment_chaotic_lorenz_full_chaotic_run_0 - INFO - Epoch 71: Train Loss: 0.0254, Train Acc: 0.9955, Val Loss: 0.7204, Val Acc: 0.8090
2026-01-26 15:26:13,789 - experiment_chaotic_lorenz_full_chaotic_run_0 - INFO - Train Epoch 72: [0/472 (0.0%)]	Loss: 0.024091
2026-01-26 15:26:19,018 - experiment_chaotic_lorenz_full_chaotic_run_0 - INFO - Epoch 72: Train Loss: 0.0272, Train Acc: 0.9978, Val Loss: 0.9416, Val Acc: 0.7978
2026-01-26 15:26:19,523 - experiment_chaotic_lorenz_full_chaotic_run_0 - INFO - Train Epoch 73: [0/472 (0.0%)]	Loss: 0.019700
2026-01-26 15:26:24,754 - experiment_chaotic_lorenz_full_chaotic_run_0 - INFO - Epoch 73: Train Loss: 0.0283, Train Acc: 0.9978, Val Loss: 0.9039, Val Acc: 0.8090
2026-01-26 15:26:25,260 - experiment_chaotic_lorenz_full_chaotic_run_0 - INFO - Train Epoch 74: [0/472 (0.0%)]	Loss: 0.024576
2026-01-26 15:26:30,472 - experiment_chaotic_lorenz_full_chaotic_run_0 - INFO - Epoch 74: Train Loss: 0.0313, Train Acc: 0.9933, Val Loss: 0.8621, Val Acc: 0.8202
2026-01-26 15:26:30,986 - experiment_chaotic_lorenz_full_chaotic_run_0 - INFO - Train Epoch 75: [0/472 (0.0%)]	Loss: 0.028182
2026-01-26 15:26:36,207 - experiment_chaotic_lorenz_full_chaotic_run_0 - INFO - Epoch 75: Train Loss: 0.0233, Train Acc: 1.0000, Val Loss: 0.5893, Val Acc: 0.8652
2026-01-26 15:26:36,285 - experiment_chaotic_lorenz_full_chaotic_run_0 - INFO - Saved new best model at epoch 75
2026-01-26 15:26:36,835 - experiment_chaotic_lorenz_full_chaotic_run_0 - INFO - Train Epoch 76: [0/472 (0.0%)]	Loss: 0.016724
2026-01-26 15:26:42,105 - experiment_chaotic_lorenz_full_chaotic_run_0 - INFO - Epoch 76: Train Loss: 0.0263, Train Acc: 0.9955, Val Loss: 0.6288, Val Acc: 0.8427
2026-01-26 15:26:42,616 - experiment_chaotic_lorenz_full_chaotic_run_0 - INFO - Train Epoch 77: [0/472 (0.0%)]	Loss: 0.122933
2026-01-26 15:26:47,882 - experiment_chaotic_lorenz_full_chaotic_run_0 - INFO - Epoch 77: Train Loss: 0.0254, Train Acc: 0.9978, Val Loss: 0.4337, Val Acc: 0.8764
2026-01-26 15:26:47,955 - experiment_chaotic_lorenz_full_chaotic_run_0 - INFO - Saved new best model at epoch 77
2026-01-26 15:26:48,513 - experiment_chaotic_lorenz_full_chaotic_run_0 - INFO - Train Epoch 78: [0/472 (0.0%)]	Loss: 0.012887
2026-01-26 15:26:50,832 - experiment_chaotic_lorenz_full_chaotic_run_0 - DEBUG - [STABILITY] lyap=0.015, max_norm=37.3, min_std=8.673
2026-01-26 15:26:53,864 - experiment_chaotic_lorenz_full_chaotic_run_0 - INFO - Epoch 78: Train Loss: 0.0204, Train Acc: 0.9978, Val Loss: 0.1176, Val Acc: 0.9663
2026-01-26 15:26:53,944 - experiment_chaotic_lorenz_full_chaotic_run_0 - INFO - Saved new best model at epoch 78
2026-01-26 15:26:54,487 - experiment_chaotic_lorenz_full_chaotic_run_0 - INFO - Train Epoch 79: [0/472 (0.0%)]	Loss: 0.044540
2026-01-26 15:26:59,731 - experiment_chaotic_lorenz_full_chaotic_run_0 - INFO - Epoch 79: Train Loss: 0.0240, Train Acc: 0.9955, Val Loss: 0.3039, Val Acc: 0.9101
2026-01-26 15:27:00,226 - experiment_chaotic_lorenz_full_chaotic_run_0 - INFO - Train Epoch 80: [0/472 (0.0%)]	Loss: 0.020778
2026-01-26 15:27:05,461 - experiment_chaotic_lorenz_full_chaotic_run_0 - INFO - Epoch 80: Train Loss: 0.0205, Train Acc: 0.9978, Val Loss: 0.3035, Val Acc: 0.9438
2026-01-26 15:27:06,050 - experiment_chaotic_lorenz_full_chaotic_run_0 - INFO - Train Epoch 81: [0/472 (0.0%)]	Loss: 0.026879
2026-01-26 15:27:11,277 - experiment_chaotic_lorenz_full_chaotic_run_0 - INFO - Epoch 81: Train Loss: 0.0190, Train Acc: 0.9978, Val Loss: 0.0533, Val Acc: 0.9775
2026-01-26 15:27:11,358 - experiment_chaotic_lorenz_full_chaotic_run_0 - INFO - Saved new best model at epoch 81
2026-01-26 15:27:11,910 - experiment_chaotic_lorenz_full_chaotic_run_0 - INFO - Train Epoch 82: [0/472 (0.0%)]	Loss: 0.059482
2026-01-26 15:27:17,137 - experiment_chaotic_lorenz_full_chaotic_run_0 - INFO - Epoch 82: Train Loss: 0.0382, Train Acc: 0.9933, Val Loss: 0.3025, Val Acc: 0.9101
2026-01-26 15:27:17,646 - experiment_chaotic_lorenz_full_chaotic_run_0 - INFO - Train Epoch 83: [0/472 (0.0%)]	Loss: 0.087829
2026-01-26 15:27:22,887 - experiment_chaotic_lorenz_full_chaotic_run_0 - INFO - Epoch 83: Train Loss: 0.0313, Train Acc: 0.9888, Val Loss: 0.2228, Val Acc: 0.9213
2026-01-26 15:27:23,391 - experiment_chaotic_lorenz_full_chaotic_run_0 - INFO - Train Epoch 84: [0/472 (0.0%)]	Loss: 0.014243
2026-01-26 15:27:28,686 - experiment_chaotic_lorenz_full_chaotic_run_0 - INFO - Epoch 84: Train Loss: 0.0241, Train Acc: 0.9955, Val Loss: 0.0873, Val Acc: 0.9775
2026-01-26 15:27:29,200 - experiment_chaotic_lorenz_full_chaotic_run_0 - INFO - Train Epoch 85: [0/472 (0.0%)]	Loss: 0.021112
2026-01-26 15:27:32,138 - experiment_chaotic_lorenz_full_chaotic_run_0 - DEBUG - [STABILITY] lyap=0.015, max_norm=37.3, min_std=8.673
2026-01-26 15:27:34,539 - experiment_chaotic_lorenz_full_chaotic_run_0 - INFO - Epoch 85: Train Loss: 0.0264, Train Acc: 0.9933, Val Loss: 0.0713, Val Acc: 0.9775
2026-01-26 15:27:35,046 - experiment_chaotic_lorenz_full_chaotic_run_0 - INFO - Train Epoch 86: [0/472 (0.0%)]	Loss: 0.021577
2026-01-26 15:27:40,296 - experiment_chaotic_lorenz_full_chaotic_run_0 - INFO - Epoch 86: Train Loss: 0.0270, Train Acc: 0.9955, Val Loss: 0.0590, Val Acc: 0.9775
2026-01-26 15:27:40,807 - experiment_chaotic_lorenz_full_chaotic_run_0 - INFO - Train Epoch 87: [0/472 (0.0%)]	Loss: 0.012828
2026-01-26 15:27:46,039 - experiment_chaotic_lorenz_full_chaotic_run_0 - INFO - Epoch 87: Train Loss: 0.0158, Train Acc: 1.0000, Val Loss: 0.0679, Val Acc: 0.9551
2026-01-26 15:27:46,546 - experiment_chaotic_lorenz_full_chaotic_run_0 - INFO - Train Epoch 88: [0/472 (0.0%)]	Loss: 0.028154
2026-01-26 15:27:51,772 - experiment_chaotic_lorenz_full_chaotic_run_0 - INFO - Epoch 88: Train Loss: 0.0163, Train Acc: 1.0000, Val Loss: 0.1231, Val Acc: 0.9551
2026-01-26 15:27:52,281 - experiment_chaotic_lorenz_full_chaotic_run_0 - INFO - Train Epoch 89: [0/472 (0.0%)]	Loss: 0.015723
2026-01-26 15:27:57,508 - experiment_chaotic_lorenz_full_chaotic_run_0 - INFO - Epoch 89: Train Loss: 0.0166, Train Acc: 1.0000, Val Loss: 0.2514, Val Acc: 0.9551
2026-01-26 15:27:58,017 - experiment_chaotic_lorenz_full_chaotic_run_0 - INFO - Train Epoch 90: [0/472 (0.0%)]	Loss: 0.015996
2026-01-26 15:28:03,262 - experiment_chaotic_lorenz_full_chaotic_run_0 - INFO - Epoch 90: Train Loss: 0.0212, Train Acc: 0.9955, Val Loss: 0.2126, Val Acc: 0.9213
2026-01-26 15:28:03,851 - experiment_chaotic_lorenz_full_chaotic_run_0 - INFO - Train Epoch 91: [0/472 (0.0%)]	Loss: 0.009917
2026-01-26 15:28:09,093 - experiment_chaotic_lorenz_full_chaotic_run_0 - INFO - Epoch 91: Train Loss: 0.0165, Train Acc: 0.9978, Val Loss: 0.0972, Val Acc: 0.9551
2026-01-26 15:28:09,607 - experiment_chaotic_lorenz_full_chaotic_run_0 - INFO - Train Epoch 92: [0/472 (0.0%)]	Loss: 0.012894
2026-01-26 15:28:13,065 - experiment_chaotic_lorenz_full_chaotic_run_0 - DEBUG - [STABILITY] lyap=0.015, max_norm=37.4, min_std=8.677
2026-01-26 15:28:14,850 - experiment_chaotic_lorenz_full_chaotic_run_0 - INFO - Epoch 92: Train Loss: 0.0150, Train Acc: 1.0000, Val Loss: 0.0284, Val Acc: 1.0000
2026-01-26 15:28:14,931 - experiment_chaotic_lorenz_full_chaotic_run_0 - INFO - Saved new best model at epoch 92
2026-01-26 15:28:15,480 - experiment_chaotic_lorenz_full_chaotic_run_0 - INFO - Train Epoch 93: [0/472 (0.0%)]	Loss: 0.009768
2026-01-26 15:28:20,723 - experiment_chaotic_lorenz_full_chaotic_run_0 - INFO - Epoch 93: Train Loss: 0.0151, Train Acc: 1.0000, Val Loss: 0.0267, Val Acc: 1.0000
2026-01-26 15:28:21,234 - experiment_chaotic_lorenz_full_chaotic_run_0 - INFO - Train Epoch 94: [0/472 (0.0%)]	Loss: 0.023265
2026-01-26 15:28:26,484 - experiment_chaotic_lorenz_full_chaotic_run_0 - INFO - Epoch 94: Train Loss: 0.0286, Train Acc: 0.9933, Val Loss: 0.0192, Val Acc: 1.0000
2026-01-26 15:28:26,997 - experiment_chaotic_lorenz_full_chaotic_run_0 - INFO - Train Epoch 95: [0/472 (0.0%)]	Loss: 0.016098
2026-01-26 15:28:32,261 - experiment_chaotic_lorenz_full_chaotic_run_0 - INFO - Epoch 95: Train Loss: 0.0150, Train Acc: 1.0000, Val Loss: 0.0254, Val Acc: 1.0000
2026-01-26 15:28:32,774 - experiment_chaotic_lorenz_full_chaotic_run_0 - INFO - Train Epoch 96: [0/472 (0.0%)]	Loss: 0.012965
2026-01-26 15:28:38,015 - experiment_chaotic_lorenz_full_chaotic_run_0 - INFO - Epoch 96: Train Loss: 0.0152, Train Acc: 1.0000, Val Loss: 0.0251, Val Acc: 1.0000
2026-01-26 15:28:38,525 - experiment_chaotic_lorenz_full_chaotic_run_0 - INFO - Train Epoch 97: [0/472 (0.0%)]	Loss: 0.031374
2026-01-26 15:28:43,766 - experiment_chaotic_lorenz_full_chaotic_run_0 - INFO - Epoch 97: Train Loss: 0.0330, Train Acc: 0.9911, Val Loss: 0.0268, Val Acc: 1.0000
2026-01-26 15:28:44,275 - experiment_chaotic_lorenz_full_chaotic_run_0 - INFO - Train Epoch 98: [0/472 (0.0%)]	Loss: 0.028981
2026-01-26 15:28:49,606 - experiment_chaotic_lorenz_full_chaotic_run_0 - INFO - Epoch 98: Train Loss: 0.0165, Train Acc: 1.0000, Val Loss: 0.0207, Val Acc: 1.0000
2026-01-26 15:28:50,118 - experiment_chaotic_lorenz_full_chaotic_run_0 - INFO - Train Epoch 99: [0/472 (0.0%)]	Loss: 0.011297
2026-01-26 15:28:55,396 - experiment_chaotic_lorenz_full_chaotic_run_0 - INFO - Epoch 99: Train Loss: 0.0254, Train Acc: 0.9955, Val Loss: 0.0285, Val Acc: 1.0000
2026-01-26 15:28:55,402 - experiment_chaotic_lorenz_full_chaotic_run_0 - INFO - Running final test evaluation...
2026-01-26 15:28:56,769 - experiment_chaotic_lorenz_full_chaotic_run_0 - INFO - Test Results:
2026-01-26 15:28:56,770 - experiment_chaotic_lorenz_full_chaotic_run_0 - INFO -   loss: 0.2211
2026-01-26 15:28:56,770 - experiment_chaotic_lorenz_full_chaotic_run_0 - INFO -   accuracy: 0.9492
2026-01-26 15:28:56,770 - experiment_chaotic_lorenz_full_chaotic_run_0 - INFO -   avg_confidence: 1.0000
2026-01-26 15:28:56,770 - experiment_chaotic_lorenz_full_chaotic_run_0 - INFO -   embedding_diversity: 0.2999
2026-01-26 15:28:56,770 - experiment_chaotic_lorenz_full_chaotic_run_0 - INFO -   embedding_norm_mean: 1.0000
2026-01-26 15:28:56,770 - experiment_chaotic_lorenz_full_chaotic_run_0 - INFO -   embedding_norm_std: 0.0000
2026-01-26 15:28:56,772 - experiment_chaotic_lorenz_full_chaotic_run_0 - INFO - Training completed
2026-01-26 15:28:57,507 - experiment_chaotic_lorenz_full_chaotic_run_0 - INFO - Running comprehensive chaotic network analysis...
2026-01-26 15:28:57,508 - experiment_chaotic_lorenz_full_chaotic_run_0 - INFO - Analyzing chaotic features and dynamics...
2026-01-26 15:28:58,136 - experiment_chaotic_lorenz_full_chaotic_run_0 - INFO - Chaotic analysis completed
2026-01-26 15:28:58,138 - experiment_chaotic_lorenz_full_chaotic_run_0 - INFO - Creating chaotic dynamics visualizations...
2026-01-26 15:29:00,399 - experiment_chaotic_lorenz_full_chaotic_run_0 - WARNING - Embedding plotting failed: boolean index did not match indexed array along dimension 0; dimension is 8 but corresponding boolean dimension is 32
2026-01-26 15:29:00,407 - experiment_chaotic_lorenz_full_chaotic_run_0 - INFO - Chaotic network analysis completed
2026-01-26 15:33:20,536 - experiment_chaotic_lorenz_full_chaotic_run_0 - INFO - Initialized experiment: chaotic_lorenz_full_chaotic_run_0
2026-01-26 15:33:20,536 - experiment_chaotic_lorenz_full_chaotic_run_0 - INFO - Device: cuda
2026-01-26 15:33:20,536 - experiment_chaotic_lorenz_full_chaotic_run_0 - INFO - Output directory: /scratch/project_2003370/yueyao/Model/experiments/configs/base_chaotic/full_speaker/experiments/chaotic_lorenz_full_chaotic_run_0
2026-01-26 15:33:20,536 - experiment_chaotic_lorenz_full_chaotic_run_0 - INFO - Initialized chaotic network experiment with lorenz system
2026-01-26 15:33:20,537 - experiment_chaotic_lorenz_full_chaotic_run_0 - INFO - Setting up experiment components...
2026-01-26 15:33:20,537 - experiment_chaotic_lorenz_full_chaotic_run_0 - INFO - Creating dataloaders...
2026-01-26 16:21:19,962 - experiment_chaotic_lorenz_full_chaotic_run_0 - INFO - Initialized experiment: chaotic_lorenz_full_chaotic_run_0
2026-01-26 16:21:19,962 - experiment_chaotic_lorenz_full_chaotic_run_0 - INFO - Device: cuda
2026-01-26 16:21:19,962 - experiment_chaotic_lorenz_full_chaotic_run_0 - INFO - Output directory: /scratch/project_2003370/yueyao/Model/experiments/configs/base_chaotic/full_speaker/experiments/chaotic_lorenz_full_chaotic_run_0
2026-01-26 16:21:19,962 - experiment_chaotic_lorenz_full_chaotic_run_0 - INFO - Initialized chaotic network experiment with lorenz system
2026-01-26 16:21:19,962 - experiment_chaotic_lorenz_full_chaotic_run_0 - INFO - Setting up experiment components...
2026-01-26 16:21:19,962 - experiment_chaotic_lorenz_full_chaotic_run_0 - INFO - Creating dataloaders...
2026-01-26 16:25:00,203 - experiment_chaotic_lorenz_full_chaotic_run_0 - INFO - Detected 251 speakers in dataset
2026-01-26 16:25:00,203 - experiment_chaotic_lorenz_full_chaotic_run_0 - INFO - Dataloaders created:
2026-01-26 16:25:00,203 - experiment_chaotic_lorenz_full_chaotic_run_0 - INFO -   Train: 164 batches
2026-01-26 16:25:00,204 - experiment_chaotic_lorenz_full_chaotic_run_0 - INFO -   Val: 32 batches
2026-01-26 16:25:00,204 - experiment_chaotic_lorenz_full_chaotic_run_0 - INFO -   Test: 40 batches
2026-01-26 16:25:00,204 - experiment_chaotic_lorenz_full_chaotic_run_0 - INFO - Creating model...
2026-01-26 16:25:00,204 - experiment_chaotic_lorenz_full_chaotic_run_0 - INFO - Using actual num_speakers from dataset: 251
2026-01-26 16:26:07,498 - experiment_chaotic_lorenz_full_chaotic_run_0 - INFO - Total parameters: 578,111
2026-01-26 16:26:07,498 - experiment_chaotic_lorenz_full_chaotic_run_0 - INFO - Trainable parameters: 578,111
2026-01-26 16:26:07,498 - experiment_chaotic_lorenz_full_chaotic_run_0 - INFO - Creating optimizer...
2026-01-26 16:26:09,374 - experiment_chaotic_lorenz_full_chaotic_run_0 - INFO - Optimizer: AdamW
2026-01-26 16:26:09,374 - experiment_chaotic_lorenz_full_chaotic_run_0 - INFO - Creating scheduler...
2026-01-26 16:26:09,374 - experiment_chaotic_lorenz_full_chaotic_run_0 - INFO - Scheduler: CosineAnnealingLR
2026-01-26 16:26:09,374 - experiment_chaotic_lorenz_full_chaotic_run_0 - INFO - Creating criterion...
2026-01-26 16:26:09,374 - experiment_chaotic_lorenz_full_chaotic_run_0 - INFO - Criterion: CrossEntropyLoss
2026-01-26 16:26:09,419 - experiment_chaotic_lorenz_full_chaotic_run_0 - INFO - Configuration saved to: /scratch/project_2003370/yueyao/Model/experiments/configs/base_chaotic/full_speaker/experiments/chaotic_lorenz_full_chaotic_run_0/config.json
2026-01-26 16:26:09,419 - experiment_chaotic_lorenz_full_chaotic_run_0 - INFO - Experiment setup completed
2026-01-26 16:26:09,420 - experiment_chaotic_lorenz_full_chaotic_run_0 - INFO - Starting training for 100 epochs
2026-01-26 16:26:10,427 - experiment_chaotic_lorenz_full_chaotic_run_0 - INFO - 
================================================================================
2026-01-26 16:26:10,427 - experiment_chaotic_lorenz_full_chaotic_run_0 - INFO - COMPREHENSIVE DEBUG - FIRST BATCH
2026-01-26 16:26:10,427 - experiment_chaotic_lorenz_full_chaotic_run_0 - INFO - ================================================================================
2026-01-26 16:26:10,427 - experiment_chaotic_lorenz_full_chaotic_run_0 - INFO - Batch Info:
2026-01-26 16:26:10,428 - experiment_chaotic_lorenz_full_chaotic_run_0 - INFO -   Audio shape: torch.Size([32, 48000])
2026-01-26 16:26:10,428 - experiment_chaotic_lorenz_full_chaotic_run_0 - INFO -   Targets shape: torch.Size([32])
2026-01-26 16:26:10,434 - experiment_chaotic_lorenz_full_chaotic_run_0 - INFO -   Targets (first 8): tensor([248, 137, 192, 109,  94,  26, 184, 245], device='cuda:0')
2026-01-26 16:26:12,633 - experiment_chaotic_lorenz_full_chaotic_run_0 - INFO - ================================================================================

2026-01-26 16:26:12,794 - experiment_chaotic_lorenz_full_chaotic_run_0 - INFO - [STABILITY] Initialized LyapunovStabilityLoss
2026-01-26 16:26:12,818 - experiment_chaotic_lorenz_full_chaotic_run_0 - DEBUG - [STABILITY] lyap=0.100, max_norm=46.7, min_std=5.190
2026-01-26 16:26:13,934 - experiment_chaotic_lorenz_full_chaotic_run_0 - INFO - Train Epoch 0: [0/5268 (0.0%)]	Loss: 7.084501
2026-01-26 16:26:45,621 - experiment_chaotic_lorenz_full_chaotic_run_0 - DEBUG - [STABILITY] lyap=0.035, max_norm=37.5, min_std=6.471
2026-01-26 16:26:45,816 - experiment_chaotic_lorenz_full_chaotic_run_0 - INFO - Train Epoch 0: [3200/5268 (61.0%)]	Loss: 6.071761
2026-01-26 16:27:13,478 - experiment_chaotic_lorenz_full_chaotic_run_0 - INFO - Epoch 0: Train Loss: 6.1779, Train Acc: 0.0130, Val Loss: 5.2860, Val Acc: 0.0239
2026-01-26 16:27:13,558 - experiment_chaotic_lorenz_full_chaotic_run_0 - INFO - Saved new best model at epoch 0
2026-01-26 16:27:14,216 - experiment_chaotic_lorenz_full_chaotic_run_0 - INFO - Train Epoch 1: [0/5268 (0.0%)]	Loss: 4.584620
2026-01-26 16:27:25,630 - experiment_chaotic_lorenz_full_chaotic_run_0 - DEBUG - [STABILITY] lyap=0.011, max_norm=10.2, min_std=1.315
2026-01-26 16:27:46,013 - experiment_chaotic_lorenz_full_chaotic_run_0 - INFO - Train Epoch 1: [3200/5268 (61.0%)]	Loss: 4.453940
2026-01-26 16:27:57,191 - experiment_chaotic_lorenz_full_chaotic_run_0 - DEBUG - [STABILITY] lyap=0.007, max_norm=8.5, min_std=1.121
2026-01-26 16:28:10,506 - experiment_chaotic_lorenz_full_chaotic_run_0 - INFO - Epoch 1: Train Loss: 4.4361, Train Acc: 0.0587, Val Loss: 4.4120, Val Acc: 0.0758
2026-01-26 16:28:10,588 - experiment_chaotic_lorenz_full_chaotic_run_0 - INFO - Saved new best model at epoch 1
2026-01-26 16:28:11,175 - experiment_chaotic_lorenz_full_chaotic_run_0 - INFO - Train Epoch 2: [0/5268 (0.0%)]	Loss: 3.596592
2026-01-26 16:28:33,507 - experiment_chaotic_lorenz_full_chaotic_run_0 - DEBUG - [STABILITY] lyap=0.007, max_norm=8.6, min_std=1.093
2026-01-26 16:28:42,566 - experiment_chaotic_lorenz_full_chaotic_run_0 - INFO - Train Epoch 2: [3200/5268 (61.0%)]	Loss: 3.358225
2026-01-26 16:29:07,163 - experiment_chaotic_lorenz_full_chaotic_run_0 - INFO - Epoch 2: Train Loss: 3.4788, Train Acc: 0.1543, Val Loss: 8.5068, Val Acc: 0.0100
2026-01-26 16:29:07,718 - experiment_chaotic_lorenz_full_chaotic_run_0 - INFO - Train Epoch 3: [0/5268 (0.0%)]	Loss: 3.141864
2026-01-26 16:29:10,033 - experiment_chaotic_lorenz_full_chaotic_run_0 - DEBUG - [STABILITY] lyap=0.009, max_norm=9.2, min_std=1.233
2026-01-26 16:29:38,986 - experiment_chaotic_lorenz_full_chaotic_run_0 - INFO - Train Epoch 3: [3200/5268 (61.0%)]	Loss: 2.914909
2026-01-26 16:29:41,296 - experiment_chaotic_lorenz_full_chaotic_run_0 - DEBUG - [STABILITY] lyap=-0.021, max_norm=3.2, min_std=0.558
2026-01-26 16:30:03,529 - experiment_chaotic_lorenz_full_chaotic_run_0 - INFO - Epoch 3: Train Loss: 2.9103, Train Acc: 0.2422, Val Loss: 2.2055, Val Acc: 0.4148
2026-01-26 16:30:03,604 - experiment_chaotic_lorenz_full_chaotic_run_0 - INFO - Saved new best model at epoch 3
2026-01-26 16:30:04,212 - experiment_chaotic_lorenz_full_chaotic_run_0 - INFO - Train Epoch 4: [0/5268 (0.0%)]	Loss: 2.363893
2026-01-26 16:30:17,823 - experiment_chaotic_lorenz_full_chaotic_run_0 - DEBUG - [STABILITY] lyap=-0.008, max_norm=4.3, min_std=0.692
2026-01-26 16:30:35,606 - experiment_chaotic_lorenz_full_chaotic_run_0 - INFO - Train Epoch 4: [3200/5268 (61.0%)]	Loss: 2.689897
2026-01-26 16:30:49,208 - experiment_chaotic_lorenz_full_chaotic_run_0 - DEBUG - [STABILITY] lyap=0.004, max_norm=7.7, min_std=0.978
2026-01-26 16:30:59,934 - experiment_chaotic_lorenz_full_chaotic_run_0 - INFO - Epoch 4: Train Loss: 2.5501, Train Acc: 0.3062, Val Loss: 2.8976, Val Acc: 0.2782
2026-01-26 16:31:00,491 - experiment_chaotic_lorenz_full_chaotic_run_0 - INFO - Train Epoch 5: [0/5268 (0.0%)]	Loss: 2.189904
2026-01-26 16:31:25,338 - experiment_chaotic_lorenz_full_chaotic_run_0 - DEBUG - [STABILITY] lyap=-0.003, max_norm=5.4, min_std=0.793
2026-01-26 16:31:31,795 - experiment_chaotic_lorenz_full_chaotic_run_0 - INFO - Train Epoch 5: [3200/5268 (61.0%)]	Loss: 1.941243
2026-01-26 16:31:56,082 - experiment_chaotic_lorenz_full_chaotic_run_0 - INFO - Epoch 5: Train Loss: 2.3146, Train Acc: 0.3603, Val Loss: 10.2098, Val Acc: 0.0080
2026-01-26 16:31:56,646 - experiment_chaotic_lorenz_full_chaotic_run_0 - INFO - Train Epoch 6: [0/5268 (0.0%)]	Loss: 2.746976
2026-01-26 16:32:01,506 - experiment_chaotic_lorenz_full_chaotic_run_0 - DEBUG - [STABILITY] lyap=0.016, max_norm=13.3, min_std=1.804
2026-01-26 16:32:28,297 - experiment_chaotic_lorenz_full_chaotic_run_0 - INFO - Train Epoch 6: [3200/5268 (61.0%)]	Loss: 2.363057
2026-01-26 16:32:33,179 - experiment_chaotic_lorenz_full_chaotic_run_0 - DEBUG - [STABILITY] lyap=-0.001, max_norm=6.0, min_std=0.834
2026-01-26 16:32:52,731 - experiment_chaotic_lorenz_full_chaotic_run_0 - INFO - Epoch 6: Train Loss: 2.1181, Train Acc: 0.4002, Val Loss: 2.9250, Val Acc: 0.3031
2026-01-26 16:32:53,288 - experiment_chaotic_lorenz_full_chaotic_run_0 - INFO - Train Epoch 7: [0/5268 (0.0%)]	Loss: 1.716734
2026-01-26 16:33:09,800 - experiment_chaotic_lorenz_full_chaotic_run_0 - DEBUG - [STABILITY] lyap=0.005, max_norm=7.8, min_std=1.025
2026-01-26 16:33:25,134 - experiment_chaotic_lorenz_full_chaotic_run_0 - INFO - Train Epoch 7: [3200/5268 (61.0%)]	Loss: 2.519938
2026-01-26 16:33:41,289 - experiment_chaotic_lorenz_full_chaotic_run_0 - DEBUG - [STABILITY] lyap=-0.002, max_norm=5.7, min_std=0.824
2026-01-26 16:33:49,541 - experiment_chaotic_lorenz_full_chaotic_run_0 - INFO - Epoch 7: Train Loss: 1.9459, Train Acc: 0.4415, Val Loss: 2.6087, Val Acc: 0.3240
2026-01-26 16:33:50,107 - experiment_chaotic_lorenz_full_chaotic_run_0 - INFO - Train Epoch 8: [0/5268 (0.0%)]	Loss: 1.738806
2026-01-26 16:34:17,585 - experiment_chaotic_lorenz_full_chaotic_run_0 - DEBUG - [STABILITY] lyap=-0.009, max_norm=4.2, min_std=0.686
2026-01-26 16:34:21,584 - experiment_chaotic_lorenz_full_chaotic_run_0 - INFO - Train Epoch 8: [3200/5268 (61.0%)]	Loss: 1.540319
2026-01-26 16:34:46,129 - experiment_chaotic_lorenz_full_chaotic_run_0 - INFO - Epoch 8: Train Loss: 1.8092, Train Acc: 0.4764, Val Loss: 1.4419, Val Acc: 0.6052
2026-01-26 16:34:46,207 - experiment_chaotic_lorenz_full_chaotic_run_0 - INFO - Saved new best model at epoch 8
2026-01-26 16:34:46,822 - experiment_chaotic_lorenz_full_chaotic_run_0 - INFO - Train Epoch 9: [0/5268 (0.0%)]	Loss: 1.537854
2026-01-26 16:34:54,150 - experiment_chaotic_lorenz_full_chaotic_run_0 - DEBUG - [STABILITY] lyap=-0.002, max_norm=5.8, min_std=0.810
2026-01-26 16:35:18,401 - experiment_chaotic_lorenz_full_chaotic_run_0 - INFO - Train Epoch 9: [3200/5268 (61.0%)]	Loss: 1.581189
2026-01-26 16:35:25,800 - experiment_chaotic_lorenz_full_chaotic_run_0 - DEBUG - [STABILITY] lyap=-0.006, max_norm=4.7, min_std=0.732
2026-01-26 16:35:42,907 - experiment_chaotic_lorenz_full_chaotic_run_0 - INFO - Epoch 9: Train Loss: 1.6808, Train Acc: 0.5151, Val Loss: 1.9260, Val Acc: 0.4786
2026-01-26 16:35:43,469 - experiment_chaotic_lorenz_full_chaotic_run_0 - INFO - Train Epoch 10: [0/5268 (0.0%)]	Loss: 1.446279
2026-01-26 16:36:02,193 - experiment_chaotic_lorenz_full_chaotic_run_0 - DEBUG - [STABILITY] lyap=-0.006, max_norm=4.6, min_std=0.728
2026-01-26 16:36:15,053 - experiment_chaotic_lorenz_full_chaotic_run_0 - INFO - Train Epoch 10: [3200/5268 (61.0%)]	Loss: 1.176849
2026-01-26 16:36:33,840 - experiment_chaotic_lorenz_full_chaotic_run_0 - DEBUG - [STABILITY] lyap=-0.019, max_norm=3.2, min_std=0.589
2026-01-26 16:36:39,568 - experiment_chaotic_lorenz_full_chaotic_run_0 - INFO - Epoch 10: Train Loss: 1.6024, Train Acc: 0.5269, Val Loss: 1.5043, Val Acc: 0.5842
2026-01-26 16:36:40,214 - experiment_chaotic_lorenz_full_chaotic_run_0 - INFO - Train Epoch 11: [0/5268 (0.0%)]	Loss: 1.469365
2026-01-26 16:37:10,562 - experiment_chaotic_lorenz_full_chaotic_run_0 - DEBUG - [STABILITY] lyap=-0.006, max_norm=4.6, min_std=0.727
2026-01-26 16:37:12,024 - experiment_chaotic_lorenz_full_chaotic_run_0 - INFO - Train Epoch 11: [3200/5268 (61.0%)]	Loss: 1.729938
2026-01-26 16:37:36,474 - experiment_chaotic_lorenz_full_chaotic_run_0 - INFO - Epoch 11: Train Loss: 1.5549, Train Acc: 0.5415, Val Loss: 2.6796, Val Acc: 0.3470
2026-01-26 16:37:37,020 - experiment_chaotic_lorenz_full_chaotic_run_0 - INFO - Train Epoch 12: [0/5268 (0.0%)]	Loss: 1.453672
2026-01-26 16:37:46,934 - experiment_chaotic_lorenz_full_chaotic_run_0 - DEBUG - [STABILITY] lyap=-0.008, max_norm=4.3, min_std=0.705
2026-01-26 16:38:08,682 - experiment_chaotic_lorenz_full_chaotic_run_0 - INFO - Train Epoch 12: [3200/5268 (61.0%)]	Loss: 1.293494
2026-01-26 16:38:18,597 - experiment_chaotic_lorenz_full_chaotic_run_0 - DEBUG - [STABILITY] lyap=-0.007, max_norm=4.5, min_std=0.730
2026-01-26 16:38:33,192 - experiment_chaotic_lorenz_full_chaotic_run_0 - INFO - Epoch 12: Train Loss: 1.4323, Train Acc: 0.5776, Val Loss: 1.4346, Val Acc: 0.5733
2026-01-26 16:38:33,737 - experiment_chaotic_lorenz_full_chaotic_run_0 - INFO - Train Epoch 13: [0/5268 (0.0%)]	Loss: 1.463906
2026-01-26 16:38:55,111 - experiment_chaotic_lorenz_full_chaotic_run_0 - DEBUG - [STABILITY] lyap=-0.004, max_norm=5.1, min_std=0.760
2026-01-26 16:39:05,486 - experiment_chaotic_lorenz_full_chaotic_run_0 - INFO - Train Epoch 13: [3200/5268 (61.0%)]	Loss: 1.275078
2026-01-26 16:39:29,925 - experiment_chaotic_lorenz_full_chaotic_run_0 - INFO - Epoch 13: Train Loss: 1.3578, Train Acc: 0.5979, Val Loss: 1.2632, Val Acc: 0.6271
2026-01-26 16:39:30,006 - experiment_chaotic_lorenz_full_chaotic_run_0 - INFO - Saved new best model at epoch 13
2026-01-26 16:39:30,600 - experiment_chaotic_lorenz_full_chaotic_run_0 - INFO - Train Epoch 14: [0/5268 (0.0%)]	Loss: 0.971791
2026-01-26 16:39:31,673 - experiment_chaotic_lorenz_full_chaotic_run_0 - DEBUG - [STABILITY] lyap=-0.003, max_norm=5.4, min_std=0.807
2026-01-26 16:40:02,561 - experiment_chaotic_lorenz_full_chaotic_run_0 - INFO - Train Epoch 14: [3200/5268 (61.0%)]	Loss: 1.447219
2026-01-26 16:40:03,641 - experiment_chaotic_lorenz_full_chaotic_run_0 - DEBUG - [STABILITY] lyap=-0.011, max_norm=3.8, min_std=0.677
2026-01-26 16:40:27,165 - experiment_chaotic_lorenz_full_chaotic_run_0 - INFO - Epoch 14: Train Loss: 1.2801, Train Acc: 0.6252, Val Loss: 1.9188, Val Acc: 0.4965
2026-01-26 16:40:27,718 - experiment_chaotic_lorenz_full_chaotic_run_0 - INFO - Train Epoch 15: [0/5268 (0.0%)]	Loss: 1.259130
2026-01-26 16:40:40,171 - experiment_chaotic_lorenz_full_chaotic_run_0 - DEBUG - [STABILITY] lyap=-0.012, max_norm=3.7, min_std=0.662
2026-01-26 16:40:59,320 - experiment_chaotic_lorenz_full_chaotic_run_0 - INFO - Train Epoch 15: [3200/5268 (61.0%)]	Loss: 1.043644
2026-01-26 16:41:11,773 - experiment_chaotic_lorenz_full_chaotic_run_0 - DEBUG - [STABILITY] lyap=0.007, max_norm=8.6, min_std=1.143
2026-01-26 16:41:23,826 - experiment_chaotic_lorenz_full_chaotic_run_0 - INFO - Epoch 15: Train Loss: 1.2378, Train Acc: 0.6321, Val Loss: 3.2928, Val Acc: 0.2901
2026-01-26 16:41:24,380 - experiment_chaotic_lorenz_full_chaotic_run_0 - INFO - Train Epoch 16: [0/5268 (0.0%)]	Loss: 0.827119
2026-01-26 16:41:48,145 - experiment_chaotic_lorenz_full_chaotic_run_0 - DEBUG - [STABILITY] lyap=0.004, max_norm=7.5, min_std=1.015
2026-01-26 16:41:55,913 - experiment_chaotic_lorenz_full_chaotic_run_0 - INFO - Train Epoch 16: [3200/5268 (61.0%)]	Loss: 0.935574
2026-01-26 16:42:20,446 - experiment_chaotic_lorenz_full_chaotic_run_0 - INFO - Epoch 16: Train Loss: 1.1658, Train Acc: 0.6450, Val Loss: 4.6377, Val Acc: 0.1954
2026-01-26 16:42:21,002 - experiment_chaotic_lorenz_full_chaotic_run_0 - INFO - Train Epoch 17: [0/5268 (0.0%)]	Loss: 1.188643
2026-01-26 16:42:24,556 - experiment_chaotic_lorenz_full_chaotic_run_0 - DEBUG - [STABILITY] lyap=0.001, max_norm=6.5, min_std=0.902
2026-01-26 16:42:52,504 - experiment_chaotic_lorenz_full_chaotic_run_0 - INFO - Train Epoch 17: [3200/5268 (61.0%)]	Loss: 0.797162
2026-01-26 16:42:56,089 - experiment_chaotic_lorenz_full_chaotic_run_0 - DEBUG - [STABILITY] lyap=-0.002, max_norm=5.6, min_std=0.822
2026-01-26 16:43:16,953 - experiment_chaotic_lorenz_full_chaotic_run_0 - INFO - Epoch 17: Train Loss: 1.1699, Train Acc: 0.6530, Val Loss: 2.4536, Val Acc: 0.4128
2026-01-26 16:43:17,500 - experiment_chaotic_lorenz_full_chaotic_run_0 - INFO - Train Epoch 18: [0/5268 (0.0%)]	Loss: 0.848550
2026-01-26 16:43:32,449 - experiment_chaotic_lorenz_full_chaotic_run_0 - DEBUG - [STABILITY] lyap=-0.002, max_norm=5.6, min_std=0.824
2026-01-26 16:43:49,033 - experiment_chaotic_lorenz_full_chaotic_run_0 - INFO - Train Epoch 18: [3200/5268 (61.0%)]	Loss: 1.507912
2026-01-26 16:44:03,811 - experiment_chaotic_lorenz_full_chaotic_run_0 - DEBUG - [STABILITY] lyap=-0.010, max_norm=4.0, min_std=0.693
2026-01-26 16:44:13,267 - experiment_chaotic_lorenz_full_chaotic_run_0 - INFO - Epoch 18: Train Loss: 1.0967, Train Acc: 0.6717, Val Loss: 1.0666, Val Acc: 0.6839
2026-01-26 16:44:13,351 - experiment_chaotic_lorenz_full_chaotic_run_0 - INFO - Saved new best model at epoch 18
2026-01-26 16:44:14,015 - experiment_chaotic_lorenz_full_chaotic_run_0 - INFO - Train Epoch 19: [0/5268 (0.0%)]	Loss: 1.052590
2026-01-26 16:44:40,247 - experiment_chaotic_lorenz_full_chaotic_run_0 - DEBUG - [STABILITY] lyap=-0.004, max_norm=5.3, min_std=0.800
2026-01-26 16:44:45,524 - experiment_chaotic_lorenz_full_chaotic_run_0 - INFO - Train Epoch 19: [3200/5268 (61.0%)]	Loss: 1.016662
2026-01-26 16:45:09,876 - experiment_chaotic_lorenz_full_chaotic_run_0 - INFO - Epoch 19: Train Loss: 1.0562, Train Acc: 0.6824, Val Loss: 2.0729, Val Acc: 0.4566
2026-01-26 16:45:10,429 - experiment_chaotic_lorenz_full_chaotic_run_0 - INFO - Train Epoch 20: [0/5268 (0.0%)]	Loss: 0.820033
2026-01-26 16:45:16,556 - experiment_chaotic_lorenz_full_chaotic_run_0 - DEBUG - [STABILITY] lyap=0.001, max_norm=6.5, min_std=0.898
2026-01-26 16:45:41,966 - experiment_chaotic_lorenz_full_chaotic_run_0 - INFO - Train Epoch 20: [3200/5268 (61.0%)]	Loss: 1.161239
2026-01-26 16:45:48,134 - experiment_chaotic_lorenz_full_chaotic_run_0 - DEBUG - [STABILITY] lyap=-0.007, max_norm=4.6, min_std=0.741
2026-01-26 16:46:06,415 - experiment_chaotic_lorenz_full_chaotic_run_0 - INFO - Epoch 20: Train Loss: 1.0243, Train Acc: 0.6936, Val Loss: 9.3825, Val Acc: 0.0299
2026-01-26 16:46:07,077 - experiment_chaotic_lorenz_full_chaotic_run_0 - INFO - Train Epoch 21: [0/5268 (0.0%)]	Loss: 0.871406
2026-01-26 16:46:24,569 - experiment_chaotic_lorenz_full_chaotic_run_0 - DEBUG - [STABILITY] lyap=0.013, max_norm=11.6, min_std=1.579
2026-01-26 16:46:38,577 - experiment_chaotic_lorenz_full_chaotic_run_0 - INFO - Train Epoch 21: [3200/5268 (61.0%)]	Loss: 0.934941
2026-01-26 16:46:55,950 - experiment_chaotic_lorenz_full_chaotic_run_0 - DEBUG - [STABILITY] lyap=0.006, max_norm=8.2, min_std=1.092
2026-01-26 16:47:02,912 - experiment_chaotic_lorenz_full_chaotic_run_0 - INFO - Epoch 21: Train Loss: 0.9839, Train Acc: 0.7052, Val Loss: 1.2412, Val Acc: 0.6461
2026-01-26 16:47:03,467 - experiment_chaotic_lorenz_full_chaotic_run_0 - INFO - Train Epoch 22: [0/5268 (0.0%)]	Loss: 1.111405
2026-01-26 16:47:32,176 - experiment_chaotic_lorenz_full_chaotic_run_0 - DEBUG - [STABILITY] lyap=0.001, max_norm=6.4, min_std=0.892
2026-01-26 16:47:34,904 - experiment_chaotic_lorenz_full_chaotic_run_0 - INFO - Train Epoch 22: [3200/5268 (61.0%)]	Loss: 0.927021
2026-01-26 16:47:59,319 - experiment_chaotic_lorenz_full_chaotic_run_0 - INFO - Epoch 22: Train Loss: 0.9552, Train Acc: 0.7140, Val Loss: 1.4577, Val Acc: 0.6181
2026-01-26 16:47:59,874 - experiment_chaotic_lorenz_full_chaotic_run_0 - INFO - Train Epoch 23: [0/5268 (0.0%)]	Loss: 0.999714
2026-01-26 16:48:08,428 - experiment_chaotic_lorenz_full_chaotic_run_0 - DEBUG - [STABILITY] lyap=0.005, max_norm=8.0, min_std=1.059
2026-01-26 16:48:31,294 - experiment_chaotic_lorenz_full_chaotic_run_0 - INFO - Train Epoch 23: [3200/5268 (61.0%)]	Loss: 0.698830
2026-01-26 16:48:39,934 - experiment_chaotic_lorenz_full_chaotic_run_0 - DEBUG - [STABILITY] lyap=0.004, max_norm=7.6, min_std=1.001
2026-01-26 16:48:55,697 - experiment_chaotic_lorenz_full_chaotic_run_0 - INFO - Epoch 23: Train Loss: 0.9156, Train Acc: 0.7252, Val Loss: 6.0204, Val Acc: 0.1107
2026-01-26 16:48:56,245 - experiment_chaotic_lorenz_full_chaotic_run_0 - INFO - Train Epoch 24: [0/5268 (0.0%)]	Loss: 0.824000
2026-01-26 16:49:16,424 - experiment_chaotic_lorenz_full_chaotic_run_0 - DEBUG - [STABILITY] lyap=0.009, max_norm=9.7, min_std=1.253
2026-01-26 16:49:27,966 - experiment_chaotic_lorenz_full_chaotic_run_0 - INFO - Train Epoch 24: [3200/5268 (61.0%)]	Loss: 0.860599
2026-01-26 16:49:52,455 - experiment_chaotic_lorenz_full_chaotic_run_0 - INFO - Epoch 24: Train Loss: 0.8936, Train Acc: 0.7264, Val Loss: 1.7145, Val Acc: 0.5444
2026-01-26 16:49:52,819 - experiment_chaotic_lorenz_full_chaotic_run_0 - DEBUG - [STABILITY] lyap=0.004, max_norm=7.5, min_std=0.996
2026-01-26 16:49:53,009 - experiment_chaotic_lorenz_full_chaotic_run_0 - INFO - Train Epoch 25: [0/5268 (0.0%)]	Loss: 0.790267
2026-01-26 16:50:24,208 - experiment_chaotic_lorenz_full_chaotic_run_0 - DEBUG - [STABILITY] lyap=-0.001, max_norm=6.0, min_std=0.847
2026-01-26 16:50:24,401 - experiment_chaotic_lorenz_full_chaotic_run_0 - INFO - Train Epoch 25: [3200/5268 (61.0%)]	Loss: 1.291209
2026-01-26 16:50:49,052 - experiment_chaotic_lorenz_full_chaotic_run_0 - INFO - Epoch 25: Train Loss: 0.8465, Train Acc: 0.7441, Val Loss: 2.4432, Val Acc: 0.4297
2026-01-26 16:50:49,600 - experiment_chaotic_lorenz_full_chaotic_run_0 - INFO - Train Epoch 26: [0/5268 (0.0%)]	Loss: 1.269061
2026-01-26 16:51:00,588 - experiment_chaotic_lorenz_full_chaotic_run_0 - DEBUG - [STABILITY] lyap=0.000, max_norm=6.4, min_std=0.891
2026-01-26 16:51:20,913 - experiment_chaotic_lorenz_full_chaotic_run_0 - INFO - Train Epoch 26: [3200/5268 (61.0%)]	Loss: 0.803905
2026-01-26 16:51:31,980 - experiment_chaotic_lorenz_full_chaotic_run_0 - DEBUG - [STABILITY] lyap=0.001, max_norm=6.7, min_std=0.923
2026-01-26 16:51:45,099 - experiment_chaotic_lorenz_full_chaotic_run_0 - INFO - Epoch 26: Train Loss: 0.8463, Train Acc: 0.7429, Val Loss: 1.8673, Val Acc: 0.5105
2026-01-26 16:51:45,651 - experiment_chaotic_lorenz_full_chaotic_run_0 - INFO - Train Epoch 27: [0/5268 (0.0%)]	Loss: 0.855918
2026-01-26 16:52:07,983 - experiment_chaotic_lorenz_full_chaotic_run_0 - DEBUG - [STABILITY] lyap=-0.003, max_norm=5.5, min_std=0.813
2026-01-26 16:52:17,002 - experiment_chaotic_lorenz_full_chaotic_run_0 - INFO - Train Epoch 27: [3200/5268 (61.0%)]	Loss: 0.914241
2026-01-26 16:52:41,450 - experiment_chaotic_lorenz_full_chaotic_run_0 - INFO - Epoch 27: Train Loss: 0.8127, Train Acc: 0.7519, Val Loss: 1.0011, Val Acc: 0.7019
2026-01-26 16:52:41,533 - experiment_chaotic_lorenz_full_chaotic_run_0 - INFO - Saved new best model at epoch 27
2026-01-26 16:52:42,315 - experiment_chaotic_lorenz_full_chaotic_run_0 - INFO - Train Epoch 28: [0/5268 (0.0%)]	Loss: 1.150204
2026-01-26 16:52:44,605 - experiment_chaotic_lorenz_full_chaotic_run_0 - DEBUG - [STABILITY] lyap=0.005, max_norm=8.0, min_std=1.078
2026-01-26 16:53:13,729 - experiment_chaotic_lorenz_full_chaotic_run_0 - INFO - Train Epoch 28: [3200/5268 (61.0%)]	Loss: 0.688048
2026-01-26 16:53:16,062 - experiment_chaotic_lorenz_full_chaotic_run_0 - DEBUG - [STABILITY] lyap=0.001, max_norm=6.6, min_std=0.907
2026-01-26 16:53:38,446 - experiment_chaotic_lorenz_full_chaotic_run_0 - INFO - Epoch 28: Train Loss: 0.7726, Train Acc: 0.7658, Val Loss: 1.6072, Val Acc: 0.5633
2026-01-26 16:53:39,002 - experiment_chaotic_lorenz_full_chaotic_run_0 - INFO - Train Epoch 29: [0/5268 (0.0%)]	Loss: 0.813264
2026-01-26 16:53:52,740 - experiment_chaotic_lorenz_full_chaotic_run_0 - DEBUG - [STABILITY] lyap=0.009, max_norm=9.5, min_std=1.241
2026-01-26 16:54:10,853 - experiment_chaotic_lorenz_full_chaotic_run_0 - INFO - Train Epoch 29: [3200/5268 (61.0%)]	Loss: 0.836046
2026-01-26 16:54:24,557 - experiment_chaotic_lorenz_full_chaotic_run_0 - DEBUG - [STABILITY] lyap=0.008, max_norm=8.9, min_std=1.145
2026-01-26 16:54:35,340 - experiment_chaotic_lorenz_full_chaotic_run_0 - INFO - Epoch 29: Train Loss: 0.7640, Train Acc: 0.7675, Val Loss: 6.5842, Val Acc: 0.0977
2026-01-26 16:54:35,889 - experiment_chaotic_lorenz_full_chaotic_run_0 - INFO - Train Epoch 30: [0/5268 (0.0%)]	Loss: 0.618506
2026-01-26 16:55:00,975 - experiment_chaotic_lorenz_full_chaotic_run_0 - DEBUG - [STABILITY] lyap=0.009, max_norm=9.8, min_std=1.302
2026-01-26 16:55:07,495 - experiment_chaotic_lorenz_full_chaotic_run_0 - INFO - Train Epoch 30: [3200/5268 (61.0%)]	Loss: 0.996621
2026-01-26 16:55:31,957 - experiment_chaotic_lorenz_full_chaotic_run_0 - INFO - Epoch 30: Train Loss: 0.7303, Train Acc: 0.7729, Val Loss: 3.2038, Val Acc: 0.3151
2026-01-26 16:55:32,585 - experiment_chaotic_lorenz_full_chaotic_run_0 - INFO - Train Epoch 31: [0/5268 (0.0%)]	Loss: 1.418941
2026-01-26 16:55:37,459 - experiment_chaotic_lorenz_full_chaotic_run_0 - DEBUG - [STABILITY] lyap=0.009, max_norm=9.7, min_std=1.259
2026-01-26 16:56:04,169 - experiment_chaotic_lorenz_full_chaotic_run_0 - INFO - Train Epoch 31: [3200/5268 (61.0%)]	Loss: 0.643945
2026-01-26 16:56:09,026 - experiment_chaotic_lorenz_full_chaotic_run_0 - DEBUG - [STABILITY] lyap=0.007, max_norm=8.7, min_std=1.138
2026-01-26 16:56:28,579 - experiment_chaotic_lorenz_full_chaotic_run_0 - INFO - Epoch 31: Train Loss: 0.6909, Train Acc: 0.7883, Val Loss: 7.3260, Val Acc: 0.0748
2026-01-26 16:56:29,138 - experiment_chaotic_lorenz_full_chaotic_run_0 - INFO - Train Epoch 32: [0/5268 (0.0%)]	Loss: 0.617653
2026-01-26 16:56:45,375 - experiment_chaotic_lorenz_full_chaotic_run_0 - DEBUG - [STABILITY] lyap=0.011, max_norm=10.4, min_std=1.378
2026-01-26 16:57:00,884 - experiment_chaotic_lorenz_full_chaotic_run_0 - INFO - Train Epoch 32: [3200/5268 (61.0%)]	Loss: 0.583473
2026-01-26 16:57:17,125 - experiment_chaotic_lorenz_full_chaotic_run_0 - DEBUG - [STABILITY] lyap=0.011, max_norm=10.3, min_std=1.375
2026-01-26 16:57:25,346 - experiment_chaotic_lorenz_full_chaotic_run_0 - INFO - Epoch 32: Train Loss: 0.6805, Train Acc: 0.7912, Val Loss: 2.7980, Val Acc: 0.3898
2026-01-26 16:57:25,895 - experiment_chaotic_lorenz_full_chaotic_run_0 - INFO - Train Epoch 33: [0/5268 (0.0%)]	Loss: 0.640515
2026-01-26 16:57:53,448 - experiment_chaotic_lorenz_full_chaotic_run_0 - DEBUG - [STABILITY] lyap=0.016, max_norm=13.1, min_std=1.811
2026-01-26 16:57:57,413 - experiment_chaotic_lorenz_full_chaotic_run_0 - INFO - Train Epoch 33: [3200/5268 (61.0%)]	Loss: 0.413388
2026-01-26 16:58:21,891 - experiment_chaotic_lorenz_full_chaotic_run_0 - INFO - Epoch 33: Train Loss: 0.6541, Train Acc: 0.7974, Val Loss: 1.6617, Val Acc: 0.5643
2026-01-26 16:58:22,440 - experiment_chaotic_lorenz_full_chaotic_run_0 - INFO - Train Epoch 34: [0/5268 (0.0%)]	Loss: 0.643404
2026-01-26 16:58:29,727 - experiment_chaotic_lorenz_full_chaotic_run_0 - DEBUG - [STABILITY] lyap=0.013, max_norm=11.6, min_std=1.574
2026-01-26 16:58:53,940 - experiment_chaotic_lorenz_full_chaotic_run_0 - INFO - Train Epoch 34: [3200/5268 (61.0%)]	Loss: 0.703651
2026-01-26 16:59:01,351 - experiment_chaotic_lorenz_full_chaotic_run_0 - DEBUG - [STABILITY] lyap=0.011, max_norm=10.3, min_std=1.370
2026-01-26 16:59:18,447 - experiment_chaotic_lorenz_full_chaotic_run_0 - INFO - Epoch 34: Train Loss: 0.6621, Train Acc: 0.7950, Val Loss: 2.7364, Val Acc: 0.4158
2026-01-26 16:59:19,001 - experiment_chaotic_lorenz_full_chaotic_run_0 - INFO - Train Epoch 35: [0/5268 (0.0%)]	Loss: 1.000665
2026-01-26 16:59:37,715 - experiment_chaotic_lorenz_full_chaotic_run_0 - DEBUG - [STABILITY] lyap=0.012, max_norm=11.0, min_std=1.479
2026-01-26 16:59:50,545 - experiment_chaotic_lorenz_full_chaotic_run_0 - INFO - Train Epoch 35: [3200/5268 (61.0%)]	Loss: 0.703509
2026-01-26 17:00:09,377 - experiment_chaotic_lorenz_full_chaotic_run_0 - DEBUG - [STABILITY] lyap=0.013, max_norm=11.6, min_std=1.566
2026-01-26 17:00:15,120 - experiment_chaotic_lorenz_full_chaotic_run_0 - INFO - Epoch 35: Train Loss: 0.6578, Train Acc: 0.7971, Val Loss: 1.7282, Val Acc: 0.5344
2026-01-26 17:00:15,675 - experiment_chaotic_lorenz_full_chaotic_run_0 - INFO - Train Epoch 36: [0/5268 (0.0%)]	Loss: 0.582722
2026-01-26 17:00:45,902 - experiment_chaotic_lorenz_full_chaotic_run_0 - DEBUG - [STABILITY] lyap=0.013, max_norm=11.6, min_std=1.582
2026-01-26 17:00:47,364 - experiment_chaotic_lorenz_full_chaotic_run_0 - INFO - Train Epoch 36: [3200/5268 (61.0%)]	Loss: 0.510512
2026-01-26 17:01:11,794 - experiment_chaotic_lorenz_full_chaotic_run_0 - INFO - Epoch 36: Train Loss: 0.6262, Train Acc: 0.8049, Val Loss: 3.1546, Val Acc: 0.3958
2026-01-26 17:01:12,340 - experiment_chaotic_lorenz_full_chaotic_run_0 - INFO - Train Epoch 37: [0/5268 (0.0%)]	Loss: 0.331745
2026-01-26 17:01:22,241 - experiment_chaotic_lorenz_full_chaotic_run_0 - DEBUG - [STABILITY] lyap=0.010, max_norm=10.1, min_std=1.336
2026-01-26 17:01:43,900 - experiment_chaotic_lorenz_full_chaotic_run_0 - INFO - Train Epoch 37: [3200/5268 (61.0%)]	Loss: 0.609575
2026-01-26 17:01:53,843 - experiment_chaotic_lorenz_full_chaotic_run_0 - DEBUG - [STABILITY] lyap=0.010, max_norm=10.0, min_std=1.330
2026-01-26 17:02:08,437 - experiment_chaotic_lorenz_full_chaotic_run_0 - INFO - Epoch 37: Train Loss: 0.5937, Train Acc: 0.8157, Val Loss: 3.7159, Val Acc: 0.2931
2026-01-26 17:02:08,994 - experiment_chaotic_lorenz_full_chaotic_run_0 - INFO - Train Epoch 38: [0/5268 (0.0%)]	Loss: 0.451622
2026-01-26 17:02:30,105 - experiment_chaotic_lorenz_full_chaotic_run_0 - DEBUG - [STABILITY] lyap=0.013, max_norm=11.6, min_std=1.572
2026-01-26 17:02:40,454 - experiment_chaotic_lorenz_full_chaotic_run_0 - INFO - Train Epoch 38: [3200/5268 (61.0%)]	Loss: 0.447228
2026-01-26 17:03:04,995 - experiment_chaotic_lorenz_full_chaotic_run_0 - INFO - Epoch 38: Train Loss: 0.5782, Train Acc: 0.8205, Val Loss: 3.3416, Val Acc: 0.3021
2026-01-26 17:03:05,544 - experiment_chaotic_lorenz_full_chaotic_run_0 - INFO - Train Epoch 39: [0/5268 (0.0%)]	Loss: 0.369232
2026-01-26 17:03:06,622 - experiment_chaotic_lorenz_full_chaotic_run_0 - DEBUG - [STABILITY] lyap=0.015, max_norm=12.5, min_std=1.713
2026-01-26 17:03:37,117 - experiment_chaotic_lorenz_full_chaotic_run_0 - INFO - Train Epoch 39: [3200/5268 (61.0%)]	Loss: 0.490118
2026-01-26 17:03:38,189 - experiment_chaotic_lorenz_full_chaotic_run_0 - DEBUG - [STABILITY] lyap=0.014, max_norm=12.0, min_std=1.638
2026-01-26 17:04:01,599 - experiment_chaotic_lorenz_full_chaotic_run_0 - INFO - Epoch 39: Train Loss: 0.5456, Train Acc: 0.8352, Val Loss: 1.2614, Val Acc: 0.6800
2026-01-26 17:04:02,148 - experiment_chaotic_lorenz_full_chaotic_run_0 - INFO - Train Epoch 40: [0/5268 (0.0%)]	Loss: 0.254797
2026-01-26 17:04:14,568 - experiment_chaotic_lorenz_full_chaotic_run_0 - DEBUG - [STABILITY] lyap=0.013, max_norm=11.5, min_std=1.557
2026-01-26 17:04:33,613 - experiment_chaotic_lorenz_full_chaotic_run_0 - INFO - Train Epoch 40: [3200/5268 (61.0%)]	Loss: 0.394750
2026-01-26 17:04:46,253 - experiment_chaotic_lorenz_full_chaotic_run_0 - DEBUG - [STABILITY] lyap=0.013, max_norm=11.3, min_std=1.515
2026-01-26 17:04:58,320 - experiment_chaotic_lorenz_full_chaotic_run_0 - INFO - Epoch 40: Train Loss: 0.5398, Train Acc: 0.8397, Val Loss: 1.0487, Val Acc: 0.6999
2026-01-26 17:04:58,951 - experiment_chaotic_lorenz_full_chaotic_run_0 - INFO - Train Epoch 41: [0/5268 (0.0%)]	Loss: 0.368260
2026-01-26 17:05:22,731 - experiment_chaotic_lorenz_full_chaotic_run_0 - DEBUG - [STABILITY] lyap=0.013, max_norm=11.5, min_std=1.566
2026-01-26 17:05:30,505 - experiment_chaotic_lorenz_full_chaotic_run_0 - INFO - Train Epoch 41: [3200/5268 (61.0%)]	Loss: 0.444855
2026-01-26 17:05:54,966 - experiment_chaotic_lorenz_full_chaotic_run_0 - INFO - Epoch 41: Train Loss: 0.5290, Train Acc: 0.8335, Val Loss: 5.3751, Val Acc: 0.1805
2026-01-26 17:05:55,523 - experiment_chaotic_lorenz_full_chaotic_run_0 - INFO - Train Epoch 42: [0/5268 (0.0%)]	Loss: 0.332895
2026-01-26 17:05:59,112 - experiment_chaotic_lorenz_full_chaotic_run_0 - DEBUG - [STABILITY] lyap=0.016, max_norm=13.1, min_std=1.793
2026-01-26 17:06:27,158 - experiment_chaotic_lorenz_full_chaotic_run_0 - INFO - Train Epoch 42: [3200/5268 (61.0%)]	Loss: 0.270301
2026-01-26 17:06:30,768 - experiment_chaotic_lorenz_full_chaotic_run_0 - DEBUG - [STABILITY] lyap=0.012, max_norm=10.9, min_std=1.465
2026-01-26 17:06:51,623 - experiment_chaotic_lorenz_full_chaotic_run_0 - INFO - Epoch 42: Train Loss: 0.5128, Train Acc: 0.8434, Val Loss: 1.0501, Val Acc: 0.7059
2026-01-26 17:06:51,701 - experiment_chaotic_lorenz_full_chaotic_run_0 - INFO - Saved new best model at epoch 42
2026-01-26 17:06:52,448 - experiment_chaotic_lorenz_full_chaotic_run_0 - INFO - Train Epoch 43: [0/5268 (0.0%)]	Loss: 0.472493
2026-01-26 17:07:07,209 - experiment_chaotic_lorenz_full_chaotic_run_0 - DEBUG - [STABILITY] lyap=0.013, max_norm=11.7, min_std=1.567
2026-01-26 17:07:23,793 - experiment_chaotic_lorenz_full_chaotic_run_0 - INFO - Train Epoch 43: [3200/5268 (61.0%)]	Loss: 0.283757
2026-01-26 17:07:38,805 - experiment_chaotic_lorenz_full_chaotic_run_0 - DEBUG - [STABILITY] lyap=0.013, max_norm=11.8, min_std=1.596
2026-01-26 17:07:48,368 - experiment_chaotic_lorenz_full_chaotic_run_0 - INFO - Epoch 43: Train Loss: 0.5060, Train Acc: 0.8441, Val Loss: 3.7653, Val Acc: 0.2901
2026-01-26 17:07:48,915 - experiment_chaotic_lorenz_full_chaotic_run_0 - INFO - Train Epoch 44: [0/5268 (0.0%)]	Loss: 0.581024
2026-01-26 17:08:15,161 - experiment_chaotic_lorenz_full_chaotic_run_0 - DEBUG - [STABILITY] lyap=0.015, max_norm=12.5, min_std=1.698
2026-01-26 17:08:20,399 - experiment_chaotic_lorenz_full_chaotic_run_0 - INFO - Train Epoch 44: [3200/5268 (61.0%)]	Loss: 0.577982
2026-01-26 17:08:44,787 - experiment_chaotic_lorenz_full_chaotic_run_0 - INFO - Epoch 44: Train Loss: 0.4832, Train Acc: 0.8497, Val Loss: 6.5464, Val Acc: 0.1157
2026-01-26 17:08:45,343 - experiment_chaotic_lorenz_full_chaotic_run_0 - INFO - Train Epoch 45: [0/5268 (0.0%)]	Loss: 0.737364
2026-01-26 17:08:51,559 - experiment_chaotic_lorenz_full_chaotic_run_0 - DEBUG - [STABILITY] lyap=0.016, max_norm=13.4, min_std=1.848
2026-01-26 17:09:16,912 - experiment_chaotic_lorenz_full_chaotic_run_0 - INFO - Train Epoch 45: [3200/5268 (61.0%)]	Loss: 0.407072
2026-01-26 17:09:23,005 - experiment_chaotic_lorenz_full_chaotic_run_0 - DEBUG - [STABILITY] lyap=0.016, max_norm=13.6, min_std=1.890
2026-01-26 17:09:41,321 - experiment_chaotic_lorenz_full_chaotic_run_0 - INFO - Epoch 45: Train Loss: 0.4536, Train Acc: 0.8687, Val Loss: 1.1907, Val Acc: 0.6660
2026-01-26 17:09:41,868 - experiment_chaotic_lorenz_full_chaotic_run_0 - INFO - Train Epoch 46: [0/5268 (0.0%)]	Loss: 0.364176
2026-01-26 17:09:59,329 - experiment_chaotic_lorenz_full_chaotic_run_0 - DEBUG - [STABILITY] lyap=0.013, max_norm=11.7, min_std=1.575
2026-01-26 17:10:13,421 - experiment_chaotic_lorenz_full_chaotic_run_0 - INFO - Train Epoch 46: [3200/5268 (61.0%)]	Loss: 0.312155
2026-01-26 17:10:30,952 - experiment_chaotic_lorenz_full_chaotic_run_0 - DEBUG - [STABILITY] lyap=0.012, max_norm=11.2, min_std=1.511
2026-01-26 17:10:37,934 - experiment_chaotic_lorenz_full_chaotic_run_0 - INFO - Epoch 46: Train Loss: 0.4534, Train Acc: 0.8619, Val Loss: 8.6005, Val Acc: 0.0538
2026-01-26 17:10:38,482 - experiment_chaotic_lorenz_full_chaotic_run_0 - INFO - Train Epoch 47: [0/5268 (0.0%)]	Loss: 0.500870
2026-01-26 17:11:06,982 - experiment_chaotic_lorenz_full_chaotic_run_0 - DEBUG - [STABILITY] lyap=0.014, max_norm=12.1, min_std=1.657
2026-01-26 17:11:09,664 - experiment_chaotic_lorenz_full_chaotic_run_0 - INFO - Train Epoch 47: [3200/5268 (61.0%)]	Loss: 0.224834
2026-01-26 17:11:33,818 - experiment_chaotic_lorenz_full_chaotic_run_0 - INFO - Epoch 47: Train Loss: 0.4411, Train Acc: 0.8668, Val Loss: 7.4458, Val Acc: 0.0798
2026-01-26 17:11:34,376 - experiment_chaotic_lorenz_full_chaotic_run_0 - INFO - Train Epoch 48: [0/5268 (0.0%)]	Loss: 0.388757
2026-01-26 17:11:43,007 - experiment_chaotic_lorenz_full_chaotic_run_0 - DEBUG - [STABILITY] lyap=0.015, max_norm=12.7, min_std=1.724
2026-01-26 17:12:06,042 - experiment_chaotic_lorenz_full_chaotic_run_0 - INFO - Train Epoch 48: [3200/5268 (61.0%)]	Loss: 0.438565
2026-01-26 17:12:14,668 - experiment_chaotic_lorenz_full_chaotic_run_0 - DEBUG - [STABILITY] lyap=0.015, max_norm=12.8, min_std=1.757
2026-01-26 17:12:30,437 - experiment_chaotic_lorenz_full_chaotic_run_0 - INFO - Epoch 48: Train Loss: 0.4428, Train Acc: 0.8666, Val Loss: 3.5537, Val Acc: 0.3021
2026-01-26 17:12:30,994 - experiment_chaotic_lorenz_full_chaotic_run_0 - INFO - Train Epoch 49: [0/5268 (0.0%)]	Loss: 0.496184
2026-01-26 17:12:51,089 - experiment_chaotic_lorenz_full_chaotic_run_0 - DEBUG - [STABILITY] lyap=0.016, max_norm=13.2, min_std=1.822
2026-01-26 17:13:02,665 - experiment_chaotic_lorenz_full_chaotic_run_0 - INFO - Train Epoch 49: [3200/5268 (61.0%)]	Loss: 0.581541
2026-01-26 17:13:26,905 - experiment_chaotic_lorenz_full_chaotic_run_0 - INFO - Epoch 49: Train Loss: 0.4440, Train Acc: 0.8659, Val Loss: 5.6168, Val Acc: 0.1765
2026-01-26 17:13:27,271 - experiment_chaotic_lorenz_full_chaotic_run_0 - DEBUG - [STABILITY] lyap=0.015, max_norm=12.4, min_std=1.682
2026-01-26 17:13:27,461 - experiment_chaotic_lorenz_full_chaotic_run_0 - INFO - Train Epoch 50: [0/5268 (0.0%)]	Loss: 0.345028
2026-01-26 17:13:58,648 - experiment_chaotic_lorenz_full_chaotic_run_0 - DEBUG - [STABILITY] lyap=0.016, max_norm=13.1, min_std=1.811
2026-01-26 17:13:58,842 - experiment_chaotic_lorenz_full_chaotic_run_0 - INFO - Train Epoch 50: [3200/5268 (61.0%)]	Loss: 0.401938
2026-01-26 17:14:23,190 - experiment_chaotic_lorenz_full_chaotic_run_0 - INFO - Epoch 50: Train Loss: 0.4361, Train Acc: 0.8639, Val Loss: 1.3724, Val Acc: 0.6311
2026-01-26 17:14:23,828 - experiment_chaotic_lorenz_full_chaotic_run_0 - INFO - Train Epoch 51: [0/5268 (0.0%)]	Loss: 0.249195
2026-01-26 17:14:34,848 - experiment_chaotic_lorenz_full_chaotic_run_0 - DEBUG - [STABILITY] lyap=0.017, max_norm=14.2, min_std=1.927
2026-01-26 17:14:55,234 - experiment_chaotic_lorenz_full_chaotic_run_0 - INFO - Train Epoch 51: [3200/5268 (61.0%)]	Loss: 0.733103
2026-01-26 17:15:06,401 - experiment_chaotic_lorenz_full_chaotic_run_0 - DEBUG - [STABILITY] lyap=0.016, max_norm=13.5, min_std=1.864
2026-01-26 17:15:19,946 - experiment_chaotic_lorenz_full_chaotic_run_0 - INFO - Epoch 51: Train Loss: 0.4041, Train Acc: 0.8828, Val Loss: 6.3836, Val Acc: 0.1256
2026-01-26 17:15:20,491 - experiment_chaotic_lorenz_full_chaotic_run_0 - INFO - Train Epoch 52: [0/5268 (0.0%)]	Loss: 0.458890
2026-01-26 17:15:43,086 - experiment_chaotic_lorenz_full_chaotic_run_0 - DEBUG - [STABILITY] lyap=0.017, max_norm=13.8, min_std=1.920
2026-01-26 17:15:52,137 - experiment_chaotic_lorenz_full_chaotic_run_0 - INFO - Train Epoch 52: [3200/5268 (61.0%)]	Loss: 0.271319
2026-01-26 17:16:16,620 - experiment_chaotic_lorenz_full_chaotic_run_0 - INFO - Epoch 52: Train Loss: 0.3794, Train Acc: 0.8891, Val Loss: 1.3414, Val Acc: 0.6530
2026-01-26 17:16:17,173 - experiment_chaotic_lorenz_full_chaotic_run_0 - INFO - Train Epoch 53: [0/5268 (0.0%)]	Loss: 0.580996
2026-01-26 17:16:19,501 - experiment_chaotic_lorenz_full_chaotic_run_0 - DEBUG - [STABILITY] lyap=0.016, max_norm=13.4, min_std=1.865
2026-01-26 17:16:48,892 - experiment_chaotic_lorenz_full_chaotic_run_0 - INFO - Train Epoch 53: [3200/5268 (61.0%)]	Loss: 0.363023
2026-01-26 17:16:51,225 - experiment_chaotic_lorenz_full_chaotic_run_0 - DEBUG - [STABILITY] lyap=0.015, max_norm=12.8, min_std=1.735
2026-01-26 17:17:13,398 - experiment_chaotic_lorenz_full_chaotic_run_0 - INFO - Epoch 53: Train Loss: 0.3868, Train Acc: 0.8853, Val Loss: 1.1403, Val Acc: 0.6969
2026-01-26 17:17:13,952 - experiment_chaotic_lorenz_full_chaotic_run_0 - INFO - Train Epoch 54: [0/5268 (0.0%)]	Loss: 0.183020
2026-01-26 17:17:27,641 - experiment_chaotic_lorenz_full_chaotic_run_0 - DEBUG - [STABILITY] lyap=0.015, max_norm=12.9, min_std=1.761
2026-01-26 17:17:45,510 - experiment_chaotic_lorenz_full_chaotic_run_0 - INFO - Train Epoch 54: [3200/5268 (61.0%)]	Loss: 0.530481
2026-01-26 17:17:59,169 - experiment_chaotic_lorenz_full_chaotic_run_0 - DEBUG - [STABILITY] lyap=0.016, max_norm=13.2, min_std=1.825
2026-01-26 17:18:09,917 - experiment_chaotic_lorenz_full_chaotic_run_0 - INFO - Epoch 54: Train Loss: 0.3925, Train Acc: 0.8801, Val Loss: 1.2335, Val Acc: 0.6810
2026-01-26 17:18:10,473 - experiment_chaotic_lorenz_full_chaotic_run_0 - INFO - Train Epoch 55: [0/5268 (0.0%)]	Loss: 0.391379
2026-01-26 17:18:35,491 - experiment_chaotic_lorenz_full_chaotic_run_0 - DEBUG - [STABILITY] lyap=0.018, max_norm=14.8, min_std=2.022
2026-01-26 17:18:41,987 - experiment_chaotic_lorenz_full_chaotic_run_0 - INFO - Train Epoch 55: [3200/5268 (61.0%)]	Loss: 0.361178
2026-01-26 17:19:06,470 - experiment_chaotic_lorenz_full_chaotic_run_0 - INFO - Epoch 55: Train Loss: 0.3625, Train Acc: 0.8954, Val Loss: 0.8975, Val Acc: 0.7448
2026-01-26 17:19:06,551 - experiment_chaotic_lorenz_full_chaotic_run_0 - INFO - Saved new best model at epoch 55
2026-01-26 17:19:07,156 - experiment_chaotic_lorenz_full_chaotic_run_0 - INFO - Train Epoch 56: [0/5268 (0.0%)]	Loss: 0.314761
2026-01-26 17:19:11,936 - experiment_chaotic_lorenz_full_chaotic_run_0 - DEBUG - [STABILITY] lyap=0.017, max_norm=14.2, min_std=1.982
2026-01-26 17:19:38,769 - experiment_chaotic_lorenz_full_chaotic_run_0 - INFO - Train Epoch 56: [3200/5268 (61.0%)]	Loss: 0.249321
2026-01-26 17:19:43,618 - experiment_chaotic_lorenz_full_chaotic_run_0 - DEBUG - [STABILITY] lyap=0.016, max_norm=13.2, min_std=1.819
2026-01-26 17:20:03,462 - experiment_chaotic_lorenz_full_chaotic_run_0 - INFO - Epoch 56: Train Loss: 0.3504, Train Acc: 0.8965, Val Loss: 1.7368, Val Acc: 0.5733
2026-01-26 17:20:04,021 - experiment_chaotic_lorenz_full_chaotic_run_0 - INFO - Train Epoch 57: [0/5268 (0.0%)]	Loss: 0.159798
2026-01-26 17:20:20,033 - experiment_chaotic_lorenz_full_chaotic_run_0 - DEBUG - [STABILITY] lyap=0.016, max_norm=13.6, min_std=1.888
2026-01-26 17:20:35,367 - experiment_chaotic_lorenz_full_chaotic_run_0 - INFO - Train Epoch 57: [3200/5268 (61.0%)]	Loss: 0.215814
2026-01-26 17:20:51,562 - experiment_chaotic_lorenz_full_chaotic_run_0 - DEBUG - [STABILITY] lyap=0.016, max_norm=13.5, min_std=1.884
2026-01-26 17:21:00,079 - experiment_chaotic_lorenz_full_chaotic_run_0 - INFO - Epoch 57: Train Loss: 0.3559, Train Acc: 0.8981, Val Loss: 8.3344, Val Acc: 0.0678
2026-01-26 17:21:00,629 - experiment_chaotic_lorenz_full_chaotic_run_0 - INFO - Train Epoch 58: [0/5268 (0.0%)]	Loss: 0.238199
2026-01-26 17:21:28,183 - experiment_chaotic_lorenz_full_chaotic_run_0 - DEBUG - [STABILITY] lyap=0.018, max_norm=14.3, min_std=2.016
2026-01-26 17:21:32,142 - experiment_chaotic_lorenz_full_chaotic_run_0 - INFO - Train Epoch 58: [3200/5268 (61.0%)]	Loss: 0.331111
2026-01-26 17:21:56,579 - experiment_chaotic_lorenz_full_chaotic_run_0 - INFO - Epoch 58: Train Loss: 0.3552, Train Acc: 0.8941, Val Loss: 1.5250, Val Acc: 0.6231
2026-01-26 17:21:57,132 - experiment_chaotic_lorenz_full_chaotic_run_0 - INFO - Train Epoch 59: [0/5268 (0.0%)]	Loss: 0.237560
2026-01-26 17:22:04,399 - experiment_chaotic_lorenz_full_chaotic_run_0 - DEBUG - [STABILITY] lyap=0.019, max_norm=15.3, min_std=2.157
2026-01-26 17:22:28,460 - experiment_chaotic_lorenz_full_chaotic_run_0 - INFO - Train Epoch 59: [3200/5268 (61.0%)]	Loss: 0.318225
2026-01-26 17:22:35,817 - experiment_chaotic_lorenz_full_chaotic_run_0 - DEBUG - [STABILITY] lyap=0.019, max_norm=15.1, min_std=2.139
2026-01-26 17:22:52,838 - experiment_chaotic_lorenz_full_chaotic_run_0 - INFO - Epoch 59: Train Loss: 0.3355, Train Acc: 0.9047, Val Loss: 3.1269, Val Acc: 0.3878
2026-01-26 17:22:53,401 - experiment_chaotic_lorenz_full_chaotic_run_0 - INFO - Train Epoch 60: [0/5268 (0.0%)]	Loss: 0.470515
2026-01-26 17:23:12,118 - experiment_chaotic_lorenz_full_chaotic_run_0 - DEBUG - [STABILITY] lyap=0.018, max_norm=14.9, min_std=2.120
2026-01-26 17:23:24,914 - experiment_chaotic_lorenz_full_chaotic_run_0 - INFO - Train Epoch 60: [3200/5268 (61.0%)]	Loss: 0.318425
2026-01-26 17:23:43,810 - experiment_chaotic_lorenz_full_chaotic_run_0 - DEBUG - [STABILITY] lyap=0.019, max_norm=15.4, min_std=2.198
2026-01-26 17:23:49,546 - experiment_chaotic_lorenz_full_chaotic_run_0 - INFO - Epoch 60: Train Loss: 0.3219, Train Acc: 0.9078, Val Loss: 1.5715, Val Acc: 0.6062
2026-01-26 17:23:50,213 - experiment_chaotic_lorenz_full_chaotic_run_0 - INFO - Train Epoch 61: [0/5268 (0.0%)]	Loss: 0.392736
2026-01-26 17:24:20,391 - experiment_chaotic_lorenz_full_chaotic_run_0 - DEBUG - [STABILITY] lyap=0.019, max_norm=15.2, min_std=2.127
2026-01-26 17:24:21,842 - experiment_chaotic_lorenz_full_chaotic_run_0 - INFO - Train Epoch 61: [3200/5268 (61.0%)]	Loss: 0.261921
2026-01-26 17:24:46,372 - experiment_chaotic_lorenz_full_chaotic_run_0 - INFO - Epoch 61: Train Loss: 0.3189, Train Acc: 0.9103, Val Loss: 1.2384, Val Acc: 0.6720
2026-01-26 17:24:46,927 - experiment_chaotic_lorenz_full_chaotic_run_0 - INFO - Train Epoch 62: [0/5268 (0.0%)]	Loss: 0.281045
2026-01-26 17:24:56,731 - experiment_chaotic_lorenz_full_chaotic_run_0 - DEBUG - [STABILITY] lyap=0.019, max_norm=15.7, min_std=2.252
2026-01-26 17:25:18,349 - experiment_chaotic_lorenz_full_chaotic_run_0 - INFO - Train Epoch 62: [3200/5268 (61.0%)]	Loss: 0.246029
2026-01-26 17:25:28,298 - experiment_chaotic_lorenz_full_chaotic_run_0 - DEBUG - [STABILITY] lyap=0.019, max_norm=15.7, min_std=2.270
2026-01-26 17:25:42,875 - experiment_chaotic_lorenz_full_chaotic_run_0 - INFO - Epoch 62: Train Loss: 0.3152, Train Acc: 0.9070, Val Loss: 0.9938, Val Acc: 0.7178
2026-01-26 17:25:43,424 - experiment_chaotic_lorenz_full_chaotic_run_0 - INFO - Train Epoch 63: [0/5268 (0.0%)]	Loss: 0.202676
2026-01-26 17:26:04,882 - experiment_chaotic_lorenz_full_chaotic_run_0 - DEBUG - [STABILITY] lyap=0.019, max_norm=15.0, min_std=2.162
2026-01-26 17:26:15,189 - experiment_chaotic_lorenz_full_chaotic_run_0 - INFO - Train Epoch 63: [3200/5268 (61.0%)]	Loss: 0.415919
2026-01-26 17:26:39,909 - experiment_chaotic_lorenz_full_chaotic_run_0 - INFO - Epoch 63: Train Loss: 0.3163, Train Acc: 0.9051, Val Loss: 0.6049, Val Acc: 0.8395
2026-01-26 17:26:39,994 - experiment_chaotic_lorenz_full_chaotic_run_0 - INFO - Saved new best model at epoch 63
2026-01-26 17:26:40,623 - experiment_chaotic_lorenz_full_chaotic_run_0 - INFO - Train Epoch 64: [0/5268 (0.0%)]	Loss: 0.385865
2026-01-26 17:26:41,696 - experiment_chaotic_lorenz_full_chaotic_run_0 - DEBUG - [STABILITY] lyap=0.019, max_norm=15.5, min_std=2.234
2026-01-26 17:27:12,235 - experiment_chaotic_lorenz_full_chaotic_run_0 - INFO - Train Epoch 64: [3200/5268 (61.0%)]	Loss: 0.260461
2026-01-26 17:27:13,304 - experiment_chaotic_lorenz_full_chaotic_run_0 - DEBUG - [STABILITY] lyap=0.019, max_norm=15.3, min_std=2.200
2026-01-26 17:27:36,951 - experiment_chaotic_lorenz_full_chaotic_run_0 - INFO - Epoch 64: Train Loss: 0.3062, Train Acc: 0.9133, Val Loss: 1.5518, Val Acc: 0.6002
2026-01-26 17:27:37,504 - experiment_chaotic_lorenz_full_chaotic_run_0 - INFO - Train Epoch 65: [0/5268 (0.0%)]	Loss: 0.375586
2026-01-26 17:27:49,861 - experiment_chaotic_lorenz_full_chaotic_run_0 - DEBUG - [STABILITY] lyap=0.019, max_norm=15.4, min_std=2.216
2026-01-26 17:28:09,028 - experiment_chaotic_lorenz_full_chaotic_run_0 - INFO - Train Epoch 65: [3200/5268 (61.0%)]	Loss: 0.174919
2026-01-26 17:28:21,467 - experiment_chaotic_lorenz_full_chaotic_run_0 - DEBUG - [STABILITY] lyap=0.020, max_norm=15.8, min_std=2.284
2026-01-26 17:28:33,544 - experiment_chaotic_lorenz_full_chaotic_run_0 - INFO - Epoch 65: Train Loss: 0.2952, Train Acc: 0.9160, Val Loss: 2.1273, Val Acc: 0.5234
2026-01-26 17:28:34,097 - experiment_chaotic_lorenz_full_chaotic_run_0 - INFO - Train Epoch 66: [0/5268 (0.0%)]	Loss: 0.194037
2026-01-26 17:28:57,928 - experiment_chaotic_lorenz_full_chaotic_run_0 - DEBUG - [STABILITY] lyap=0.020, max_norm=15.8, min_std=2.287
2026-01-26 17:29:05,755 - experiment_chaotic_lorenz_full_chaotic_run_0 - INFO - Train Epoch 66: [3200/5268 (61.0%)]	Loss: 0.172152
2026-01-26 17:29:31,061 - experiment_chaotic_lorenz_full_chaotic_run_0 - INFO - Epoch 66: Train Loss: 0.2898, Train Acc: 0.9156, Val Loss: 2.6630, Val Acc: 0.4317
2026-01-26 17:29:31,675 - experiment_chaotic_lorenz_full_chaotic_run_0 - INFO - Train Epoch 67: [0/5268 (0.0%)]	Loss: 0.508342
2026-01-26 17:29:35,233 - experiment_chaotic_lorenz_full_chaotic_run_0 - DEBUG - [STABILITY] lyap=0.019, max_norm=15.5, min_std=2.231
2026-01-26 17:30:02,972 - experiment_chaotic_lorenz_full_chaotic_run_0 - INFO - Train Epoch 67: [3200/5268 (61.0%)]	Loss: 0.219305
2026-01-26 17:30:06,754 - experiment_chaotic_lorenz_full_chaotic_run_0 - DEBUG - [STABILITY] lyap=0.020, max_norm=15.7, min_std=2.267
2026-01-26 17:30:27,793 - experiment_chaotic_lorenz_full_chaotic_run_0 - INFO - Epoch 67: Train Loss: 0.2860, Train Acc: 0.9169, Val Loss: 4.5014, Val Acc: 0.2323
2026-01-26 17:30:28,426 - experiment_chaotic_lorenz_full_chaotic_run_0 - INFO - Train Epoch 68: [0/5268 (0.0%)]	Loss: 0.214969
2026-01-26 17:30:43,174 - experiment_chaotic_lorenz_full_chaotic_run_0 - DEBUG - [STABILITY] lyap=0.020, max_norm=16.2, min_std=2.343
2026-01-26 17:30:59,751 - experiment_chaotic_lorenz_full_chaotic_run_0 - INFO - Train Epoch 68: [3200/5268 (61.0%)]	Loss: 0.192412
2026-01-26 17:31:14,689 - experiment_chaotic_lorenz_full_chaotic_run_0 - DEBUG - [STABILITY] lyap=0.019, max_norm=15.2, min_std=2.191
2026-01-26 17:31:24,174 - experiment_chaotic_lorenz_full_chaotic_run_0 - INFO - Epoch 68: Train Loss: 0.2696, Train Acc: 0.9223, Val Loss: 2.0101, Val Acc: 0.5424
2026-01-26 17:31:24,719 - experiment_chaotic_lorenz_full_chaotic_run_0 - INFO - Train Epoch 69: [0/5268 (0.0%)]	Loss: 0.439760
2026-01-26 17:31:50,955 - experiment_chaotic_lorenz_full_chaotic_run_0 - DEBUG - [STABILITY] lyap=0.020, max_norm=15.8, min_std=2.287
2026-01-26 17:31:56,191 - experiment_chaotic_lorenz_full_chaotic_run_0 - INFO - Train Epoch 69: [3200/5268 (61.0%)]	Loss: 0.262272
2026-01-26 17:32:20,532 - experiment_chaotic_lorenz_full_chaotic_run_0 - INFO - Epoch 69: Train Loss: 0.2699, Train Acc: 0.9263, Val Loss: 0.8339, Val Acc: 0.7717
2026-01-26 17:32:21,078 - experiment_chaotic_lorenz_full_chaotic_run_0 - INFO - Train Epoch 70: [0/5268 (0.0%)]	Loss: 0.192744
2026-01-26 17:32:27,148 - experiment_chaotic_lorenz_full_chaotic_run_0 - DEBUG - [STABILITY] lyap=0.020, max_norm=16.1, min_std=2.352
2026-01-26 17:32:52,750 - experiment_chaotic_lorenz_full_chaotic_run_0 - INFO - Train Epoch 70: [3200/5268 (61.0%)]	Loss: 0.220090
2026-01-26 17:32:58,888 - experiment_chaotic_lorenz_full_chaotic_run_0 - DEBUG - [STABILITY] lyap=0.020, max_norm=16.3, min_std=2.376
2026-01-26 17:33:17,237 - experiment_chaotic_lorenz_full_chaotic_run_0 - INFO - Epoch 70: Train Loss: 0.2681, Train Acc: 0.9209, Val Loss: 4.4047, Val Acc: 0.2602
2026-01-26 17:33:17,894 - experiment_chaotic_lorenz_full_chaotic_run_0 - INFO - Train Epoch 71: [0/5268 (0.0%)]	Loss: 0.214213
2026-01-26 17:33:35,445 - experiment_chaotic_lorenz_full_chaotic_run_0 - DEBUG - [STABILITY] lyap=0.020, max_norm=16.4, min_std=2.404
2026-01-26 17:33:49,601 - experiment_chaotic_lorenz_full_chaotic_run_0 - INFO - Train Epoch 71: [3200/5268 (61.0%)]	Loss: 0.265672
2026-01-26 17:34:07,018 - experiment_chaotic_lorenz_full_chaotic_run_0 - DEBUG - [STABILITY] lyap=0.020, max_norm=16.4, min_std=2.379
2026-01-26 17:34:14,475 - experiment_chaotic_lorenz_full_chaotic_run_0 - INFO - Epoch 71: Train Loss: 0.2652, Train Acc: 0.9223, Val Loss: 2.7655, Val Acc: 0.4217
2026-01-26 17:34:15,060 - experiment_chaotic_lorenz_full_chaotic_run_0 - INFO - Train Epoch 72: [0/5268 (0.0%)]	Loss: 0.268562
2026-01-26 17:34:43,826 - experiment_chaotic_lorenz_full_chaotic_run_0 - DEBUG - [STABILITY] lyap=0.022, max_norm=17.5, min_std=2.596
2026-01-26 17:34:46,539 - experiment_chaotic_lorenz_full_chaotic_run_0 - INFO - Train Epoch 72: [3200/5268 (61.0%)]	Loss: 0.295652
2026-01-26 17:35:11,028 - experiment_chaotic_lorenz_full_chaotic_run_0 - INFO - Epoch 72: Train Loss: 0.2583, Train Acc: 0.9303, Val Loss: 0.4865, Val Acc: 0.8764
2026-01-26 17:35:11,111 - experiment_chaotic_lorenz_full_chaotic_run_0 - INFO - Saved new best model at epoch 72
2026-01-26 17:35:11,721 - experiment_chaotic_lorenz_full_chaotic_run_0 - INFO - Train Epoch 73: [0/5268 (0.0%)]	Loss: 0.439483
2026-01-26 17:35:20,402 - experiment_chaotic_lorenz_full_chaotic_run_0 - DEBUG - [STABILITY] lyap=0.021, max_norm=16.8, min_std=2.455
2026-01-26 17:35:43,284 - experiment_chaotic_lorenz_full_chaotic_run_0 - INFO - Train Epoch 73: [3200/5268 (61.0%)]	Loss: 0.061993
2026-01-26 17:35:51,941 - experiment_chaotic_lorenz_full_chaotic_run_0 - DEBUG - [STABILITY] lyap=0.021, max_norm=16.8, min_std=2.456
2026-01-26 17:36:07,905 - experiment_chaotic_lorenz_full_chaotic_run_0 - INFO - Epoch 73: Train Loss: 0.2541, Train Acc: 0.9299, Val Loss: 2.2137, Val Acc: 0.5204
2026-01-26 17:36:08,458 - experiment_chaotic_lorenz_full_chaotic_run_0 - INFO - Train Epoch 74: [0/5268 (0.0%)]	Loss: 0.269950
2026-01-26 17:36:28,193 - experiment_chaotic_lorenz_full_chaotic_run_0 - DEBUG - [STABILITY] lyap=0.021, max_norm=17.0, min_std=2.506
2026-01-26 17:36:39,706 - experiment_chaotic_lorenz_full_chaotic_run_0 - INFO - Train Epoch 74: [3200/5268 (61.0%)]	Loss: 0.218764
2026-01-26 17:37:04,277 - experiment_chaotic_lorenz_full_chaotic_run_0 - INFO - Epoch 74: Train Loss: 0.2640, Train Acc: 0.9253, Val Loss: 0.3732, Val Acc: 0.8903
2026-01-26 17:37:04,357 - experiment_chaotic_lorenz_full_chaotic_run_0 - INFO - Saved new best model at epoch 74
2026-01-26 17:37:04,758 - experiment_chaotic_lorenz_full_chaotic_run_0 - DEBUG - [STABILITY] lyap=0.021, max_norm=16.7, min_std=2.460
2026-01-26 17:37:04,948 - experiment_chaotic_lorenz_full_chaotic_run_0 - INFO - Train Epoch 75: [0/5268 (0.0%)]	Loss: 0.257616
2026-01-26 17:37:36,216 - experiment_chaotic_lorenz_full_chaotic_run_0 - DEBUG - [STABILITY] lyap=0.021, max_norm=16.5, min_std=2.434
2026-01-26 17:37:36,409 - experiment_chaotic_lorenz_full_chaotic_run_0 - INFO - Train Epoch 75: [3200/5268 (61.0%)]	Loss: 0.222944
2026-01-26 17:38:01,044 - experiment_chaotic_lorenz_full_chaotic_run_0 - INFO - Epoch 75: Train Loss: 0.2421, Train Acc: 0.9343, Val Loss: 0.3519, Val Acc: 0.8923
2026-01-26 17:38:01,122 - experiment_chaotic_lorenz_full_chaotic_run_0 - INFO - Saved new best model at epoch 75
2026-01-26 17:38:01,757 - experiment_chaotic_lorenz_full_chaotic_run_0 - INFO - Train Epoch 76: [0/5268 (0.0%)]	Loss: 0.181008
2026-01-26 17:38:12,877 - experiment_chaotic_lorenz_full_chaotic_run_0 - DEBUG - [STABILITY] lyap=0.021, max_norm=17.3, min_std=2.569
2026-01-26 17:38:33,196 - experiment_chaotic_lorenz_full_chaotic_run_0 - INFO - Train Epoch 76: [3200/5268 (61.0%)]	Loss: 0.228885
2026-01-26 17:38:44,439 - experiment_chaotic_lorenz_full_chaotic_run_0 - DEBUG - [STABILITY] lyap=0.021, max_norm=16.6, min_std=2.449
2026-01-26 17:38:57,808 - experiment_chaotic_lorenz_full_chaotic_run_0 - INFO - Epoch 76: Train Loss: 0.2316, Train Acc: 0.9360, Val Loss: 1.3538, Val Acc: 0.6610
2026-01-26 17:38:58,355 - experiment_chaotic_lorenz_full_chaotic_run_0 - INFO - Train Epoch 77: [0/5268 (0.0%)]	Loss: 0.311402
2026-01-26 17:39:20,749 - experiment_chaotic_lorenz_full_chaotic_run_0 - DEBUG - [STABILITY] lyap=0.021, max_norm=16.7, min_std=2.458
2026-01-26 17:39:29,748 - experiment_chaotic_lorenz_full_chaotic_run_0 - INFO - Train Epoch 77: [3200/5268 (61.0%)]	Loss: 0.191439
2026-01-26 17:39:54,398 - experiment_chaotic_lorenz_full_chaotic_run_0 - INFO - Epoch 77: Train Loss: 0.2354, Train Acc: 0.9360, Val Loss: 0.5166, Val Acc: 0.8524
2026-01-26 17:39:54,962 - experiment_chaotic_lorenz_full_chaotic_run_0 - INFO - Train Epoch 78: [0/5268 (0.0%)]	Loss: 0.218325
2026-01-26 17:39:57,264 - experiment_chaotic_lorenz_full_chaotic_run_0 - DEBUG - [STABILITY] lyap=0.021, max_norm=16.9, min_std=2.480
2026-01-26 17:40:26,510 - experiment_chaotic_lorenz_full_chaotic_run_0 - INFO - Train Epoch 78: [3200/5268 (61.0%)]	Loss: 0.260441
2026-01-26 17:40:28,833 - experiment_chaotic_lorenz_full_chaotic_run_0 - DEBUG - [STABILITY] lyap=0.021, max_norm=16.7, min_std=2.452
2026-01-26 17:40:51,001 - experiment_chaotic_lorenz_full_chaotic_run_0 - INFO - Epoch 78: Train Loss: 0.2334, Train Acc: 0.9392, Val Loss: 0.7557, Val Acc: 0.7956
2026-01-26 17:40:51,566 - experiment_chaotic_lorenz_full_chaotic_run_0 - INFO - Train Epoch 79: [0/5268 (0.0%)]	Loss: 0.199974
2026-01-26 17:41:05,290 - experiment_chaotic_lorenz_full_chaotic_run_0 - DEBUG - [STABILITY] lyap=0.021, max_norm=16.9, min_std=2.486
2026-01-26 17:41:23,176 - experiment_chaotic_lorenz_full_chaotic_run_0 - INFO - Train Epoch 79: [3200/5268 (61.0%)]	Loss: 0.269199
2026-01-26 17:41:36,876 - experiment_chaotic_lorenz_full_chaotic_run_0 - DEBUG - [STABILITY] lyap=0.021, max_norm=16.9, min_std=2.507
2026-01-26 17:41:47,626 - experiment_chaotic_lorenz_full_chaotic_run_0 - INFO - Epoch 79: Train Loss: 0.2234, Train Acc: 0.9394, Val Loss: 1.5821, Val Acc: 0.6231
2026-01-26 17:41:48,180 - experiment_chaotic_lorenz_full_chaotic_run_0 - INFO - Train Epoch 80: [0/5268 (0.0%)]	Loss: 0.134007
2026-01-26 17:42:13,285 - experiment_chaotic_lorenz_full_chaotic_run_0 - DEBUG - [STABILITY] lyap=0.021, max_norm=17.1, min_std=2.533
2026-01-26 17:42:19,785 - experiment_chaotic_lorenz_full_chaotic_run_0 - INFO - Train Epoch 80: [3200/5268 (61.0%)]	Loss: 0.149818
2026-01-26 17:42:44,552 - experiment_chaotic_lorenz_full_chaotic_run_0 - INFO - Epoch 80: Train Loss: 0.2229, Train Acc: 0.9407, Val Loss: 0.4543, Val Acc: 0.8714
2026-01-26 17:42:45,230 - experiment_chaotic_lorenz_full_chaotic_run_0 - INFO - Train Epoch 81: [0/5268 (0.0%)]	Loss: 0.226260
2026-01-26 17:42:50,030 - experiment_chaotic_lorenz_full_chaotic_run_0 - DEBUG - [STABILITY] lyap=0.021, max_norm=17.2, min_std=2.555
2026-01-26 17:43:16,621 - experiment_chaotic_lorenz_full_chaotic_run_0 - INFO - Train Epoch 81: [3200/5268 (61.0%)]	Loss: 0.182887
2026-01-26 17:43:21,488 - experiment_chaotic_lorenz_full_chaotic_run_0 - DEBUG - [STABILITY] lyap=0.022, max_norm=17.7, min_std=2.647
2026-01-26 17:43:41,072 - experiment_chaotic_lorenz_full_chaotic_run_0 - INFO - Epoch 81: Train Loss: 0.2130, Train Acc: 0.9421, Val Loss: 2.1056, Val Acc: 0.5155
2026-01-26 17:43:41,640 - experiment_chaotic_lorenz_full_chaotic_run_0 - INFO - Train Epoch 82: [0/5268 (0.0%)]	Loss: 0.243346
2026-01-26 17:43:57,698 - experiment_chaotic_lorenz_full_chaotic_run_0 - DEBUG - [STABILITY] lyap=0.022, max_norm=17.6, min_std=2.624
2026-01-26 17:44:13,061 - experiment_chaotic_lorenz_full_chaotic_run_0 - INFO - Train Epoch 82: [3200/5268 (61.0%)]	Loss: 0.198478
2026-01-26 17:44:29,292 - experiment_chaotic_lorenz_full_chaotic_run_0 - DEBUG - [STABILITY] lyap=0.022, max_norm=18.0, min_std=2.667
2026-01-26 17:44:37,539 - experiment_chaotic_lorenz_full_chaotic_run_0 - INFO - Epoch 82: Train Loss: 0.2268, Train Acc: 0.9419, Val Loss: 0.6369, Val Acc: 0.8285
2026-01-26 17:44:38,104 - experiment_chaotic_lorenz_full_chaotic_run_0 - INFO - Train Epoch 83: [0/5268 (0.0%)]	Loss: 0.237056
2026-01-26 17:45:05,587 - experiment_chaotic_lorenz_full_chaotic_run_0 - DEBUG - [STABILITY] lyap=0.022, max_norm=17.8, min_std=2.650
2026-01-26 17:45:09,570 - experiment_chaotic_lorenz_full_chaotic_run_0 - INFO - Train Epoch 83: [3200/5268 (61.0%)]	Loss: 0.209990
2026-01-26 17:45:34,075 - experiment_chaotic_lorenz_full_chaotic_run_0 - INFO - Epoch 83: Train Loss: 0.2173, Train Acc: 0.9413, Val Loss: 0.7468, Val Acc: 0.7976
2026-01-26 17:45:34,633 - experiment_chaotic_lorenz_full_chaotic_run_0 - INFO - Train Epoch 84: [0/5268 (0.0%)]	Loss: 0.309002
2026-01-26 17:45:41,978 - experiment_chaotic_lorenz_full_chaotic_run_0 - DEBUG - [STABILITY] lyap=0.022, max_norm=17.8, min_std=2.655
2026-01-26 17:46:06,163 - experiment_chaotic_lorenz_full_chaotic_run_0 - INFO - Train Epoch 84: [3200/5268 (61.0%)]	Loss: 0.141798
2026-01-26 17:46:13,544 - experiment_chaotic_lorenz_full_chaotic_run_0 - DEBUG - [STABILITY] lyap=0.022, max_norm=18.2, min_std=2.724
2026-01-26 17:46:30,947 - experiment_chaotic_lorenz_full_chaotic_run_0 - INFO - Epoch 84: Train Loss: 0.2085, Train Acc: 0.9432, Val Loss: 0.5866, Val Acc: 0.8405
2026-01-26 17:46:31,697 - experiment_chaotic_lorenz_full_chaotic_run_0 - INFO - Train Epoch 85: [0/5268 (0.0%)]	Loss: 0.276243
2026-01-26 17:46:50,414 - experiment_chaotic_lorenz_full_chaotic_run_0 - DEBUG - [STABILITY] lyap=0.022, max_norm=18.2, min_std=2.719
2026-01-26 17:47:03,239 - experiment_chaotic_lorenz_full_chaotic_run_0 - INFO - Train Epoch 85: [3200/5268 (61.0%)]	Loss: 0.367023
2026-01-26 17:47:21,977 - experiment_chaotic_lorenz_full_chaotic_run_0 - DEBUG - [STABILITY] lyap=0.022, max_norm=18.1, min_std=2.700
2026-01-26 17:47:27,765 - experiment_chaotic_lorenz_full_chaotic_run_0 - INFO - Epoch 85: Train Loss: 0.2256, Train Acc: 0.9385, Val Loss: 0.6786, Val Acc: 0.8046
2026-01-26 17:47:28,376 - experiment_chaotic_lorenz_full_chaotic_run_0 - INFO - Train Epoch 86: [0/5268 (0.0%)]	Loss: 0.263919
2026-01-26 17:47:58,318 - experiment_chaotic_lorenz_full_chaotic_run_0 - DEBUG - [STABILITY] lyap=0.022, max_norm=18.1, min_std=2.717
2026-01-26 17:47:59,777 - experiment_chaotic_lorenz_full_chaotic_run_0 - INFO - Train Epoch 86: [3200/5268 (61.0%)]	Loss: 0.101628
2026-01-26 17:48:24,391 - experiment_chaotic_lorenz_full_chaotic_run_0 - INFO - Epoch 86: Train Loss: 0.2130, Train Acc: 0.9440, Val Loss: 0.6366, Val Acc: 0.8255
2026-01-26 17:48:24,959 - experiment_chaotic_lorenz_full_chaotic_run_0 - INFO - Train Epoch 87: [0/5268 (0.0%)]	Loss: 0.169673
2026-01-26 17:48:34,719 - experiment_chaotic_lorenz_full_chaotic_run_0 - DEBUG - [STABILITY] lyap=0.023, max_norm=18.4, min_std=2.762
2026-01-26 17:48:56,401 - experiment_chaotic_lorenz_full_chaotic_run_0 - INFO - Train Epoch 87: [3200/5268 (61.0%)]	Loss: 0.317462
2026-01-26 17:49:06,493 - experiment_chaotic_lorenz_full_chaotic_run_0 - DEBUG - [STABILITY] lyap=0.023, max_norm=18.3, min_std=2.757
2026-01-26 17:49:21,196 - experiment_chaotic_lorenz_full_chaotic_run_0 - INFO - Epoch 87: Train Loss: 0.2062, Train Acc: 0.9442, Val Loss: 0.3216, Val Acc: 0.9093
2026-01-26 17:49:21,283 - experiment_chaotic_lorenz_full_chaotic_run_0 - INFO - Saved new best model at epoch 87
2026-01-26 17:49:22,021 - experiment_chaotic_lorenz_full_chaotic_run_0 - INFO - Train Epoch 88: [0/5268 (0.0%)]	Loss: 0.166390
2026-01-26 17:49:43,490 - experiment_chaotic_lorenz_full_chaotic_run_0 - DEBUG - [STABILITY] lyap=0.023, max_norm=18.5, min_std=2.788
2026-01-26 17:49:53,876 - experiment_chaotic_lorenz_full_chaotic_run_0 - INFO - Train Epoch 88: [3200/5268 (61.0%)]	Loss: 0.236525
2026-01-26 17:50:18,621 - experiment_chaotic_lorenz_full_chaotic_run_0 - INFO - Epoch 88: Train Loss: 0.2132, Train Acc: 0.9423, Val Loss: 0.3064, Val Acc: 0.9103
2026-01-26 17:50:18,705 - experiment_chaotic_lorenz_full_chaotic_run_0 - INFO - Saved new best model at epoch 88
2026-01-26 17:50:19,349 - experiment_chaotic_lorenz_full_chaotic_run_0 - INFO - Train Epoch 89: [0/5268 (0.0%)]	Loss: 0.299993
2026-01-26 17:50:20,406 - experiment_chaotic_lorenz_full_chaotic_run_0 - DEBUG - [STABILITY] lyap=0.023, max_norm=18.4, min_std=2.772
2026-01-26 17:50:50,970 - experiment_chaotic_lorenz_full_chaotic_run_0 - INFO - Train Epoch 89: [3200/5268 (61.0%)]	Loss: 0.376569
2026-01-26 17:50:52,051 - experiment_chaotic_lorenz_full_chaotic_run_0 - DEBUG - [STABILITY] lyap=0.023, max_norm=18.5, min_std=2.760
2026-01-26 17:51:15,480 - experiment_chaotic_lorenz_full_chaotic_run_0 - INFO - Epoch 89: Train Loss: 0.2111, Train Acc: 0.9425, Val Loss: 0.3778, Val Acc: 0.8933
2026-01-26 17:51:16,041 - experiment_chaotic_lorenz_full_chaotic_run_0 - INFO - Train Epoch 90: [0/5268 (0.0%)]	Loss: 0.125710
2026-01-26 17:51:28,555 - experiment_chaotic_lorenz_full_chaotic_run_0 - DEBUG - [STABILITY] lyap=0.023, max_norm=18.4, min_std=2.774
2026-01-26 17:51:47,734 - experiment_chaotic_lorenz_full_chaotic_run_0 - INFO - Train Epoch 90: [3200/5268 (61.0%)]	Loss: 0.168566
2026-01-26 17:52:00,223 - experiment_chaotic_lorenz_full_chaotic_run_0 - DEBUG - [STABILITY] lyap=0.023, max_norm=18.7, min_std=2.811
2026-01-26 17:52:12,366 - experiment_chaotic_lorenz_full_chaotic_run_0 - INFO - Epoch 90: Train Loss: 0.2032, Train Acc: 0.9449, Val Loss: 0.3575, Val Acc: 0.8953
2026-01-26 17:52:13,005 - experiment_chaotic_lorenz_full_chaotic_run_0 - INFO - Train Epoch 91: [0/5268 (0.0%)]	Loss: 0.271189
2026-01-26 17:52:36,940 - experiment_chaotic_lorenz_full_chaotic_run_0 - DEBUG - [STABILITY] lyap=0.023, max_norm=18.7, min_std=2.823
2026-01-26 17:52:44,960 - experiment_chaotic_lorenz_full_chaotic_run_0 - INFO - Train Epoch 91: [3200/5268 (61.0%)]	Loss: 0.150189
2026-01-26 17:53:09,578 - experiment_chaotic_lorenz_full_chaotic_run_0 - INFO - Epoch 91: Train Loss: 0.2030, Train Acc: 0.9480, Val Loss: 0.2909, Val Acc: 0.9163
2026-01-26 17:53:09,660 - experiment_chaotic_lorenz_full_chaotic_run_0 - INFO - Saved new best model at epoch 91
2026-01-26 17:53:10,273 - experiment_chaotic_lorenz_full_chaotic_run_0 - INFO - Train Epoch 92: [0/5268 (0.0%)]	Loss: 0.060556
2026-01-26 17:53:13,828 - experiment_chaotic_lorenz_full_chaotic_run_0 - DEBUG - [STABILITY] lyap=0.023, max_norm=18.6, min_std=2.809
2026-01-26 17:53:41,741 - experiment_chaotic_lorenz_full_chaotic_run_0 - INFO - Train Epoch 92: [3200/5268 (61.0%)]	Loss: 0.151491
2026-01-26 17:53:45,347 - experiment_chaotic_lorenz_full_chaotic_run_0 - DEBUG - [STABILITY] lyap=0.023, max_norm=18.7, min_std=2.814
2026-01-26 17:54:06,592 - experiment_chaotic_lorenz_full_chaotic_run_0 - INFO - Epoch 92: Train Loss: 0.1977, Train Acc: 0.9484, Val Loss: 0.3476, Val Acc: 0.8953
2026-01-26 17:54:07,146 - experiment_chaotic_lorenz_full_chaotic_run_0 - INFO - Train Epoch 93: [0/5268 (0.0%)]	Loss: 0.254767
2026-01-26 17:54:22,202 - experiment_chaotic_lorenz_full_chaotic_run_0 - DEBUG - [STABILITY] lyap=0.023, max_norm=18.6, min_std=2.779
2026-01-26 17:54:38,908 - experiment_chaotic_lorenz_full_chaotic_run_0 - INFO - Train Epoch 93: [3200/5268 (61.0%)]	Loss: 0.408170
2026-01-26 17:54:53,984 - experiment_chaotic_lorenz_full_chaotic_run_0 - DEBUG - [STABILITY] lyap=0.023, max_norm=18.5, min_std=2.789
2026-01-26 17:55:03,543 - experiment_chaotic_lorenz_full_chaotic_run_0 - INFO - Epoch 93: Train Loss: 0.2041, Train Acc: 0.9430, Val Loss: 0.2986, Val Acc: 0.9143
2026-01-26 17:55:04,112 - experiment_chaotic_lorenz_full_chaotic_run_0 - INFO - Train Epoch 94: [0/5268 (0.0%)]	Loss: 0.249335
2026-01-26 17:55:30,413 - experiment_chaotic_lorenz_full_chaotic_run_0 - DEBUG - [STABILITY] lyap=0.023, max_norm=18.4, min_std=2.781
2026-01-26 17:55:35,689 - experiment_chaotic_lorenz_full_chaotic_run_0 - INFO - Train Epoch 94: [3200/5268 (61.0%)]	Loss: 0.265650
2026-01-26 17:56:08,062 - experiment_chaotic_lorenz_full_chaotic_run_0 - INFO - Epoch 94: Train Loss: 0.2021, Train Acc: 0.9497, Val Loss: 0.3104, Val Acc: 0.9023
2026-01-26 17:56:20,712 - experiment_chaotic_lorenz_full_chaotic_run_0 - INFO - Train Epoch 95: [0/5268 (0.0%)]	Loss: 0.252020
2026-01-26 17:56:26,844 - experiment_chaotic_lorenz_full_chaotic_run_0 - DEBUG - [STABILITY] lyap=0.023, max_norm=18.3, min_std=2.754
2026-01-26 17:57:07,436 - experiment_chaotic_lorenz_full_chaotic_run_0 - INFO - Train Epoch 95: [3200/5268 (61.0%)]	Loss: 0.074253
2026-01-26 17:57:13,551 - experiment_chaotic_lorenz_full_chaotic_run_0 - DEBUG - [STABILITY] lyap=0.023, max_norm=18.3, min_std=2.736
2026-01-26 17:57:53,085 - experiment_chaotic_lorenz_full_chaotic_run_0 - INFO - Epoch 95: Train Loss: 0.1989, Train Acc: 0.9487, Val Loss: 0.2907, Val Acc: 0.9172
2026-01-26 17:57:53,169 - experiment_chaotic_lorenz_full_chaotic_run_0 - INFO - Saved new best model at epoch 95
2026-01-26 17:57:53,804 - experiment_chaotic_lorenz_full_chaotic_run_0 - INFO - Train Epoch 96: [0/5268 (0.0%)]	Loss: 0.276824
2026-01-26 17:58:11,316 - experiment_chaotic_lorenz_full_chaotic_run_0 - DEBUG - [STABILITY] lyap=0.023, max_norm=18.4, min_std=2.743
2026-01-26 17:58:33,080 - experiment_chaotic_lorenz_full_chaotic_run_0 - INFO - Train Epoch 96: [3200/5268 (61.0%)]	Loss: 0.190436
2026-01-26 17:58:50,564 - experiment_chaotic_lorenz_full_chaotic_run_0 - DEBUG - [STABILITY] lyap=0.023, max_norm=18.3, min_std=2.741
2026-01-26 17:58:57,805 - experiment_chaotic_lorenz_full_chaotic_run_0 - INFO - Epoch 96: Train Loss: 0.1957, Train Acc: 0.9497, Val Loss: 0.2893, Val Acc: 0.9222
2026-01-26 17:58:57,885 - experiment_chaotic_lorenz_full_chaotic_run_0 - INFO - Saved new best model at epoch 96
2026-01-26 17:58:58,504 - experiment_chaotic_lorenz_full_chaotic_run_0 - INFO - Train Epoch 97: [0/5268 (0.0%)]	Loss: 0.201364
2026-01-26 17:59:27,092 - experiment_chaotic_lorenz_full_chaotic_run_0 - DEBUG - [STABILITY] lyap=0.023, max_norm=18.3, min_std=2.756
2026-01-26 17:59:29,801 - experiment_chaotic_lorenz_full_chaotic_run_0 - INFO - Train Epoch 97: [3200/5268 (61.0%)]	Loss: 0.146830
2026-01-26 17:59:54,381 - experiment_chaotic_lorenz_full_chaotic_run_0 - INFO - Epoch 97: Train Loss: 0.2022, Train Acc: 0.9447, Val Loss: 0.2767, Val Acc: 0.9212
2026-01-26 17:59:54,931 - experiment_chaotic_lorenz_full_chaotic_run_0 - INFO - Train Epoch 98: [0/5268 (0.0%)]	Loss: 0.361695
2026-01-26 18:00:03,465 - experiment_chaotic_lorenz_full_chaotic_run_0 - DEBUG - [STABILITY] lyap=0.023, max_norm=18.4, min_std=2.763
2026-01-26 18:00:26,322 - experiment_chaotic_lorenz_full_chaotic_run_0 - INFO - Train Epoch 98: [3200/5268 (61.0%)]	Loss: 0.140196
2026-01-26 18:00:34,972 - experiment_chaotic_lorenz_full_chaotic_run_0 - DEBUG - [STABILITY] lyap=0.023, max_norm=18.4, min_std=2.760
2026-01-26 18:00:50,772 - experiment_chaotic_lorenz_full_chaotic_run_0 - INFO - Epoch 98: Train Loss: 0.1934, Train Acc: 0.9520, Val Loss: 0.2829, Val Acc: 0.9252
2026-01-26 18:00:50,851 - experiment_chaotic_lorenz_full_chaotic_run_0 - INFO - Saved new best model at epoch 98
2026-01-26 18:00:51,446 - experiment_chaotic_lorenz_full_chaotic_run_0 - INFO - Train Epoch 99: [0/5268 (0.0%)]	Loss: 0.121702
2026-01-26 18:01:11,393 - experiment_chaotic_lorenz_full_chaotic_run_0 - DEBUG - [STABILITY] lyap=0.023, max_norm=18.4, min_std=2.770
2026-01-26 18:01:22,879 - experiment_chaotic_lorenz_full_chaotic_run_0 - INFO - Train Epoch 99: [3200/5268 (61.0%)]	Loss: 0.155485
2026-01-26 18:01:47,459 - experiment_chaotic_lorenz_full_chaotic_run_0 - INFO - Epoch 99: Train Loss: 0.1956, Train Acc: 0.9505, Val Loss: 0.2824, Val Acc: 0.9222
2026-01-26 18:01:47,465 - experiment_chaotic_lorenz_full_chaotic_run_0 - INFO - Running final test evaluation...
2026-01-26 18:01:54,801 - experiment_chaotic_lorenz_full_chaotic_run_0 - INFO - Test Results:
2026-01-26 18:01:54,801 - experiment_chaotic_lorenz_full_chaotic_run_0 - INFO -   loss: 0.2694
2026-01-26 18:01:54,802 - experiment_chaotic_lorenz_full_chaotic_run_0 - INFO -   accuracy: 0.9275
2026-01-26 18:01:54,802 - experiment_chaotic_lorenz_full_chaotic_run_0 - INFO -   avg_confidence: 0.5089
2026-01-26 18:01:54,802 - experiment_chaotic_lorenz_full_chaotic_run_0 - INFO -   embedding_diversity: 0.1042
2026-01-26 18:01:54,802 - experiment_chaotic_lorenz_full_chaotic_run_0 - INFO -   embedding_norm_mean: 1.0000
2026-01-26 18:01:54,802 - experiment_chaotic_lorenz_full_chaotic_run_0 - INFO -   embedding_norm_std: 0.0000
2026-01-26 18:01:54,804 - experiment_chaotic_lorenz_full_chaotic_run_0 - INFO - Training completed
2026-01-26 18:01:59,413 - experiment_chaotic_lorenz_full_chaotic_run_0 - INFO - Running comprehensive chaotic network analysis...
2026-01-26 18:01:59,413 - experiment_chaotic_lorenz_full_chaotic_run_0 - INFO - Analyzing chaotic features and dynamics...
2026-01-26 18:02:01,067 - experiment_chaotic_lorenz_full_chaotic_run_0 - INFO - Chaotic analysis completed
2026-01-26 18:02:01,069 - experiment_chaotic_lorenz_full_chaotic_run_0 - INFO - Creating chaotic dynamics visualizations...
2026-01-26 18:02:04,312 - experiment_chaotic_lorenz_full_chaotic_run_0 - WARNING - Embedding plotting failed: boolean index did not match indexed array along dimension 0; dimension is 8 but corresponding boolean dimension is 32
2026-01-26 18:02:04,318 - experiment_chaotic_lorenz_full_chaotic_run_0 - INFO - Chaotic network analysis completed
2026-01-27 08:16:09,624 - experiment_chaotic_lorenz_full_chaotic_run_0 - INFO - Initialized experiment: chaotic_lorenz_full_chaotic_run_0
2026-01-27 08:16:09,642 - experiment_chaotic_lorenz_full_chaotic_run_0 - INFO - Device: cuda
2026-01-27 08:16:09,642 - experiment_chaotic_lorenz_full_chaotic_run_0 - INFO - Output directory: /scratch/project_2003370/yueyao/Model/experiments/configs/base_chaotic/full_speaker/experiments/chaotic_lorenz_full_chaotic_run_0
2026-01-27 08:16:09,642 - experiment_chaotic_lorenz_full_chaotic_run_0 - INFO - Initialized chaotic network experiment with lorenz system
2026-01-27 08:16:09,642 - experiment_chaotic_lorenz_full_chaotic_run_0 - INFO - Setting up experiment components...
2026-01-27 08:16:09,642 - experiment_chaotic_lorenz_full_chaotic_run_0 - INFO - Creating dataloaders...
2026-01-27 08:19:56,985 - experiment_chaotic_lorenz_full_chaotic_run_0 - INFO - Detected 251 speakers in dataset
2026-01-27 08:19:56,985 - experiment_chaotic_lorenz_full_chaotic_run_0 - INFO - Dataloaders created:
2026-01-27 08:19:56,985 - experiment_chaotic_lorenz_full_chaotic_run_0 - INFO -   Train: 164 batches
2026-01-27 08:19:56,985 - experiment_chaotic_lorenz_full_chaotic_run_0 - INFO -   Val: 32 batches
2026-01-27 08:19:56,985 - experiment_chaotic_lorenz_full_chaotic_run_0 - INFO -   Test: 40 batches
2026-01-27 08:19:56,985 - experiment_chaotic_lorenz_full_chaotic_run_0 - INFO - Creating model...
2026-01-27 08:19:56,985 - experiment_chaotic_lorenz_full_chaotic_run_0 - INFO - Using actual num_speakers from dataset: 251
2026-01-27 08:21:04,091 - experiment_chaotic_lorenz_full_chaotic_run_0 - INFO - Total parameters: 578,111
2026-01-27 08:21:04,091 - experiment_chaotic_lorenz_full_chaotic_run_0 - INFO - Trainable parameters: 578,111
2026-01-27 08:21:04,091 - experiment_chaotic_lorenz_full_chaotic_run_0 - INFO - Creating optimizer...
2026-01-27 08:21:06,518 - experiment_chaotic_lorenz_full_chaotic_run_0 - INFO - Optimizer: AdamW
2026-01-27 08:21:06,518 - experiment_chaotic_lorenz_full_chaotic_run_0 - INFO - Creating scheduler...
2026-01-27 08:21:06,519 - experiment_chaotic_lorenz_full_chaotic_run_0 - INFO - Scheduler: CosineAnnealingLR
2026-01-27 08:21:06,519 - experiment_chaotic_lorenz_full_chaotic_run_0 - INFO - Creating criterion...
2026-01-27 08:21:06,519 - experiment_chaotic_lorenz_full_chaotic_run_0 - INFO - Criterion: CrossEntropyLoss
2026-01-27 08:21:06,567 - experiment_chaotic_lorenz_full_chaotic_run_0 - INFO - Configuration saved to: /scratch/project_2003370/yueyao/Model/experiments/configs/base_chaotic/full_speaker/experiments/chaotic_lorenz_full_chaotic_run_0/config.json
2026-01-27 08:21:06,567 - experiment_chaotic_lorenz_full_chaotic_run_0 - INFO - Experiment setup completed
2026-01-27 08:21:06,567 - experiment_chaotic_lorenz_full_chaotic_run_0 - INFO - Starting training for 100 epochs
2026-01-27 08:21:07,305 - experiment_chaotic_lorenz_full_chaotic_run_0 - INFO - 
================================================================================
2026-01-27 08:21:07,305 - experiment_chaotic_lorenz_full_chaotic_run_0 - INFO - COMPREHENSIVE DEBUG - FIRST BATCH
2026-01-27 08:21:07,306 - experiment_chaotic_lorenz_full_chaotic_run_0 - INFO - ================================================================================
2026-01-27 08:21:07,306 - experiment_chaotic_lorenz_full_chaotic_run_0 - INFO - Batch Info:
2026-01-27 08:21:07,306 - experiment_chaotic_lorenz_full_chaotic_run_0 - INFO -   Audio shape: torch.Size([32, 48000])
2026-01-27 08:21:07,306 - experiment_chaotic_lorenz_full_chaotic_run_0 - INFO -   Targets shape: torch.Size([32])
2026-01-27 08:21:07,313 - experiment_chaotic_lorenz_full_chaotic_run_0 - INFO -   Targets (first 8): tensor([248, 137, 192, 109,  94,  26, 184, 245], device='cuda:0')
2026-01-27 08:21:10,320 - experiment_chaotic_lorenz_full_chaotic_run_0 - INFO - ================================================================================

2026-01-27 08:21:10,484 - experiment_chaotic_lorenz_full_chaotic_run_0 - INFO - [STABILITY] Initialized LyapunovStabilityLoss
2026-01-27 08:21:10,519 - experiment_chaotic_lorenz_full_chaotic_run_0 - DEBUG - [STABILITY] lyap=0.100, max_norm=46.7, min_std=5.190
2026-01-27 08:21:11,715 - experiment_chaotic_lorenz_full_chaotic_run_0 - INFO - Train Epoch 0: [0/5268 (0.0%)]	Loss: 7.084501
2026-01-27 08:21:42,825 - experiment_chaotic_lorenz_full_chaotic_run_0 - DEBUG - [STABILITY] lyap=0.035, max_norm=37.5, min_std=6.471
2026-01-27 08:21:43,026 - experiment_chaotic_lorenz_full_chaotic_run_0 - INFO - Train Epoch 0: [3200/5268 (61.0%)]	Loss: 6.071761
2026-01-27 08:22:10,054 - experiment_chaotic_lorenz_full_chaotic_run_0 - INFO - Epoch 0: Train Loss: 6.1779, Train Acc: 0.0130, Val Loss: 5.2860, Val Acc: 0.0239
2026-01-27 08:22:10,133 - experiment_chaotic_lorenz_full_chaotic_run_0 - INFO - Saved new best model at epoch 0
2026-01-27 08:22:10,774 - experiment_chaotic_lorenz_full_chaotic_run_0 - INFO - Train Epoch 1: [0/5268 (0.0%)]	Loss: 4.584620
2026-01-27 08:22:22,350 - experiment_chaotic_lorenz_full_chaotic_run_0 - DEBUG - [STABILITY] lyap=0.011, max_norm=10.2, min_std=1.315
2026-01-27 08:22:42,904 - experiment_chaotic_lorenz_full_chaotic_run_0 - INFO - Train Epoch 1: [3200/5268 (61.0%)]	Loss: 4.453940
2026-01-27 08:22:54,107 - experiment_chaotic_lorenz_full_chaotic_run_0 - DEBUG - [STABILITY] lyap=0.007, max_norm=8.5, min_std=1.121
2026-01-27 08:23:07,404 - experiment_chaotic_lorenz_full_chaotic_run_0 - INFO - Epoch 1: Train Loss: 4.4361, Train Acc: 0.0587, Val Loss: 4.4120, Val Acc: 0.0758
2026-01-27 08:23:07,484 - experiment_chaotic_lorenz_full_chaotic_run_0 - INFO - Saved new best model at epoch 1
2026-01-27 08:23:08,043 - experiment_chaotic_lorenz_full_chaotic_run_0 - INFO - Train Epoch 2: [0/5268 (0.0%)]	Loss: 3.596592
2026-01-27 08:23:30,244 - experiment_chaotic_lorenz_full_chaotic_run_0 - DEBUG - [STABILITY] lyap=0.007, max_norm=8.6, min_std=1.093
2026-01-27 08:23:39,153 - experiment_chaotic_lorenz_full_chaotic_run_0 - INFO - Train Epoch 2: [3200/5268 (61.0%)]	Loss: 3.358225
2026-01-27 08:24:03,236 - experiment_chaotic_lorenz_full_chaotic_run_0 - INFO - Epoch 2: Train Loss: 3.4788, Train Acc: 0.1543, Val Loss: 8.5068, Val Acc: 0.0100
2026-01-27 08:24:03,754 - experiment_chaotic_lorenz_full_chaotic_run_0 - INFO - Train Epoch 3: [0/5268 (0.0%)]	Loss: 3.141864
2026-01-27 08:24:06,045 - experiment_chaotic_lorenz_full_chaotic_run_0 - DEBUG - [STABILITY] lyap=0.009, max_norm=9.2, min_std=1.233
2026-01-27 08:24:34,904 - experiment_chaotic_lorenz_full_chaotic_run_0 - INFO - Train Epoch 3: [3200/5268 (61.0%)]	Loss: 2.914909
2026-01-27 08:24:37,206 - experiment_chaotic_lorenz_full_chaotic_run_0 - DEBUG - [STABILITY] lyap=-0.021, max_norm=3.2, min_std=0.558
2026-01-27 08:24:59,020 - experiment_chaotic_lorenz_full_chaotic_run_0 - INFO - Epoch 3: Train Loss: 2.9103, Train Acc: 0.2422, Val Loss: 2.2055, Val Acc: 0.4148
2026-01-27 08:24:59,095 - experiment_chaotic_lorenz_full_chaotic_run_0 - INFO - Saved new best model at epoch 3
2026-01-27 08:24:59,681 - experiment_chaotic_lorenz_full_chaotic_run_0 - INFO - Train Epoch 4: [0/5268 (0.0%)]	Loss: 2.363893
2026-01-27 08:25:13,409 - experiment_chaotic_lorenz_full_chaotic_run_0 - DEBUG - [STABILITY] lyap=-0.008, max_norm=4.3, min_std=0.692
2026-01-27 08:25:31,086 - experiment_chaotic_lorenz_full_chaotic_run_0 - INFO - Train Epoch 4: [3200/5268 (61.0%)]	Loss: 2.689897
2026-01-27 08:25:44,640 - experiment_chaotic_lorenz_full_chaotic_run_0 - DEBUG - [STABILITY] lyap=0.004, max_norm=7.7, min_std=0.978
2026-01-27 08:25:55,293 - experiment_chaotic_lorenz_full_chaotic_run_0 - INFO - Epoch 4: Train Loss: 2.5501, Train Acc: 0.3062, Val Loss: 2.8976, Val Acc: 0.2782
2026-01-27 08:25:55,830 - experiment_chaotic_lorenz_full_chaotic_run_0 - INFO - Train Epoch 5: [0/5268 (0.0%)]	Loss: 2.189904
2026-01-27 08:26:20,761 - experiment_chaotic_lorenz_full_chaotic_run_0 - DEBUG - [STABILITY] lyap=-0.003, max_norm=5.4, min_std=0.793
2026-01-27 08:26:27,229 - experiment_chaotic_lorenz_full_chaotic_run_0 - INFO - Train Epoch 5: [3200/5268 (61.0%)]	Loss: 1.941243
2026-01-27 08:26:51,630 - experiment_chaotic_lorenz_full_chaotic_run_0 - INFO - Epoch 5: Train Loss: 2.3146, Train Acc: 0.3603, Val Loss: 10.2098, Val Acc: 0.0080
2026-01-27 08:26:52,162 - experiment_chaotic_lorenz_full_chaotic_run_0 - INFO - Train Epoch 6: [0/5268 (0.0%)]	Loss: 2.746976
2026-01-27 08:26:56,924 - experiment_chaotic_lorenz_full_chaotic_run_0 - DEBUG - [STABILITY] lyap=0.016, max_norm=13.3, min_std=1.804
2026-01-27 08:27:23,171 - experiment_chaotic_lorenz_full_chaotic_run_0 - INFO - Train Epoch 6: [3200/5268 (61.0%)]	Loss: 2.363057
2026-01-27 08:27:27,941 - experiment_chaotic_lorenz_full_chaotic_run_0 - DEBUG - [STABILITY] lyap=-0.001, max_norm=6.0, min_std=0.834
2026-01-27 08:27:47,227 - experiment_chaotic_lorenz_full_chaotic_run_0 - INFO - Epoch 6: Train Loss: 2.1181, Train Acc: 0.4002, Val Loss: 2.9250, Val Acc: 0.3031
2026-01-27 08:27:47,784 - experiment_chaotic_lorenz_full_chaotic_run_0 - INFO - Train Epoch 7: [0/5268 (0.0%)]	Loss: 1.716734
2026-01-27 08:28:03,790 - experiment_chaotic_lorenz_full_chaotic_run_0 - DEBUG - [STABILITY] lyap=0.005, max_norm=7.8, min_std=1.025
2026-01-27 08:28:19,144 - experiment_chaotic_lorenz_full_chaotic_run_0 - INFO - Train Epoch 7: [3200/5268 (61.0%)]	Loss: 2.519938
2026-01-27 08:28:35,166 - experiment_chaotic_lorenz_full_chaotic_run_0 - DEBUG - [STABILITY] lyap=-0.002, max_norm=5.7, min_std=0.824
2026-01-27 08:28:43,342 - experiment_chaotic_lorenz_full_chaotic_run_0 - INFO - Epoch 7: Train Loss: 1.9459, Train Acc: 0.4415, Val Loss: 2.6087, Val Acc: 0.3240
2026-01-27 08:28:43,889 - experiment_chaotic_lorenz_full_chaotic_run_0 - INFO - Train Epoch 8: [0/5268 (0.0%)]	Loss: 1.738806
2026-01-27 08:29:11,107 - experiment_chaotic_lorenz_full_chaotic_run_0 - DEBUG - [STABILITY] lyap=-0.009, max_norm=4.2, min_std=0.686
2026-01-27 08:29:15,042 - experiment_chaotic_lorenz_full_chaotic_run_0 - INFO - Train Epoch 8: [3200/5268 (61.0%)]	Loss: 1.540319
2026-01-27 08:29:39,243 - experiment_chaotic_lorenz_full_chaotic_run_0 - INFO - Epoch 8: Train Loss: 1.8092, Train Acc: 0.4764, Val Loss: 1.4419, Val Acc: 0.6052
2026-01-27 08:29:39,321 - experiment_chaotic_lorenz_full_chaotic_run_0 - INFO - Saved new best model at epoch 8
2026-01-27 08:29:39,896 - experiment_chaotic_lorenz_full_chaotic_run_0 - INFO - Train Epoch 9: [0/5268 (0.0%)]	Loss: 1.537854
2026-01-27 08:29:47,185 - experiment_chaotic_lorenz_full_chaotic_run_0 - DEBUG - [STABILITY] lyap=-0.002, max_norm=5.8, min_std=0.810
2026-01-27 08:30:11,020 - experiment_chaotic_lorenz_full_chaotic_run_0 - INFO - Train Epoch 9: [3200/5268 (61.0%)]	Loss: 1.581189
2026-01-27 08:30:18,263 - experiment_chaotic_lorenz_full_chaotic_run_0 - DEBUG - [STABILITY] lyap=-0.006, max_norm=4.7, min_std=0.732
2026-01-27 08:30:35,136 - experiment_chaotic_lorenz_full_chaotic_run_0 - INFO - Epoch 9: Train Loss: 1.6808, Train Acc: 0.5151, Val Loss: 1.9260, Val Acc: 0.4786
2026-01-27 08:30:35,661 - experiment_chaotic_lorenz_full_chaotic_run_0 - INFO - Train Epoch 10: [0/5268 (0.0%)]	Loss: 1.446279
2026-01-27 08:30:54,164 - experiment_chaotic_lorenz_full_chaotic_run_0 - DEBUG - [STABILITY] lyap=-0.006, max_norm=4.6, min_std=0.728
2026-01-27 08:31:06,829 - experiment_chaotic_lorenz_full_chaotic_run_0 - INFO - Train Epoch 10: [3200/5268 (61.0%)]	Loss: 1.176849
2026-01-27 08:31:25,345 - experiment_chaotic_lorenz_full_chaotic_run_0 - DEBUG - [STABILITY] lyap=-0.019, max_norm=3.2, min_std=0.589
2026-01-27 08:31:31,018 - experiment_chaotic_lorenz_full_chaotic_run_0 - INFO - Epoch 10: Train Loss: 1.6024, Train Acc: 0.5269, Val Loss: 1.5043, Val Acc: 0.5842
2026-01-27 08:31:31,650 - experiment_chaotic_lorenz_full_chaotic_run_0 - INFO - Train Epoch 11: [0/5268 (0.0%)]	Loss: 1.469365
2026-01-27 08:32:01,590 - experiment_chaotic_lorenz_full_chaotic_run_0 - DEBUG - [STABILITY] lyap=-0.006, max_norm=4.6, min_std=0.727
2026-01-27 08:32:03,031 - experiment_chaotic_lorenz_full_chaotic_run_0 - INFO - Train Epoch 11: [3200/5268 (61.0%)]	Loss: 1.729938
2026-01-27 08:32:27,286 - experiment_chaotic_lorenz_full_chaotic_run_0 - INFO - Epoch 11: Train Loss: 1.5549, Train Acc: 0.5415, Val Loss: 2.6796, Val Acc: 0.3470
2026-01-27 08:32:27,838 - experiment_chaotic_lorenz_full_chaotic_run_0 - INFO - Train Epoch 12: [0/5268 (0.0%)]	Loss: 1.453672
2026-01-27 08:32:37,592 - experiment_chaotic_lorenz_full_chaotic_run_0 - DEBUG - [STABILITY] lyap=-0.008, max_norm=4.3, min_std=0.705
2026-01-27 08:32:58,961 - experiment_chaotic_lorenz_full_chaotic_run_0 - INFO - Train Epoch 12: [3200/5268 (61.0%)]	Loss: 1.293494
2026-01-27 08:33:08,742 - experiment_chaotic_lorenz_full_chaotic_run_0 - DEBUG - [STABILITY] lyap=-0.007, max_norm=4.5, min_std=0.730
2026-01-27 08:33:23,100 - experiment_chaotic_lorenz_full_chaotic_run_0 - INFO - Epoch 12: Train Loss: 1.4323, Train Acc: 0.5776, Val Loss: 1.4346, Val Acc: 0.5733
2026-01-27 08:33:23,619 - experiment_chaotic_lorenz_full_chaotic_run_0 - INFO - Train Epoch 13: [0/5268 (0.0%)]	Loss: 1.463906
2026-01-27 08:33:44,646 - experiment_chaotic_lorenz_full_chaotic_run_0 - DEBUG - [STABILITY] lyap=-0.004, max_norm=5.1, min_std=0.760
2026-01-27 08:33:54,823 - experiment_chaotic_lorenz_full_chaotic_run_0 - INFO - Train Epoch 13: [3200/5268 (61.0%)]	Loss: 1.275078
2026-01-27 08:34:18,969 - experiment_chaotic_lorenz_full_chaotic_run_0 - INFO - Epoch 13: Train Loss: 1.3578, Train Acc: 0.5979, Val Loss: 1.2632, Val Acc: 0.6271
2026-01-27 08:34:19,050 - experiment_chaotic_lorenz_full_chaotic_run_0 - INFO - Saved new best model at epoch 13
2026-01-27 08:34:19,638 - experiment_chaotic_lorenz_full_chaotic_run_0 - INFO - Train Epoch 14: [0/5268 (0.0%)]	Loss: 0.971791
2026-01-27 08:34:20,690 - experiment_chaotic_lorenz_full_chaotic_run_0 - DEBUG - [STABILITY] lyap=-0.003, max_norm=5.4, min_std=0.807
2026-01-27 08:34:50,818 - experiment_chaotic_lorenz_full_chaotic_run_0 - INFO - Train Epoch 14: [3200/5268 (61.0%)]	Loss: 1.447219
2026-01-27 08:34:51,875 - experiment_chaotic_lorenz_full_chaotic_run_0 - DEBUG - [STABILITY] lyap=-0.011, max_norm=3.8, min_std=0.677
2026-01-27 08:35:15,092 - experiment_chaotic_lorenz_full_chaotic_run_0 - INFO - Epoch 14: Train Loss: 1.2801, Train Acc: 0.6252, Val Loss: 1.9188, Val Acc: 0.4965
2026-01-27 08:35:15,614 - experiment_chaotic_lorenz_full_chaotic_run_0 - INFO - Train Epoch 15: [0/5268 (0.0%)]	Loss: 1.259130
2026-01-27 08:35:27,884 - experiment_chaotic_lorenz_full_chaotic_run_0 - DEBUG - [STABILITY] lyap=-0.012, max_norm=3.7, min_std=0.662
2026-01-27 08:35:46,964 - experiment_chaotic_lorenz_full_chaotic_run_0 - INFO - Train Epoch 15: [3200/5268 (61.0%)]	Loss: 1.043644
2026-01-27 08:35:59,230 - experiment_chaotic_lorenz_full_chaotic_run_0 - DEBUG - [STABILITY] lyap=0.007, max_norm=8.6, min_std=1.143
2026-01-27 08:36:11,200 - experiment_chaotic_lorenz_full_chaotic_run_0 - INFO - Epoch 15: Train Loss: 1.2378, Train Acc: 0.6321, Val Loss: 3.2928, Val Acc: 0.2901
2026-01-27 08:36:11,723 - experiment_chaotic_lorenz_full_chaotic_run_0 - INFO - Train Epoch 16: [0/5268 (0.0%)]	Loss: 0.827119
2026-01-27 08:36:35,313 - experiment_chaotic_lorenz_full_chaotic_run_0 - DEBUG - [STABILITY] lyap=0.004, max_norm=7.5, min_std=1.015
2026-01-27 08:36:43,020 - experiment_chaotic_lorenz_full_chaotic_run_0 - INFO - Train Epoch 16: [3200/5268 (61.0%)]	Loss: 0.935574
2026-01-27 08:37:07,303 - experiment_chaotic_lorenz_full_chaotic_run_0 - INFO - Epoch 16: Train Loss: 1.1658, Train Acc: 0.6450, Val Loss: 4.6377, Val Acc: 0.1954
2026-01-27 08:37:07,832 - experiment_chaotic_lorenz_full_chaotic_run_0 - INFO - Train Epoch 17: [0/5268 (0.0%)]	Loss: 1.188643
2026-01-27 08:37:11,357 - experiment_chaotic_lorenz_full_chaotic_run_0 - DEBUG - [STABILITY] lyap=0.001, max_norm=6.5, min_std=0.902
2026-01-27 08:37:38,767 - experiment_chaotic_lorenz_full_chaotic_run_0 - INFO - Train Epoch 17: [3200/5268 (61.0%)]	Loss: 0.797162
2026-01-27 08:37:42,287 - experiment_chaotic_lorenz_full_chaotic_run_0 - DEBUG - [STABILITY] lyap=-0.002, max_norm=5.6, min_std=0.822
2026-01-27 08:38:02,738 - experiment_chaotic_lorenz_full_chaotic_run_0 - INFO - Epoch 17: Train Loss: 1.1699, Train Acc: 0.6530, Val Loss: 2.4536, Val Acc: 0.4128
2026-01-27 08:38:03,271 - experiment_chaotic_lorenz_full_chaotic_run_0 - INFO - Train Epoch 18: [0/5268 (0.0%)]	Loss: 0.848550
2026-01-27 08:38:18,038 - experiment_chaotic_lorenz_full_chaotic_run_0 - DEBUG - [STABILITY] lyap=-0.002, max_norm=5.6, min_std=0.824
2026-01-27 08:38:34,439 - experiment_chaotic_lorenz_full_chaotic_run_0 - INFO - Train Epoch 18: [3200/5268 (61.0%)]	Loss: 1.507912
2026-01-27 08:38:49,217 - experiment_chaotic_lorenz_full_chaotic_run_0 - DEBUG - [STABILITY] lyap=-0.010, max_norm=4.0, min_std=0.693
2026-01-27 08:38:58,723 - experiment_chaotic_lorenz_full_chaotic_run_0 - INFO - Epoch 18: Train Loss: 1.0967, Train Acc: 0.6717, Val Loss: 1.0666, Val Acc: 0.6839
2026-01-27 08:38:58,805 - experiment_chaotic_lorenz_full_chaotic_run_0 - INFO - Saved new best model at epoch 18
2026-01-27 08:38:59,411 - experiment_chaotic_lorenz_full_chaotic_run_0 - INFO - Train Epoch 19: [0/5268 (0.0%)]	Loss: 1.052590
2026-01-27 08:39:25,663 - experiment_chaotic_lorenz_full_chaotic_run_0 - DEBUG - [STABILITY] lyap=-0.004, max_norm=5.3, min_std=0.800
2026-01-27 08:39:30,803 - experiment_chaotic_lorenz_full_chaotic_run_0 - INFO - Train Epoch 19: [3200/5268 (61.0%)]	Loss: 1.016662
2026-01-27 08:39:54,823 - experiment_chaotic_lorenz_full_chaotic_run_0 - INFO - Epoch 19: Train Loss: 1.0562, Train Acc: 0.6824, Val Loss: 2.0729, Val Acc: 0.4566
2026-01-27 08:39:55,372 - experiment_chaotic_lorenz_full_chaotic_run_0 - INFO - Train Epoch 20: [0/5268 (0.0%)]	Loss: 0.820033
2026-01-27 08:40:01,421 - experiment_chaotic_lorenz_full_chaotic_run_0 - DEBUG - [STABILITY] lyap=0.001, max_norm=6.5, min_std=0.898
2026-01-27 08:40:26,614 - experiment_chaotic_lorenz_full_chaotic_run_0 - INFO - Train Epoch 20: [3200/5268 (61.0%)]	Loss: 1.161239
2026-01-27 08:40:32,675 - experiment_chaotic_lorenz_full_chaotic_run_0 - DEBUG - [STABILITY] lyap=-0.007, max_norm=4.6, min_std=0.741
2026-01-27 08:40:51,002 - experiment_chaotic_lorenz_full_chaotic_run_0 - INFO - Epoch 20: Train Loss: 1.0243, Train Acc: 0.6936, Val Loss: 9.3825, Val Acc: 0.0299
2026-01-27 08:40:51,597 - experiment_chaotic_lorenz_full_chaotic_run_0 - INFO - Train Epoch 21: [0/5268 (0.0%)]	Loss: 0.871406
2026-01-27 08:41:08,725 - experiment_chaotic_lorenz_full_chaotic_run_0 - DEBUG - [STABILITY] lyap=0.013, max_norm=11.6, min_std=1.579
2026-01-27 08:41:22,526 - experiment_chaotic_lorenz_full_chaotic_run_0 - INFO - Train Epoch 21: [3200/5268 (61.0%)]	Loss: 0.934941
2026-01-27 08:41:39,667 - experiment_chaotic_lorenz_full_chaotic_run_0 - DEBUG - [STABILITY] lyap=0.006, max_norm=8.2, min_std=1.092
2026-01-27 08:41:46,580 - experiment_chaotic_lorenz_full_chaotic_run_0 - INFO - Epoch 21: Train Loss: 0.9839, Train Acc: 0.7052, Val Loss: 1.2412, Val Acc: 0.6461
2026-01-27 08:41:47,106 - experiment_chaotic_lorenz_full_chaotic_run_0 - INFO - Train Epoch 22: [0/5268 (0.0%)]	Loss: 1.111405
2026-01-27 08:42:15,573 - experiment_chaotic_lorenz_full_chaotic_run_0 - DEBUG - [STABILITY] lyap=0.001, max_norm=6.4, min_std=0.892
2026-01-27 08:42:18,255 - experiment_chaotic_lorenz_full_chaotic_run_0 - INFO - Train Epoch 22: [3200/5268 (61.0%)]	Loss: 0.927021
2026-01-27 08:42:42,422 - experiment_chaotic_lorenz_full_chaotic_run_0 - INFO - Epoch 22: Train Loss: 0.9552, Train Acc: 0.7140, Val Loss: 1.4577, Val Acc: 0.6181
2026-01-27 08:42:42,954 - experiment_chaotic_lorenz_full_chaotic_run_0 - INFO - Train Epoch 23: [0/5268 (0.0%)]	Loss: 0.999714
2026-01-27 08:42:51,470 - experiment_chaotic_lorenz_full_chaotic_run_0 - DEBUG - [STABILITY] lyap=0.005, max_norm=8.0, min_std=1.059
2026-01-27 08:43:14,061 - experiment_chaotic_lorenz_full_chaotic_run_0 - INFO - Train Epoch 23: [3200/5268 (61.0%)]	Loss: 0.698830
2026-01-27 08:43:22,578 - experiment_chaotic_lorenz_full_chaotic_run_0 - DEBUG - [STABILITY] lyap=0.004, max_norm=7.6, min_std=1.001
2026-01-27 08:43:38,467 - experiment_chaotic_lorenz_full_chaotic_run_0 - INFO - Epoch 23: Train Loss: 0.9156, Train Acc: 0.7252, Val Loss: 6.0204, Val Acc: 0.1107
2026-01-27 08:43:39,006 - experiment_chaotic_lorenz_full_chaotic_run_0 - INFO - Train Epoch 24: [0/5268 (0.0%)]	Loss: 0.824000
2026-01-27 08:43:58,845 - experiment_chaotic_lorenz_full_chaotic_run_0 - DEBUG - [STABILITY] lyap=0.009, max_norm=9.7, min_std=1.253
2026-01-27 08:44:10,325 - experiment_chaotic_lorenz_full_chaotic_run_0 - INFO - Train Epoch 24: [3200/5268 (61.0%)]	Loss: 0.860599
2026-01-27 08:44:34,504 - experiment_chaotic_lorenz_full_chaotic_run_0 - INFO - Epoch 24: Train Loss: 0.8936, Train Acc: 0.7264, Val Loss: 1.7145, Val Acc: 0.5444
2026-01-27 08:44:34,862 - experiment_chaotic_lorenz_full_chaotic_run_0 - DEBUG - [STABILITY] lyap=0.004, max_norm=7.5, min_std=0.996
2026-01-27 08:44:35,050 - experiment_chaotic_lorenz_full_chaotic_run_0 - INFO - Train Epoch 25: [0/5268 (0.0%)]	Loss: 0.790267
2026-01-27 08:45:06,035 - experiment_chaotic_lorenz_full_chaotic_run_0 - DEBUG - [STABILITY] lyap=-0.001, max_norm=6.0, min_std=0.847
2026-01-27 08:45:06,226 - experiment_chaotic_lorenz_full_chaotic_run_0 - INFO - Train Epoch 25: [3200/5268 (61.0%)]	Loss: 1.291209
2026-01-27 08:45:30,322 - experiment_chaotic_lorenz_full_chaotic_run_0 - INFO - Epoch 25: Train Loss: 0.8465, Train Acc: 0.7441, Val Loss: 2.4432, Val Acc: 0.4297
2026-01-27 08:45:30,880 - experiment_chaotic_lorenz_full_chaotic_run_0 - INFO - Train Epoch 26: [0/5268 (0.0%)]	Loss: 1.269061
2026-01-27 08:45:41,931 - experiment_chaotic_lorenz_full_chaotic_run_0 - DEBUG - [STABILITY] lyap=0.000, max_norm=6.4, min_std=0.891
2026-01-27 08:46:02,154 - experiment_chaotic_lorenz_full_chaotic_run_0 - INFO - Train Epoch 26: [3200/5268 (61.0%)]	Loss: 0.803905
2026-01-27 08:46:13,423 - experiment_chaotic_lorenz_full_chaotic_run_0 - DEBUG - [STABILITY] lyap=0.001, max_norm=6.7, min_std=0.923
2026-01-27 08:46:26,783 - experiment_chaotic_lorenz_full_chaotic_run_0 - INFO - Epoch 26: Train Loss: 0.8463, Train Acc: 0.7429, Val Loss: 1.8673, Val Acc: 0.5105
2026-01-27 08:46:27,318 - experiment_chaotic_lorenz_full_chaotic_run_0 - INFO - Train Epoch 27: [0/5268 (0.0%)]	Loss: 0.855918
2026-01-27 08:46:49,595 - experiment_chaotic_lorenz_full_chaotic_run_0 - DEBUG - [STABILITY] lyap=-0.003, max_norm=5.5, min_std=0.813
2026-01-27 08:46:58,524 - experiment_chaotic_lorenz_full_chaotic_run_0 - INFO - Train Epoch 27: [3200/5268 (61.0%)]	Loss: 0.914241
2026-01-27 08:47:22,844 - experiment_chaotic_lorenz_full_chaotic_run_0 - INFO - Epoch 27: Train Loss: 0.8127, Train Acc: 0.7519, Val Loss: 1.0011, Val Acc: 0.7019
2026-01-27 08:47:22,923 - experiment_chaotic_lorenz_full_chaotic_run_0 - INFO - Saved new best model at epoch 27
2026-01-27 08:47:23,505 - experiment_chaotic_lorenz_full_chaotic_run_0 - INFO - Train Epoch 28: [0/5268 (0.0%)]	Loss: 1.150204
2026-01-27 08:47:25,798 - experiment_chaotic_lorenz_full_chaotic_run_0 - DEBUG - [STABILITY] lyap=0.005, max_norm=8.0, min_std=1.078
2026-01-27 08:47:54,646 - experiment_chaotic_lorenz_full_chaotic_run_0 - INFO - Train Epoch 28: [3200/5268 (61.0%)]	Loss: 0.688048
2026-01-27 08:47:56,945 - experiment_chaotic_lorenz_full_chaotic_run_0 - DEBUG - [STABILITY] lyap=0.001, max_norm=6.6, min_std=0.907
2026-01-27 08:48:18,826 - experiment_chaotic_lorenz_full_chaotic_run_0 - INFO - Epoch 28: Train Loss: 0.7726, Train Acc: 0.7658, Val Loss: 1.6072, Val Acc: 0.5633
2026-01-27 08:48:19,367 - experiment_chaotic_lorenz_full_chaotic_run_0 - INFO - Train Epoch 29: [0/5268 (0.0%)]	Loss: 0.813264
2026-01-27 08:48:32,910 - experiment_chaotic_lorenz_full_chaotic_run_0 - DEBUG - [STABILITY] lyap=0.009, max_norm=9.5, min_std=1.241
2026-01-27 08:48:50,593 - experiment_chaotic_lorenz_full_chaotic_run_0 - INFO - Train Epoch 29: [3200/5268 (61.0%)]	Loss: 0.836046
2026-01-27 08:49:04,149 - experiment_chaotic_lorenz_full_chaotic_run_0 - DEBUG - [STABILITY] lyap=0.008, max_norm=8.9, min_std=1.145
2026-01-27 08:49:14,858 - experiment_chaotic_lorenz_full_chaotic_run_0 - INFO - Epoch 29: Train Loss: 0.7640, Train Acc: 0.7675, Val Loss: 6.5842, Val Acc: 0.0977
2026-01-27 08:49:15,387 - experiment_chaotic_lorenz_full_chaotic_run_0 - INFO - Train Epoch 30: [0/5268 (0.0%)]	Loss: 0.618506
2026-01-27 08:49:40,340 - experiment_chaotic_lorenz_full_chaotic_run_0 - DEBUG - [STABILITY] lyap=0.009, max_norm=9.8, min_std=1.302
2026-01-27 08:49:46,771 - experiment_chaotic_lorenz_full_chaotic_run_0 - INFO - Train Epoch 30: [3200/5268 (61.0%)]	Loss: 0.996621
2026-01-27 08:50:10,971 - experiment_chaotic_lorenz_full_chaotic_run_0 - INFO - Epoch 30: Train Loss: 0.7303, Train Acc: 0.7729, Val Loss: 3.2038, Val Acc: 0.3151
2026-01-27 08:50:11,574 - experiment_chaotic_lorenz_full_chaotic_run_0 - INFO - Train Epoch 31: [0/5268 (0.0%)]	Loss: 1.418941
2026-01-27 08:50:16,363 - experiment_chaotic_lorenz_full_chaotic_run_0 - DEBUG - [STABILITY] lyap=0.009, max_norm=9.7, min_std=1.259
2026-01-27 08:50:42,748 - experiment_chaotic_lorenz_full_chaotic_run_0 - INFO - Train Epoch 31: [3200/5268 (61.0%)]	Loss: 0.643945
2026-01-27 08:50:47,545 - experiment_chaotic_lorenz_full_chaotic_run_0 - DEBUG - [STABILITY] lyap=0.007, max_norm=8.7, min_std=1.138
2026-01-27 08:51:06,904 - experiment_chaotic_lorenz_full_chaotic_run_0 - INFO - Epoch 31: Train Loss: 0.6909, Train Acc: 0.7883, Val Loss: 7.3260, Val Acc: 0.0748
2026-01-27 08:51:07,447 - experiment_chaotic_lorenz_full_chaotic_run_0 - INFO - Train Epoch 32: [0/5268 (0.0%)]	Loss: 0.617653
2026-01-27 08:51:23,613 - experiment_chaotic_lorenz_full_chaotic_run_0 - DEBUG - [STABILITY] lyap=0.011, max_norm=10.4, min_std=1.378
2026-01-27 08:51:38,910 - experiment_chaotic_lorenz_full_chaotic_run_0 - INFO - Train Epoch 32: [3200/5268 (61.0%)]	Loss: 0.583473
2026-01-27 08:51:55,093 - experiment_chaotic_lorenz_full_chaotic_run_0 - DEBUG - [STABILITY] lyap=0.011, max_norm=10.3, min_std=1.375
2026-01-27 08:52:03,360 - experiment_chaotic_lorenz_full_chaotic_run_0 - INFO - Epoch 32: Train Loss: 0.6805, Train Acc: 0.7912, Val Loss: 2.7980, Val Acc: 0.3898
2026-01-27 08:52:03,908 - experiment_chaotic_lorenz_full_chaotic_run_0 - INFO - Train Epoch 33: [0/5268 (0.0%)]	Loss: 0.640515
2026-01-27 08:52:30,672 - experiment_chaotic_lorenz_full_chaotic_run_0 - DEBUG - [STABILITY] lyap=0.016, max_norm=13.1, min_std=1.811
2026-01-27 08:52:34,542 - experiment_chaotic_lorenz_full_chaotic_run_0 - INFO - Train Epoch 33: [3200/5268 (61.0%)]	Loss: 0.413388
2026-01-27 08:52:58,352 - experiment_chaotic_lorenz_full_chaotic_run_0 - INFO - Epoch 33: Train Loss: 0.6541, Train Acc: 0.7974, Val Loss: 1.6617, Val Acc: 0.5643
2026-01-27 08:52:58,899 - experiment_chaotic_lorenz_full_chaotic_run_0 - INFO - Train Epoch 34: [0/5268 (0.0%)]	Loss: 0.643404
2026-01-27 08:53:06,194 - experiment_chaotic_lorenz_full_chaotic_run_0 - DEBUG - [STABILITY] lyap=0.013, max_norm=11.6, min_std=1.574
2026-01-27 08:53:30,115 - experiment_chaotic_lorenz_full_chaotic_run_0 - INFO - Train Epoch 34: [3200/5268 (61.0%)]	Loss: 0.703651
2026-01-27 08:53:37,414 - experiment_chaotic_lorenz_full_chaotic_run_0 - DEBUG - [STABILITY] lyap=0.011, max_norm=10.3, min_std=1.370
2026-01-27 08:53:54,578 - experiment_chaotic_lorenz_full_chaotic_run_0 - INFO - Epoch 34: Train Loss: 0.6621, Train Acc: 0.7950, Val Loss: 2.7364, Val Acc: 0.4158
2026-01-27 08:53:55,138 - experiment_chaotic_lorenz_full_chaotic_run_0 - INFO - Train Epoch 35: [0/5268 (0.0%)]	Loss: 1.000665
2026-01-27 08:54:13,740 - experiment_chaotic_lorenz_full_chaotic_run_0 - DEBUG - [STABILITY] lyap=0.012, max_norm=11.0, min_std=1.479
2026-01-27 08:54:26,467 - experiment_chaotic_lorenz_full_chaotic_run_0 - INFO - Train Epoch 35: [3200/5268 (61.0%)]	Loss: 0.703509
2026-01-27 08:54:45,065 - experiment_chaotic_lorenz_full_chaotic_run_0 - DEBUG - [STABILITY] lyap=0.013, max_norm=11.6, min_std=1.566
2026-01-27 08:54:50,721 - experiment_chaotic_lorenz_full_chaotic_run_0 - INFO - Epoch 35: Train Loss: 0.6578, Train Acc: 0.7971, Val Loss: 1.7282, Val Acc: 0.5344
2026-01-27 08:54:51,276 - experiment_chaotic_lorenz_full_chaotic_run_0 - INFO - Train Epoch 36: [0/5268 (0.0%)]	Loss: 0.582722
2026-01-27 08:55:21,064 - experiment_chaotic_lorenz_full_chaotic_run_0 - DEBUG - [STABILITY] lyap=0.013, max_norm=11.6, min_std=1.582
2026-01-27 08:55:22,510 - experiment_chaotic_lorenz_full_chaotic_run_0 - INFO - Train Epoch 36: [3200/5268 (61.0%)]	Loss: 0.510512
2026-01-27 08:55:46,818 - experiment_chaotic_lorenz_full_chaotic_run_0 - INFO - Epoch 36: Train Loss: 0.6262, Train Acc: 0.8049, Val Loss: 3.1546, Val Acc: 0.3958
2026-01-27 08:55:47,347 - experiment_chaotic_lorenz_full_chaotic_run_0 - INFO - Train Epoch 37: [0/5268 (0.0%)]	Loss: 0.331745
2026-01-27 08:55:57,151 - experiment_chaotic_lorenz_full_chaotic_run_0 - DEBUG - [STABILITY] lyap=0.010, max_norm=10.1, min_std=1.336
2026-01-27 08:56:18,777 - experiment_chaotic_lorenz_full_chaotic_run_0 - INFO - Train Epoch 37: [3200/5268 (61.0%)]	Loss: 0.609575
2026-01-27 08:56:28,581 - experiment_chaotic_lorenz_full_chaotic_run_0 - DEBUG - [STABILITY] lyap=0.010, max_norm=10.0, min_std=1.330
2026-01-27 08:56:42,967 - experiment_chaotic_lorenz_full_chaotic_run_0 - INFO - Epoch 37: Train Loss: 0.5937, Train Acc: 0.8157, Val Loss: 3.7159, Val Acc: 0.2931
2026-01-27 08:56:43,518 - experiment_chaotic_lorenz_full_chaotic_run_0 - INFO - Train Epoch 38: [0/5268 (0.0%)]	Loss: 0.451622
2026-01-27 08:57:04,562 - experiment_chaotic_lorenz_full_chaotic_run_0 - DEBUG - [STABILITY] lyap=0.013, max_norm=11.6, min_std=1.572
2026-01-27 08:57:14,762 - experiment_chaotic_lorenz_full_chaotic_run_0 - INFO - Train Epoch 38: [3200/5268 (61.0%)]	Loss: 0.447228
2026-01-27 08:57:39,082 - experiment_chaotic_lorenz_full_chaotic_run_0 - INFO - Epoch 38: Train Loss: 0.5782, Train Acc: 0.8205, Val Loss: 3.3416, Val Acc: 0.3021
2026-01-27 08:57:39,619 - experiment_chaotic_lorenz_full_chaotic_run_0 - INFO - Train Epoch 39: [0/5268 (0.0%)]	Loss: 0.369232
2026-01-27 08:57:40,684 - experiment_chaotic_lorenz_full_chaotic_run_0 - DEBUG - [STABILITY] lyap=0.015, max_norm=12.5, min_std=1.713
2026-01-27 08:58:02,600 - experiment_chaotic_lorenz_full_chaotic_run_0 - INFO - Initialized experiment: chaotic_lorenz_full_chaotic_run_0
2026-01-27 08:58:02,601 - experiment_chaotic_lorenz_full_chaotic_run_0 - INFO - Device: cuda
2026-01-27 08:58:02,601 - experiment_chaotic_lorenz_full_chaotic_run_0 - INFO - Output directory: /scratch/project_2003370/yueyao/Model/experiments/configs/base_chaotic/full_speaker/experiments/chaotic_lorenz_full_chaotic_run_0
2026-01-27 08:58:02,601 - experiment_chaotic_lorenz_full_chaotic_run_0 - INFO - Initialized chaotic network experiment with lorenz system
2026-01-27 08:58:02,601 - experiment_chaotic_lorenz_full_chaotic_run_0 - INFO - Setting up experiment components...
2026-01-27 08:58:02,601 - experiment_chaotic_lorenz_full_chaotic_run_0 - INFO - Creating dataloaders...
2026-01-27 08:58:10,828 - experiment_chaotic_lorenz_full_chaotic_run_0 - INFO - Train Epoch 39: [3200/5268 (61.0%)]	Loss: 0.490118
2026-01-27 08:58:11,886 - experiment_chaotic_lorenz_full_chaotic_run_0 - DEBUG - [STABILITY] lyap=0.014, max_norm=12.0, min_std=1.638
2026-01-27 08:58:35,062 - experiment_chaotic_lorenz_full_chaotic_run_0 - INFO - Epoch 39: Train Loss: 0.5456, Train Acc: 0.8352, Val Loss: 1.2614, Val Acc: 0.6800
2026-01-27 08:58:35,618 - experiment_chaotic_lorenz_full_chaotic_run_0 - INFO - Train Epoch 40: [0/5268 (0.0%)]	Loss: 0.254797
2026-01-27 08:58:47,901 - experiment_chaotic_lorenz_full_chaotic_run_0 - DEBUG - [STABILITY] lyap=0.013, max_norm=11.5, min_std=1.557
2026-01-27 08:59:06,803 - experiment_chaotic_lorenz_full_chaotic_run_0 - INFO - Train Epoch 40: [3200/5268 (61.0%)]	Loss: 0.394750
2026-01-27 08:59:19,100 - experiment_chaotic_lorenz_full_chaotic_run_0 - DEBUG - [STABILITY] lyap=0.013, max_norm=11.3, min_std=1.515
2026-01-27 08:59:30,998 - experiment_chaotic_lorenz_full_chaotic_run_0 - INFO - Epoch 40: Train Loss: 0.5398, Train Acc: 0.8397, Val Loss: 1.0487, Val Acc: 0.6999
2026-01-27 08:59:31,621 - experiment_chaotic_lorenz_full_chaotic_run_0 - INFO - Train Epoch 41: [0/5268 (0.0%)]	Loss: 0.368260
2026-01-27 08:59:55,125 - experiment_chaotic_lorenz_full_chaotic_run_0 - DEBUG - [STABILITY] lyap=0.013, max_norm=11.5, min_std=1.566
2026-01-27 09:00:02,738 - experiment_chaotic_lorenz_full_chaotic_run_0 - INFO - Train Epoch 41: [3200/5268 (61.0%)]	Loss: 0.444855
2026-01-27 09:00:26,978 - experiment_chaotic_lorenz_full_chaotic_run_0 - INFO - Epoch 41: Train Loss: 0.5290, Train Acc: 0.8335, Val Loss: 5.3751, Val Acc: 0.1805
2026-01-27 09:00:27,504 - experiment_chaotic_lorenz_full_chaotic_run_0 - INFO - Train Epoch 42: [0/5268 (0.0%)]	Loss: 0.332895
2026-01-27 09:00:31,043 - experiment_chaotic_lorenz_full_chaotic_run_0 - DEBUG - [STABILITY] lyap=0.016, max_norm=13.1, min_std=1.793
2026-01-27 09:00:58,658 - experiment_chaotic_lorenz_full_chaotic_run_0 - INFO - Train Epoch 42: [3200/5268 (61.0%)]	Loss: 0.270301
2026-01-27 09:01:02,208 - experiment_chaotic_lorenz_full_chaotic_run_0 - DEBUG - [STABILITY] lyap=0.012, max_norm=10.9, min_std=1.465
2026-01-27 09:01:22,995 - experiment_chaotic_lorenz_full_chaotic_run_0 - INFO - Epoch 42: Train Loss: 0.5128, Train Acc: 0.8434, Val Loss: 1.0501, Val Acc: 0.7059
2026-01-27 09:01:23,073 - experiment_chaotic_lorenz_full_chaotic_run_0 - INFO - Saved new best model at epoch 42
2026-01-27 09:01:23,651 - experiment_chaotic_lorenz_full_chaotic_run_0 - INFO - Train Epoch 43: [0/5268 (0.0%)]	Loss: 0.472493
2026-01-27 09:01:38,428 - experiment_chaotic_lorenz_full_chaotic_run_0 - DEBUG - [STABILITY] lyap=0.013, max_norm=11.7, min_std=1.567
2026-01-27 09:01:45,134 - experiment_chaotic_lorenz_full_chaotic_run_0 - INFO - Detected 251 speakers in dataset
2026-01-27 09:01:45,135 - experiment_chaotic_lorenz_full_chaotic_run_0 - INFO - Dataloaders created:
2026-01-27 09:01:45,135 - experiment_chaotic_lorenz_full_chaotic_run_0 - INFO -   Train: 164 batches
2026-01-27 09:01:45,135 - experiment_chaotic_lorenz_full_chaotic_run_0 - INFO -   Val: 32 batches
2026-01-27 09:01:45,136 - experiment_chaotic_lorenz_full_chaotic_run_0 - INFO -   Test: 40 batches
2026-01-27 09:01:45,136 - experiment_chaotic_lorenz_full_chaotic_run_0 - INFO - Creating model...
2026-01-27 09:01:45,136 - experiment_chaotic_lorenz_full_chaotic_run_0 - INFO - Using actual num_speakers from dataset: 251
2026-01-27 09:01:54,866 - experiment_chaotic_lorenz_full_chaotic_run_0 - INFO - Train Epoch 43: [3200/5268 (61.0%)]	Loss: 0.283757
2026-01-27 09:02:09,674 - experiment_chaotic_lorenz_full_chaotic_run_0 - DEBUG - [STABILITY] lyap=0.013, max_norm=11.8, min_std=1.596
2026-01-27 09:02:16,727 - experiment_chaotic_lorenz_full_chaotic_run_0 - INFO - Total parameters: 578,111
2026-01-27 09:02:16,760 - experiment_chaotic_lorenz_full_chaotic_run_0 - INFO - Trainable parameters: 578,111
2026-01-27 09:02:16,760 - experiment_chaotic_lorenz_full_chaotic_run_0 - INFO - Creating optimizer...
2026-01-27 09:02:19,069 - experiment_chaotic_lorenz_full_chaotic_run_0 - INFO - Optimizer: AdamW
2026-01-27 09:02:19,070 - experiment_chaotic_lorenz_full_chaotic_run_0 - INFO - Creating scheduler...
2026-01-27 09:02:19,070 - experiment_chaotic_lorenz_full_chaotic_run_0 - INFO - Scheduler: CosineAnnealingLR
2026-01-27 09:02:19,070 - experiment_chaotic_lorenz_full_chaotic_run_0 - INFO - Creating criterion...
2026-01-27 09:02:19,070 - experiment_chaotic_lorenz_full_chaotic_run_0 - INFO - Criterion: CrossEntropyLoss
2026-01-27 09:02:19,080 - experiment_chaotic_lorenz_full_chaotic_run_0 - INFO - Epoch 43: Train Loss: 0.5060, Train Acc: 0.8441, Val Loss: 3.7653, Val Acc: 0.2901
2026-01-27 09:02:19,170 - experiment_chaotic_lorenz_full_chaotic_run_0 - INFO - Configuration saved to: /scratch/project_2003370/yueyao/Model/experiments/configs/base_chaotic/full_speaker/experiments/chaotic_lorenz_full_chaotic_run_0/config.json
2026-01-27 09:02:19,172 - experiment_chaotic_lorenz_full_chaotic_run_0 - INFO - Experiment setup completed
2026-01-27 09:02:19,173 - experiment_chaotic_lorenz_full_chaotic_run_0 - INFO - Starting training for 100 epochs
2026-01-27 09:02:19,610 - experiment_chaotic_lorenz_full_chaotic_run_0 - INFO - Train Epoch 44: [0/5268 (0.0%)]	Loss: 0.581024
2026-01-27 09:02:19,962 - experiment_chaotic_lorenz_full_chaotic_run_0 - INFO - 
================================================================================
2026-01-27 09:02:19,964 - experiment_chaotic_lorenz_full_chaotic_run_0 - INFO - COMPREHENSIVE DEBUG - FIRST BATCH
2026-01-27 09:02:19,964 - experiment_chaotic_lorenz_full_chaotic_run_0 - INFO - ================================================================================
2026-01-27 09:02:19,964 - experiment_chaotic_lorenz_full_chaotic_run_0 - INFO - Batch Info:
2026-01-27 09:02:19,964 - experiment_chaotic_lorenz_full_chaotic_run_0 - INFO -   Audio shape: torch.Size([32, 48000])
2026-01-27 09:02:19,964 - experiment_chaotic_lorenz_full_chaotic_run_0 - INFO -   Targets shape: torch.Size([32])
2026-01-27 09:02:19,972 - experiment_chaotic_lorenz_full_chaotic_run_0 - INFO -   Targets (first 8): tensor([248, 137, 192, 109,  94,  26, 184, 245], device='cuda:0')
2026-01-27 09:02:23,376 - experiment_chaotic_lorenz_full_chaotic_run_0 - INFO - ================================================================================

2026-01-27 09:02:23,541 - experiment_chaotic_lorenz_full_chaotic_run_0 - INFO - [STABILITY] Initialized LyapunovStabilityLoss
2026-01-27 09:02:23,590 - experiment_chaotic_lorenz_full_chaotic_run_0 - DEBUG - [STABILITY] lyap=0.100, max_norm=46.7, min_std=5.190
2026-01-27 09:02:24,753 - experiment_chaotic_lorenz_full_chaotic_run_0 - INFO - Train Epoch 0: [0/5268 (0.0%)]	Loss: 7.084491
2026-01-27 09:02:45,665 - experiment_chaotic_lorenz_full_chaotic_run_0 - DEBUG - [STABILITY] lyap=0.015, max_norm=12.5, min_std=1.698
2026-01-27 09:02:49,376 - experiment_chaotic_lorenz_full_chaotic_run_0 - DEBUG - [STABILITY] lyap=0.028, max_norm=30.3, min_std=6.121
2026-01-27 09:02:49,515 - experiment_chaotic_lorenz_full_chaotic_run_0 - INFO - Train Epoch 0: [3200/5268 (61.0%)]	Loss: 5.459017
2026-01-27 09:02:50,873 - experiment_chaotic_lorenz_full_chaotic_run_0 - INFO - Train Epoch 44: [3200/5268 (61.0%)]	Loss: 0.577982
2026-01-27 09:03:13,688 - experiment_chaotic_lorenz_full_chaotic_run_0 - INFO - Epoch 0: Train Loss: 5.9387, Train Acc: 0.0196, Val Loss: 6.9190, Val Acc: 0.0040
2026-01-27 09:03:13,881 - experiment_chaotic_lorenz_full_chaotic_run_0 - INFO - Saved new best model at epoch 0
2026-01-27 09:03:14,436 - experiment_chaotic_lorenz_full_chaotic_run_0 - INFO - Train Epoch 1: [0/5268 (0.0%)]	Loss: 4.610662
2026-01-27 09:03:15,142 - experiment_chaotic_lorenz_full_chaotic_run_0 - INFO - Epoch 44: Train Loss: 0.4832, Train Acc: 0.8497, Val Loss: 6.5464, Val Acc: 0.1157
2026-01-27 09:03:15,676 - experiment_chaotic_lorenz_full_chaotic_run_0 - INFO - Train Epoch 45: [0/5268 (0.0%)]	Loss: 0.737364
2026-01-27 09:03:21,892 - experiment_chaotic_lorenz_full_chaotic_run_0 - DEBUG - [STABILITY] lyap=0.016, max_norm=13.4, min_std=1.848
2026-01-27 09:03:22,928 - experiment_chaotic_lorenz_full_chaotic_run_0 - DEBUG - [STABILITY] lyap=0.024, max_norm=35.4, min_std=7.569
2026-01-27 09:03:38,483 - experiment_chaotic_lorenz_full_chaotic_run_0 - INFO - Train Epoch 1: [3200/5268 (61.0%)]	Loss: 4.238591
2026-01-27 09:03:46,990 - experiment_chaotic_lorenz_full_chaotic_run_0 - INFO - Train Epoch 45: [3200/5268 (61.0%)]	Loss: 0.407072
2026-01-27 09:03:46,991 - experiment_chaotic_lorenz_full_chaotic_run_0 - DEBUG - [STABILITY] lyap=0.026, max_norm=27.5, min_std=5.531
2026-01-27 09:03:53,045 - experiment_chaotic_lorenz_full_chaotic_run_0 - DEBUG - [STABILITY] lyap=0.016, max_norm=13.6, min_std=1.890
2026-01-27 09:03:57,870 - experiment_chaotic_lorenz_full_chaotic_run_0 - INFO - Epoch 1: Train Loss: 4.2666, Train Acc: 0.0804, Val Loss: 6.2866, Val Acc: 0.0279
2026-01-27 09:03:57,953 - experiment_chaotic_lorenz_full_chaotic_run_0 - INFO - Saved new best model at epoch 1
2026-01-27 09:03:58,437 - experiment_chaotic_lorenz_full_chaotic_run_0 - INFO - Train Epoch 2: [0/5268 (0.0%)]	Loss: 3.582674
2026-01-27 09:04:11,261 - experiment_chaotic_lorenz_full_chaotic_run_0 - INFO - Epoch 45: Train Loss: 0.4536, Train Acc: 0.8687, Val Loss: 1.1907, Val Acc: 0.6660
2026-01-27 09:04:11,831 - experiment_chaotic_lorenz_full_chaotic_run_0 - INFO - Train Epoch 46: [0/5268 (0.0%)]	Loss: 0.364176
2026-01-27 09:04:15,939 - experiment_chaotic_lorenz_full_chaotic_run_0 - DEBUG - [STABILITY] lyap=0.025, max_norm=29.0, min_std=5.850
2026-01-27 09:04:23,035 - experiment_chaotic_lorenz_full_chaotic_run_0 - INFO - Train Epoch 2: [3200/5268 (61.0%)]	Loss: 3.233804
2026-01-27 09:04:29,149 - experiment_chaotic_lorenz_full_chaotic_run_0 - DEBUG - [STABILITY] lyap=0.013, max_norm=11.7, min_std=1.575
2026-01-27 09:04:42,712 - experiment_chaotic_lorenz_full_chaotic_run_0 - INFO - Epoch 2: Train Loss: 3.3816, Train Acc: 0.1768, Val Loss: 7.3880, Val Acc: 0.0090
2026-01-27 09:04:43,126 - experiment_chaotic_lorenz_full_chaotic_run_0 - INFO - Train Epoch 46: [3200/5268 (61.0%)]	Loss: 0.312155
2026-01-27 09:04:43,168 - experiment_chaotic_lorenz_full_chaotic_run_0 - INFO - Train Epoch 3: [0/5268 (0.0%)]	Loss: 3.141759
2026-01-27 09:04:45,010 - experiment_chaotic_lorenz_full_chaotic_run_0 - DEBUG - [STABILITY] lyap=0.026, max_norm=26.9, min_std=5.404
2026-01-27 09:05:00,474 - experiment_chaotic_lorenz_full_chaotic_run_0 - DEBUG - [STABILITY] lyap=0.012, max_norm=11.2, min_std=1.511
2026-01-27 09:05:07,305 - experiment_chaotic_lorenz_full_chaotic_run_0 - INFO - Train Epoch 3: [3200/5268 (61.0%)]	Loss: 2.701762
2026-01-27 09:05:07,400 - experiment_chaotic_lorenz_full_chaotic_run_0 - INFO - Epoch 46: Train Loss: 0.4534, Train Acc: 0.8619, Val Loss: 8.6005, Val Acc: 0.0538
2026-01-27 09:05:07,941 - experiment_chaotic_lorenz_full_chaotic_run_0 - INFO - Train Epoch 47: [0/5268 (0.0%)]	Loss: 0.500870
2026-01-27 09:05:09,108 - experiment_chaotic_lorenz_full_chaotic_run_0 - DEBUG - [STABILITY] lyap=0.026, max_norm=27.4, min_std=5.520
2026-01-27 09:05:26,781 - experiment_chaotic_lorenz_full_chaotic_run_0 - INFO - Epoch 3: Train Loss: 2.8279, Train Acc: 0.2593, Val Loss: 7.0332, Val Acc: 0.0329
2026-01-27 09:05:26,858 - experiment_chaotic_lorenz_full_chaotic_run_0 - INFO - Saved new best model at epoch 3
2026-01-27 09:05:27,342 - experiment_chaotic_lorenz_full_chaotic_run_0 - INFO - Train Epoch 4: [0/5268 (0.0%)]	Loss: 2.502957
2026-01-27 09:05:36,449 - experiment_chaotic_lorenz_full_chaotic_run_0 - DEBUG - [STABILITY] lyap=0.014, max_norm=12.1, min_std=1.657
2026-01-27 09:05:37,806 - experiment_chaotic_lorenz_full_chaotic_run_0 - DEBUG - [STABILITY] lyap=0.025, max_norm=27.5, min_std=5.535
2026-01-27 09:05:39,148 - experiment_chaotic_lorenz_full_chaotic_run_0 - INFO - Train Epoch 47: [3200/5268 (61.0%)]	Loss: 0.224834
2026-01-27 09:05:51,403 - experiment_chaotic_lorenz_full_chaotic_run_0 - INFO - Train Epoch 4: [3200/5268 (61.0%)]	Loss: 2.625854
2026-01-27 09:06:01,837 - experiment_chaotic_lorenz_full_chaotic_run_0 - DEBUG - [STABILITY] lyap=0.025, max_norm=27.7, min_std=5.500
2026-01-27 09:06:03,594 - experiment_chaotic_lorenz_full_chaotic_run_0 - INFO - Epoch 47: Train Loss: 0.4411, Train Acc: 0.8668, Val Loss: 7.4458, Val Acc: 0.0798
2026-01-27 09:06:04,191 - experiment_chaotic_lorenz_full_chaotic_run_0 - INFO - Train Epoch 48: [0/5268 (0.0%)]	Loss: 0.388757
2026-01-27 09:06:10,794 - experiment_chaotic_lorenz_full_chaotic_run_0 - INFO - Epoch 4: Train Loss: 2.4435, Train Acc: 0.3373, Val Loss: 8.7099, Val Acc: 0.0160
2026-01-27 09:06:11,242 - experiment_chaotic_lorenz_full_chaotic_run_0 - INFO - Train Epoch 5: [0/5268 (0.0%)]	Loss: 2.205333
2026-01-27 09:06:12,741 - experiment_chaotic_lorenz_full_chaotic_run_0 - DEBUG - [STABILITY] lyap=0.015, max_norm=12.7, min_std=1.724
2026-01-27 09:06:31,358 - experiment_chaotic_lorenz_full_chaotic_run_0 - DEBUG - [STABILITY] lyap=0.025, max_norm=27.0, min_std=5.395
2026-01-27 09:06:35,762 - experiment_chaotic_lorenz_full_chaotic_run_0 - INFO - Train Epoch 48: [3200/5268 (61.0%)]	Loss: 0.438565
2026-01-27 09:06:36,405 - experiment_chaotic_lorenz_full_chaotic_run_0 - INFO - Train Epoch 5: [3200/5268 (61.0%)]	Loss: 2.055518
2026-01-27 09:06:44,449 - experiment_chaotic_lorenz_full_chaotic_run_0 - DEBUG - [STABILITY] lyap=0.015, max_norm=12.8, min_std=1.757
2026-01-27 09:06:55,968 - experiment_chaotic_lorenz_full_chaotic_run_0 - INFO - Epoch 5: Train Loss: 2.2222, Train Acc: 0.3801, Val Loss: 7.1402, Val Acc: 0.0309
2026-01-27 09:06:56,421 - experiment_chaotic_lorenz_full_chaotic_run_0 - INFO - Train Epoch 6: [0/5268 (0.0%)]	Loss: 2.558606
2026-01-27 09:07:00,206 - experiment_chaotic_lorenz_full_chaotic_run_0 - INFO - Epoch 48: Train Loss: 0.4428, Train Acc: 0.8666, Val Loss: 3.5537, Val Acc: 0.3021
2026-01-27 09:07:00,355 - experiment_chaotic_lorenz_full_chaotic_run_0 - DEBUG - [STABILITY] lyap=0.025, max_norm=26.8, min_std=5.355
2026-01-27 09:07:00,906 - experiment_chaotic_lorenz_full_chaotic_run_0 - INFO - Train Epoch 49: [0/5268 (0.0%)]	Loss: 0.496184
2026-01-27 09:07:20,348 - experiment_chaotic_lorenz_full_chaotic_run_0 - DEBUG - [STABILITY] lyap=0.016, max_norm=13.2, min_std=1.822
2026-01-27 09:07:21,348 - experiment_chaotic_lorenz_full_chaotic_run_0 - INFO - Train Epoch 6: [3200/5268 (61.0%)]	Loss: 2.258059
2026-01-27 09:07:25,173 - experiment_chaotic_lorenz_full_chaotic_run_0 - DEBUG - [STABILITY] lyap=0.025, max_norm=26.9, min_std=5.366
2026-01-27 09:07:31,571 - experiment_chaotic_lorenz_full_chaotic_run_0 - INFO - Train Epoch 49: [3200/5268 (61.0%)]	Loss: 0.581541
2026-01-27 09:07:41,214 - experiment_chaotic_lorenz_full_chaotic_run_0 - INFO - Epoch 6: Train Loss: 2.0426, Train Acc: 0.4221, Val Loss: 8.0415, Val Acc: 0.0249
2026-01-27 09:07:41,667 - experiment_chaotic_lorenz_full_chaotic_run_0 - INFO - Train Epoch 7: [0/5268 (0.0%)]	Loss: 1.681635
2026-01-27 09:07:54,430 - experiment_chaotic_lorenz_full_chaotic_run_0 - DEBUG - [STABILITY] lyap=0.025, max_norm=26.7, min_std=5.325
2026-01-27 09:07:55,509 - experiment_chaotic_lorenz_full_chaotic_run_0 - INFO - Epoch 49: Train Loss: 0.4440, Train Acc: 0.8659, Val Loss: 5.6168, Val Acc: 0.1765
2026-01-27 09:07:55,848 - experiment_chaotic_lorenz_full_chaotic_run_0 - DEBUG - [STABILITY] lyap=0.015, max_norm=12.4, min_std=1.682
2026-01-27 09:07:56,038 - experiment_chaotic_lorenz_full_chaotic_run_0 - INFO - Train Epoch 50: [0/5268 (0.0%)]	Loss: 0.345028
2026-01-27 09:08:06,952 - experiment_chaotic_lorenz_full_chaotic_run_0 - INFO - Train Epoch 7: [3200/5268 (61.0%)]	Loss: 2.334498
2026-01-27 09:08:19,888 - experiment_chaotic_lorenz_full_chaotic_run_0 - DEBUG - [STABILITY] lyap=0.026, max_norm=26.1, min_std=5.169
2026-01-27 09:08:26,991 - experiment_chaotic_lorenz_full_chaotic_run_0 - DEBUG - [STABILITY] lyap=0.016, max_norm=13.1, min_std=1.811
2026-01-27 09:08:27,034 - experiment_chaotic_lorenz_full_chaotic_run_0 - INFO - Epoch 7: Train Loss: 1.8573, Train Acc: 0.4691, Val Loss: 7.4140, Val Acc: 0.0279
2026-01-27 09:08:27,186 - experiment_chaotic_lorenz_full_chaotic_run_0 - INFO - Train Epoch 50: [3200/5268 (61.0%)]	Loss: 0.401938
2026-01-27 09:08:27,484 - experiment_chaotic_lorenz_full_chaotic_run_0 - INFO - Train Epoch 8: [0/5268 (0.0%)]	Loss: 1.786660
2026-01-27 09:08:49,069 - experiment_chaotic_lorenz_full_chaotic_run_0 - DEBUG - [STABILITY] lyap=0.026, max_norm=26.1, min_std=5.143
2026-01-27 09:08:51,425 - experiment_chaotic_lorenz_full_chaotic_run_0 - INFO - Epoch 50: Train Loss: 0.4361, Train Acc: 0.8639, Val Loss: 1.3724, Val Acc: 0.6311
2026-01-27 09:08:52,029 - experiment_chaotic_lorenz_full_chaotic_run_0 - INFO - Train Epoch 51: [0/5268 (0.0%)]	Loss: 0.249195
2026-01-27 09:08:52,198 - experiment_chaotic_lorenz_full_chaotic_run_0 - INFO - Train Epoch 8: [3200/5268 (61.0%)]	Loss: 1.534074
2026-01-27 09:09:03,263 - experiment_chaotic_lorenz_full_chaotic_run_0 - DEBUG - [STABILITY] lyap=0.017, max_norm=14.2, min_std=1.927
2026-01-27 09:09:12,294 - experiment_chaotic_lorenz_full_chaotic_run_0 - INFO - Epoch 8: Train Loss: 1.7186, Train Acc: 0.5082, Val Loss: 7.8825, Val Acc: 0.0459
2026-01-27 09:09:12,378 - experiment_chaotic_lorenz_full_chaotic_run_0 - INFO - Saved new best model at epoch 8
2026-01-27 09:09:12,884 - experiment_chaotic_lorenz_full_chaotic_run_0 - INFO - Train Epoch 9: [0/5268 (0.0%)]	Loss: 1.613347
2026-01-27 09:09:18,643 - experiment_chaotic_lorenz_full_chaotic_run_0 - DEBUG - [STABILITY] lyap=0.026, max_norm=26.2, min_std=5.195
2026-01-27 09:09:23,425 - experiment_chaotic_lorenz_full_chaotic_run_0 - INFO - Train Epoch 51: [3200/5268 (61.0%)]	Loss: 0.733103
2026-01-27 09:09:34,472 - experiment_chaotic_lorenz_full_chaotic_run_0 - DEBUG - [STABILITY] lyap=0.016, max_norm=13.5, min_std=1.864
2026-01-27 09:09:37,523 - experiment_chaotic_lorenz_full_chaotic_run_0 - INFO - Train Epoch 9: [3200/5268 (61.0%)]	Loss: 1.751911
2026-01-27 09:09:43,267 - experiment_chaotic_lorenz_full_chaotic_run_0 - DEBUG - [STABILITY] lyap=0.026, max_norm=26.4, min_std=5.214
2026-01-27 09:09:47,775 - experiment_chaotic_lorenz_full_chaotic_run_0 - INFO - Epoch 51: Train Loss: 0.4041, Train Acc: 0.8828, Val Loss: 6.3836, Val Acc: 0.1256
2026-01-27 09:09:48,307 - experiment_chaotic_lorenz_full_chaotic_run_0 - INFO - Train Epoch 52: [0/5268 (0.0%)]	Loss: 0.458890
2026-01-27 09:09:57,361 - experiment_chaotic_lorenz_full_chaotic_run_0 - INFO - Epoch 9: Train Loss: 1.6190, Train Acc: 0.5335, Val Loss: 8.5102, Val Acc: 0.0299
2026-01-27 09:09:57,807 - experiment_chaotic_lorenz_full_chaotic_run_0 - INFO - Train Epoch 10: [0/5268 (0.0%)]	Loss: 1.268271
2026-01-27 09:10:10,608 - experiment_chaotic_lorenz_full_chaotic_run_0 - DEBUG - [STABILITY] lyap=0.017, max_norm=13.8, min_std=1.920
2026-01-27 09:10:12,838 - experiment_chaotic_lorenz_full_chaotic_run_0 - DEBUG - [STABILITY] lyap=0.025, max_norm=26.7, min_std=5.280
2026-01-27 09:10:19,548 - experiment_chaotic_lorenz_full_chaotic_run_0 - INFO - Train Epoch 52: [3200/5268 (61.0%)]	Loss: 0.271319
2026-01-27 09:10:22,982 - experiment_chaotic_lorenz_full_chaotic_run_0 - INFO - Train Epoch 10: [3200/5268 (61.0%)]	Loss: 1.370889
2026-01-27 09:10:37,881 - experiment_chaotic_lorenz_full_chaotic_run_0 - DEBUG - [STABILITY] lyap=0.025, max_norm=26.3, min_std=5.221
2026-01-27 09:10:43,020 - experiment_chaotic_lorenz_full_chaotic_run_0 - INFO - Epoch 10: Train Loss: 1.5413, Train Acc: 0.5450, Val Loss: 6.8811, Val Acc: 0.0618
2026-01-27 09:10:43,102 - experiment_chaotic_lorenz_full_chaotic_run_0 - INFO - Saved new best model at epoch 10
2026-01-27 09:10:43,693 - experiment_chaotic_lorenz_full_chaotic_run_0 - INFO - Train Epoch 11: [0/5268 (0.0%)]	Loss: 1.352879
2026-01-27 09:10:43,757 - experiment_chaotic_lorenz_full_chaotic_run_0 - INFO - Epoch 52: Train Loss: 0.3794, Train Acc: 0.8891, Val Loss: 1.3414, Val Acc: 0.6530
2026-01-27 09:10:44,301 - experiment_chaotic_lorenz_full_chaotic_run_0 - INFO - Train Epoch 53: [0/5268 (0.0%)]	Loss: 0.580996
2026-01-27 09:10:46,608 - experiment_chaotic_lorenz_full_chaotic_run_0 - DEBUG - [STABILITY] lyap=0.016, max_norm=13.4, min_std=1.865
2026-01-27 09:11:07,175 - experiment_chaotic_lorenz_full_chaotic_run_0 - DEBUG - [STABILITY] lyap=0.026, max_norm=26.2, min_std=5.190
2026-01-27 09:11:08,306 - experiment_chaotic_lorenz_full_chaotic_run_0 - INFO - Train Epoch 11: [3200/5268 (61.0%)]	Loss: 1.597841
2026-01-27 09:11:15,491 - experiment_chaotic_lorenz_full_chaotic_run_0 - INFO - Train Epoch 53: [3200/5268 (61.0%)]	Loss: 0.363023
2026-01-27 09:11:17,805 - experiment_chaotic_lorenz_full_chaotic_run_0 - DEBUG - [STABILITY] lyap=0.015, max_norm=12.8, min_std=1.735
2026-01-27 09:11:28,252 - experiment_chaotic_lorenz_full_chaotic_run_0 - INFO - Epoch 11: Train Loss: 1.4640, Train Acc: 0.5657, Val Loss: 6.7967, Val Acc: 0.0748
2026-01-27 09:11:28,347 - experiment_chaotic_lorenz_full_chaotic_run_0 - INFO - Saved new best model at epoch 11
2026-01-27 09:11:28,861 - experiment_chaotic_lorenz_full_chaotic_run_0 - INFO - Train Epoch 12: [0/5268 (0.0%)]	Loss: 1.414988
2026-01-27 09:11:36,397 - experiment_chaotic_lorenz_full_chaotic_run_0 - DEBUG - [STABILITY] lyap=0.026, max_norm=26.1, min_std=5.157
2026-01-27 09:11:39,748 - experiment_chaotic_lorenz_full_chaotic_run_0 - INFO - Epoch 53: Train Loss: 0.3868, Train Acc: 0.8853, Val Loss: 1.1403, Val Acc: 0.6969
2026-01-27 09:11:40,284 - experiment_chaotic_lorenz_full_chaotic_run_0 - INFO - Train Epoch 54: [0/5268 (0.0%)]	Loss: 0.183020
2026-01-27 09:11:52,813 - experiment_chaotic_lorenz_full_chaotic_run_0 - INFO - Train Epoch 12: [3200/5268 (61.0%)]	Loss: 1.022764
2026-01-27 09:11:53,861 - experiment_chaotic_lorenz_full_chaotic_run_0 - DEBUG - [STABILITY] lyap=0.015, max_norm=12.9, min_std=1.761
2026-01-27 09:12:00,347 - experiment_chaotic_lorenz_full_chaotic_run_0 - DEBUG - [STABILITY] lyap=0.026, max_norm=25.8, min_std=5.102
2026-01-27 09:12:11,594 - experiment_chaotic_lorenz_full_chaotic_run_0 - INFO - Train Epoch 54: [3200/5268 (61.0%)]	Loss: 0.530481
2026-01-27 09:12:12,170 - experiment_chaotic_lorenz_full_chaotic_run_0 - INFO - Epoch 12: Train Loss: 1.3365, Train Acc: 0.6052, Val Loss: 8.5401, Val Acc: 0.0389
2026-01-27 09:12:12,620 - experiment_chaotic_lorenz_full_chaotic_run_0 - INFO - Train Epoch 13: [0/5268 (0.0%)]	Loss: 1.050029
2026-01-27 09:12:25,179 - experiment_chaotic_lorenz_full_chaotic_run_0 - DEBUG - [STABILITY] lyap=0.016, max_norm=13.2, min_std=1.825
2026-01-27 09:12:29,167 - experiment_chaotic_lorenz_full_chaotic_run_0 - DEBUG - [STABILITY] lyap=0.025, max_norm=27.4, min_std=5.401
2026-01-27 09:12:35,880 - experiment_chaotic_lorenz_full_chaotic_run_0 - INFO - Epoch 54: Train Loss: 0.3925, Train Acc: 0.8801, Val Loss: 1.2335, Val Acc: 0.6810
2026-01-27 09:12:36,414 - experiment_chaotic_lorenz_full_chaotic_run_0 - INFO - Train Epoch 55: [0/5268 (0.0%)]	Loss: 0.391379
2026-01-27 09:12:37,347 - experiment_chaotic_lorenz_full_chaotic_run_0 - INFO - Train Epoch 13: [3200/5268 (61.0%)]	Loss: 1.266695
2026-01-27 09:12:57,102 - experiment_chaotic_lorenz_full_chaotic_run_0 - INFO - Epoch 13: Train Loss: 1.3056, Train Acc: 0.6094, Val Loss: 7.9052, Val Acc: 0.0469
2026-01-27 09:12:57,558 - experiment_chaotic_lorenz_full_chaotic_run_0 - INFO - Train Epoch 14: [0/5268 (0.0%)]	Loss: 1.154515
2026-01-27 09:12:58,406 - experiment_chaotic_lorenz_full_chaotic_run_0 - DEBUG - [STABILITY] lyap=0.025, max_norm=25.9, min_std=5.115
2026-01-27 09:13:01,342 - experiment_chaotic_lorenz_full_chaotic_run_0 - DEBUG - [STABILITY] lyap=0.018, max_norm=14.8, min_std=2.022
2026-01-27 09:13:07,775 - experiment_chaotic_lorenz_full_chaotic_run_0 - INFO - Train Epoch 55: [3200/5268 (61.0%)]	Loss: 0.361178
2026-01-27 09:13:22,035 - experiment_chaotic_lorenz_full_chaotic_run_0 - INFO - Train Epoch 14: [3200/5268 (61.0%)]	Loss: 1.432034
2026-01-27 09:13:22,866 - experiment_chaotic_lorenz_full_chaotic_run_0 - DEBUG - [STABILITY] lyap=0.025, max_norm=25.9, min_std=5.111
2026-01-27 09:13:32,071 - experiment_chaotic_lorenz_full_chaotic_run_0 - INFO - Epoch 55: Train Loss: 0.3625, Train Acc: 0.8954, Val Loss: 0.8975, Val Acc: 0.7448
2026-01-27 09:13:32,153 - experiment_chaotic_lorenz_full_chaotic_run_0 - INFO - Saved new best model at epoch 55
2026-01-27 09:13:32,709 - experiment_chaotic_lorenz_full_chaotic_run_0 - INFO - Train Epoch 56: [0/5268 (0.0%)]	Loss: 0.314761
2026-01-27 09:13:37,509 - experiment_chaotic_lorenz_full_chaotic_run_0 - DEBUG - [STABILITY] lyap=0.017, max_norm=14.2, min_std=1.982
2026-01-27 09:13:41,401 - experiment_chaotic_lorenz_full_chaotic_run_0 - INFO - Epoch 14: Train Loss: 1.2449, Train Acc: 0.6351, Val Loss: 8.8658, Val Acc: 0.0219
2026-01-27 09:13:41,853 - experiment_chaotic_lorenz_full_chaotic_run_0 - INFO - Train Epoch 15: [0/5268 (0.0%)]	Loss: 0.991765
2026-01-27 09:13:51,512 - experiment_chaotic_lorenz_full_chaotic_run_0 - DEBUG - [STABILITY] lyap=0.025, max_norm=26.1, min_std=5.158
2026-01-27 09:14:03,924 - experiment_chaotic_lorenz_full_chaotic_run_0 - INFO - Train Epoch 56: [3200/5268 (61.0%)]	Loss: 0.249321
2026-01-27 09:14:06,239 - experiment_chaotic_lorenz_full_chaotic_run_0 - INFO - Train Epoch 15: [3200/5268 (61.0%)]	Loss: 0.869499
2026-01-27 09:14:08,734 - experiment_chaotic_lorenz_full_chaotic_run_0 - DEBUG - [STABILITY] lyap=0.016, max_norm=13.2, min_std=1.819
2026-01-27 09:14:15,711 - experiment_chaotic_lorenz_full_chaotic_run_0 - DEBUG - [STABILITY] lyap=0.025, max_norm=26.0, min_std=5.126
2026-01-27 09:14:25,604 - experiment_chaotic_lorenz_full_chaotic_run_0 - INFO - Epoch 15: Train Loss: 1.1880, Train Acc: 0.6433, Val Loss: 11.2160, Val Acc: 0.0100
2026-01-27 09:14:26,060 - experiment_chaotic_lorenz_full_chaotic_run_0 - INFO - Train Epoch 16: [0/5268 (0.0%)]	Loss: 0.940316
2026-01-27 09:14:28,157 - experiment_chaotic_lorenz_full_chaotic_run_0 - INFO - Epoch 56: Train Loss: 0.3504, Train Acc: 0.8965, Val Loss: 1.7368, Val Acc: 0.5733
2026-01-27 09:14:28,679 - experiment_chaotic_lorenz_full_chaotic_run_0 - INFO - Train Epoch 57: [0/5268 (0.0%)]	Loss: 0.159798
2026-01-27 09:14:44,531 - experiment_chaotic_lorenz_full_chaotic_run_0 - DEBUG - [STABILITY] lyap=0.026, max_norm=25.7, min_std=5.067
2026-01-27 09:14:44,696 - experiment_chaotic_lorenz_full_chaotic_run_0 - DEBUG - [STABILITY] lyap=0.016, max_norm=13.6, min_std=1.888
2026-01-27 09:14:50,545 - experiment_chaotic_lorenz_full_chaotic_run_0 - INFO - Train Epoch 16: [3200/5268 (61.0%)]	Loss: 0.878480
2026-01-27 09:14:59,863 - experiment_chaotic_lorenz_full_chaotic_run_0 - INFO - Train Epoch 57: [3200/5268 (61.0%)]	Loss: 0.215814
2026-01-27 09:15:10,224 - experiment_chaotic_lorenz_full_chaotic_run_0 - INFO - Epoch 16: Train Loss: 1.1249, Train Acc: 0.6637, Val Loss: 10.2481, Val Acc: 0.0199
2026-01-27 09:15:10,678 - experiment_chaotic_lorenz_full_chaotic_run_0 - INFO - Train Epoch 17: [0/5268 (0.0%)]	Loss: 1.152042
2026-01-27 09:15:13,477 - experiment_chaotic_lorenz_full_chaotic_run_0 - DEBUG - [STABILITY] lyap=0.026, max_norm=25.9, min_std=5.123
2026-01-27 09:15:15,893 - experiment_chaotic_lorenz_full_chaotic_run_0 - DEBUG - [STABILITY] lyap=0.016, max_norm=13.5, min_std=1.884
2026-01-27 09:15:24,068 - experiment_chaotic_lorenz_full_chaotic_run_0 - INFO - Epoch 57: Train Loss: 0.3559, Train Acc: 0.8981, Val Loss: 8.3344, Val Acc: 0.0678
2026-01-27 09:15:24,613 - experiment_chaotic_lorenz_full_chaotic_run_0 - INFO - Train Epoch 58: [0/5268 (0.0%)]	Loss: 0.238199
2026-01-27 09:15:35,194 - experiment_chaotic_lorenz_full_chaotic_run_0 - INFO - Train Epoch 17: [3200/5268 (61.0%)]	Loss: 0.818672
2026-01-27 09:15:38,001 - experiment_chaotic_lorenz_full_chaotic_run_0 - DEBUG - [STABILITY] lyap=0.026, max_norm=26.1, min_std=5.164
2026-01-27 09:15:52,143 - experiment_chaotic_lorenz_full_chaotic_run_0 - DEBUG - [STABILITY] lyap=0.018, max_norm=14.3, min_std=2.016
2026-01-27 09:15:54,895 - experiment_chaotic_lorenz_full_chaotic_run_0 - INFO - Epoch 17: Train Loss: 1.0976, Train Acc: 0.6734, Val Loss: 8.9388, Val Acc: 0.0299
2026-01-27 09:15:55,347 - experiment_chaotic_lorenz_full_chaotic_run_0 - INFO - Train Epoch 18: [0/5268 (0.0%)]	Loss: 1.003454
2026-01-27 09:15:56,115 - experiment_chaotic_lorenz_full_chaotic_run_0 - INFO - Train Epoch 58: [3200/5268 (61.0%)]	Loss: 0.331111
2026-01-27 09:16:07,151 - experiment_chaotic_lorenz_full_chaotic_run_0 - DEBUG - [STABILITY] lyap=0.025, max_norm=25.9, min_std=5.118
2026-01-27 09:16:20,015 - experiment_chaotic_lorenz_full_chaotic_run_0 - INFO - Train Epoch 18: [3200/5268 (61.0%)]	Loss: 1.165846
2026-01-27 09:16:20,514 - experiment_chaotic_lorenz_full_chaotic_run_0 - INFO - Epoch 58: Train Loss: 0.3552, Train Acc: 0.8941, Val Loss: 1.5250, Val Acc: 0.6231
2026-01-27 09:16:21,105 - experiment_chaotic_lorenz_full_chaotic_run_0 - INFO - Train Epoch 59: [0/5268 (0.0%)]	Loss: 0.237560
2026-01-27 09:16:28,456 - experiment_chaotic_lorenz_full_chaotic_run_0 - DEBUG - [STABILITY] lyap=0.019, max_norm=15.3, min_std=2.157
2026-01-27 09:16:31,644 - experiment_chaotic_lorenz_full_chaotic_run_0 - DEBUG - [STABILITY] lyap=0.025, max_norm=25.9, min_std=5.122
2026-01-27 09:16:39,659 - experiment_chaotic_lorenz_full_chaotic_run_0 - INFO - Epoch 18: Train Loss: 1.0702, Train Acc: 0.6825, Val Loss: 7.6326, Val Acc: 0.0618
2026-01-27 09:16:40,111 - experiment_chaotic_lorenz_full_chaotic_run_0 - INFO - Train Epoch 19: [0/5268 (0.0%)]	Loss: 0.652230
2026-01-27 09:16:52,556 - experiment_chaotic_lorenz_full_chaotic_run_0 - INFO - Train Epoch 59: [3200/5268 (61.0%)]	Loss: 0.318225
2026-01-27 09:16:59,914 - experiment_chaotic_lorenz_full_chaotic_run_0 - DEBUG - [STABILITY] lyap=0.019, max_norm=15.1, min_std=2.139
2026-01-27 09:17:00,524 - experiment_chaotic_lorenz_full_chaotic_run_0 - DEBUG - [STABILITY] lyap=0.026, max_norm=25.9, min_std=5.117
2026-01-27 09:17:04,578 - experiment_chaotic_lorenz_full_chaotic_run_0 - INFO - Train Epoch 19: [3200/5268 (61.0%)]	Loss: 1.106853
2026-01-27 09:17:17,162 - experiment_chaotic_lorenz_full_chaotic_run_0 - INFO - Epoch 59: Train Loss: 0.3355, Train Acc: 0.9047, Val Loss: 3.1269, Val Acc: 0.3878
2026-01-27 09:17:17,730 - experiment_chaotic_lorenz_full_chaotic_run_0 - INFO - Train Epoch 60: [0/5268 (0.0%)]	Loss: 0.470515
2026-01-27 09:17:24,252 - experiment_chaotic_lorenz_full_chaotic_run_0 - INFO - Epoch 19: Train Loss: 1.0200, Train Acc: 0.6904, Val Loss: 9.1329, Val Acc: 0.0199
2026-01-27 09:17:24,700 - experiment_chaotic_lorenz_full_chaotic_run_0 - INFO - Train Epoch 20: [0/5268 (0.0%)]	Loss: 0.709531
2026-01-27 09:17:29,367 - experiment_chaotic_lorenz_full_chaotic_run_0 - DEBUG - [STABILITY] lyap=0.025, max_norm=25.7, min_std=5.063
2026-01-27 09:17:35,949 - experiment_chaotic_lorenz_full_chaotic_run_0 - DEBUG - [STABILITY] lyap=0.018, max_norm=14.9, min_std=2.120
2026-01-27 09:17:48,415 - experiment_chaotic_lorenz_full_chaotic_run_0 - INFO - Train Epoch 60: [3200/5268 (61.0%)]	Loss: 0.318425
2026-01-27 09:17:48,696 - experiment_chaotic_lorenz_full_chaotic_run_0 - INFO - Train Epoch 20: [3200/5268 (61.0%)]	Loss: 1.560831
2026-01-27 09:17:53,367 - experiment_chaotic_lorenz_full_chaotic_run_0 - DEBUG - [STABILITY] lyap=0.025, max_norm=25.6, min_std=5.053
2026-01-27 09:18:06,643 - experiment_chaotic_lorenz_full_chaotic_run_0 - DEBUG - [STABILITY] lyap=0.019, max_norm=15.4, min_std=2.198
2026-01-27 09:18:08,055 - experiment_chaotic_lorenz_full_chaotic_run_0 - INFO - Epoch 20: Train Loss: 0.9837, Train Acc: 0.7071, Val Loss: 9.4832, Val Acc: 0.0179
2026-01-27 09:18:08,592 - experiment_chaotic_lorenz_full_chaotic_run_0 - INFO - Train Epoch 21: [0/5268 (0.0%)]	Loss: 0.882843
2026-01-27 09:18:12,287 - experiment_chaotic_lorenz_full_chaotic_run_0 - INFO - Epoch 60: Train Loss: 0.3219, Train Acc: 0.9078, Val Loss: 1.5715, Val Acc: 0.6062
2026-01-27 09:18:12,900 - experiment_chaotic_lorenz_full_chaotic_run_0 - INFO - Train Epoch 61: [0/5268 (0.0%)]	Loss: 0.392736
2026-01-27 09:18:22,147 - experiment_chaotic_lorenz_full_chaotic_run_0 - DEBUG - [STABILITY] lyap=0.025, max_norm=26.0, min_std=5.150
2026-01-27 09:18:33,241 - experiment_chaotic_lorenz_full_chaotic_run_0 - INFO - Train Epoch 21: [3200/5268 (61.0%)]	Loss: 1.009037
2026-01-27 09:18:42,678 - experiment_chaotic_lorenz_full_chaotic_run_0 - DEBUG - [STABILITY] lyap=0.019, max_norm=15.2, min_std=2.127
2026-01-27 09:18:44,120 - experiment_chaotic_lorenz_full_chaotic_run_0 - INFO - Train Epoch 61: [3200/5268 (61.0%)]	Loss: 0.261921
2026-01-27 09:18:46,614 - experiment_chaotic_lorenz_full_chaotic_run_0 - DEBUG - [STABILITY] lyap=0.025, max_norm=26.0, min_std=5.128
2026-01-27 09:18:53,078 - experiment_chaotic_lorenz_full_chaotic_run_0 - INFO - Epoch 21: Train Loss: 0.9416, Train Acc: 0.7125, Val Loss: 7.5120, Val Acc: 0.0528
2026-01-27 09:18:53,525 - experiment_chaotic_lorenz_full_chaotic_run_0 - INFO - Train Epoch 22: [0/5268 (0.0%)]	Loss: 1.169808
2026-01-27 09:19:08,508 - experiment_chaotic_lorenz_full_chaotic_run_0 - INFO - Epoch 61: Train Loss: 0.3189, Train Acc: 0.9103, Val Loss: 1.2384, Val Acc: 0.6720
2026-01-27 09:19:09,035 - experiment_chaotic_lorenz_full_chaotic_run_0 - INFO - Train Epoch 62: [0/5268 (0.0%)]	Loss: 0.281045
2026-01-27 09:19:16,571 - experiment_chaotic_lorenz_full_chaotic_run_0 - DEBUG - [STABILITY] lyap=0.025, max_norm=26.4, min_std=5.228
2026-01-27 09:19:18,718 - experiment_chaotic_lorenz_full_chaotic_run_0 - INFO - Train Epoch 22: [3200/5268 (61.0%)]	Loss: 1.159176
2026-01-27 09:19:18,840 - experiment_chaotic_lorenz_full_chaotic_run_0 - DEBUG - [STABILITY] lyap=0.019, max_norm=15.7, min_std=2.252
2026-01-27 09:19:38,748 - experiment_chaotic_lorenz_full_chaotic_run_0 - INFO - Epoch 22: Train Loss: 0.9220, Train Acc: 0.7359, Val Loss: 9.6078, Val Acc: 0.0259
2026-01-27 09:19:39,229 - experiment_chaotic_lorenz_full_chaotic_run_0 - INFO - Train Epoch 23: [0/5268 (0.0%)]	Loss: 0.791340
2026-01-27 09:19:40,276 - experiment_chaotic_lorenz_full_chaotic_run_0 - INFO - Train Epoch 62: [3200/5268 (61.0%)]	Loss: 0.246029
2026-01-27 09:19:45,976 - experiment_chaotic_lorenz_full_chaotic_run_0 - DEBUG - [STABILITY] lyap=0.024, max_norm=27.5, min_std=5.524
2026-01-27 09:19:50,286 - experiment_chaotic_lorenz_full_chaotic_run_0 - DEBUG - [STABILITY] lyap=0.019, max_norm=15.7, min_std=2.270
2026-01-27 09:20:03,829 - experiment_chaotic_lorenz_full_chaotic_run_0 - INFO - Train Epoch 23: [3200/5268 (61.0%)]	Loss: 0.691656
2026-01-27 09:20:04,686 - experiment_chaotic_lorenz_full_chaotic_run_0 - INFO - Epoch 62: Train Loss: 0.3152, Train Acc: 0.9070, Val Loss: 0.9938, Val Acc: 0.7178
2026-01-27 09:20:05,239 - experiment_chaotic_lorenz_full_chaotic_run_0 - INFO - Train Epoch 63: [0/5268 (0.0%)]	Loss: 0.202676
2026-01-27 09:20:10,696 - experiment_chaotic_lorenz_full_chaotic_run_0 - DEBUG - [STABILITY] lyap=0.024, max_norm=27.7, min_std=5.635
2026-01-27 09:20:23,976 - experiment_chaotic_lorenz_full_chaotic_run_0 - INFO - Epoch 23: Train Loss: 0.8917, Train Acc: 0.7302, Val Loss: 7.6588, Val Acc: 0.0618
2026-01-27 09:20:24,432 - experiment_chaotic_lorenz_full_chaotic_run_0 - INFO - Train Epoch 24: [0/5268 (0.0%)]	Loss: 0.762374
2026-01-27 09:20:26,149 - experiment_chaotic_lorenz_full_chaotic_run_0 - DEBUG - [STABILITY] lyap=0.019, max_norm=15.0, min_std=2.162
2026-01-27 09:20:36,271 - experiment_chaotic_lorenz_full_chaotic_run_0 - INFO - Train Epoch 63: [3200/5268 (61.0%)]	Loss: 0.415919
2026-01-27 09:20:39,962 - experiment_chaotic_lorenz_full_chaotic_run_0 - DEBUG - [STABILITY] lyap=0.025, max_norm=26.6, min_std=5.293
2026-01-27 09:20:48,910 - experiment_chaotic_lorenz_full_chaotic_run_0 - INFO - Train Epoch 24: [3200/5268 (61.0%)]	Loss: 0.743534
2026-01-27 09:21:00,407 - experiment_chaotic_lorenz_full_chaotic_run_0 - INFO - Epoch 63: Train Loss: 0.3163, Train Acc: 0.9051, Val Loss: 0.6049, Val Acc: 0.8395
2026-01-27 09:21:00,500 - experiment_chaotic_lorenz_full_chaotic_run_0 - INFO - Saved new best model at epoch 63
2026-01-27 09:21:01,059 - experiment_chaotic_lorenz_full_chaotic_run_0 - INFO - Train Epoch 64: [0/5268 (0.0%)]	Loss: 0.385865
2026-01-27 09:21:02,120 - experiment_chaotic_lorenz_full_chaotic_run_0 - DEBUG - [STABILITY] lyap=0.019, max_norm=15.5, min_std=2.234
2026-01-27 09:21:08,393 - experiment_chaotic_lorenz_full_chaotic_run_0 - INFO - Epoch 24: Train Loss: 0.9002, Train Acc: 0.7302, Val Loss: 8.9165, Val Acc: 0.0369
2026-01-27 09:21:08,712 - experiment_chaotic_lorenz_full_chaotic_run_0 - DEBUG - [STABILITY] lyap=0.025, max_norm=26.3, min_std=5.214
2026-01-27 09:21:08,847 - experiment_chaotic_lorenz_full_chaotic_run_0 - INFO - Train Epoch 25: [0/5268 (0.0%)]	Loss: 0.615961
2026-01-27 09:21:32,294 - experiment_chaotic_lorenz_full_chaotic_run_0 - INFO - Train Epoch 64: [3200/5268 (61.0%)]	Loss: 0.260461
2026-01-27 09:21:33,370 - experiment_chaotic_lorenz_full_chaotic_run_0 - DEBUG - [STABILITY] lyap=0.019, max_norm=15.3, min_std=2.200
2026-01-27 09:21:33,644 - experiment_chaotic_lorenz_full_chaotic_run_0 - DEBUG - [STABILITY] lyap=0.025, max_norm=25.8, min_std=5.100
2026-01-27 09:21:33,782 - experiment_chaotic_lorenz_full_chaotic_run_0 - INFO - Train Epoch 25: [3200/5268 (61.0%)]	Loss: 1.022232
2026-01-27 09:21:53,460 - experiment_chaotic_lorenz_full_chaotic_run_0 - INFO - Epoch 25: Train Loss: 0.8303, Train Acc: 0.7513, Val Loss: 7.2533, Val Acc: 0.0798
2026-01-27 09:21:53,543 - experiment_chaotic_lorenz_full_chaotic_run_0 - INFO - Saved new best model at epoch 25
2026-01-27 09:21:54,254 - experiment_chaotic_lorenz_full_chaotic_run_0 - INFO - Train Epoch 26: [0/5268 (0.0%)]	Loss: 1.089354
2026-01-27 09:21:56,577 - experiment_chaotic_lorenz_full_chaotic_run_0 - INFO - Epoch 64: Train Loss: 0.3062, Train Acc: 0.9133, Val Loss: 1.5518, Val Acc: 0.6002
2026-01-27 09:21:57,127 - experiment_chaotic_lorenz_full_chaotic_run_0 - INFO - Train Epoch 65: [0/5268 (0.0%)]	Loss: 0.375586
2026-01-27 09:22:02,919 - experiment_chaotic_lorenz_full_chaotic_run_0 - DEBUG - [STABILITY] lyap=0.025, max_norm=26.1, min_std=5.177
2026-01-27 09:22:09,412 - experiment_chaotic_lorenz_full_chaotic_run_0 - DEBUG - [STABILITY] lyap=0.019, max_norm=15.4, min_std=2.216
2026-01-27 09:22:18,712 - experiment_chaotic_lorenz_full_chaotic_run_0 - INFO - Train Epoch 26: [3200/5268 (61.0%)]	Loss: 0.872627
2026-01-27 09:22:27,398 - experiment_chaotic_lorenz_full_chaotic_run_0 - DEBUG - [STABILITY] lyap=0.025, max_norm=26.8, min_std=5.315
2026-01-27 09:22:28,340 - experiment_chaotic_lorenz_full_chaotic_run_0 - INFO - Train Epoch 65: [3200/5268 (61.0%)]	Loss: 0.174919
2026-01-27 09:22:38,472 - experiment_chaotic_lorenz_full_chaotic_run_0 - INFO - Epoch 26: Train Loss: 0.8285, Train Acc: 0.7468, Val Loss: 10.5027, Val Acc: 0.0169
2026-01-27 09:22:38,926 - experiment_chaotic_lorenz_full_chaotic_run_0 - INFO - Train Epoch 27: [0/5268 (0.0%)]	Loss: 1.238089
2026-01-27 09:22:40,628 - experiment_chaotic_lorenz_full_chaotic_run_0 - DEBUG - [STABILITY] lyap=0.020, max_norm=15.8, min_std=2.284
2026-01-27 09:22:52,622 - experiment_chaotic_lorenz_full_chaotic_run_0 - INFO - Epoch 65: Train Loss: 0.2952, Train Acc: 0.9160, Val Loss: 2.1273, Val Acc: 0.5234
2026-01-27 09:22:53,152 - experiment_chaotic_lorenz_full_chaotic_run_0 - INFO - Train Epoch 66: [0/5268 (0.0%)]	Loss: 0.194037
2026-01-27 09:22:56,508 - experiment_chaotic_lorenz_full_chaotic_run_0 - DEBUG - [STABILITY] lyap=0.025, max_norm=25.9, min_std=5.128
2026-01-27 09:23:03,508 - experiment_chaotic_lorenz_full_chaotic_run_0 - INFO - Train Epoch 27: [3200/5268 (61.0%)]	Loss: 0.450180
2026-01-27 09:23:16,606 - experiment_chaotic_lorenz_full_chaotic_run_0 - DEBUG - [STABILITY] lyap=0.020, max_norm=15.8, min_std=2.287
2026-01-27 09:23:23,167 - experiment_chaotic_lorenz_full_chaotic_run_0 - INFO - Epoch 27: Train Loss: 0.7733, Train Acc: 0.7660, Val Loss: 10.4501, Val Acc: 0.0199
2026-01-27 09:23:23,678 - experiment_chaotic_lorenz_full_chaotic_run_0 - INFO - Train Epoch 28: [0/5268 (0.0%)]	Loss: 1.053179
2026-01-27 09:23:24,490 - experiment_chaotic_lorenz_full_chaotic_run_0 - INFO - Train Epoch 66: [3200/5268 (61.0%)]	Loss: 0.172152
2026-01-27 09:23:25,519 - experiment_chaotic_lorenz_full_chaotic_run_0 - DEBUG - [STABILITY] lyap=0.024, max_norm=28.1, min_std=5.673
2026-01-27 09:23:48,497 - experiment_chaotic_lorenz_full_chaotic_run_0 - INFO - Train Epoch 28: [3200/5268 (61.0%)]	Loss: 0.620973
2026-01-27 09:23:48,798 - experiment_chaotic_lorenz_full_chaotic_run_0 - INFO - Epoch 66: Train Loss: 0.2898, Train Acc: 0.9156, Val Loss: 2.6630, Val Acc: 0.4317
2026-01-27 09:23:49,362 - experiment_chaotic_lorenz_full_chaotic_run_0 - INFO - Train Epoch 67: [0/5268 (0.0%)]	Loss: 0.508342
2026-01-27 09:23:50,397 - experiment_chaotic_lorenz_full_chaotic_run_0 - DEBUG - [STABILITY] lyap=0.024, max_norm=27.0, min_std=5.405
2026-01-27 09:23:52,878 - experiment_chaotic_lorenz_full_chaotic_run_0 - DEBUG - [STABILITY] lyap=0.019, max_norm=15.5, min_std=2.231
2026-01-27 09:24:08,450 - experiment_chaotic_lorenz_full_chaotic_run_0 - INFO - Epoch 28: Train Loss: 0.7489, Train Acc: 0.7746, Val Loss: 7.6965, Val Acc: 0.0698
2026-01-27 09:24:09,054 - experiment_chaotic_lorenz_full_chaotic_run_0 - INFO - Train Epoch 29: [0/5268 (0.0%)]	Loss: 0.424187
2026-01-27 09:24:19,901 - experiment_chaotic_lorenz_full_chaotic_run_0 - DEBUG - [STABILITY] lyap=0.024, max_norm=27.7, min_std=5.611
2026-01-27 09:24:20,269 - experiment_chaotic_lorenz_full_chaotic_run_0 - INFO - Train Epoch 67: [3200/5268 (61.0%)]	Loss: 0.219305
2026-01-27 09:24:23,793 - experiment_chaotic_lorenz_full_chaotic_run_0 - DEBUG - [STABILITY] lyap=0.020, max_norm=15.7, min_std=2.267
2026-01-27 09:24:34,185 - experiment_chaotic_lorenz_full_chaotic_run_0 - INFO - Train Epoch 29: [3200/5268 (61.0%)]	Loss: 0.461854
2026-01-27 09:24:44,274 - experiment_chaotic_lorenz_full_chaotic_run_0 - INFO - Epoch 67: Train Loss: 0.2860, Train Acc: 0.9169, Val Loss: 4.5014, Val Acc: 0.2323
2026-01-27 09:24:44,814 - experiment_chaotic_lorenz_full_chaotic_run_0 - INFO - Train Epoch 68: [0/5268 (0.0%)]	Loss: 0.214969
2026-01-27 09:24:45,126 - experiment_chaotic_lorenz_full_chaotic_run_0 - DEBUG - [STABILITY] lyap=0.024, max_norm=26.8, min_std=5.369
2026-01-27 09:24:54,432 - experiment_chaotic_lorenz_full_chaotic_run_0 - INFO - Epoch 29: Train Loss: 0.7228, Train Acc: 0.7748, Val Loss: 8.5808, Val Acc: 0.0538
2026-01-27 09:24:54,886 - experiment_chaotic_lorenz_full_chaotic_run_0 - INFO - Train Epoch 30: [0/5268 (0.0%)]	Loss: 0.621552
2026-01-27 09:24:59,513 - experiment_chaotic_lorenz_full_chaotic_run_0 - DEBUG - [STABILITY] lyap=0.020, max_norm=16.2, min_std=2.343
2026-01-27 09:25:14,545 - experiment_chaotic_lorenz_full_chaotic_run_0 - DEBUG - [STABILITY] lyap=0.024, max_norm=26.2, min_std=5.216
2026-01-27 09:25:15,845 - experiment_chaotic_lorenz_full_chaotic_run_0 - INFO - Train Epoch 68: [3200/5268 (61.0%)]	Loss: 0.192412
2026-01-27 09:25:19,606 - experiment_chaotic_lorenz_full_chaotic_run_0 - INFO - Train Epoch 30: [3200/5268 (61.0%)]	Loss: 0.840253
2026-01-27 09:25:30,560 - experiment_chaotic_lorenz_full_chaotic_run_0 - DEBUG - [STABILITY] lyap=0.019, max_norm=15.2, min_std=2.191
2026-01-27 09:25:39,331 - experiment_chaotic_lorenz_full_chaotic_run_0 - INFO - Epoch 30: Train Loss: 0.7024, Train Acc: 0.7868, Val Loss: 8.8760, Val Acc: 0.0389
2026-01-27 09:25:40,001 - experiment_chaotic_lorenz_full_chaotic_run_0 - INFO - Train Epoch 31: [0/5268 (0.0%)]	Loss: 1.131972
2026-01-27 09:25:40,163 - experiment_chaotic_lorenz_full_chaotic_run_0 - INFO - Epoch 68: Train Loss: 0.2696, Train Acc: 0.9223, Val Loss: 2.0101, Val Acc: 0.5424
2026-01-27 09:25:40,698 - experiment_chaotic_lorenz_full_chaotic_run_0 - INFO - Train Epoch 69: [0/5268 (0.0%)]	Loss: 0.439760
2026-01-27 09:25:43,853 - experiment_chaotic_lorenz_full_chaotic_run_0 - DEBUG - [STABILITY] lyap=0.025, max_norm=26.2, min_std=5.204
2026-01-27 09:26:04,604 - experiment_chaotic_lorenz_full_chaotic_run_0 - INFO - Train Epoch 31: [3200/5268 (61.0%)]	Loss: 0.577391
2026-01-27 09:26:06,449 - experiment_chaotic_lorenz_full_chaotic_run_0 - DEBUG - [STABILITY] lyap=0.020, max_norm=15.8, min_std=2.287
2026-01-27 09:26:08,417 - experiment_chaotic_lorenz_full_chaotic_run_0 - DEBUG - [STABILITY] lyap=0.025, max_norm=26.1, min_std=5.187
2026-01-27 09:26:11,568 - experiment_chaotic_lorenz_full_chaotic_run_0 - INFO - Train Epoch 69: [3200/5268 (61.0%)]	Loss: 0.262272
2026-01-27 09:26:24,535 - experiment_chaotic_lorenz_full_chaotic_run_0 - INFO - Epoch 31: Train Loss: 0.6791, Train Acc: 0.7908, Val Loss: 10.1398, Val Acc: 0.0169
2026-01-27 09:26:25,073 - experiment_chaotic_lorenz_full_chaotic_run_0 - INFO - Train Epoch 32: [0/5268 (0.0%)]	Loss: 0.902176
2026-01-27 09:26:35,490 - experiment_chaotic_lorenz_full_chaotic_run_0 - INFO - Epoch 69: Train Loss: 0.2699, Train Acc: 0.9263, Val Loss: 0.8339, Val Acc: 0.7717
2026-01-27 09:26:36,078 - experiment_chaotic_lorenz_full_chaotic_run_0 - INFO - Train Epoch 70: [0/5268 (0.0%)]	Loss: 0.192744
2026-01-27 09:26:37,892 - experiment_chaotic_lorenz_full_chaotic_run_0 - DEBUG - [STABILITY] lyap=0.025, max_norm=25.7, min_std=5.086
2026-01-27 09:26:42,098 - experiment_chaotic_lorenz_full_chaotic_run_0 - DEBUG - [STABILITY] lyap=0.020, max_norm=16.1, min_std=2.352
2026-01-27 09:26:49,819 - experiment_chaotic_lorenz_full_chaotic_run_0 - INFO - Train Epoch 32: [3200/5268 (61.0%)]	Loss: 0.625027
2026-01-27 09:27:02,483 - experiment_chaotic_lorenz_full_chaotic_run_0 - DEBUG - [STABILITY] lyap=0.025, max_norm=25.8, min_std=5.086
2026-01-27 09:27:07,199 - experiment_chaotic_lorenz_full_chaotic_run_0 - INFO - Train Epoch 70: [3200/5268 (61.0%)]	Loss: 0.220090
2026-01-27 09:27:09,679 - experiment_chaotic_lorenz_full_chaotic_run_0 - INFO - Epoch 32: Train Loss: 0.6710, Train Acc: 0.7976, Val Loss: 6.7903, Val Acc: 0.0977
2026-01-27 09:27:09,764 - experiment_chaotic_lorenz_full_chaotic_run_0 - INFO - Saved new best model at epoch 32
2026-01-27 09:27:10,273 - experiment_chaotic_lorenz_full_chaotic_run_0 - INFO - Train Epoch 33: [0/5268 (0.0%)]	Loss: 0.663541
2026-01-27 09:27:13,260 - experiment_chaotic_lorenz_full_chaotic_run_0 - DEBUG - [STABILITY] lyap=0.020, max_norm=16.3, min_std=2.376
2026-01-27 09:27:31,663 - experiment_chaotic_lorenz_full_chaotic_run_0 - INFO - Epoch 70: Train Loss: 0.2681, Train Acc: 0.9209, Val Loss: 4.4047, Val Acc: 0.2602
2026-01-27 09:27:32,292 - experiment_chaotic_lorenz_full_chaotic_run_0 - INFO - Train Epoch 71: [0/5268 (0.0%)]	Loss: 0.214213
2026-01-27 09:27:49,586 - experiment_chaotic_lorenz_full_chaotic_run_0 - DEBUG - [STABILITY] lyap=0.020, max_norm=16.4, min_std=2.404
2026-01-27 09:28:03,534 - experiment_chaotic_lorenz_full_chaotic_run_0 - INFO - Train Epoch 71: [3200/5268 (61.0%)]	Loss: 0.265672
2026-01-27 09:28:20,872 - experiment_chaotic_lorenz_full_chaotic_run_0 - DEBUG - [STABILITY] lyap=0.020, max_norm=16.4, min_std=2.379
2026-01-27 09:28:27,865 - experiment_chaotic_lorenz_full_chaotic_run_0 - INFO - Epoch 71: Train Loss: 0.2652, Train Acc: 0.9223, Val Loss: 2.7655, Val Acc: 0.4217
2026-01-27 09:28:28,392 - experiment_chaotic_lorenz_full_chaotic_run_0 - INFO - Train Epoch 72: [0/5268 (0.0%)]	Loss: 0.268562
2026-01-27 09:28:56,934 - experiment_chaotic_lorenz_full_chaotic_run_0 - DEBUG - [STABILITY] lyap=0.022, max_norm=17.5, min_std=2.596
2026-01-27 09:28:59,598 - experiment_chaotic_lorenz_full_chaotic_run_0 - INFO - Train Epoch 72: [3200/5268 (61.0%)]	Loss: 0.295652
2026-01-27 09:29:23,695 - experiment_chaotic_lorenz_full_chaotic_run_0 - INFO - Epoch 72: Train Loss: 0.2583, Train Acc: 0.9303, Val Loss: 0.4865, Val Acc: 0.8764
2026-01-27 09:29:23,776 - experiment_chaotic_lorenz_full_chaotic_run_0 - INFO - Saved new best model at epoch 72
2026-01-27 09:29:24,369 - experiment_chaotic_lorenz_full_chaotic_run_0 - INFO - Train Epoch 73: [0/5268 (0.0%)]	Loss: 0.439483
2026-01-27 09:29:32,915 - experiment_chaotic_lorenz_full_chaotic_run_0 - DEBUG - [STABILITY] lyap=0.021, max_norm=16.8, min_std=2.455
2026-01-27 09:29:55,589 - experiment_chaotic_lorenz_full_chaotic_run_0 - INFO - Train Epoch 73: [3200/5268 (61.0%)]	Loss: 0.061993
2026-01-27 09:30:04,142 - experiment_chaotic_lorenz_full_chaotic_run_0 - DEBUG - [STABILITY] lyap=0.021, max_norm=16.8, min_std=2.456
2026-01-27 09:30:20,091 - experiment_chaotic_lorenz_full_chaotic_run_0 - INFO - Epoch 73: Train Loss: 0.2541, Train Acc: 0.9299, Val Loss: 2.2137, Val Acc: 0.5204
2026-01-27 09:30:20,610 - experiment_chaotic_lorenz_full_chaotic_run_0 - INFO - Train Epoch 74: [0/5268 (0.0%)]	Loss: 0.269950
2026-01-27 09:30:40,234 - experiment_chaotic_lorenz_full_chaotic_run_0 - DEBUG - [STABILITY] lyap=0.021, max_norm=17.0, min_std=2.506
2026-01-27 09:30:51,555 - experiment_chaotic_lorenz_full_chaotic_run_0 - INFO - Train Epoch 74: [3200/5268 (61.0%)]	Loss: 0.218764
2026-01-27 09:31:15,572 - experiment_chaotic_lorenz_full_chaotic_run_0 - INFO - Epoch 74: Train Loss: 0.2640, Train Acc: 0.9253, Val Loss: 0.3732, Val Acc: 0.8903
2026-01-27 09:31:15,653 - experiment_chaotic_lorenz_full_chaotic_run_0 - INFO - Saved new best model at epoch 74
2026-01-27 09:31:16,030 - experiment_chaotic_lorenz_full_chaotic_run_0 - DEBUG - [STABILITY] lyap=0.021, max_norm=16.7, min_std=2.460
2026-01-27 09:31:16,220 - experiment_chaotic_lorenz_full_chaotic_run_0 - INFO - Train Epoch 75: [0/5268 (0.0%)]	Loss: 0.257616
2026-01-27 09:31:47,240 - experiment_chaotic_lorenz_full_chaotic_run_0 - DEBUG - [STABILITY] lyap=0.021, max_norm=16.5, min_std=2.434
2026-01-27 09:31:47,434 - experiment_chaotic_lorenz_full_chaotic_run_0 - INFO - Train Epoch 75: [3200/5268 (61.0%)]	Loss: 0.222944
2026-01-27 09:32:11,582 - experiment_chaotic_lorenz_full_chaotic_run_0 - INFO - Epoch 75: Train Loss: 0.2421, Train Acc: 0.9343, Val Loss: 0.3519, Val Acc: 0.8923
2026-01-27 09:32:11,662 - experiment_chaotic_lorenz_full_chaotic_run_0 - INFO - Saved new best model at epoch 75
2026-01-27 09:32:12,237 - experiment_chaotic_lorenz_full_chaotic_run_0 - INFO - Train Epoch 76: [0/5268 (0.0%)]	Loss: 0.181008
2026-01-27 09:32:23,271 - experiment_chaotic_lorenz_full_chaotic_run_0 - DEBUG - [STABILITY] lyap=0.021, max_norm=17.3, min_std=2.569
2026-01-27 09:32:43,424 - experiment_chaotic_lorenz_full_chaotic_run_0 - INFO - Train Epoch 76: [3200/5268 (61.0%)]	Loss: 0.228885
2026-01-27 09:32:54,464 - experiment_chaotic_lorenz_full_chaotic_run_0 - DEBUG - [STABILITY] lyap=0.021, max_norm=16.6, min_std=2.449
2026-01-27 09:33:07,592 - experiment_chaotic_lorenz_full_chaotic_run_0 - INFO - Epoch 76: Train Loss: 0.2316, Train Acc: 0.9360, Val Loss: 1.3538, Val Acc: 0.6610
2026-01-27 09:33:08,149 - experiment_chaotic_lorenz_full_chaotic_run_0 - INFO - Train Epoch 77: [0/5268 (0.0%)]	Loss: 0.311402
2026-01-27 09:33:30,412 - experiment_chaotic_lorenz_full_chaotic_run_0 - DEBUG - [STABILITY] lyap=0.021, max_norm=16.7, min_std=2.458
2026-01-27 09:33:39,338 - experiment_chaotic_lorenz_full_chaotic_run_0 - INFO - Train Epoch 77: [3200/5268 (61.0%)]	Loss: 0.191439
2026-01-27 09:34:03,753 - experiment_chaotic_lorenz_full_chaotic_run_0 - INFO - Epoch 77: Train Loss: 0.2354, Train Acc: 0.9360, Val Loss: 0.5166, Val Acc: 0.8524
2026-01-27 09:34:04,314 - experiment_chaotic_lorenz_full_chaotic_run_0 - INFO - Train Epoch 78: [0/5268 (0.0%)]	Loss: 0.218325
2026-01-27 09:34:06,629 - experiment_chaotic_lorenz_full_chaotic_run_0 - DEBUG - [STABILITY] lyap=0.021, max_norm=16.9, min_std=2.480
2026-01-27 09:34:35,590 - experiment_chaotic_lorenz_full_chaotic_run_0 - INFO - Train Epoch 78: [3200/5268 (61.0%)]	Loss: 0.260441
2026-01-27 09:34:37,900 - experiment_chaotic_lorenz_full_chaotic_run_0 - DEBUG - [STABILITY] lyap=0.021, max_norm=16.7, min_std=2.452
2026-01-27 09:34:59,809 - experiment_chaotic_lorenz_full_chaotic_run_0 - INFO - Epoch 78: Train Loss: 0.2334, Train Acc: 0.9392, Val Loss: 0.7557, Val Acc: 0.7956
2026-01-27 09:35:00,339 - experiment_chaotic_lorenz_full_chaotic_run_0 - INFO - Train Epoch 79: [0/5268 (0.0%)]	Loss: 0.199974
2026-01-27 09:35:13,816 - experiment_chaotic_lorenz_full_chaotic_run_0 - DEBUG - [STABILITY] lyap=0.021, max_norm=16.9, min_std=2.486
2026-01-27 09:35:31,332 - experiment_chaotic_lorenz_full_chaotic_run_0 - INFO - Train Epoch 79: [3200/5268 (61.0%)]	Loss: 0.269199
2026-01-27 09:35:44,758 - experiment_chaotic_lorenz_full_chaotic_run_0 - DEBUG - [STABILITY] lyap=0.021, max_norm=16.9, min_std=2.507
2026-01-27 09:35:55,394 - experiment_chaotic_lorenz_full_chaotic_run_0 - INFO - Epoch 79: Train Loss: 0.2234, Train Acc: 0.9394, Val Loss: 1.5821, Val Acc: 0.6231
2026-01-27 09:35:55,929 - experiment_chaotic_lorenz_full_chaotic_run_0 - INFO - Train Epoch 80: [0/5268 (0.0%)]	Loss: 0.134007
2026-01-27 09:36:20,716 - experiment_chaotic_lorenz_full_chaotic_run_0 - DEBUG - [STABILITY] lyap=0.021, max_norm=17.1, min_std=2.533
2026-01-27 09:36:27,142 - experiment_chaotic_lorenz_full_chaotic_run_0 - INFO - Train Epoch 80: [3200/5268 (61.0%)]	Loss: 0.149818
2026-01-27 09:36:51,304 - experiment_chaotic_lorenz_full_chaotic_run_0 - INFO - Epoch 80: Train Loss: 0.2229, Train Acc: 0.9407, Val Loss: 0.4543, Val Acc: 0.8714
2026-01-27 09:36:51,911 - experiment_chaotic_lorenz_full_chaotic_run_0 - INFO - Train Epoch 81: [0/5268 (0.0%)]	Loss: 0.226260
2026-01-27 09:36:56,732 - experiment_chaotic_lorenz_full_chaotic_run_0 - DEBUG - [STABILITY] lyap=0.021, max_norm=17.2, min_std=2.555
2026-01-27 09:37:23,140 - experiment_chaotic_lorenz_full_chaotic_run_0 - INFO - Train Epoch 81: [3200/5268 (61.0%)]	Loss: 0.182887
2026-01-27 09:37:27,904 - experiment_chaotic_lorenz_full_chaotic_run_0 - DEBUG - [STABILITY] lyap=0.022, max_norm=17.7, min_std=2.647
2026-01-27 09:37:47,232 - experiment_chaotic_lorenz_full_chaotic_run_0 - INFO - Epoch 81: Train Loss: 0.2130, Train Acc: 0.9421, Val Loss: 2.1056, Val Acc: 0.5155
2026-01-27 09:37:47,784 - experiment_chaotic_lorenz_full_chaotic_run_0 - INFO - Train Epoch 82: [0/5268 (0.0%)]	Loss: 0.243346
2026-01-27 09:38:03,543 - experiment_chaotic_lorenz_full_chaotic_run_0 - DEBUG - [STABILITY] lyap=0.022, max_norm=17.6, min_std=2.624
2026-01-27 09:38:18,462 - experiment_chaotic_lorenz_full_chaotic_run_0 - INFO - Train Epoch 82: [3200/5268 (61.0%)]	Loss: 0.198478
2026-01-27 09:38:34,239 - experiment_chaotic_lorenz_full_chaotic_run_0 - DEBUG - [STABILITY] lyap=0.022, max_norm=18.0, min_std=2.667
2026-01-27 09:38:42,350 - experiment_chaotic_lorenz_full_chaotic_run_0 - INFO - Epoch 82: Train Loss: 0.2268, Train Acc: 0.9419, Val Loss: 0.6369, Val Acc: 0.8285
2026-01-27 09:38:42,886 - experiment_chaotic_lorenz_full_chaotic_run_0 - INFO - Train Epoch 83: [0/5268 (0.0%)]	Loss: 0.237056
2026-01-27 09:39:10,287 - experiment_chaotic_lorenz_full_chaotic_run_0 - DEBUG - [STABILITY] lyap=0.022, max_norm=17.8, min_std=2.650
2026-01-27 09:39:14,254 - experiment_chaotic_lorenz_full_chaotic_run_0 - INFO - Train Epoch 83: [3200/5268 (61.0%)]	Loss: 0.209990
2026-01-27 09:39:38,616 - experiment_chaotic_lorenz_full_chaotic_run_0 - INFO - Epoch 83: Train Loss: 0.2173, Train Acc: 0.9413, Val Loss: 0.7468, Val Acc: 0.7976
2026-01-27 09:39:39,143 - experiment_chaotic_lorenz_full_chaotic_run_0 - INFO - Train Epoch 84: [0/5268 (0.0%)]	Loss: 0.309002
2026-01-27 09:39:46,451 - experiment_chaotic_lorenz_full_chaotic_run_0 - DEBUG - [STABILITY] lyap=0.022, max_norm=17.8, min_std=2.655
2026-01-27 09:40:10,573 - experiment_chaotic_lorenz_full_chaotic_run_0 - INFO - Train Epoch 84: [3200/5268 (61.0%)]	Loss: 0.141798
2026-01-27 09:40:17,937 - experiment_chaotic_lorenz_full_chaotic_run_0 - DEBUG - [STABILITY] lyap=0.022, max_norm=18.2, min_std=2.724
2026-01-27 09:40:34,961 - experiment_chaotic_lorenz_full_chaotic_run_0 - INFO - Epoch 84: Train Loss: 0.2085, Train Acc: 0.9432, Val Loss: 0.5866, Val Acc: 0.8405
2026-01-27 09:40:35,500 - experiment_chaotic_lorenz_full_chaotic_run_0 - INFO - Train Epoch 85: [0/5268 (0.0%)]	Loss: 0.276243
2026-01-27 09:40:54,054 - experiment_chaotic_lorenz_full_chaotic_run_0 - DEBUG - [STABILITY] lyap=0.022, max_norm=18.2, min_std=2.719
2026-01-27 09:41:06,731 - experiment_chaotic_lorenz_full_chaotic_run_0 - INFO - Train Epoch 85: [3200/5268 (61.0%)]	Loss: 0.367023
2026-01-27 09:41:25,320 - experiment_chaotic_lorenz_full_chaotic_run_0 - DEBUG - [STABILITY] lyap=0.022, max_norm=18.1, min_std=2.700
2026-01-27 09:41:30,952 - experiment_chaotic_lorenz_full_chaotic_run_0 - INFO - Epoch 85: Train Loss: 0.2256, Train Acc: 0.9385, Val Loss: 0.6786, Val Acc: 0.8046
2026-01-27 09:41:31,478 - experiment_chaotic_lorenz_full_chaotic_run_0 - INFO - Train Epoch 86: [0/5268 (0.0%)]	Loss: 0.263919
2026-01-27 09:42:01,223 - experiment_chaotic_lorenz_full_chaotic_run_0 - DEBUG - [STABILITY] lyap=0.022, max_norm=18.1, min_std=2.717
2026-01-27 09:42:02,660 - experiment_chaotic_lorenz_full_chaotic_run_0 - INFO - Train Epoch 86: [3200/5268 (61.0%)]	Loss: 0.101628
2026-01-27 09:42:26,969 - experiment_chaotic_lorenz_full_chaotic_run_0 - INFO - Epoch 86: Train Loss: 0.2130, Train Acc: 0.9440, Val Loss: 0.6366, Val Acc: 0.8255
2026-01-27 09:42:27,506 - experiment_chaotic_lorenz_full_chaotic_run_0 - INFO - Train Epoch 87: [0/5268 (0.0%)]	Loss: 0.169673
2026-01-27 09:42:37,309 - experiment_chaotic_lorenz_full_chaotic_run_0 - DEBUG - [STABILITY] lyap=0.023, max_norm=18.4, min_std=2.762
2026-01-27 09:42:58,766 - experiment_chaotic_lorenz_full_chaotic_run_0 - INFO - Train Epoch 87: [3200/5268 (61.0%)]	Loss: 0.317462
2026-01-27 09:43:08,575 - experiment_chaotic_lorenz_full_chaotic_run_0 - DEBUG - [STABILITY] lyap=0.023, max_norm=18.3, min_std=2.757
2026-01-27 09:43:23,032 - experiment_chaotic_lorenz_full_chaotic_run_0 - INFO - Epoch 87: Train Loss: 0.2062, Train Acc: 0.9442, Val Loss: 0.3216, Val Acc: 0.9093
2026-01-27 09:43:23,113 - experiment_chaotic_lorenz_full_chaotic_run_0 - INFO - Saved new best model at epoch 87
2026-01-27 09:43:23,729 - experiment_chaotic_lorenz_full_chaotic_run_0 - INFO - Train Epoch 88: [0/5268 (0.0%)]	Loss: 0.166390
2026-01-27 09:43:44,704 - experiment_chaotic_lorenz_full_chaotic_run_0 - DEBUG - [STABILITY] lyap=0.023, max_norm=18.5, min_std=2.788
2026-01-27 09:43:54,879 - experiment_chaotic_lorenz_full_chaotic_run_0 - INFO - Train Epoch 88: [3200/5268 (61.0%)]	Loss: 0.236525
2026-01-27 09:44:19,083 - experiment_chaotic_lorenz_full_chaotic_run_0 - INFO - Epoch 88: Train Loss: 0.2132, Train Acc: 0.9423, Val Loss: 0.3064, Val Acc: 0.9103
2026-01-27 09:44:19,166 - experiment_chaotic_lorenz_full_chaotic_run_0 - INFO - Saved new best model at epoch 88
2026-01-27 09:44:19,740 - experiment_chaotic_lorenz_full_chaotic_run_0 - INFO - Train Epoch 89: [0/5268 (0.0%)]	Loss: 0.299993
2026-01-27 09:44:20,801 - experiment_chaotic_lorenz_full_chaotic_run_0 - DEBUG - [STABILITY] lyap=0.023, max_norm=18.4, min_std=2.772
2026-01-27 09:44:51,163 - experiment_chaotic_lorenz_full_chaotic_run_0 - INFO - Train Epoch 89: [3200/5268 (61.0%)]	Loss: 0.376569
2026-01-27 09:44:52,218 - experiment_chaotic_lorenz_full_chaotic_run_0 - DEBUG - [STABILITY] lyap=0.023, max_norm=18.5, min_std=2.760
2026-01-27 09:45:15,539 - experiment_chaotic_lorenz_full_chaotic_run_0 - INFO - Epoch 89: Train Loss: 0.2111, Train Acc: 0.9425, Val Loss: 0.3778, Val Acc: 0.8933
2026-01-27 09:45:16,082 - experiment_chaotic_lorenz_full_chaotic_run_0 - INFO - Train Epoch 90: [0/5268 (0.0%)]	Loss: 0.125710
2026-01-27 09:45:28,431 - experiment_chaotic_lorenz_full_chaotic_run_0 - DEBUG - [STABILITY] lyap=0.023, max_norm=18.4, min_std=2.774
2026-01-27 09:45:47,413 - experiment_chaotic_lorenz_full_chaotic_run_0 - INFO - Train Epoch 90: [3200/5268 (61.0%)]	Loss: 0.168566
2026-01-27 09:45:59,730 - experiment_chaotic_lorenz_full_chaotic_run_0 - DEBUG - [STABILITY] lyap=0.023, max_norm=18.7, min_std=2.811
2026-01-27 09:46:11,640 - experiment_chaotic_lorenz_full_chaotic_run_0 - INFO - Epoch 90: Train Loss: 0.2032, Train Acc: 0.9449, Val Loss: 0.3575, Val Acc: 0.8953
2026-01-27 09:46:12,290 - experiment_chaotic_lorenz_full_chaotic_run_0 - INFO - Train Epoch 91: [0/5268 (0.0%)]	Loss: 0.271189
2026-01-27 09:46:35,845 - experiment_chaotic_lorenz_full_chaotic_run_0 - DEBUG - [STABILITY] lyap=0.023, max_norm=18.7, min_std=2.823
2026-01-27 09:46:43,537 - experiment_chaotic_lorenz_full_chaotic_run_0 - INFO - Train Epoch 91: [3200/5268 (61.0%)]	Loss: 0.150189
2026-01-27 09:47:07,744 - experiment_chaotic_lorenz_full_chaotic_run_0 - INFO - Epoch 91: Train Loss: 0.2030, Train Acc: 0.9480, Val Loss: 0.2909, Val Acc: 0.9163
2026-01-27 09:47:07,825 - experiment_chaotic_lorenz_full_chaotic_run_0 - INFO - Saved new best model at epoch 91
2026-01-27 09:47:08,420 - experiment_chaotic_lorenz_full_chaotic_run_0 - INFO - Train Epoch 92: [0/5268 (0.0%)]	Loss: 0.060556
2026-01-27 09:47:11,964 - experiment_chaotic_lorenz_full_chaotic_run_0 - DEBUG - [STABILITY] lyap=0.023, max_norm=18.6, min_std=2.809
2026-01-27 09:47:39,647 - experiment_chaotic_lorenz_full_chaotic_run_0 - INFO - Train Epoch 92: [3200/5268 (61.0%)]	Loss: 0.151491
2026-01-27 09:47:43,203 - experiment_chaotic_lorenz_full_chaotic_run_0 - DEBUG - [STABILITY] lyap=0.023, max_norm=18.7, min_std=2.814
2026-01-27 09:48:03,882 - experiment_chaotic_lorenz_full_chaotic_run_0 - INFO - Epoch 92: Train Loss: 0.1977, Train Acc: 0.9484, Val Loss: 0.3476, Val Acc: 0.8953
2026-01-27 09:48:04,455 - experiment_chaotic_lorenz_full_chaotic_run_0 - INFO - Train Epoch 93: [0/5268 (0.0%)]	Loss: 0.254767
2026-01-27 09:48:19,141 - experiment_chaotic_lorenz_full_chaotic_run_0 - DEBUG - [STABILITY] lyap=0.023, max_norm=18.6, min_std=2.779
2026-01-27 09:48:35,634 - experiment_chaotic_lorenz_full_chaotic_run_0 - INFO - Train Epoch 93: [3200/5268 (61.0%)]	Loss: 0.408170
2026-01-27 09:48:50,321 - experiment_chaotic_lorenz_full_chaotic_run_0 - DEBUG - [STABILITY] lyap=0.023, max_norm=18.5, min_std=2.789
2026-01-27 09:48:59,734 - experiment_chaotic_lorenz_full_chaotic_run_0 - INFO - Epoch 93: Train Loss: 0.2041, Train Acc: 0.9430, Val Loss: 0.2986, Val Acc: 0.9143
2026-01-27 09:49:00,305 - experiment_chaotic_lorenz_full_chaotic_run_0 - INFO - Train Epoch 94: [0/5268 (0.0%)]	Loss: 0.249335
2026-01-27 09:49:26,126 - experiment_chaotic_lorenz_full_chaotic_run_0 - DEBUG - [STABILITY] lyap=0.023, max_norm=18.4, min_std=2.781
2026-01-27 09:49:31,266 - experiment_chaotic_lorenz_full_chaotic_run_0 - INFO - Train Epoch 94: [3200/5268 (61.0%)]	Loss: 0.265650
2026-01-27 09:49:55,384 - experiment_chaotic_lorenz_full_chaotic_run_0 - INFO - Epoch 94: Train Loss: 0.2021, Train Acc: 0.9497, Val Loss: 0.3104, Val Acc: 0.9023
2026-01-27 09:49:55,917 - experiment_chaotic_lorenz_full_chaotic_run_0 - INFO - Train Epoch 95: [0/5268 (0.0%)]	Loss: 0.252020
2026-01-27 09:50:01,917 - experiment_chaotic_lorenz_full_chaotic_run_0 - DEBUG - [STABILITY] lyap=0.023, max_norm=18.3, min_std=2.754
2026-01-27 09:50:26,889 - experiment_chaotic_lorenz_full_chaotic_run_0 - INFO - Train Epoch 95: [3200/5268 (61.0%)]	Loss: 0.074253
2026-01-27 09:50:32,889 - experiment_chaotic_lorenz_full_chaotic_run_0 - DEBUG - [STABILITY] lyap=0.023, max_norm=18.3, min_std=2.736
2026-01-27 09:50:50,953 - experiment_chaotic_lorenz_full_chaotic_run_0 - INFO - Epoch 95: Train Loss: 0.1989, Train Acc: 0.9487, Val Loss: 0.2907, Val Acc: 0.9172
2026-01-27 09:50:51,033 - experiment_chaotic_lorenz_full_chaotic_run_0 - INFO - Saved new best model at epoch 95
2026-01-27 09:50:51,627 - experiment_chaotic_lorenz_full_chaotic_run_0 - INFO - Train Epoch 96: [0/5268 (0.0%)]	Loss: 0.276824
2026-01-27 09:51:08,770 - experiment_chaotic_lorenz_full_chaotic_run_0 - DEBUG - [STABILITY] lyap=0.023, max_norm=18.4, min_std=2.743
2026-01-27 09:51:22,583 - experiment_chaotic_lorenz_full_chaotic_run_0 - INFO - Train Epoch 96: [3200/5268 (61.0%)]	Loss: 0.190436
2026-01-27 09:51:39,728 - experiment_chaotic_lorenz_full_chaotic_run_0 - DEBUG - [STABILITY] lyap=0.023, max_norm=18.3, min_std=2.741
2026-01-27 09:51:46,620 - experiment_chaotic_lorenz_full_chaotic_run_0 - INFO - Epoch 96: Train Loss: 0.1957, Train Acc: 0.9497, Val Loss: 0.2893, Val Acc: 0.9222
2026-01-27 09:51:46,699 - experiment_chaotic_lorenz_full_chaotic_run_0 - INFO - Saved new best model at epoch 96
2026-01-27 09:51:47,333 - experiment_chaotic_lorenz_full_chaotic_run_0 - INFO - Train Epoch 97: [0/5268 (0.0%)]	Loss: 0.201364
2026-01-27 09:52:15,886 - experiment_chaotic_lorenz_full_chaotic_run_0 - DEBUG - [STABILITY] lyap=0.023, max_norm=18.3, min_std=2.756
2026-01-27 09:52:18,573 - experiment_chaotic_lorenz_full_chaotic_run_0 - INFO - Train Epoch 97: [3200/5268 (61.0%)]	Loss: 0.146830
2026-01-27 09:52:42,791 - experiment_chaotic_lorenz_full_chaotic_run_0 - INFO - Epoch 97: Train Loss: 0.2022, Train Acc: 0.9447, Val Loss: 0.2767, Val Acc: 0.9212
2026-01-27 09:52:43,315 - experiment_chaotic_lorenz_full_chaotic_run_0 - INFO - Train Epoch 98: [0/5268 (0.0%)]	Loss: 0.361695
2026-01-27 09:52:51,890 - experiment_chaotic_lorenz_full_chaotic_run_0 - DEBUG - [STABILITY] lyap=0.023, max_norm=18.4, min_std=2.763
2026-01-27 09:53:14,749 - experiment_chaotic_lorenz_full_chaotic_run_0 - INFO - Train Epoch 98: [3200/5268 (61.0%)]	Loss: 0.140196
2026-01-27 09:53:23,303 - experiment_chaotic_lorenz_full_chaotic_run_0 - DEBUG - [STABILITY] lyap=0.023, max_norm=18.4, min_std=2.760
2026-01-27 09:53:38,878 - experiment_chaotic_lorenz_full_chaotic_run_0 - INFO - Epoch 98: Train Loss: 0.1934, Train Acc: 0.9520, Val Loss: 0.2829, Val Acc: 0.9252
2026-01-27 09:53:38,959 - experiment_chaotic_lorenz_full_chaotic_run_0 - INFO - Saved new best model at epoch 98
2026-01-27 09:53:39,526 - experiment_chaotic_lorenz_full_chaotic_run_0 - INFO - Train Epoch 99: [0/5268 (0.0%)]	Loss: 0.121702
2026-01-27 09:53:59,289 - experiment_chaotic_lorenz_full_chaotic_run_0 - DEBUG - [STABILITY] lyap=0.023, max_norm=18.4, min_std=2.770
2026-01-27 09:54:10,711 - experiment_chaotic_lorenz_full_chaotic_run_0 - INFO - Train Epoch 99: [3200/5268 (61.0%)]	Loss: 0.155485
2026-01-27 09:54:34,988 - experiment_chaotic_lorenz_full_chaotic_run_0 - INFO - Epoch 99: Train Loss: 0.1956, Train Acc: 0.9505, Val Loss: 0.2824, Val Acc: 0.9222
2026-01-27 09:54:34,994 - experiment_chaotic_lorenz_full_chaotic_run_0 - INFO - Running final test evaluation...
2026-01-27 09:54:42,729 - experiment_chaotic_lorenz_full_chaotic_run_0 - INFO - Test Results:
2026-01-27 09:54:42,729 - experiment_chaotic_lorenz_full_chaotic_run_0 - INFO -   loss: 0.2694
2026-01-27 09:54:42,730 - experiment_chaotic_lorenz_full_chaotic_run_0 - INFO -   accuracy: 0.9275
2026-01-27 09:54:42,730 - experiment_chaotic_lorenz_full_chaotic_run_0 - INFO -   avg_confidence: 0.5089
2026-01-27 09:54:42,730 - experiment_chaotic_lorenz_full_chaotic_run_0 - INFO -   embedding_diversity: 0.1042
2026-01-27 09:54:42,730 - experiment_chaotic_lorenz_full_chaotic_run_0 - INFO -   embedding_norm_mean: 1.0000
2026-01-27 09:54:42,730 - experiment_chaotic_lorenz_full_chaotic_run_0 - INFO -   embedding_norm_std: 0.0000
2026-01-27 09:54:42,732 - experiment_chaotic_lorenz_full_chaotic_run_0 - INFO - Training completed
2026-01-27 09:54:47,451 - experiment_chaotic_lorenz_full_chaotic_run_0 - INFO - Running comprehensive chaotic network analysis...
2026-01-27 09:54:47,452 - experiment_chaotic_lorenz_full_chaotic_run_0 - INFO - Analyzing chaotic features and dynamics...
2026-01-27 09:54:49,115 - experiment_chaotic_lorenz_full_chaotic_run_0 - INFO - Chaotic analysis completed
2026-01-27 09:54:49,117 - experiment_chaotic_lorenz_full_chaotic_run_0 - INFO - Creating chaotic dynamics visualizations...
2026-01-27 09:54:52,411 - experiment_chaotic_lorenz_full_chaotic_run_0 - WARNING - Embedding plotting failed: boolean index did not match indexed array along dimension 0; dimension is 8 but corresponding boolean dimension is 32
2026-01-27 09:54:52,418 - experiment_chaotic_lorenz_full_chaotic_run_0 - INFO - Chaotic network analysis completed
