2025-12-28 14:20:23,015 - chaotic_trainer - INFO - ============================================================
2025-12-28 14:20:23,016 - chaotic_trainer - INFO - CHAOTIC NEURAL NETWORKS TRAINING
2025-12-28 14:20:23,016 - chaotic_trainer - INFO - ============================================================
2025-12-28 14:20:23,016 - chaotic_trainer - INFO - Output directory: /scratch/project_2003370/yueyao/Model/experiments/configs/4.3_bifurcation_control
2025-12-28 14:20:23,017 - chaotic_trainer - INFO - Configuration: {
  "_nested": {
    "experiment": {
      "name": "chaotic_speaker_recognition",
      "description": "Chaotic Hierarchical Attractor Propagation for robust speaker recognition",
      "version": "2.0",
      "author": "C-HiLAP Project"
    },
    "data": {
      "data_dir": "/scratch/project_2003370/yueyao/dataset/mini_librispeech/LibriSpeech/dev-clean-2",
      "train_split": 0.7,
      "val_split": 0.15,
      "test_split": 0.15,
      "num_workers": 4,
      "pin_memory": true,
      "prefetch_factor": 2,
      "cache_features": false,
      "cache_dir": "./cache"
    },
    "audio": {
      "sample_rate": 16000,
      "max_audio_length": 3.0,
      "min_audio_length": 0.5,
      "frame_length": 400,
      "hop_length": 160,
      "normalize": true,
      "remove_silence": false,
      "augmentation": {
        "enabled": false,
        "noise_injection": 0.005,
        "time_stretch_range": [
          0.9,
          1.1
        ],
        "pitch_shift_range": [
          -2,
          2
        ]
      }
    },
    "model": {
      "type": "full_chaotic",
      "num_speakers": 251,
      "phase_space": {
        "embedding_dim": 10,
        "delay_method": "none",
        "dimension_method": "cao",
        "fixed_delay": 10
      },
      "chaotic_features": {
        "mlsa": {
          "scales": 5,
          "max_lyapunov_steps": 1000
        },
        "rqa": {
          "radius_ratio": 0.1,
          "min_line_length": 2
        }
      },
      "chaotic_embedding": {
        "system_type": "lorenz",
        "evolution_time": 0.5,
        "time_step": 0.01,
        "coupling_strength": 1.0,
        "noise_level": 0.001,
        "lorenz": {
          "sigma": 10.0,
          "rho": 28.0,
          "beta": 2.6667
        },
        "rossler": {
          "a": 0.2,
          "b": 0.2,
          "c": 5.7
        }
      },
      "attractor_pooling": {
        "type": "statistical",
        "correlation_dimension": {
          "num_radii": 50
        }
      },
      "speaker_embedding": {
        "dim": 256,
        "hidden_dims": [
          512,
          256,
          128
        ],
        "dropout_rate": 0.3,
        "use_batch_norm": true
      },
      "classifier": {
        "type": "plda",
        "temperature": 30.0,
        "margin": 0.35,
        "plda": {
          "latent_dim": 128,
          "use_length_norm": true
        }
      }
    },
    "optional_modules": {
      "bifurcation_control": {
        "enabled": true,
        "num_regimes": 4,
        "hidden_dim": 32,
        "control_strength": 0.5,
        "learnable_boundaries": true
      },
      "differentiable_features": {
        "enabled": true,
        "lyapunov_dim": 8,
        "rqa_dim": 6,
        "additional_stats": true
      }
    },
    "loss": {
      "classification": {
        "type": "cross_entropy",
        "label_smoothing": 0.0
      },
      "stability": {
        "enabled": true,
        "weight": 0.1,
        "target_lyapunov_range": [
          0.1,
          2.0
        ],
        "trajectory_bound": 50.0,
        "collapse_threshold": 0.1,
        "diversity_weight": 0.05
      },
      "synchronization": {
        "enabled": false,
        "sync_weight": 0.1,
        "desync_weight": 0.1,
        "margin": 1.0,
        "sample_ratio": 0.3,
        "distance_type": "euclidean"
      },
      "adversarial": {
        "enabled": true,
        "warmup_epochs": 5,
        "perturbation_scale": 0.1,
        "parameter_noise": true,
        "trajectory_noise": true,
        "weight": 0.3
      }
    },
    "training": {
      "batch_size": 32,
      "num_epochs": 100,
      "gradient_clipping": 1.0,
      "gradient_accumulation_steps": 1,
      "mixed_precision": false,
      "optimizer": {
        "type": "adamw",
        "learning_rate": 0.0005,
        "weight_decay": 0.0001,
        "betas": [
          0.9,
          0.999
        ],
        "eps": 1e-08,
        "momentum": 0.9,
        "nesterov": true
      },
      "scheduler": {
        "type": "cosine",
        "T_max": 100,
        "eta_min": 1e-06,
        "step_size": 30,
        "gamma": 0.1,
        "patience": 10,
        "factor": 0.5,
        "min_lr": 1e-07,
        "warmup_epochs": 5,
        "warmup_start_lr": 1e-06
      },
      "early_stopping": {
        "enabled": true,
        "patience": 30,
        "min_delta": 0.001,
        "monitor": "val_accuracy",
        "mode": "max"
      },
      "checkpoint": {
        "save_best_only": true,
        "save_frequency": 10,
        "max_to_keep": 3
      }
    },
    "evaluation": {
      "metrics": [
        "accuracy",
        "top5_accuracy",
        "eer",
        "dcf"
      ],
      "eval_frequency": 1,
      "visualization": {
        "enabled": true,
        "plot_confusion_matrix": true,
        "plot_embeddings": true,
        "plot_attractors": true
      }
    },
    "logging": {
      "level": "INFO",
      "tensorboard": {
        "enabled": true,
        "log_dir": "./runs"
      },
      "wandb": {
        "enabled": false,
        "project": "chaotic-speaker-recognition",
        "entity": null
      },
      "log_frequency": 50
    },
    "output": {
      "base_dir": "./experiments/outputs",
      "save_predictions": true,
      "save_embeddings": true,
      "save_analysis": true
    },
    "hardware": {
      "device": "auto",
      "seed": 42,
      "deterministic": false,
      "benchmark": true
    },
    "presets": {
      "fast_debug": {
        "training": {
          "batch_size": 8,
          "num_epochs": 5
        },
        "model": {
          "speaker_embedding": {
            "hidden_dims": [
              128,
              64
            ]
          }
        },
        "loss": {
          "adversarial": {
            "enabled": false
          },
          "synchronization": {
            "enabled": false
          }
        }
      },
      "baseline": {
        "model": {
          "classifier": {
            "type": "linear"
          }
        },
        "loss": {
          "stability": {
            "enabled": true
          },
          "synchronization": {
            "enabled": false
          },
          "adversarial": {
            "enabled": false
          }
        }
      },
      "high_performance": {
        "model": {
          "speaker_embedding": {
            "dim": 512,
            "hidden_dims": [
              1024,
              512,
              256
            ]
          },
          "classifier": {
            "type": "cosine"
          }
        },
        "training": {
          "num_epochs": 200,
          "batch_size": 64
        },
        "loss": {
          "stability": {
            "enabled": true
          },
          "synchronization": {
            "enabled": false
          },
          "adversarial": {
            "enabled": true,
            "warmup_epochs": 10
          }
        }
      },
      "robust": {
        "model": {
          "chaotic_embedding": {
            "noise_level": 0.01
          }
        },
        "loss": {
          "adversarial": {
            "enabled": true,
            "perturbation_scale": 0.15,
            "warmup_epochs": 3
          }
        },
        "audio": {
          "augmentation": {
            "enabled": true,
            "noise_injection": 0.01
          }
        }
      }
    }
  },
  "num_speakers": 251,
  "model_type": "full_chaotic",
  "embedding_dim": 10,
  "delay_method": "none",
  "mlsa_scales": 5,
  "rqa_radius_ratio": 0.1,
  "chaotic_system": "lorenz",
  "evolution_time": 0.5,
  "time_step": 0.01,
  "coupling_strength": 1.0,
  "noise_level": 0.001,
  "pooling_type": "statistical",
  "speaker_embedding_dim": 256,
  "embedding_hidden_dims": [
    512,
    256,
    128
  ],
  "classifier_type": "plda",
  "temperature": 30.0,
  "margin": 0.35,
  "batch_size": 32,
  "num_epochs": 100,
  "learning_rate": 0.0005,
  "weight_decay": 0.0001,
  "gradient_clipping": 1.0,
  "optimizer": {
    "type": "adamw",
    "params": {
      "betas": [
        0.9,
        0.999
      ],
      "eps": 1e-08,
      "weight_decay": 0.0001
    }
  },
  "scheduler": {
    "type": "cosine",
    "params": {
      "T_max": 100,
      "eta_min": 1e-06
    }
  },
  "early_stopping": {
    "patience": 30
  },
  "sample_rate": 16000,
  "max_audio_length": 3.0,
  "frame_length": 400,
  "hop_length": 160,
  "data_dir": "/scratch/project_2003370/yueyao/dataset/mini_librispeech/LibriSpeech/dev-clean-2",
  "device": "auto",
  "seed": 42,
  "loss_config": {
    "classification": {
      "type": "cross_entropy",
      "label_smoothing": 0.0
    },
    "stability": {
      "enabled": true,
      "weight": 0.1,
      "target_lyapunov_range": [
        0.1,
        2.0
      ],
      "trajectory_bound": 50.0,
      "collapse_threshold": 0.1,
      "diversity_weight": 0.05
    },
    "synchronization": {
      "enabled": false,
      "sync_weight": 0.1,
      "desync_weight": 0.1,
      "margin": 1.0,
      "sample_ratio": 0.3,
      "distance_type": "euclidean"
    },
    "adversarial": {
      "enabled": true,
      "warmup_epochs": 5,
      "perturbation_scale": 0.1,
      "parameter_noise": true,
      "trajectory_noise": true,
      "weight": 0.3
    }
  },
  "optional_modules": {
    "bifurcation_control": {
      "enabled": true,
      "num_regimes": 4,
      "hidden_dim": 32,
      "control_strength": 0.5,
      "learnable_boundaries": true
    },
    "differentiable_features": {
      "enabled": true,
      "lyapunov_dim": 8,
      "rqa_dim": 6,
      "additional_stats": true
    }
  },
  "epochs": 100,
  "optimize_parameters": true
}
2025-12-28 14:20:23,064 - chaotic_trainer - INFO - System info: {'platform': 'Linux-4.18.0-553.74.1.el8_10.x86_64-x86_64-with-glibc2.28', 'system': 'Linux', 'node': 'g1102.mahti.csc.fi', 'release': '4.18.0-553.74.1.el8_10.x86_64', 'version': '#1 SMP Sun Sep 7 09:23:35 EDT 2025', 'machine': 'x86_64', 'processor': 'x86_64', 'python_version': '3.12.10 (main, Jun  3 2025, 21:04:06) [GCC 8.5.0 20210514 (Red Hat 8.5.0-26)]', 'python_executable': '/usr/bin/python', 'cpu_count': 256, 'total_memory': 540285186048, 'available_memory': 518040555520, 'gpu_info': {'cuda_available': True, 'cuda_version': '12.6', 'gpu_count': 1, 'gpu_names': ['NVIDIA A100-SXM4-40GB MIG 1g.5gb']}, 'package_versions': {'numpy': '1.26.4', 'scipy': '1.13.1', 'scikit-learn': 'not installed', 'librosa': '0.11.0', 'soundfile': '0.13.1', 'torch': '2.7.1+cu126', 'tensorflow': 'not installed', 'matplotlib': '3.10.3', 'pandas': '2.3.0'}, 'git_info': {'commit_hash': 'daa24a287a80c85ef3adb8a50c43cdc3cd2f14ce', 'branch': 'origin', 'is_dirty': True}}
2025-12-28 14:20:23,064 - chaotic_trainer - INFO - Training 1 systems × 1 types × 1 runs...
2025-12-28 14:20:23,064 - chaotic_trainer - INFO - Systems: ['lorenz']
2025-12-28 14:20:23,064 - chaotic_trainer - INFO - Model types: ['full_chaotic']
2025-12-28 14:20:23,064 - chaotic_trainer - INFO - 
============================================================
2025-12-28 14:20:23,064 - chaotic_trainer - INFO - TRAINING: LORENZ + FULL_CHAOTIC
2025-12-28 14:20:23,064 - chaotic_trainer - INFO - ============================================================
2025-12-28 14:20:23,065 - chaotic_trainer - INFO - Training chaotic_lorenz_full_chaotic_run_0...
2025-12-28 14:20:23,065 - chaotic_trainer - INFO - Optimizing parameters for lorenz system...
2025-12-28 14:20:23,094 - chaotic_trainer - INFO - Setting up chaotic_lorenz_full_chaotic_run_0...
2025-12-28 14:21:14,817 - chaotic_trainer - INFO - 🚀 No checkpoint specified, starting from scratch
2025-12-28 14:21:14,817 - chaotic_trainer - INFO - Model parameters: 462,279 (trainable: 462,279)
2025-12-28 14:21:14,818 - chaotic_trainer - INFO - Training with chaotic dynamics monitoring...
2025-12-28 14:21:14,818 - chaotic_trainer - INFO - Starting training from epoch 0 for 100 more epochs...
2025-12-28 14:27:43,121 - chaotic_trainer - INFO - Evaluating chaotic_lorenz_full_chaotic_run_0...
2025-12-28 14:27:43,856 - chaotic_trainer - INFO - Running chaotic analysis...
2025-12-28 14:27:46,941 - chaotic_trainer - INFO - Completed chaotic_lorenz_full_chaotic_run_0: Accuracy: 0.7458, Loss: 1.0229, Time: 440.0s
2025-12-28 14:27:47,034 - chaotic_trainer - INFO - Progress: 1/1 (100.0%)
2025-12-28 14:27:47,035 - chaotic_trainer - INFO - lorenz + full_chaotic Summary: 0.7458 ± 0.0000
2025-12-28 14:27:47,035 - chaotic_trainer - INFO - Analyzing chaotic training results...
2025-12-28 14:27:47,036 - chaotic_trainer - INFO - Generating comprehensive chaotic training report...
2025-12-28 14:27:48,767 - chaotic_trainer - INFO - Visualizations saved to: /scratch/project_2003370/yueyao/Model/experiments/configs/4.3_bifurcation_control/visualizations
2025-12-28 14:27:48,767 - chaotic_trainer - INFO - Reports generated:
2025-12-28 14:27:48,767 - chaotic_trainer - INFO -   Text report: /scratch/project_2003370/yueyao/Model/experiments/configs/4.3_bifurcation_control/chaotic_training_report.txt
2025-12-28 14:27:48,767 - chaotic_trainer - INFO -   JSON report: /scratch/project_2003370/yueyao/Model/experiments/configs/4.3_bifurcation_control/chaotic_training_results.json
2025-12-28 14:27:48,767 - chaotic_trainer - INFO - Chaotic training completed.
2025-12-28 14:27:48,767 - chaotic_trainer - INFO - ============================================================
2025-12-28 14:31:05,010 - chaotic_trainer - INFO - ============================================================
2025-12-28 14:31:05,010 - chaotic_trainer - INFO - CHAOTIC NEURAL NETWORKS TRAINING
2025-12-28 14:31:05,010 - chaotic_trainer - INFO - ============================================================
2025-12-28 14:31:05,011 - chaotic_trainer - INFO - Output directory: /scratch/project_2003370/yueyao/Model/experiments/configs/4.3_bifurcation_control
2025-12-28 14:31:05,011 - chaotic_trainer - INFO - Configuration: {
  "_nested": {
    "experiment": {
      "name": "chaotic_speaker_recognition",
      "description": "Chaotic Hierarchical Attractor Propagation for robust speaker recognition",
      "version": "2.0",
      "author": "C-HiLAP Project"
    },
    "data": {
      "data_dir": "/scratch/project_2003370/yueyao/dataset/mini_librispeech/LibriSpeech/dev-clean-2",
      "train_split": 0.7,
      "val_split": 0.15,
      "test_split": 0.15,
      "num_workers": 4,
      "pin_memory": true,
      "prefetch_factor": 2,
      "cache_features": false,
      "cache_dir": "./cache"
    },
    "audio": {
      "sample_rate": 16000,
      "max_audio_length": 3.0,
      "min_audio_length": 0.5,
      "frame_length": 400,
      "hop_length": 160,
      "normalize": true,
      "remove_silence": false,
      "augmentation": {
        "enabled": false,
        "noise_injection": 0.005,
        "time_stretch_range": [
          0.9,
          1.1
        ],
        "pitch_shift_range": [
          -2,
          2
        ]
      }
    },
    "model": {
      "type": "full_chaotic",
      "num_speakers": 251,
      "phase_space": {
        "embedding_dim": 10,
        "delay_method": "none",
        "dimension_method": "cao",
        "fixed_delay": 10
      },
      "chaotic_features": {
        "mlsa": {
          "scales": 5,
          "max_lyapunov_steps": 1000
        },
        "rqa": {
          "radius_ratio": 0.1,
          "min_line_length": 2
        }
      },
      "chaotic_embedding": {
        "system_type": "lorenz",
        "evolution_time": 0.5,
        "time_step": 0.01,
        "coupling_strength": 1.0,
        "noise_level": 0.001,
        "lorenz": {
          "sigma": 10.0,
          "rho": 28.0,
          "beta": 2.6667
        },
        "rossler": {
          "a": 0.2,
          "b": 0.2,
          "c": 5.7
        }
      },
      "attractor_pooling": {
        "type": "statistical",
        "correlation_dimension": {
          "num_radii": 50
        }
      },
      "speaker_embedding": {
        "dim": 256,
        "hidden_dims": [
          512,
          256,
          128
        ],
        "dropout_rate": 0.3,
        "use_batch_norm": true
      },
      "classifier": {
        "type": "plda",
        "temperature": 30.0,
        "margin": 0.35,
        "plda": {
          "latent_dim": 128,
          "use_length_norm": true
        }
      }
    },
    "optional_modules": {
      "bifurcation_control": {
        "enabled": false,
        "num_regimes": 4,
        "hidden_dim": 32,
        "control_strength": 0.5,
        "learnable_boundaries": true
      },
      "differentiable_features": {
        "enabled": true,
        "lyapunov_dim": 8,
        "rqa_dim": 6,
        "additional_stats": true
      }
    },
    "loss": {
      "classification": {
        "type": "cross_entropy",
        "label_smoothing": 0.0
      },
      "stability": {
        "enabled": true,
        "weight": 0.1,
        "target_lyapunov_range": [
          0.1,
          2.0
        ],
        "trajectory_bound": 50.0,
        "collapse_threshold": 0.1,
        "diversity_weight": 0.05
      },
      "synchronization": {
        "enabled": false,
        "sync_weight": 0.1,
        "desync_weight": 0.1,
        "margin": 1.0,
        "sample_ratio": 0.3,
        "distance_type": "euclidean"
      },
      "adversarial": {
        "enabled": true,
        "warmup_epochs": 5,
        "perturbation_scale": 0.1,
        "parameter_noise": true,
        "trajectory_noise": true,
        "weight": 0.3
      }
    },
    "training": {
      "batch_size": 32,
      "num_epochs": 100,
      "gradient_clipping": 1.0,
      "gradient_accumulation_steps": 1,
      "mixed_precision": false,
      "optimizer": {
        "type": "adamw",
        "learning_rate": 0.0005,
        "weight_decay": 0.0001,
        "betas": [
          0.9,
          0.999
        ],
        "eps": 1e-08,
        "momentum": 0.9,
        "nesterov": true
      },
      "scheduler": {
        "type": "cosine",
        "T_max": 100,
        "eta_min": 1e-06,
        "step_size": 30,
        "gamma": 0.1,
        "patience": 10,
        "factor": 0.5,
        "min_lr": 1e-07,
        "warmup_epochs": 5,
        "warmup_start_lr": 1e-06
      },
      "early_stopping": {
        "enabled": true,
        "patience": 30,
        "min_delta": 0.001,
        "monitor": "val_accuracy",
        "mode": "max"
      },
      "checkpoint": {
        "save_best_only": true,
        "save_frequency": 10,
        "max_to_keep": 3
      }
    },
    "evaluation": {
      "metrics": [
        "accuracy",
        "top5_accuracy",
        "eer",
        "dcf"
      ],
      "eval_frequency": 1,
      "visualization": {
        "enabled": true,
        "plot_confusion_matrix": true,
        "plot_embeddings": true,
        "plot_attractors": true
      }
    },
    "logging": {
      "level": "INFO",
      "tensorboard": {
        "enabled": true,
        "log_dir": "./runs"
      },
      "wandb": {
        "enabled": false,
        "project": "chaotic-speaker-recognition",
        "entity": null
      },
      "log_frequency": 50
    },
    "output": {
      "base_dir": "./experiments/outputs",
      "save_predictions": true,
      "save_embeddings": true,
      "save_analysis": true
    },
    "hardware": {
      "device": "auto",
      "seed": 42,
      "deterministic": false,
      "benchmark": true
    },
    "presets": {
      "fast_debug": {
        "training": {
          "batch_size": 8,
          "num_epochs": 5
        },
        "model": {
          "speaker_embedding": {
            "hidden_dims": [
              128,
              64
            ]
          }
        },
        "loss": {
          "adversarial": {
            "enabled": false
          },
          "synchronization": {
            "enabled": false
          }
        }
      },
      "baseline": {
        "model": {
          "classifier": {
            "type": "linear"
          }
        },
        "loss": {
          "stability": {
            "enabled": true
          },
          "synchronization": {
            "enabled": false
          },
          "adversarial": {
            "enabled": false
          }
        }
      },
      "high_performance": {
        "model": {
          "speaker_embedding": {
            "dim": 512,
            "hidden_dims": [
              1024,
              512,
              256
            ]
          },
          "classifier": {
            "type": "cosine"
          }
        },
        "training": {
          "num_epochs": 200,
          "batch_size": 64
        },
        "loss": {
          "stability": {
            "enabled": true
          },
          "synchronization": {
            "enabled": false
          },
          "adversarial": {
            "enabled": true,
            "warmup_epochs": 10
          }
        }
      },
      "robust": {
        "model": {
          "chaotic_embedding": {
            "noise_level": 0.01
          }
        },
        "loss": {
          "adversarial": {
            "enabled": true,
            "perturbation_scale": 0.15,
            "warmup_epochs": 3
          }
        },
        "audio": {
          "augmentation": {
            "enabled": true,
            "noise_injection": 0.01
          }
        }
      }
    }
  },
  "num_speakers": 251,
  "model_type": "full_chaotic",
  "embedding_dim": 10,
  "delay_method": "none",
  "mlsa_scales": 5,
  "rqa_radius_ratio": 0.1,
  "chaotic_system": "lorenz",
  "evolution_time": 0.5,
  "time_step": 0.01,
  "coupling_strength": 1.0,
  "noise_level": 0.001,
  "pooling_type": "statistical",
  "speaker_embedding_dim": 256,
  "embedding_hidden_dims": [
    512,
    256,
    128
  ],
  "classifier_type": "plda",
  "temperature": 30.0,
  "margin": 0.35,
  "batch_size": 32,
  "num_epochs": 100,
  "learning_rate": 0.0005,
  "weight_decay": 0.0001,
  "gradient_clipping": 1.0,
  "optimizer": {
    "type": "adamw",
    "params": {
      "betas": [
        0.9,
        0.999
      ],
      "eps": 1e-08,
      "weight_decay": 0.0001
    }
  },
  "scheduler": {
    "type": "cosine",
    "params": {
      "T_max": 100,
      "eta_min": 1e-06
    }
  },
  "early_stopping": {
    "patience": 30
  },
  "sample_rate": 16000,
  "max_audio_length": 3.0,
  "frame_length": 400,
  "hop_length": 160,
  "data_dir": "/scratch/project_2003370/yueyao/dataset/mini_librispeech/LibriSpeech/dev-clean-2",
  "device": "auto",
  "seed": 42,
  "loss_config": {
    "classification": {
      "type": "cross_entropy",
      "label_smoothing": 0.0
    },
    "stability": {
      "enabled": true,
      "weight": 0.1,
      "target_lyapunov_range": [
        0.1,
        2.0
      ],
      "trajectory_bound": 50.0,
      "collapse_threshold": 0.1,
      "diversity_weight": 0.05
    },
    "synchronization": {
      "enabled": false,
      "sync_weight": 0.1,
      "desync_weight": 0.1,
      "margin": 1.0,
      "sample_ratio": 0.3,
      "distance_type": "euclidean"
    },
    "adversarial": {
      "enabled": true,
      "warmup_epochs": 5,
      "perturbation_scale": 0.1,
      "parameter_noise": true,
      "trajectory_noise": true,
      "weight": 0.3
    }
  },
  "optional_modules": {
    "bifurcation_control": {
      "enabled": false,
      "num_regimes": 4,
      "hidden_dim": 32,
      "control_strength": 0.5,
      "learnable_boundaries": true
    },
    "differentiable_features": {
      "enabled": true,
      "lyapunov_dim": 8,
      "rqa_dim": 6,
      "additional_stats": true
    }
  },
  "epochs": 100,
  "optimize_parameters": true
}
2025-12-28 14:31:05,059 - chaotic_trainer - INFO - System info: {'platform': 'Linux-4.18.0-553.74.1.el8_10.x86_64-x86_64-with-glibc2.28', 'system': 'Linux', 'node': 'g1102.mahti.csc.fi', 'release': '4.18.0-553.74.1.el8_10.x86_64', 'version': '#1 SMP Sun Sep 7 09:23:35 EDT 2025', 'machine': 'x86_64', 'processor': 'x86_64', 'python_version': '3.12.10 (main, Jun  3 2025, 21:04:06) [GCC 8.5.0 20210514 (Red Hat 8.5.0-26)]', 'python_executable': '/usr/bin/python', 'cpu_count': 256, 'total_memory': 540285186048, 'available_memory': 517222133760, 'gpu_info': {'cuda_available': True, 'cuda_version': '12.6', 'gpu_count': 1, 'gpu_names': ['NVIDIA A100-SXM4-40GB MIG 1g.5gb']}, 'package_versions': {'numpy': '1.26.4', 'scipy': '1.13.1', 'scikit-learn': 'not installed', 'librosa': '0.11.0', 'soundfile': '0.13.1', 'torch': '2.7.1+cu126', 'tensorflow': 'not installed', 'matplotlib': '3.10.3', 'pandas': '2.3.0'}, 'git_info': {'commit_hash': 'daa24a287a80c85ef3adb8a50c43cdc3cd2f14ce', 'branch': 'origin', 'is_dirty': True}}
2025-12-28 14:31:05,059 - chaotic_trainer - INFO - Training 1 systems × 1 types × 1 runs...
2025-12-28 14:31:05,059 - chaotic_trainer - INFO - Systems: ['lorenz']
2025-12-28 14:31:05,059 - chaotic_trainer - INFO - Model types: ['full_chaotic']
2025-12-28 14:31:05,059 - chaotic_trainer - INFO - 
============================================================
2025-12-28 14:31:05,059 - chaotic_trainer - INFO - TRAINING: LORENZ + FULL_CHAOTIC
2025-12-28 14:31:05,059 - chaotic_trainer - INFO - ============================================================
2025-12-28 14:31:05,059 - chaotic_trainer - INFO - Training chaotic_lorenz_full_chaotic_run_0...
2025-12-28 14:31:05,059 - chaotic_trainer - INFO - Optimizing parameters for lorenz system...
2025-12-28 14:31:05,070 - chaotic_trainer - INFO - Setting up chaotic_lorenz_full_chaotic_run_0...
2025-12-28 14:31:37,280 - chaotic_trainer - INFO - 🚀 No checkpoint specified, starting from scratch
2025-12-28 14:31:37,281 - chaotic_trainer - INFO - Model parameters: 462,279 (trainable: 462,279)
2025-12-28 14:31:37,281 - chaotic_trainer - INFO - Training with chaotic dynamics monitoring...
2025-12-28 14:31:37,281 - chaotic_trainer - INFO - Starting training from epoch 0 for 100 more epochs...
2025-12-28 14:38:02,047 - chaotic_trainer - INFO - Evaluating chaotic_lorenz_full_chaotic_run_0...
2025-12-28 14:38:02,831 - chaotic_trainer - INFO - Running chaotic analysis...
2025-12-28 14:38:05,254 - chaotic_trainer - INFO - Completed chaotic_lorenz_full_chaotic_run_0: Accuracy: 0.7458, Loss: 1.0229, Time: 417.0s
2025-12-28 14:38:05,344 - chaotic_trainer - INFO - Progress: 1/1 (100.0%)
2025-12-28 14:38:05,345 - chaotic_trainer - INFO - lorenz + full_chaotic Summary: 0.7458 ± 0.0000
2025-12-28 14:38:05,345 - chaotic_trainer - INFO - Analyzing chaotic training results...
2025-12-28 14:38:05,346 - chaotic_trainer - INFO - Generating comprehensive chaotic training report...
2025-12-28 14:38:07,141 - chaotic_trainer - INFO - Visualizations saved to: /scratch/project_2003370/yueyao/Model/experiments/configs/4.3_bifurcation_control/visualizations
2025-12-28 14:38:07,141 - chaotic_trainer - INFO - Reports generated:
2025-12-28 14:38:07,141 - chaotic_trainer - INFO -   Text report: /scratch/project_2003370/yueyao/Model/experiments/configs/4.3_bifurcation_control/chaotic_training_report.txt
2025-12-28 14:38:07,141 - chaotic_trainer - INFO -   JSON report: /scratch/project_2003370/yueyao/Model/experiments/configs/4.3_bifurcation_control/chaotic_training_results.json
2025-12-28 14:38:07,141 - chaotic_trainer - INFO - Chaotic training completed.
2025-12-28 14:38:07,141 - chaotic_trainer - INFO - ============================================================
2025-12-28 14:57:48,328 - chaotic_trainer - INFO - ============================================================
2025-12-28 14:57:48,328 - chaotic_trainer - INFO - CHAOTIC NEURAL NETWORKS TRAINING
2025-12-28 14:57:48,328 - chaotic_trainer - INFO - ============================================================
2025-12-28 14:57:48,328 - chaotic_trainer - INFO - Output directory: /scratch/project_2003370/yueyao/Model/experiments/configs/4.3_bifurcation_control
2025-12-28 14:57:48,329 - chaotic_trainer - INFO - Configuration: {
  "_nested": {
    "experiment": {
      "name": "chaotic_speaker_recognition",
      "description": "Chaotic Hierarchical Attractor Propagation for robust speaker recognition",
      "version": "2.0",
      "author": "C-HiLAP Project"
    },
    "data": {
      "data_dir": "/scratch/project_2003370/yueyao/dataset/mini_librispeech/LibriSpeech/dev-clean-2",
      "train_split": 0.7,
      "val_split": 0.15,
      "test_split": 0.15,
      "num_workers": 4,
      "pin_memory": true,
      "prefetch_factor": 2,
      "cache_features": false,
      "cache_dir": "./cache"
    },
    "audio": {
      "sample_rate": 16000,
      "max_audio_length": 3.0,
      "min_audio_length": 0.5,
      "frame_length": 400,
      "hop_length": 160,
      "normalize": true,
      "remove_silence": false,
      "augmentation": {
        "enabled": false,
        "noise_injection": 0.005,
        "time_stretch_range": [
          0.9,
          1.1
        ],
        "pitch_shift_range": [
          -2,
          2
        ]
      }
    },
    "model": {
      "type": "full_chaotic",
      "num_speakers": 251,
      "phase_space": {
        "embedding_dim": 10,
        "delay_method": "autocorr",
        "dimension_method": "false_neighbors",
        "fixed_delay": 10
      },
      "chaotic_features": {
        "mlsa": {
          "scales": 5,
          "max_lyapunov_steps": 1000
        },
        "rqa": {
          "radius_ratio": 0.1,
          "min_line_length": 2
        }
      },
      "chaotic_embedding": {
        "system_type": "lorenz",
        "evolution_time": 0.5,
        "time_step": 0.01,
        "coupling_strength": 1.0,
        "noise_level": 0.001,
        "lorenz": {
          "sigma": 10.0,
          "rho": 28.0,
          "beta": 2.6667
        },
        "rossler": {
          "a": 0.2,
          "b": 0.2,
          "c": 5.7
        }
      },
      "attractor_pooling": {
        "type": "comprehensive",
        "correlation_dimension": {
          "num_radii": 50
        }
      },
      "speaker_embedding": {
        "dim": 256,
        "hidden_dims": [
          512,
          256,
          128
        ],
        "dropout_rate": 0.3,
        "use_batch_norm": true
      },
      "classifier": {
        "type": "plda",
        "temperature": 30.0,
        "margin": 0.35,
        "plda": {
          "latent_dim": 128,
          "use_length_norm": true
        }
      }
    },
    "optional_modules": {
      "bifurcation_control": {
        "enabled": false,
        "num_regimes": 4,
        "hidden_dim": 32,
        "control_strength": 0.5,
        "learnable_boundaries": true
      },
      "differentiable_features": {
        "enabled": true,
        "lyapunov_dim": 8,
        "rqa_dim": 6,
        "additional_stats": true
      }
    },
    "loss": {
      "classification": {
        "type": "cross_entropy",
        "label_smoothing": 0.0
      },
      "stability": {
        "enabled": true,
        "weight": 0.1,
        "target_lyapunov_range": [
          0.1,
          2.0
        ],
        "trajectory_bound": 50.0,
        "collapse_threshold": 0.1,
        "diversity_weight": 0.05
      },
      "synchronization": {
        "enabled": false,
        "sync_weight": 0.1,
        "desync_weight": 0.1,
        "margin": 1.0,
        "sample_ratio": 0.3,
        "distance_type": "euclidean"
      },
      "adversarial": {
        "enabled": true,
        "warmup_epochs": 5,
        "perturbation_scale": 0.1,
        "parameter_noise": true,
        "trajectory_noise": true,
        "weight": 0.3
      }
    },
    "training": {
      "batch_size": 32,
      "num_epochs": 100,
      "gradient_clipping": 1.0,
      "gradient_accumulation_steps": 1,
      "mixed_precision": false,
      "optimizer": {
        "type": "adamw",
        "learning_rate": 0.0005,
        "weight_decay": 0.0001,
        "betas": [
          0.9,
          0.999
        ],
        "eps": 1e-08,
        "momentum": 0.9,
        "nesterov": true
      },
      "scheduler": {
        "type": "cosine",
        "T_max": 100,
        "eta_min": 1e-06,
        "step_size": 30,
        "gamma": 0.1,
        "patience": 10,
        "factor": 0.5,
        "min_lr": 1e-07,
        "warmup_epochs": 5,
        "warmup_start_lr": 1e-06
      },
      "early_stopping": {
        "enabled": true,
        "patience": 30,
        "min_delta": 0.001,
        "monitor": "val_accuracy",
        "mode": "max"
      },
      "checkpoint": {
        "save_best_only": true,
        "save_frequency": 10,
        "max_to_keep": 3
      }
    },
    "evaluation": {
      "metrics": [
        "accuracy",
        "top5_accuracy",
        "eer",
        "dcf"
      ],
      "eval_frequency": 1,
      "visualization": {
        "enabled": true,
        "plot_confusion_matrix": true,
        "plot_embeddings": true,
        "plot_attractors": true
      }
    },
    "logging": {
      "level": "INFO",
      "tensorboard": {
        "enabled": true,
        "log_dir": "./runs"
      },
      "wandb": {
        "enabled": false,
        "project": "chaotic-speaker-recognition",
        "entity": null
      },
      "log_frequency": 50
    },
    "output": {
      "base_dir": "./experiments/outputs",
      "save_predictions": true,
      "save_embeddings": true,
      "save_analysis": true
    },
    "hardware": {
      "device": "auto",
      "seed": 42,
      "deterministic": false,
      "benchmark": true
    },
    "presets": {
      "fast_debug": {
        "training": {
          "batch_size": 8,
          "num_epochs": 5
        },
        "model": {
          "speaker_embedding": {
            "hidden_dims": [
              128,
              64
            ]
          }
        },
        "loss": {
          "adversarial": {
            "enabled": false
          },
          "synchronization": {
            "enabled": false
          }
        }
      },
      "baseline": {
        "model": {
          "classifier": {
            "type": "linear"
          }
        },
        "loss": {
          "stability": {
            "enabled": true
          },
          "synchronization": {
            "enabled": false
          },
          "adversarial": {
            "enabled": false
          }
        }
      },
      "high_performance": {
        "model": {
          "speaker_embedding": {
            "dim": 512,
            "hidden_dims": [
              1024,
              512,
              256
            ]
          },
          "classifier": {
            "type": "cosine"
          }
        },
        "training": {
          "num_epochs": 200,
          "batch_size": 64
        },
        "loss": {
          "stability": {
            "enabled": true
          },
          "synchronization": {
            "enabled": false
          },
          "adversarial": {
            "enabled": true,
            "warmup_epochs": 10
          }
        }
      },
      "robust": {
        "model": {
          "chaotic_embedding": {
            "noise_level": 0.01
          }
        },
        "loss": {
          "adversarial": {
            "enabled": true,
            "perturbation_scale": 0.15,
            "warmup_epochs": 3
          }
        },
        "audio": {
          "augmentation": {
            "enabled": true,
            "noise_injection": 0.01
          }
        }
      }
    }
  },
  "num_speakers": 251,
  "model_type": "full_chaotic",
  "embedding_dim": 10,
  "delay_method": "autocorr",
  "mlsa_scales": 5,
  "rqa_radius_ratio": 0.1,
  "chaotic_system": "lorenz",
  "evolution_time": 0.5,
  "time_step": 0.01,
  "coupling_strength": 1.0,
  "noise_level": 0.001,
  "pooling_type": "comprehensive",
  "speaker_embedding_dim": 256,
  "embedding_hidden_dims": [
    512,
    256,
    128
  ],
  "classifier_type": "plda",
  "temperature": 30.0,
  "margin": 0.35,
  "batch_size": 32,
  "num_epochs": 100,
  "learning_rate": 0.0005,
  "weight_decay": 0.0001,
  "gradient_clipping": 1.0,
  "optimizer": {
    "type": "adamw",
    "params": {
      "betas": [
        0.9,
        0.999
      ],
      "eps": 1e-08,
      "weight_decay": 0.0001
    }
  },
  "scheduler": {
    "type": "cosine",
    "params": {
      "T_max": 100,
      "eta_min": 1e-06
    }
  },
  "early_stopping": {
    "patience": 30
  },
  "sample_rate": 16000,
  "max_audio_length": 3.0,
  "frame_length": 400,
  "hop_length": 160,
  "data_dir": "/scratch/project_2003370/yueyao/dataset/mini_librispeech/LibriSpeech/dev-clean-2",
  "device": "auto",
  "seed": 42,
  "loss_config": {
    "classification": {
      "type": "cross_entropy",
      "label_smoothing": 0.0
    },
    "stability": {
      "enabled": true,
      "weight": 0.1,
      "target_lyapunov_range": [
        0.1,
        2.0
      ],
      "trajectory_bound": 50.0,
      "collapse_threshold": 0.1,
      "diversity_weight": 0.05
    },
    "synchronization": {
      "enabled": false,
      "sync_weight": 0.1,
      "desync_weight": 0.1,
      "margin": 1.0,
      "sample_ratio": 0.3,
      "distance_type": "euclidean"
    },
    "adversarial": {
      "enabled": true,
      "warmup_epochs": 5,
      "perturbation_scale": 0.1,
      "parameter_noise": true,
      "trajectory_noise": true,
      "weight": 0.3
    }
  },
  "optional_modules": {
    "bifurcation_control": {
      "enabled": false,
      "num_regimes": 4,
      "hidden_dim": 32,
      "control_strength": 0.5,
      "learnable_boundaries": true
    },
    "differentiable_features": {
      "enabled": true,
      "lyapunov_dim": 8,
      "rqa_dim": 6,
      "additional_stats": true
    }
  },
  "epochs": 100,
  "optimize_parameters": true
}
2025-12-28 14:57:48,377 - chaotic_trainer - INFO - System info: {'platform': 'Linux-4.18.0-553.74.1.el8_10.x86_64-x86_64-with-glibc2.28', 'system': 'Linux', 'node': 'g1102.mahti.csc.fi', 'release': '4.18.0-553.74.1.el8_10.x86_64', 'version': '#1 SMP Sun Sep 7 09:23:35 EDT 2025', 'machine': 'x86_64', 'processor': 'x86_64', 'python_version': '3.12.10 (main, Jun  3 2025, 21:04:06) [GCC 8.5.0 20210514 (Red Hat 8.5.0-26)]', 'python_executable': '/usr/bin/python', 'cpu_count': 256, 'total_memory': 540285186048, 'available_memory': 517020741632, 'gpu_info': {'cuda_available': True, 'cuda_version': '12.6', 'gpu_count': 1, 'gpu_names': ['NVIDIA A100-SXM4-40GB MIG 1g.5gb']}, 'package_versions': {'numpy': '1.26.4', 'scipy': '1.13.1', 'scikit-learn': 'not installed', 'librosa': '0.11.0', 'soundfile': '0.13.1', 'torch': '2.7.1+cu126', 'tensorflow': 'not installed', 'matplotlib': '3.10.3', 'pandas': '2.3.0'}, 'git_info': {'commit_hash': 'daa24a287a80c85ef3adb8a50c43cdc3cd2f14ce', 'branch': 'origin', 'is_dirty': True}}
2025-12-28 14:57:48,377 - chaotic_trainer - INFO - Training 1 systems × 1 types × 1 runs...
2025-12-28 14:57:48,377 - chaotic_trainer - INFO - Systems: ['lorenz']
2025-12-28 14:57:48,377 - chaotic_trainer - INFO - Model types: ['full_chaotic']
2025-12-28 14:57:48,377 - chaotic_trainer - INFO - 
============================================================
2025-12-28 14:57:48,378 - chaotic_trainer - INFO - TRAINING: LORENZ + FULL_CHAOTIC
2025-12-28 14:57:48,378 - chaotic_trainer - INFO - ============================================================
2025-12-28 14:57:48,378 - chaotic_trainer - INFO - Training chaotic_lorenz_full_chaotic_run_0...
2025-12-28 14:57:48,378 - chaotic_trainer - INFO - Optimizing parameters for lorenz system...
2025-12-28 14:57:48,388 - chaotic_trainer - INFO - Setting up chaotic_lorenz_full_chaotic_run_0...
2025-12-28 14:58:20,597 - chaotic_trainer - INFO - 🚀 No checkpoint specified, starting from scratch
2025-12-28 14:58:20,598 - chaotic_trainer - INFO - Model parameters: 521,353 (trainable: 521,353)
2025-12-28 14:58:20,598 - chaotic_trainer - INFO - Training with chaotic dynamics monitoring...
2025-12-28 14:58:20,598 - chaotic_trainer - INFO - Starting training from epoch 0 for 100 more epochs...
2025-12-28 15:03:25,452 - chaotic_trainer - INFO - Evaluating chaotic_lorenz_full_chaotic_run_0...
2025-12-28 15:03:26,268 - chaotic_trainer - INFO - Running chaotic analysis...
2025-12-28 15:03:29,201 - chaotic_trainer - INFO - Completed chaotic_lorenz_full_chaotic_run_0: Accuracy: 0.2288, Loss: 5.2421, Time: 337.1s
2025-12-28 15:03:29,302 - chaotic_trainer - INFO - Progress: 1/1 (100.0%)
2025-12-28 15:03:29,302 - chaotic_trainer - INFO - lorenz + full_chaotic Summary: 0.2288 ± 0.0000
2025-12-28 15:03:29,302 - chaotic_trainer - INFO - Analyzing chaotic training results...
2025-12-28 15:03:29,304 - chaotic_trainer - INFO - Generating comprehensive chaotic training report...
2025-12-28 15:03:30,918 - chaotic_trainer - INFO - Visualizations saved to: /scratch/project_2003370/yueyao/Model/experiments/configs/4.3_bifurcation_control/visualizations
2025-12-28 15:03:30,918 - chaotic_trainer - INFO - Reports generated:
2025-12-28 15:03:30,918 - chaotic_trainer - INFO -   Text report: /scratch/project_2003370/yueyao/Model/experiments/configs/4.3_bifurcation_control/chaotic_training_report.txt
2025-12-28 15:03:30,918 - chaotic_trainer - INFO -   JSON report: /scratch/project_2003370/yueyao/Model/experiments/configs/4.3_bifurcation_control/chaotic_training_results.json
2025-12-28 15:03:30,918 - chaotic_trainer - INFO - Chaotic training completed.
2025-12-28 15:03:30,918 - chaotic_trainer - INFO - ============================================================
2025-12-28 15:21:56,458 - chaotic_trainer - INFO - ============================================================
2025-12-28 15:21:56,458 - chaotic_trainer - INFO - CHAOTIC NEURAL NETWORKS TRAINING
2025-12-28 15:21:56,458 - chaotic_trainer - INFO - ============================================================
2025-12-28 15:21:56,458 - chaotic_trainer - INFO - Output directory: /scratch/project_2003370/yueyao/Model/experiments/configs/4.3_bifurcation_control
2025-12-28 15:21:56,458 - chaotic_trainer - INFO - Configuration: {
  "_nested": {
    "experiment": {
      "name": "chaotic_speaker_recognition",
      "description": "Chaotic Hierarchical Attractor Propagation for robust speaker recognition",
      "version": "2.0",
      "author": "C-HiLAP Project"
    },
    "data": {
      "data_dir": "/scratch/project_2003370/yueyao/dataset/mini_librispeech/LibriSpeech/dev-clean-2",
      "train_split": 0.7,
      "val_split": 0.15,
      "test_split": 0.15,
      "num_workers": 4,
      "pin_memory": true,
      "prefetch_factor": 2,
      "cache_features": false,
      "cache_dir": "./cache"
    },
    "audio": {
      "sample_rate": 16000,
      "max_audio_length": 3.0,
      "min_audio_length": 0.5,
      "frame_length": 400,
      "hop_length": 160,
      "normalize": true,
      "remove_silence": false,
      "augmentation": {
        "enabled": false,
        "noise_injection": 0.005,
        "time_stretch_range": [
          0.9,
          1.1
        ],
        "pitch_shift_range": [
          -2,
          2
        ]
      }
    },
    "model": {
      "type": "full_chaotic",
      "num_speakers": 251,
      "phase_space": {
        "embedding_dim": 10,
        "delay_method": "autocorr",
        "dimension_method": "false_neighbors",
        "fixed_delay": 10
      },
      "chaotic_features": {
        "mlsa": {
          "scales": 5,
          "max_lyapunov_steps": 1000
        },
        "rqa": {
          "radius_ratio": 0.1,
          "min_line_length": 2
        }
      },
      "chaotic_embedding": {
        "system_type": "lorenz",
        "evolution_time": 0.5,
        "time_step": 0.01,
        "coupling_strength": 1.0,
        "noise_level": 0.001,
        "lorenz": {
          "sigma": 10.0,
          "rho": 28.0,
          "beta": 2.6667
        },
        "rossler": {
          "a": 0.2,
          "b": 0.2,
          "c": 5.7
        }
      },
      "attractor_pooling": {
        "type": "comprehensive",
        "correlation_dimension": {
          "num_radii": 50
        }
      },
      "speaker_embedding": {
        "dim": 256,
        "hidden_dims": [
          512,
          256,
          128
        ],
        "dropout_rate": 0.3,
        "use_batch_norm": true
      },
      "classifier": {
        "type": "plda",
        "temperature": 30.0,
        "margin": 0.35,
        "plda": {
          "latent_dim": 128,
          "use_length_norm": true
        }
      }
    },
    "optional_modules": {
      "bifurcation_control": {
        "enabled": false,
        "num_regimes": 4,
        "hidden_dim": 32,
        "control_strength": 0.5,
        "learnable_boundaries": true
      },
      "differentiable_features": {
        "enabled": true,
        "lyapunov_dim": 8,
        "rqa_dim": 6,
        "additional_stats": true
      }
    },
    "loss": {
      "classification": {
        "type": "cross_entropy",
        "label_smoothing": 0.0
      },
      "stability": {
        "enabled": true,
        "weight": 0.1,
        "target_lyapunov_range": [
          0.1,
          2.0
        ],
        "trajectory_bound": 50.0,
        "collapse_threshold": 0.1,
        "diversity_weight": 0.05
      },
      "synchronization": {
        "enabled": false,
        "sync_weight": 0.1,
        "desync_weight": 0.1,
        "margin": 1.0,
        "sample_ratio": 0.3,
        "distance_type": "euclidean"
      },
      "adversarial": {
        "enabled": true,
        "warmup_epochs": 5,
        "perturbation_scale": 0.1,
        "parameter_noise": true,
        "trajectory_noise": true,
        "weight": 0.3
      }
    },
    "training": {
      "batch_size": 32,
      "num_epochs": 100,
      "gradient_clipping": 1.0,
      "gradient_accumulation_steps": 1,
      "mixed_precision": false,
      "optimizer": {
        "type": "adamw",
        "learning_rate": 0.0005,
        "weight_decay": 0.0001,
        "betas": [
          0.9,
          0.999
        ],
        "eps": 1e-08,
        "momentum": 0.9,
        "nesterov": true
      },
      "scheduler": {
        "type": "cosine",
        "T_max": 100,
        "eta_min": 1e-06,
        "step_size": 30,
        "gamma": 0.1,
        "patience": 10,
        "factor": 0.5,
        "min_lr": 1e-07,
        "warmup_epochs": 5,
        "warmup_start_lr": 1e-06
      },
      "early_stopping": {
        "enabled": true,
        "patience": 30,
        "min_delta": 0.001,
        "monitor": "val_accuracy",
        "mode": "max"
      },
      "checkpoint": {
        "save_best_only": true,
        "save_frequency": 10,
        "max_to_keep": 3
      }
    },
    "evaluation": {
      "metrics": [
        "accuracy",
        "top5_accuracy",
        "eer",
        "dcf"
      ],
      "eval_frequency": 1,
      "visualization": {
        "enabled": true,
        "plot_confusion_matrix": true,
        "plot_embeddings": true,
        "plot_attractors": true
      }
    },
    "logging": {
      "level": "INFO",
      "tensorboard": {
        "enabled": true,
        "log_dir": "./runs"
      },
      "wandb": {
        "enabled": false,
        "project": "chaotic-speaker-recognition",
        "entity": null
      },
      "log_frequency": 50
    },
    "output": {
      "base_dir": "./experiments/outputs",
      "save_predictions": true,
      "save_embeddings": true,
      "save_analysis": true
    },
    "hardware": {
      "device": "auto",
      "seed": 42,
      "deterministic": false,
      "benchmark": true
    },
    "presets": {
      "fast_debug": {
        "training": {
          "batch_size": 8,
          "num_epochs": 5
        },
        "model": {
          "speaker_embedding": {
            "hidden_dims": [
              128,
              64
            ]
          }
        },
        "loss": {
          "adversarial": {
            "enabled": false
          },
          "synchronization": {
            "enabled": false
          }
        }
      },
      "baseline": {
        "model": {
          "classifier": {
            "type": "linear"
          }
        },
        "loss": {
          "stability": {
            "enabled": true
          },
          "synchronization": {
            "enabled": false
          },
          "adversarial": {
            "enabled": false
          }
        }
      },
      "high_performance": {
        "model": {
          "speaker_embedding": {
            "dim": 512,
            "hidden_dims": [
              1024,
              512,
              256
            ]
          },
          "classifier": {
            "type": "cosine"
          }
        },
        "training": {
          "num_epochs": 200,
          "batch_size": 64
        },
        "loss": {
          "stability": {
            "enabled": true
          },
          "synchronization": {
            "enabled": false
          },
          "adversarial": {
            "enabled": true,
            "warmup_epochs": 10
          }
        }
      },
      "robust": {
        "model": {
          "chaotic_embedding": {
            "noise_level": 0.01
          }
        },
        "loss": {
          "adversarial": {
            "enabled": true,
            "perturbation_scale": 0.15,
            "warmup_epochs": 3
          }
        },
        "audio": {
          "augmentation": {
            "enabled": true,
            "noise_injection": 0.01
          }
        }
      }
    }
  },
  "num_speakers": 251,
  "model_type": "full_chaotic",
  "embedding_dim": 10,
  "delay_method": "autocorr",
  "mlsa_scales": 5,
  "rqa_radius_ratio": 0.1,
  "chaotic_system": "lorenz",
  "evolution_time": 0.5,
  "time_step": 0.01,
  "coupling_strength": 1.0,
  "noise_level": 0.001,
  "pooling_type": "comprehensive",
  "speaker_embedding_dim": 256,
  "embedding_hidden_dims": [
    512,
    256,
    128
  ],
  "classifier_type": "plda",
  "temperature": 30.0,
  "margin": 0.35,
  "batch_size": 32,
  "num_epochs": 100,
  "learning_rate": 0.0005,
  "weight_decay": 0.0001,
  "gradient_clipping": 1.0,
  "optimizer": {
    "type": "adamw",
    "params": {
      "betas": [
        0.9,
        0.999
      ],
      "eps": 1e-08,
      "weight_decay": 0.0001
    }
  },
  "scheduler": {
    "type": "cosine",
    "params": {
      "T_max": 100,
      "eta_min": 1e-06
    }
  },
  "early_stopping": {
    "patience": 30
  },
  "sample_rate": 16000,
  "max_audio_length": 3.0,
  "frame_length": 400,
  "hop_length": 160,
  "data_dir": "/scratch/project_2003370/yueyao/dataset/mini_librispeech/LibriSpeech/dev-clean-2",
  "device": "auto",
  "seed": 42,
  "loss_config": {
    "classification": {
      "type": "cross_entropy",
      "label_smoothing": 0.0
    },
    "stability": {
      "enabled": true,
      "weight": 0.1,
      "target_lyapunov_range": [
        0.1,
        2.0
      ],
      "trajectory_bound": 50.0,
      "collapse_threshold": 0.1,
      "diversity_weight": 0.05
    },
    "synchronization": {
      "enabled": false,
      "sync_weight": 0.1,
      "desync_weight": 0.1,
      "margin": 1.0,
      "sample_ratio": 0.3,
      "distance_type": "euclidean"
    },
    "adversarial": {
      "enabled": true,
      "warmup_epochs": 5,
      "perturbation_scale": 0.1,
      "parameter_noise": true,
      "trajectory_noise": true,
      "weight": 0.3
    }
  },
  "optional_modules": {
    "bifurcation_control": {
      "enabled": false,
      "num_regimes": 4,
      "hidden_dim": 32,
      "control_strength": 0.5,
      "learnable_boundaries": true
    },
    "differentiable_features": {
      "enabled": true,
      "lyapunov_dim": 8,
      "rqa_dim": 6,
      "additional_stats": true
    }
  },
  "epochs": 100,
  "optimize_parameters": true
}
2025-12-28 15:21:56,506 - chaotic_trainer - INFO - System info: {'platform': 'Linux-4.18.0-553.74.1.el8_10.x86_64-x86_64-with-glibc2.28', 'system': 'Linux', 'node': 'g1102.mahti.csc.fi', 'release': '4.18.0-553.74.1.el8_10.x86_64', 'version': '#1 SMP Sun Sep 7 09:23:35 EDT 2025', 'machine': 'x86_64', 'processor': 'x86_64', 'python_version': '3.12.10 (main, Jun  3 2025, 21:04:06) [GCC 8.5.0 20210514 (Red Hat 8.5.0-26)]', 'python_executable': '/usr/bin/python', 'cpu_count': 256, 'total_memory': 540285186048, 'available_memory': 516611985408, 'gpu_info': {'cuda_available': True, 'cuda_version': '12.6', 'gpu_count': 1, 'gpu_names': ['NVIDIA A100-SXM4-40GB MIG 1g.5gb']}, 'package_versions': {'numpy': '1.26.4', 'scipy': '1.13.1', 'scikit-learn': 'not installed', 'librosa': '0.11.0', 'soundfile': '0.13.1', 'torch': '2.7.1+cu126', 'tensorflow': 'not installed', 'matplotlib': '3.10.3', 'pandas': '2.3.0'}, 'git_info': {'commit_hash': 'daa24a287a80c85ef3adb8a50c43cdc3cd2f14ce', 'branch': 'origin', 'is_dirty': True}}
2025-12-28 15:21:56,506 - chaotic_trainer - INFO - Training 1 systems × 1 types × 1 runs...
2025-12-28 15:21:56,506 - chaotic_trainer - INFO - Systems: ['lorenz']
2025-12-28 15:21:56,506 - chaotic_trainer - INFO - Model types: ['full_chaotic']
2025-12-28 15:21:56,506 - chaotic_trainer - INFO - 
============================================================
2025-12-28 15:21:56,506 - chaotic_trainer - INFO - TRAINING: LORENZ + FULL_CHAOTIC
2025-12-28 15:21:56,506 - chaotic_trainer - INFO - ============================================================
2025-12-28 15:21:56,507 - chaotic_trainer - INFO - Training chaotic_lorenz_full_chaotic_run_0...
2025-12-28 15:21:56,507 - chaotic_trainer - INFO - Optimizing parameters for lorenz system...
2025-12-28 15:21:56,517 - chaotic_trainer - INFO - Setting up chaotic_lorenz_full_chaotic_run_0...
2025-12-28 15:22:28,653 - chaotic_trainer - INFO - 🚀 No checkpoint specified, starting from scratch
2025-12-28 15:22:28,653 - chaotic_trainer - INFO - Model parameters: 520,647 (trainable: 520,647)
2025-12-28 15:22:28,653 - chaotic_trainer - INFO - Training with chaotic dynamics monitoring...
2025-12-28 15:22:28,653 - chaotic_trainer - INFO - Starting training from epoch 0 for 100 more epochs...
2025-12-28 15:35:07,829 - chaotic_trainer - INFO - Evaluating chaotic_lorenz_full_chaotic_run_0...
2025-12-28 15:35:08,635 - chaotic_trainer - INFO - Running chaotic analysis...
2025-12-28 15:35:11,741 - chaotic_trainer - INFO - Completed chaotic_lorenz_full_chaotic_run_0: Accuracy: 0.9407, Loss: 0.2495, Time: 791.3s
2025-12-28 15:35:11,834 - chaotic_trainer - INFO - Progress: 1/1 (100.0%)
2025-12-28 15:35:11,834 - chaotic_trainer - INFO - lorenz + full_chaotic Summary: 0.9407 ± 0.0000
2025-12-28 15:35:11,834 - chaotic_trainer - INFO - Analyzing chaotic training results...
2025-12-28 15:35:11,835 - chaotic_trainer - INFO - Generating comprehensive chaotic training report...
2025-12-28 15:35:13,608 - chaotic_trainer - INFO - Visualizations saved to: /scratch/project_2003370/yueyao/Model/experiments/configs/4.3_bifurcation_control/visualizations
2025-12-28 15:35:13,608 - chaotic_trainer - INFO - Reports generated:
2025-12-28 15:35:13,608 - chaotic_trainer - INFO -   Text report: /scratch/project_2003370/yueyao/Model/experiments/configs/4.3_bifurcation_control/chaotic_training_report.txt
2025-12-28 15:35:13,608 - chaotic_trainer - INFO -   JSON report: /scratch/project_2003370/yueyao/Model/experiments/configs/4.3_bifurcation_control/chaotic_training_results.json
2025-12-28 15:35:13,608 - chaotic_trainer - INFO - Chaotic training completed.
2025-12-28 15:35:13,608 - chaotic_trainer - INFO - ============================================================
2025-12-29 10:29:39,818 - chaotic_trainer - INFO - ============================================================
2025-12-29 10:29:39,834 - chaotic_trainer - INFO - CHAOTIC NEURAL NETWORKS TRAINING
2025-12-29 10:29:39,834 - chaotic_trainer - INFO - ============================================================
2025-12-29 10:29:39,834 - chaotic_trainer - INFO - Output directory: /scratch/project_2003370/yueyao/Model/experiments/configs/4.3_bifurcation_control
2025-12-29 10:29:39,835 - chaotic_trainer - INFO - Configuration: {
  "_nested": {
    "experiment": {
      "name": "chaotic_speaker_recognition",
      "description": "Chaotic Hierarchical Attractor Propagation for robust speaker recognition",
      "version": "2.0",
      "author": "C-HiLAP Project"
    },
    "data": {
      "data_dir": "/scratch/project_2003370/yueyao/dataset/mini_librispeech/LibriSpeech/dev-clean-2",
      "train_split": 0.7,
      "val_split": 0.15,
      "test_split": 0.15,
      "num_workers": 4,
      "pin_memory": true,
      "prefetch_factor": 2,
      "cache_features": false,
      "cache_dir": "./cache"
    },
    "audio": {
      "sample_rate": 16000,
      "max_audio_length": 3.0,
      "min_audio_length": 0.5,
      "frame_length": 400,
      "hop_length": 160,
      "normalize": true,
      "remove_silence": false,
      "augmentation": {
        "enabled": false,
        "noise_injection": 0.005,
        "time_stretch_range": [
          0.9,
          1.1
        ],
        "pitch_shift_range": [
          -2,
          2
        ]
      }
    },
    "model": {
      "type": "full_chaotic",
      "num_speakers": 251,
      "phase_space": {
        "embedding_dim": 10,
        "delay_method": "autocorr",
        "dimension_method": "false_neighbors",
        "fixed_delay": 10
      },
      "chaotic_features": {
        "mlsa": {
          "scales": 5,
          "max_lyapunov_steps": 1000
        },
        "rqa": {
          "radius_ratio": 0.1,
          "min_line_length": 2
        }
      },
      "chaotic_embedding": {
        "system_type": "lorenz",
        "evolution_time": 0.5,
        "time_step": 0.01,
        "coupling_strength": 1.0,
        "noise_level": 0.001,
        "lorenz": {
          "sigma": 10.0,
          "rho": 28.0,
          "beta": 2.6667
        },
        "rossler": {
          "a": 0.2,
          "b": 0.2,
          "c": 5.7
        }
      },
      "attractor_pooling": {
        "type": "comprehensive",
        "correlation_dimension": {
          "num_radii": 50
        }
      },
      "speaker_embedding": {
        "dim": 256,
        "hidden_dims": [
          512,
          256,
          128
        ],
        "dropout_rate": 0.3,
        "use_batch_norm": true
      },
      "classifier": {
        "type": "plda",
        "temperature": 30.0,
        "margin": 0.35,
        "plda": {
          "latent_dim": 128,
          "use_length_norm": true
        }
      }
    },
    "optional_modules": {
      "bifurcation_control": {
        "enabled": true,
        "num_regimes": 4,
        "hidden_dim": 32,
        "control_strength": 0.5,
        "learnable_boundaries": true
      },
      "differentiable_features": {
        "enabled": true,
        "lyapunov_dim": 8,
        "rqa_dim": 6,
        "additional_stats": true
      }
    },
    "loss": {
      "classification": {
        "type": "cross_entropy",
        "label_smoothing": 0.0
      },
      "stability": {
        "enabled": true,
        "weight": 0.1,
        "target_lyapunov_range": [
          0.1,
          2.0
        ],
        "trajectory_bound": 50.0,
        "collapse_threshold": 0.1,
        "diversity_weight": 0.05
      },
      "synchronization": {
        "enabled": false,
        "sync_weight": 0.1,
        "desync_weight": 0.1,
        "margin": 1.0,
        "sample_ratio": 0.3,
        "distance_type": "euclidean"
      },
      "adversarial": {
        "enabled": true,
        "warmup_epochs": 5,
        "perturbation_scale": 0.1,
        "parameter_noise": true,
        "trajectory_noise": true,
        "weight": 0.3
      }
    },
    "training": {
      "batch_size": 32,
      "num_epochs": 100,
      "gradient_clipping": 1.0,
      "gradient_accumulation_steps": 1,
      "mixed_precision": false,
      "optimizer": {
        "type": "adamw",
        "learning_rate": 0.0005,
        "weight_decay": 0.0001,
        "betas": [
          0.9,
          0.999
        ],
        "eps": 1e-08,
        "momentum": 0.9,
        "nesterov": true
      },
      "scheduler": {
        "type": "cosine",
        "T_max": 100,
        "eta_min": 1e-06,
        "step_size": 30,
        "gamma": 0.1,
        "patience": 10,
        "factor": 0.5,
        "min_lr": 1e-07,
        "warmup_epochs": 5,
        "warmup_start_lr": 1e-06
      },
      "early_stopping": {
        "enabled": true,
        "patience": 30,
        "min_delta": 0.001,
        "monitor": "val_accuracy",
        "mode": "max"
      },
      "checkpoint": {
        "save_best_only": true,
        "save_frequency": 10,
        "max_to_keep": 3
      }
    },
    "evaluation": {
      "metrics": [
        "accuracy",
        "top5_accuracy",
        "eer",
        "dcf"
      ],
      "eval_frequency": 1,
      "visualization": {
        "enabled": true,
        "plot_confusion_matrix": true,
        "plot_embeddings": true,
        "plot_attractors": true
      }
    },
    "logging": {
      "level": "INFO",
      "tensorboard": {
        "enabled": true,
        "log_dir": "./runs"
      },
      "wandb": {
        "enabled": false,
        "project": "chaotic-speaker-recognition",
        "entity": null
      },
      "log_frequency": 50
    },
    "output": {
      "base_dir": "./experiments/outputs",
      "save_predictions": true,
      "save_embeddings": true,
      "save_analysis": true
    },
    "hardware": {
      "device": "auto",
      "seed": 42,
      "deterministic": false,
      "benchmark": true
    },
    "presets": {
      "fast_debug": {
        "training": {
          "batch_size": 8,
          "num_epochs": 5
        },
        "model": {
          "speaker_embedding": {
            "hidden_dims": [
              128,
              64
            ]
          }
        },
        "loss": {
          "adversarial": {
            "enabled": false
          },
          "synchronization": {
            "enabled": false
          }
        }
      },
      "baseline": {
        "model": {
          "classifier": {
            "type": "linear"
          }
        },
        "loss": {
          "stability": {
            "enabled": true
          },
          "synchronization": {
            "enabled": false
          },
          "adversarial": {
            "enabled": false
          }
        }
      },
      "high_performance": {
        "model": {
          "speaker_embedding": {
            "dim": 512,
            "hidden_dims": [
              1024,
              512,
              256
            ]
          },
          "classifier": {
            "type": "cosine"
          }
        },
        "training": {
          "num_epochs": 200,
          "batch_size": 64
        },
        "loss": {
          "stability": {
            "enabled": true
          },
          "synchronization": {
            "enabled": false
          },
          "adversarial": {
            "enabled": true,
            "warmup_epochs": 10
          }
        }
      },
      "robust": {
        "model": {
          "chaotic_embedding": {
            "noise_level": 0.01
          }
        },
        "loss": {
          "adversarial": {
            "enabled": true,
            "perturbation_scale": 0.15,
            "warmup_epochs": 3
          }
        },
        "audio": {
          "augmentation": {
            "enabled": true,
            "noise_injection": 0.01
          }
        }
      }
    }
  },
  "num_speakers": 251,
  "model_type": "full_chaotic",
  "embedding_dim": 10,
  "delay_method": "autocorr",
  "mlsa_scales": 5,
  "rqa_radius_ratio": 0.1,
  "chaotic_system": "lorenz",
  "evolution_time": 0.5,
  "time_step": 0.01,
  "coupling_strength": 1.0,
  "noise_level": 0.001,
  "pooling_type": "comprehensive",
  "speaker_embedding_dim": 256,
  "embedding_hidden_dims": [
    512,
    256,
    128
  ],
  "classifier_type": "plda",
  "temperature": 30.0,
  "margin": 0.35,
  "batch_size": 32,
  "num_epochs": 100,
  "learning_rate": 0.0005,
  "weight_decay": 0.0001,
  "gradient_clipping": 1.0,
  "optimizer": {
    "type": "adamw",
    "params": {
      "betas": [
        0.9,
        0.999
      ],
      "eps": 1e-08,
      "weight_decay": 0.0001
    }
  },
  "scheduler": {
    "type": "cosine",
    "params": {
      "T_max": 100,
      "eta_min": 1e-06
    }
  },
  "early_stopping": {
    "patience": 30
  },
  "sample_rate": 16000,
  "max_audio_length": 3.0,
  "frame_length": 400,
  "hop_length": 160,
  "data_dir": "/scratch/project_2003370/yueyao/dataset/mini_librispeech/LibriSpeech/dev-clean-2",
  "device": "auto",
  "seed": 42,
  "loss_config": {
    "classification": {
      "type": "cross_entropy",
      "label_smoothing": 0.0
    },
    "stability": {
      "enabled": true,
      "weight": 0.1,
      "target_lyapunov_range": [
        0.1,
        2.0
      ],
      "trajectory_bound": 50.0,
      "collapse_threshold": 0.1,
      "diversity_weight": 0.05
    },
    "synchronization": {
      "enabled": false,
      "sync_weight": 0.1,
      "desync_weight": 0.1,
      "margin": 1.0,
      "sample_ratio": 0.3,
      "distance_type": "euclidean"
    },
    "adversarial": {
      "enabled": true,
      "warmup_epochs": 5,
      "perturbation_scale": 0.1,
      "parameter_noise": true,
      "trajectory_noise": true,
      "weight": 0.3
    }
  },
  "optional_modules": {
    "bifurcation_control": {
      "enabled": true,
      "num_regimes": 4,
      "hidden_dim": 32,
      "control_strength": 0.5,
      "learnable_boundaries": true
    },
    "differentiable_features": {
      "enabled": true,
      "lyapunov_dim": 8,
      "rqa_dim": 6,
      "additional_stats": true
    }
  },
  "epochs": 100,
  "optimize_parameters": true
}
2025-12-29 10:29:39,879 - chaotic_trainer - INFO - System info: {'platform': 'Linux-4.18.0-553.74.1.el8_10.x86_64-x86_64-with-glibc2.28', 'system': 'Linux', 'node': 'g1102.mahti.csc.fi', 'release': '4.18.0-553.74.1.el8_10.x86_64', 'version': '#1 SMP Sun Sep 7 09:23:35 EDT 2025', 'machine': 'x86_64', 'processor': 'x86_64', 'python_version': '3.12.10 (main, Jun  3 2025, 21:04:06) [GCC 8.5.0 20210514 (Red Hat 8.5.0-26)]', 'python_executable': '/usr/bin/python', 'cpu_count': 256, 'total_memory': 540285186048, 'available_memory': 511405637632, 'gpu_info': {'cuda_available': True, 'cuda_version': '12.6', 'gpu_count': 1, 'gpu_names': ['NVIDIA A100-SXM4-40GB MIG 1g.5gb']}, 'package_versions': {'numpy': '1.26.4', 'scipy': '1.13.1', 'scikit-learn': 'not installed', 'librosa': '0.11.0', 'soundfile': '0.13.1', 'torch': '2.7.1+cu126', 'tensorflow': 'not installed', 'matplotlib': '3.10.3', 'pandas': '2.3.0'}, 'git_info': {'commit_hash': 'daa24a287a80c85ef3adb8a50c43cdc3cd2f14ce', 'branch': 'origin', 'is_dirty': True}}
2025-12-29 10:29:39,879 - chaotic_trainer - INFO - Training 1 systems × 1 types × 1 runs...
2025-12-29 10:29:39,879 - chaotic_trainer - INFO - Systems: ['lorenz']
2025-12-29 10:29:39,879 - chaotic_trainer - INFO - Model types: ['full_chaotic']
2025-12-29 10:29:39,879 - chaotic_trainer - INFO - 
============================================================
2025-12-29 10:29:39,879 - chaotic_trainer - INFO - TRAINING: LORENZ + FULL_CHAOTIC
2025-12-29 10:29:39,879 - chaotic_trainer - INFO - ============================================================
2025-12-29 10:29:39,879 - chaotic_trainer - INFO - Training chaotic_lorenz_full_chaotic_run_0...
2025-12-29 10:29:39,879 - chaotic_trainer - INFO - Optimizing parameters for lorenz system...
2025-12-29 10:29:39,909 - chaotic_trainer - INFO - Setting up chaotic_lorenz_full_chaotic_run_0...
2025-12-29 10:30:28,758 - chaotic_trainer - INFO - 🚀 No checkpoint specified, starting from scratch
2025-12-29 10:30:28,759 - chaotic_trainer - INFO - Model parameters: 520,647 (trainable: 520,647)
2025-12-29 10:30:28,759 - chaotic_trainer - INFO - Training with chaotic dynamics monitoring...
2025-12-29 10:30:28,759 - chaotic_trainer - INFO - Starting training from epoch 0 for 100 more epochs...
2025-12-29 10:43:00,799 - chaotic_trainer - INFO - Evaluating chaotic_lorenz_full_chaotic_run_0...
2025-12-29 10:43:01,539 - chaotic_trainer - INFO - Running chaotic analysis...
2025-12-29 10:43:05,065 - chaotic_trainer - INFO - Completed chaotic_lorenz_full_chaotic_run_0: Accuracy: 0.9407, Loss: 0.2495, Time: 800.9s
2025-12-29 10:43:05,158 - chaotic_trainer - INFO - Progress: 1/1 (100.0%)
2025-12-29 10:43:05,158 - chaotic_trainer - INFO - lorenz + full_chaotic Summary: 0.9407 ± 0.0000
2025-12-29 10:43:05,158 - chaotic_trainer - INFO - Analyzing chaotic training results...
2025-12-29 10:43:05,159 - chaotic_trainer - INFO - Generating comprehensive chaotic training report...
2025-12-29 10:43:06,713 - chaotic_trainer - INFO - Visualizations saved to: /scratch/project_2003370/yueyao/Model/experiments/configs/4.3_bifurcation_control/visualizations
2025-12-29 10:43:06,714 - chaotic_trainer - INFO - Reports generated:
2025-12-29 10:43:06,714 - chaotic_trainer - INFO -   Text report: /scratch/project_2003370/yueyao/Model/experiments/configs/4.3_bifurcation_control/chaotic_training_report.txt
2025-12-29 10:43:06,714 - chaotic_trainer - INFO -   JSON report: /scratch/project_2003370/yueyao/Model/experiments/configs/4.3_bifurcation_control/chaotic_training_results.json
2025-12-29 10:43:06,714 - chaotic_trainer - INFO - Chaotic training completed.
2025-12-29 10:43:06,714 - chaotic_trainer - INFO - ============================================================
2025-12-29 10:49:02,771 - chaotic_trainer - INFO - ============================================================
2025-12-29 10:49:02,771 - chaotic_trainer - INFO - CHAOTIC NEURAL NETWORKS TRAINING
2025-12-29 10:49:02,771 - chaotic_trainer - INFO - ============================================================
2025-12-29 10:49:02,772 - chaotic_trainer - INFO - Output directory: /scratch/project_2003370/yueyao/Model/experiments/configs/4.3_bifurcation_control
2025-12-29 10:49:02,772 - chaotic_trainer - INFO - Configuration: {
  "_nested": {
    "experiment": {
      "name": "chaotic_speaker_recognition",
      "description": "Chaotic Hierarchical Attractor Propagation for robust speaker recognition",
      "version": "2.0",
      "author": "C-HiLAP Project"
    },
    "data": {
      "data_dir": "/scratch/project_2003370/yueyao/dataset/mini_librispeech/LibriSpeech/dev-clean-2",
      "train_split": 0.7,
      "val_split": 0.15,
      "test_split": 0.15,
      "num_workers": 4,
      "pin_memory": true,
      "prefetch_factor": 2,
      "cache_features": false,
      "cache_dir": "./cache"
    },
    "audio": {
      "sample_rate": 16000,
      "max_audio_length": 3.0,
      "min_audio_length": 0.5,
      "frame_length": 400,
      "hop_length": 160,
      "normalize": true,
      "remove_silence": false,
      "augmentation": {
        "enabled": false,
        "noise_injection": 0.005,
        "time_stretch_range": [
          0.9,
          1.1
        ],
        "pitch_shift_range": [
          -2,
          2
        ]
      }
    },
    "model": {
      "type": "full_chaotic",
      "num_speakers": 251,
      "phase_space": {
        "embedding_dim": 10,
        "delay_method": "autocorr",
        "dimension_method": "false_neighbors",
        "fixed_delay": 10
      },
      "chaotic_features": {
        "mlsa": {
          "scales": 5,
          "max_lyapunov_steps": 1000
        },
        "rqa": {
          "radius_ratio": 0.1,
          "min_line_length": 2
        }
      },
      "chaotic_embedding": {
        "system_type": "lorenz",
        "evolution_time": 0.5,
        "time_step": 0.01,
        "coupling_strength": 1.0,
        "noise_level": 0.001,
        "lorenz": {
          "sigma": 10.0,
          "rho": 28.0,
          "beta": 2.6667
        },
        "rossler": {
          "a": 0.2,
          "b": 0.2,
          "c": 5.7
        }
      },
      "attractor_pooling": {
        "type": "comprehensive",
        "correlation_dimension": {
          "num_radii": 50
        }
      },
      "speaker_embedding": {
        "dim": 256,
        "hidden_dims": [
          512,
          256,
          128
        ],
        "dropout_rate": 0.3,
        "use_batch_norm": true
      },
      "classifier": {
        "type": "plda",
        "temperature": 30.0,
        "margin": 0.35,
        "plda": {
          "latent_dim": 128,
          "use_length_norm": true
        }
      }
    },
    "optional_modules": {
      "bifurcation_control": {
        "enabled": false,
        "num_regimes": 4,
        "hidden_dim": 32,
        "control_strength": 0.5,
        "learnable_boundaries": true
      },
      "differentiable_features": {
        "enabled": true,
        "lyapunov_dim": 8,
        "rqa_dim": 6,
        "additional_stats": true
      }
    },
    "loss": {
      "classification": {
        "type": "cross_entropy",
        "label_smoothing": 0.0
      },
      "stability": {
        "enabled": true,
        "weight": 0.1,
        "target_lyapunov_range": [
          0.1,
          2.0
        ],
        "trajectory_bound": 50.0,
        "collapse_threshold": 0.1,
        "diversity_weight": 0.05
      },
      "synchronization": {
        "enabled": false,
        "sync_weight": 0.1,
        "desync_weight": 0.1,
        "margin": 1.0,
        "sample_ratio": 0.3,
        "distance_type": "euclidean"
      },
      "adversarial": {
        "enabled": true,
        "warmup_epochs": 5,
        "perturbation_scale": 0.1,
        "parameter_noise": true,
        "trajectory_noise": true,
        "weight": 0.3
      }
    },
    "training": {
      "batch_size": 32,
      "num_epochs": 100,
      "gradient_clipping": 1.0,
      "gradient_accumulation_steps": 1,
      "mixed_precision": false,
      "optimizer": {
        "type": "adamw",
        "learning_rate": 0.0005,
        "weight_decay": 0.0001,
        "betas": [
          0.9,
          0.999
        ],
        "eps": 1e-08,
        "momentum": 0.9,
        "nesterov": true
      },
      "scheduler": {
        "type": "cosine",
        "T_max": 100,
        "eta_min": 1e-06,
        "step_size": 30,
        "gamma": 0.1,
        "patience": 10,
        "factor": 0.5,
        "min_lr": 1e-07,
        "warmup_epochs": 5,
        "warmup_start_lr": 1e-06
      },
      "early_stopping": {
        "enabled": true,
        "patience": 30,
        "min_delta": 0.001,
        "monitor": "val_accuracy",
        "mode": "max"
      },
      "checkpoint": {
        "save_best_only": true,
        "save_frequency": 10,
        "max_to_keep": 3
      }
    },
    "evaluation": {
      "metrics": [
        "accuracy",
        "top5_accuracy",
        "eer",
        "dcf"
      ],
      "eval_frequency": 1,
      "visualization": {
        "enabled": true,
        "plot_confusion_matrix": true,
        "plot_embeddings": true,
        "plot_attractors": true
      }
    },
    "logging": {
      "level": "INFO",
      "tensorboard": {
        "enabled": true,
        "log_dir": "./runs"
      },
      "wandb": {
        "enabled": false,
        "project": "chaotic-speaker-recognition",
        "entity": null
      },
      "log_frequency": 50
    },
    "output": {
      "base_dir": "./experiments/outputs",
      "save_predictions": true,
      "save_embeddings": true,
      "save_analysis": true
    },
    "hardware": {
      "device": "auto",
      "seed": 42,
      "deterministic": false,
      "benchmark": true
    },
    "presets": {
      "fast_debug": {
        "training": {
          "batch_size": 8,
          "num_epochs": 5
        },
        "model": {
          "speaker_embedding": {
            "hidden_dims": [
              128,
              64
            ]
          }
        },
        "loss": {
          "adversarial": {
            "enabled": false
          },
          "synchronization": {
            "enabled": false
          }
        }
      },
      "baseline": {
        "model": {
          "classifier": {
            "type": "linear"
          }
        },
        "loss": {
          "stability": {
            "enabled": true
          },
          "synchronization": {
            "enabled": false
          },
          "adversarial": {
            "enabled": false
          }
        }
      },
      "high_performance": {
        "model": {
          "speaker_embedding": {
            "dim": 512,
            "hidden_dims": [
              1024,
              512,
              256
            ]
          },
          "classifier": {
            "type": "cosine"
          }
        },
        "training": {
          "num_epochs": 200,
          "batch_size": 64
        },
        "loss": {
          "stability": {
            "enabled": true
          },
          "synchronization": {
            "enabled": false
          },
          "adversarial": {
            "enabled": true,
            "warmup_epochs": 10
          }
        }
      },
      "robust": {
        "model": {
          "chaotic_embedding": {
            "noise_level": 0.01
          }
        },
        "loss": {
          "adversarial": {
            "enabled": true,
            "perturbation_scale": 0.15,
            "warmup_epochs": 3
          }
        },
        "audio": {
          "augmentation": {
            "enabled": true,
            "noise_injection": 0.01
          }
        }
      }
    }
  },
  "num_speakers": 251,
  "model_type": "full_chaotic",
  "embedding_dim": 10,
  "delay_method": "autocorr",
  "mlsa_scales": 5,
  "rqa_radius_ratio": 0.1,
  "chaotic_system": "lorenz",
  "evolution_time": 0.5,
  "time_step": 0.01,
  "coupling_strength": 1.0,
  "noise_level": 0.001,
  "pooling_type": "comprehensive",
  "speaker_embedding_dim": 256,
  "embedding_hidden_dims": [
    512,
    256,
    128
  ],
  "classifier_type": "plda",
  "temperature": 30.0,
  "margin": 0.35,
  "batch_size": 32,
  "num_epochs": 100,
  "learning_rate": 0.0005,
  "weight_decay": 0.0001,
  "gradient_clipping": 1.0,
  "optimizer": {
    "type": "adamw",
    "params": {
      "betas": [
        0.9,
        0.999
      ],
      "eps": 1e-08,
      "weight_decay": 0.0001
    }
  },
  "scheduler": {
    "type": "cosine",
    "params": {
      "T_max": 100,
      "eta_min": 1e-06
    }
  },
  "early_stopping": {
    "patience": 30
  },
  "sample_rate": 16000,
  "max_audio_length": 3.0,
  "frame_length": 400,
  "hop_length": 160,
  "data_dir": "/scratch/project_2003370/yueyao/dataset/mini_librispeech/LibriSpeech/dev-clean-2",
  "device": "auto",
  "seed": 42,
  "loss_config": {
    "classification": {
      "type": "cross_entropy",
      "label_smoothing": 0.0
    },
    "stability": {
      "enabled": true,
      "weight": 0.1,
      "target_lyapunov_range": [
        0.1,
        2.0
      ],
      "trajectory_bound": 50.0,
      "collapse_threshold": 0.1,
      "diversity_weight": 0.05
    },
    "synchronization": {
      "enabled": false,
      "sync_weight": 0.1,
      "desync_weight": 0.1,
      "margin": 1.0,
      "sample_ratio": 0.3,
      "distance_type": "euclidean"
    },
    "adversarial": {
      "enabled": true,
      "warmup_epochs": 5,
      "perturbation_scale": 0.1,
      "parameter_noise": true,
      "trajectory_noise": true,
      "weight": 0.3
    }
  },
  "optional_modules": {
    "bifurcation_control": {
      "enabled": false,
      "num_regimes": 4,
      "hidden_dim": 32,
      "control_strength": 0.5,
      "learnable_boundaries": true
    },
    "differentiable_features": {
      "enabled": true,
      "lyapunov_dim": 8,
      "rqa_dim": 6,
      "additional_stats": true
    }
  },
  "epochs": 100,
  "optimize_parameters": true
}
2025-12-29 10:49:02,819 - chaotic_trainer - INFO - System info: {'platform': 'Linux-4.18.0-553.74.1.el8_10.x86_64-x86_64-with-glibc2.28', 'system': 'Linux', 'node': 'g1102.mahti.csc.fi', 'release': '4.18.0-553.74.1.el8_10.x86_64', 'version': '#1 SMP Sun Sep 7 09:23:35 EDT 2025', 'machine': 'x86_64', 'processor': 'x86_64', 'python_version': '3.12.10 (main, Jun  3 2025, 21:04:06) [GCC 8.5.0 20210514 (Red Hat 8.5.0-26)]', 'python_executable': '/usr/bin/python', 'cpu_count': 256, 'total_memory': 540285186048, 'available_memory': 512624332800, 'gpu_info': {'cuda_available': True, 'cuda_version': '12.6', 'gpu_count': 1, 'gpu_names': ['NVIDIA A100-SXM4-40GB MIG 1g.5gb']}, 'package_versions': {'numpy': '1.26.4', 'scipy': '1.13.1', 'scikit-learn': 'not installed', 'librosa': '0.11.0', 'soundfile': '0.13.1', 'torch': '2.7.1+cu126', 'tensorflow': 'not installed', 'matplotlib': '3.10.3', 'pandas': '2.3.0'}, 'git_info': {'commit_hash': 'daa24a287a80c85ef3adb8a50c43cdc3cd2f14ce', 'branch': 'origin', 'is_dirty': True}}
2025-12-29 10:49:02,819 - chaotic_trainer - INFO - Training 1 systems × 1 types × 1 runs...
2025-12-29 10:49:02,819 - chaotic_trainer - INFO - Systems: ['lorenz']
2025-12-29 10:49:02,819 - chaotic_trainer - INFO - Model types: ['full_chaotic']
2025-12-29 10:49:02,819 - chaotic_trainer - INFO - 
============================================================
2025-12-29 10:49:02,819 - chaotic_trainer - INFO - TRAINING: LORENZ + FULL_CHAOTIC
2025-12-29 10:49:02,819 - chaotic_trainer - INFO - ============================================================
2025-12-29 10:49:02,819 - chaotic_trainer - INFO - Training chaotic_lorenz_full_chaotic_run_0...
2025-12-29 10:49:02,819 - chaotic_trainer - INFO - Optimizing parameters for lorenz system...
2025-12-29 10:49:02,830 - chaotic_trainer - INFO - Setting up chaotic_lorenz_full_chaotic_run_0...
2025-12-29 10:49:34,509 - chaotic_trainer - INFO - 🚀 No checkpoint specified, starting from scratch
2025-12-29 10:49:34,509 - chaotic_trainer - INFO - Model parameters: 520,647 (trainable: 520,647)
2025-12-29 10:49:34,509 - chaotic_trainer - INFO - Training with chaotic dynamics monitoring...
2025-12-29 10:49:34,509 - chaotic_trainer - INFO - Starting training from epoch 0 for 100 more epochs...
2025-12-29 11:02:12,633 - chaotic_trainer - INFO - Evaluating chaotic_lorenz_full_chaotic_run_0...
2025-12-29 11:02:13,409 - chaotic_trainer - INFO - Running chaotic analysis...
2025-12-29 11:02:16,586 - chaotic_trainer - INFO - Completed chaotic_lorenz_full_chaotic_run_0: Accuracy: 0.9407, Loss: 0.2495, Time: 789.8s
2025-12-29 11:02:16,679 - chaotic_trainer - INFO - Progress: 1/1 (100.0%)
2025-12-29 11:02:16,679 - chaotic_trainer - INFO - lorenz + full_chaotic Summary: 0.9407 ± 0.0000
2025-12-29 11:02:16,679 - chaotic_trainer - INFO - Analyzing chaotic training results...
2025-12-29 11:02:16,680 - chaotic_trainer - INFO - Generating comprehensive chaotic training report...
2025-12-29 11:02:18,237 - chaotic_trainer - INFO - Visualizations saved to: /scratch/project_2003370/yueyao/Model/experiments/configs/4.3_bifurcation_control/visualizations
2025-12-29 11:02:18,237 - chaotic_trainer - INFO - Reports generated:
2025-12-29 11:02:18,237 - chaotic_trainer - INFO -   Text report: /scratch/project_2003370/yueyao/Model/experiments/configs/4.3_bifurcation_control/chaotic_training_report.txt
2025-12-29 11:02:18,237 - chaotic_trainer - INFO -   JSON report: /scratch/project_2003370/yueyao/Model/experiments/configs/4.3_bifurcation_control/chaotic_training_results.json
2025-12-29 11:02:18,237 - chaotic_trainer - INFO - Chaotic training completed.
2025-12-29 11:02:18,237 - chaotic_trainer - INFO - ============================================================
2025-12-29 11:16:02,305 - chaotic_trainer - INFO - ============================================================
2025-12-29 11:16:02,305 - chaotic_trainer - INFO - CHAOTIC NEURAL NETWORKS TRAINING
2025-12-29 11:16:02,305 - chaotic_trainer - INFO - ============================================================
2025-12-29 11:16:02,305 - chaotic_trainer - INFO - Output directory: /scratch/project_2003370/yueyao/Model/experiments/configs/4.3_bifurcation_control
2025-12-29 11:16:02,306 - chaotic_trainer - INFO - Configuration: {
  "_nested": {
    "experiment": {
      "name": "chaotic_speaker_recognition",
      "description": "Chaotic Hierarchical Attractor Propagation for robust speaker recognition",
      "version": "2.0",
      "author": "C-HiLAP Project"
    },
    "data": {
      "data_dir": "/scratch/project_2003370/yueyao/dataset/mini_librispeech/LibriSpeech/dev-clean-2",
      "train_split": 0.7,
      "val_split": 0.15,
      "test_split": 0.15,
      "num_workers": 4,
      "pin_memory": true,
      "prefetch_factor": 2,
      "cache_features": false,
      "cache_dir": "./cache"
    },
    "audio": {
      "sample_rate": 16000,
      "max_audio_length": 3.0,
      "min_audio_length": 0.5,
      "frame_length": 400,
      "hop_length": 160,
      "normalize": true,
      "remove_silence": false,
      "augmentation": {
        "enabled": false,
        "noise_injection": 0.005,
        "time_stretch_range": [
          0.9,
          1.1
        ],
        "pitch_shift_range": [
          -2,
          2
        ]
      }
    },
    "model": {
      "type": "full_chaotic",
      "num_speakers": 251,
      "phase_space": {
        "embedding_dim": 10,
        "delay_method": "autocorr",
        "dimension_method": "false_neighbors",
        "fixed_delay": 10
      },
      "chaotic_features": {
        "mlsa": {
          "scales": 5,
          "max_lyapunov_steps": 1000
        },
        "rqa": {
          "radius_ratio": 0.1,
          "min_line_length": 2
        }
      },
      "chaotic_embedding": {
        "system_type": "lorenz",
        "evolution_time": 0.5,
        "time_step": 0.01,
        "coupling_strength": 1.0,
        "noise_level": 0.001,
        "lorenz": {
          "sigma": 10.0,
          "rho": 28.0,
          "beta": 2.6667
        },
        "rossler": {
          "a": 0.2,
          "b": 0.2,
          "c": 5.7
        }
      },
      "attractor_pooling": {
        "type": "comprehensive",
        "correlation_dimension": {
          "num_radii": 50
        }
      },
      "speaker_embedding": {
        "dim": 256,
        "hidden_dims": [
          512,
          256,
          128
        ],
        "dropout_rate": 0.3,
        "use_batch_norm": true
      },
      "classifier": {
        "type": "plda",
        "temperature": 30.0,
        "margin": 0.35,
        "plda": {
          "latent_dim": 128,
          "use_length_norm": true
        }
      }
    },
    "optional_modules": {
      "bifurcation_control": {
        "enabled": false,
        "num_regimes": 4,
        "hidden_dim": 32,
        "control_strength": 0.5,
        "learnable_boundaries": true
      },
      "differentiable_features": {
        "enabled": true,
        "lyapunov_dim": 8,
        "rqa_dim": 6,
        "additional_stats": true
      }
    },
    "loss": {
      "classification": {
        "type": "cross_entropy",
        "label_smoothing": 0.0
      },
      "stability": {
        "enabled": true,
        "weight": 0.1,
        "target_lyapunov_range": [
          0.1,
          2.0
        ],
        "trajectory_bound": 50.0,
        "collapse_threshold": 0.1,
        "diversity_weight": 0.05
      },
      "synchronization": {
        "enabled": false,
        "sync_weight": 0.1,
        "desync_weight": 0.1,
        "margin": 1.0,
        "sample_ratio": 0.3,
        "distance_type": "euclidean"
      },
      "adversarial": {
        "enabled": true,
        "warmup_epochs": 5,
        "perturbation_scale": 0.1,
        "parameter_noise": true,
        "trajectory_noise": true,
        "weight": 0.3
      }
    },
    "training": {
      "batch_size": 32,
      "num_epochs": 100,
      "gradient_clipping": 1.0,
      "gradient_accumulation_steps": 1,
      "mixed_precision": false,
      "optimizer": {
        "type": "adamw",
        "learning_rate": 0.0005,
        "weight_decay": 0.0001,
        "betas": [
          0.9,
          0.999
        ],
        "eps": 1e-08,
        "momentum": 0.9,
        "nesterov": true
      },
      "scheduler": {
        "type": "cosine",
        "T_max": 100,
        "eta_min": 1e-06,
        "step_size": 30,
        "gamma": 0.1,
        "patience": 10,
        "factor": 0.5,
        "min_lr": 1e-07,
        "warmup_epochs": 5,
        "warmup_start_lr": 1e-06
      },
      "early_stopping": {
        "enabled": true,
        "patience": 30,
        "min_delta": 0.001,
        "monitor": "val_accuracy",
        "mode": "max"
      },
      "checkpoint": {
        "save_best_only": true,
        "save_frequency": 10,
        "max_to_keep": 3
      }
    },
    "evaluation": {
      "metrics": [
        "accuracy",
        "top5_accuracy",
        "eer",
        "dcf"
      ],
      "eval_frequency": 1,
      "visualization": {
        "enabled": true,
        "plot_confusion_matrix": true,
        "plot_embeddings": true,
        "plot_attractors": true
      }
    },
    "logging": {
      "level": "INFO",
      "tensorboard": {
        "enabled": true,
        "log_dir": "./runs"
      },
      "wandb": {
        "enabled": false,
        "project": "chaotic-speaker-recognition",
        "entity": null
      },
      "log_frequency": 50
    },
    "output": {
      "base_dir": "./experiments/outputs",
      "save_predictions": true,
      "save_embeddings": true,
      "save_analysis": true
    },
    "hardware": {
      "device": "auto",
      "seed": 42,
      "deterministic": false,
      "benchmark": true
    },
    "presets": {
      "fast_debug": {
        "training": {
          "batch_size": 8,
          "num_epochs": 5
        },
        "model": {
          "speaker_embedding": {
            "hidden_dims": [
              128,
              64
            ]
          }
        },
        "loss": {
          "adversarial": {
            "enabled": false
          },
          "synchronization": {
            "enabled": false
          }
        }
      },
      "baseline": {
        "model": {
          "classifier": {
            "type": "linear"
          }
        },
        "loss": {
          "stability": {
            "enabled": true
          },
          "synchronization": {
            "enabled": false
          },
          "adversarial": {
            "enabled": false
          }
        }
      },
      "high_performance": {
        "model": {
          "speaker_embedding": {
            "dim": 512,
            "hidden_dims": [
              1024,
              512,
              256
            ]
          },
          "classifier": {
            "type": "cosine"
          }
        },
        "training": {
          "num_epochs": 200,
          "batch_size": 64
        },
        "loss": {
          "stability": {
            "enabled": true
          },
          "synchronization": {
            "enabled": false
          },
          "adversarial": {
            "enabled": true,
            "warmup_epochs": 10
          }
        }
      },
      "robust": {
        "model": {
          "chaotic_embedding": {
            "noise_level": 0.01
          }
        },
        "loss": {
          "adversarial": {
            "enabled": true,
            "perturbation_scale": 0.15,
            "warmup_epochs": 3
          }
        },
        "audio": {
          "augmentation": {
            "enabled": true,
            "noise_injection": 0.01
          }
        }
      }
    }
  },
  "num_speakers": 251,
  "model_type": "full_chaotic",
  "embedding_dim": 10,
  "delay_method": "autocorr",
  "mlsa_scales": 5,
  "rqa_radius_ratio": 0.1,
  "chaotic_system": "lorenz",
  "evolution_time": 0.5,
  "time_step": 0.01,
  "coupling_strength": 1.0,
  "noise_level": 0.001,
  "pooling_type": "comprehensive",
  "speaker_embedding_dim": 256,
  "embedding_hidden_dims": [
    512,
    256,
    128
  ],
  "classifier_type": "plda",
  "temperature": 30.0,
  "margin": 0.35,
  "batch_size": 32,
  "num_epochs": 100,
  "learning_rate": 0.0005,
  "weight_decay": 0.0001,
  "gradient_clipping": 1.0,
  "optimizer": {
    "type": "adamw",
    "params": {
      "betas": [
        0.9,
        0.999
      ],
      "eps": 1e-08,
      "weight_decay": 0.0001
    }
  },
  "scheduler": {
    "type": "cosine",
    "params": {
      "T_max": 100,
      "eta_min": 1e-06
    }
  },
  "early_stopping": {
    "patience": 30
  },
  "sample_rate": 16000,
  "max_audio_length": 3.0,
  "frame_length": 400,
  "hop_length": 160,
  "data_dir": "/scratch/project_2003370/yueyao/dataset/mini_librispeech/LibriSpeech/dev-clean-2",
  "device": "auto",
  "seed": 42,
  "loss_config": {
    "classification": {
      "type": "cross_entropy",
      "label_smoothing": 0.0
    },
    "stability": {
      "enabled": true,
      "weight": 0.1,
      "target_lyapunov_range": [
        0.1,
        2.0
      ],
      "trajectory_bound": 50.0,
      "collapse_threshold": 0.1,
      "diversity_weight": 0.05
    },
    "synchronization": {
      "enabled": false,
      "sync_weight": 0.1,
      "desync_weight": 0.1,
      "margin": 1.0,
      "sample_ratio": 0.3,
      "distance_type": "euclidean"
    },
    "adversarial": {
      "enabled": true,
      "warmup_epochs": 5,
      "perturbation_scale": 0.1,
      "parameter_noise": true,
      "trajectory_noise": true,
      "weight": 0.3
    }
  },
  "optional_modules": {
    "bifurcation_control": {
      "enabled": false,
      "num_regimes": 4,
      "hidden_dim": 32,
      "control_strength": 0.5,
      "learnable_boundaries": true
    },
    "differentiable_features": {
      "enabled": true,
      "lyapunov_dim": 8,
      "rqa_dim": 6,
      "additional_stats": true
    }
  },
  "epochs": 100,
  "optimize_parameters": true
}
2025-12-29 11:16:02,353 - chaotic_trainer - INFO - System info: {'platform': 'Linux-4.18.0-553.74.1.el8_10.x86_64-x86_64-with-glibc2.28', 'system': 'Linux', 'node': 'g1102.mahti.csc.fi', 'release': '4.18.0-553.74.1.el8_10.x86_64', 'version': '#1 SMP Sun Sep 7 09:23:35 EDT 2025', 'machine': 'x86_64', 'processor': 'x86_64', 'python_version': '3.12.10 (main, Jun  3 2025, 21:04:06) [GCC 8.5.0 20210514 (Red Hat 8.5.0-26)]', 'python_executable': '/usr/bin/python', 'cpu_count': 256, 'total_memory': 540285186048, 'available_memory': 510601723904, 'gpu_info': {'cuda_available': True, 'cuda_version': '12.6', 'gpu_count': 1, 'gpu_names': ['NVIDIA A100-SXM4-40GB MIG 1g.5gb']}, 'package_versions': {'numpy': '1.26.4', 'scipy': '1.13.1', 'scikit-learn': 'not installed', 'librosa': '0.11.0', 'soundfile': '0.13.1', 'torch': '2.7.1+cu126', 'tensorflow': 'not installed', 'matplotlib': '3.10.3', 'pandas': '2.3.0'}, 'git_info': {'commit_hash': 'daa24a287a80c85ef3adb8a50c43cdc3cd2f14ce', 'branch': 'origin', 'is_dirty': True}}
2025-12-29 11:16:02,353 - chaotic_trainer - INFO - Training 1 systems × 1 types × 1 runs...
2025-12-29 11:16:02,353 - chaotic_trainer - INFO - Systems: ['lorenz']
2025-12-29 11:16:02,353 - chaotic_trainer - INFO - Model types: ['full_chaotic']
2025-12-29 11:16:02,353 - chaotic_trainer - INFO - 
============================================================
2025-12-29 11:16:02,353 - chaotic_trainer - INFO - TRAINING: LORENZ + FULL_CHAOTIC
2025-12-29 11:16:02,353 - chaotic_trainer - INFO - ============================================================
2025-12-29 11:16:02,353 - chaotic_trainer - INFO - Training chaotic_lorenz_full_chaotic_run_0...
2025-12-29 11:16:02,353 - chaotic_trainer - INFO - Optimizing parameters for lorenz system...
2025-12-29 11:16:02,363 - chaotic_trainer - INFO - Setting up chaotic_lorenz_full_chaotic_run_0...
2025-12-29 11:16:34,719 - chaotic_trainer - INFO - 🚀 No checkpoint specified, starting from scratch
2025-12-29 11:16:34,719 - chaotic_trainer - INFO - Model parameters: 520,647 (trainable: 520,647)
2025-12-29 11:16:34,719 - chaotic_trainer - INFO - Training with chaotic dynamics monitoring...
2025-12-29 11:16:34,720 - chaotic_trainer - INFO - Starting training from epoch 0 for 100 more epochs...
2025-12-29 11:29:00,718 - chaotic_trainer - INFO - Evaluating chaotic_lorenz_full_chaotic_run_0...
2025-12-29 11:29:01,460 - chaotic_trainer - INFO - Running chaotic analysis...
2025-12-29 11:29:04,890 - chaotic_trainer - INFO - Completed chaotic_lorenz_full_chaotic_run_0: Accuracy: 0.9407, Loss: 0.2495, Time: 778.4s
2025-12-29 11:29:04,983 - chaotic_trainer - INFO - Progress: 1/1 (100.0%)
2025-12-29 11:29:04,983 - chaotic_trainer - INFO - lorenz + full_chaotic Summary: 0.9407 ± 0.0000
2025-12-29 11:29:04,983 - chaotic_trainer - INFO - Analyzing chaotic training results...
2025-12-29 11:29:04,984 - chaotic_trainer - INFO - Generating comprehensive chaotic training report...
2025-12-29 11:29:06,530 - chaotic_trainer - INFO - Visualizations saved to: /scratch/project_2003370/yueyao/Model/experiments/configs/4.3_bifurcation_control/visualizations
2025-12-29 11:29:06,531 - chaotic_trainer - INFO - Reports generated:
2025-12-29 11:29:06,531 - chaotic_trainer - INFO -   Text report: /scratch/project_2003370/yueyao/Model/experiments/configs/4.3_bifurcation_control/chaotic_training_report.txt
2025-12-29 11:29:06,531 - chaotic_trainer - INFO -   JSON report: /scratch/project_2003370/yueyao/Model/experiments/configs/4.3_bifurcation_control/chaotic_training_results.json
2025-12-29 11:29:06,531 - chaotic_trainer - INFO - Chaotic training completed.
2025-12-29 11:29:06,531 - chaotic_trainer - INFO - ============================================================
2025-12-29 11:39:11,299 - chaotic_trainer - INFO - ============================================================
2025-12-29 11:39:11,299 - chaotic_trainer - INFO - CHAOTIC NEURAL NETWORKS TRAINING
2025-12-29 11:39:11,299 - chaotic_trainer - INFO - ============================================================
2025-12-29 11:39:11,299 - chaotic_trainer - INFO - Output directory: /scratch/project_2003370/yueyao/Model/experiments/configs/4.3_bifurcation_control
2025-12-29 11:39:11,300 - chaotic_trainer - INFO - Configuration: {
  "_nested": {
    "experiment": {
      "name": "chaotic_speaker_recognition",
      "description": "Chaotic Hierarchical Attractor Propagation for robust speaker recognition",
      "version": "2.0",
      "author": "C-HiLAP Project"
    },
    "data": {
      "data_dir": "/scratch/project_2003370/yueyao/dataset/mini_librispeech/LibriSpeech/dev-clean-2",
      "train_split": 0.7,
      "val_split": 0.15,
      "test_split": 0.15,
      "num_workers": 4,
      "pin_memory": true,
      "prefetch_factor": 2,
      "cache_features": false,
      "cache_dir": "./cache"
    },
    "audio": {
      "sample_rate": 16000,
      "max_audio_length": 3.0,
      "min_audio_length": 0.5,
      "frame_length": 400,
      "hop_length": 160,
      "normalize": true,
      "remove_silence": false,
      "augmentation": {
        "enabled": false,
        "noise_injection": 0.005,
        "time_stretch_range": [
          0.9,
          1.1
        ],
        "pitch_shift_range": [
          -2,
          2
        ]
      }
    },
    "model": {
      "type": "full_chaotic",
      "num_speakers": 251,
      "phase_space": {
        "embedding_dim": 10,
        "delay_method": "autocorr",
        "dimension_method": "false_neighbors",
        "fixed_delay": 10
      },
      "chaotic_features": {
        "mlsa": {
          "scales": 5,
          "max_lyapunov_steps": 1000
        },
        "rqa": {
          "radius_ratio": 0.1,
          "min_line_length": 2
        }
      },
      "chaotic_embedding": {
        "system_type": "lorenz",
        "evolution_time": 0.5,
        "time_step": 0.01,
        "coupling_strength": 1.0,
        "noise_level": 0.001,
        "lorenz": {
          "sigma": 10.0,
          "rho": 28.0,
          "beta": 2.6667
        },
        "rossler": {
          "a": 0.2,
          "b": 0.2,
          "c": 5.7
        }
      },
      "attractor_pooling": {
        "type": "comprehensive",
        "correlation_dimension": {
          "num_radii": 50
        }
      },
      "speaker_embedding": {
        "dim": 256,
        "hidden_dims": [
          512,
          256,
          128
        ],
        "dropout_rate": 0.3,
        "use_batch_norm": true
      },
      "classifier": {
        "type": "plda",
        "temperature": 30.0,
        "margin": 0.35,
        "plda": {
          "latent_dim": 128,
          "use_length_norm": true
        }
      }
    },
    "optional_modules": {
      "bifurcation_control": {
        "enabled": true,
        "num_regimes": 4,
        "hidden_dim": 32,
        "control_strength": 0.5,
        "learnable_boundaries": true
      },
      "differentiable_features": {
        "enabled": true,
        "lyapunov_dim": 8,
        "rqa_dim": 6,
        "additional_stats": true
      }
    },
    "loss": {
      "classification": {
        "type": "cross_entropy",
        "label_smoothing": 0.0
      },
      "stability": {
        "enabled": true,
        "weight": 0.1,
        "target_lyapunov_range": [
          0.1,
          2.0
        ],
        "trajectory_bound": 50.0,
        "collapse_threshold": 0.1,
        "diversity_weight": 0.05
      },
      "synchronization": {
        "enabled": false,
        "sync_weight": 0.1,
        "desync_weight": 0.1,
        "margin": 1.0,
        "sample_ratio": 0.3,
        "distance_type": "euclidean"
      },
      "adversarial": {
        "enabled": true,
        "warmup_epochs": 5,
        "perturbation_scale": 0.1,
        "parameter_noise": true,
        "trajectory_noise": true,
        "weight": 0.3
      }
    },
    "training": {
      "batch_size": 32,
      "num_epochs": 100,
      "gradient_clipping": 1.0,
      "gradient_accumulation_steps": 1,
      "mixed_precision": false,
      "optimizer": {
        "type": "adamw",
        "learning_rate": 0.0005,
        "weight_decay": 0.0001,
        "betas": [
          0.9,
          0.999
        ],
        "eps": 1e-08,
        "momentum": 0.9,
        "nesterov": true
      },
      "scheduler": {
        "type": "cosine",
        "T_max": 100,
        "eta_min": 1e-06,
        "step_size": 30,
        "gamma": 0.1,
        "patience": 10,
        "factor": 0.5,
        "min_lr": 1e-07,
        "warmup_epochs": 5,
        "warmup_start_lr": 1e-06
      },
      "early_stopping": {
        "enabled": true,
        "patience": 30,
        "min_delta": 0.001,
        "monitor": "val_accuracy",
        "mode": "max"
      },
      "checkpoint": {
        "save_best_only": true,
        "save_frequency": 10,
        "max_to_keep": 3
      }
    },
    "evaluation": {
      "metrics": [
        "accuracy",
        "top5_accuracy",
        "eer",
        "dcf"
      ],
      "eval_frequency": 1,
      "visualization": {
        "enabled": true,
        "plot_confusion_matrix": true,
        "plot_embeddings": true,
        "plot_attractors": true
      }
    },
    "logging": {
      "level": "INFO",
      "tensorboard": {
        "enabled": true,
        "log_dir": "./runs"
      },
      "wandb": {
        "enabled": false,
        "project": "chaotic-speaker-recognition",
        "entity": null
      },
      "log_frequency": 50
    },
    "output": {
      "base_dir": "./experiments/outputs",
      "save_predictions": true,
      "save_embeddings": true,
      "save_analysis": true
    },
    "hardware": {
      "device": "auto",
      "seed": 42,
      "deterministic": false,
      "benchmark": true
    },
    "presets": {
      "fast_debug": {
        "training": {
          "batch_size": 8,
          "num_epochs": 5
        },
        "model": {
          "speaker_embedding": {
            "hidden_dims": [
              128,
              64
            ]
          }
        },
        "loss": {
          "adversarial": {
            "enabled": false
          },
          "synchronization": {
            "enabled": false
          }
        }
      },
      "baseline": {
        "model": {
          "classifier": {
            "type": "linear"
          }
        },
        "loss": {
          "stability": {
            "enabled": true
          },
          "synchronization": {
            "enabled": false
          },
          "adversarial": {
            "enabled": false
          }
        }
      },
      "high_performance": {
        "model": {
          "speaker_embedding": {
            "dim": 512,
            "hidden_dims": [
              1024,
              512,
              256
            ]
          },
          "classifier": {
            "type": "cosine"
          }
        },
        "training": {
          "num_epochs": 200,
          "batch_size": 64
        },
        "loss": {
          "stability": {
            "enabled": true
          },
          "synchronization": {
            "enabled": false
          },
          "adversarial": {
            "enabled": true,
            "warmup_epochs": 10
          }
        }
      },
      "robust": {
        "model": {
          "chaotic_embedding": {
            "noise_level": 0.01
          }
        },
        "loss": {
          "adversarial": {
            "enabled": true,
            "perturbation_scale": 0.15,
            "warmup_epochs": 3
          }
        },
        "audio": {
          "augmentation": {
            "enabled": true,
            "noise_injection": 0.01
          }
        }
      }
    }
  },
  "num_speakers": 251,
  "model_type": "full_chaotic",
  "embedding_dim": 10,
  "delay_method": "autocorr",
  "mlsa_scales": 5,
  "rqa_radius_ratio": 0.1,
  "chaotic_system": "lorenz",
  "evolution_time": 0.5,
  "time_step": 0.01,
  "coupling_strength": 1.0,
  "noise_level": 0.001,
  "pooling_type": "comprehensive",
  "speaker_embedding_dim": 256,
  "embedding_hidden_dims": [
    512,
    256,
    128
  ],
  "classifier_type": "plda",
  "temperature": 30.0,
  "margin": 0.35,
  "batch_size": 32,
  "num_epochs": 100,
  "learning_rate": 0.0005,
  "weight_decay": 0.0001,
  "gradient_clipping": 1.0,
  "optimizer": {
    "type": "adamw",
    "params": {
      "betas": [
        0.9,
        0.999
      ],
      "eps": 1e-08,
      "weight_decay": 0.0001
    }
  },
  "scheduler": {
    "type": "cosine",
    "params": {
      "T_max": 100,
      "eta_min": 1e-06
    }
  },
  "early_stopping": {
    "patience": 30
  },
  "sample_rate": 16000,
  "max_audio_length": 3.0,
  "frame_length": 400,
  "hop_length": 160,
  "data_dir": "/scratch/project_2003370/yueyao/dataset/mini_librispeech/LibriSpeech/dev-clean-2",
  "device": "auto",
  "seed": 42,
  "loss_config": {
    "classification": {
      "type": "cross_entropy",
      "label_smoothing": 0.0
    },
    "stability": {
      "enabled": true,
      "weight": 0.1,
      "target_lyapunov_range": [
        0.1,
        2.0
      ],
      "trajectory_bound": 50.0,
      "collapse_threshold": 0.1,
      "diversity_weight": 0.05
    },
    "synchronization": {
      "enabled": false,
      "sync_weight": 0.1,
      "desync_weight": 0.1,
      "margin": 1.0,
      "sample_ratio": 0.3,
      "distance_type": "euclidean"
    },
    "adversarial": {
      "enabled": true,
      "warmup_epochs": 5,
      "perturbation_scale": 0.1,
      "parameter_noise": true,
      "trajectory_noise": true,
      "weight": 0.3
    }
  },
  "optional_modules": {
    "bifurcation_control": {
      "enabled": true,
      "num_regimes": 4,
      "hidden_dim": 32,
      "control_strength": 0.5,
      "learnable_boundaries": true
    },
    "differentiable_features": {
      "enabled": true,
      "lyapunov_dim": 8,
      "rqa_dim": 6,
      "additional_stats": true
    }
  },
  "epochs": 100,
  "optimize_parameters": true
}
2025-12-29 11:39:11,345 - chaotic_trainer - INFO - System info: {'platform': 'Linux-4.18.0-553.74.1.el8_10.x86_64-x86_64-with-glibc2.28', 'system': 'Linux', 'node': 'g1102.mahti.csc.fi', 'release': '4.18.0-553.74.1.el8_10.x86_64', 'version': '#1 SMP Sun Sep 7 09:23:35 EDT 2025', 'machine': 'x86_64', 'processor': 'x86_64', 'python_version': '3.12.10 (main, Jun  3 2025, 21:04:06) [GCC 8.5.0 20210514 (Red Hat 8.5.0-26)]', 'python_executable': '/usr/bin/python', 'cpu_count': 256, 'total_memory': 540285186048, 'available_memory': 511319015424, 'gpu_info': {'cuda_available': True, 'cuda_version': '12.6', 'gpu_count': 1, 'gpu_names': ['NVIDIA A100-SXM4-40GB MIG 1g.5gb']}, 'package_versions': {'numpy': '1.26.4', 'scipy': '1.13.1', 'scikit-learn': 'not installed', 'librosa': '0.11.0', 'soundfile': '0.13.1', 'torch': '2.7.1+cu126', 'tensorflow': 'not installed', 'matplotlib': '3.10.3', 'pandas': '2.3.0'}, 'git_info': {'commit_hash': 'daa24a287a80c85ef3adb8a50c43cdc3cd2f14ce', 'branch': 'origin', 'is_dirty': True}}
2025-12-29 11:39:11,345 - chaotic_trainer - INFO - Training 1 systems × 1 types × 1 runs...
2025-12-29 11:39:11,345 - chaotic_trainer - INFO - Systems: ['lorenz']
2025-12-29 11:39:11,345 - chaotic_trainer - INFO - Model types: ['full_chaotic']
2025-12-29 11:39:11,345 - chaotic_trainer - INFO - 
============================================================
2025-12-29 11:39:11,345 - chaotic_trainer - INFO - TRAINING: LORENZ + FULL_CHAOTIC
2025-12-29 11:39:11,345 - chaotic_trainer - INFO - ============================================================
2025-12-29 11:39:11,345 - chaotic_trainer - INFO - Training chaotic_lorenz_full_chaotic_run_0...
2025-12-29 11:39:11,345 - chaotic_trainer - INFO - Optimizing parameters for lorenz system...
2025-12-29 11:39:11,356 - chaotic_trainer - INFO - Setting up chaotic_lorenz_full_chaotic_run_0...
2025-12-29 11:39:42,910 - chaotic_trainer - INFO - 🚀 No checkpoint specified, starting from scratch
2025-12-29 11:39:42,910 - chaotic_trainer - INFO - Model parameters: 520,647 (trainable: 520,647)
2025-12-29 11:39:42,910 - chaotic_trainer - INFO - Training with chaotic dynamics monitoring...
2025-12-29 11:39:42,910 - chaotic_trainer - INFO - Starting training from epoch 0 for 100 more epochs...
2025-12-29 11:52:22,203 - chaotic_trainer - INFO - Evaluating chaotic_lorenz_full_chaotic_run_0...
2025-12-29 11:52:22,988 - chaotic_trainer - INFO - Running chaotic analysis...
2025-12-29 11:52:26,023 - chaotic_trainer - INFO - Completed chaotic_lorenz_full_chaotic_run_0: Accuracy: 0.9407, Loss: 0.2495, Time: 790.8s
2025-12-29 11:52:26,122 - chaotic_trainer - INFO - Progress: 1/1 (100.0%)
2025-12-29 11:52:26,122 - chaotic_trainer - INFO - lorenz + full_chaotic Summary: 0.9407 ± 0.0000
2025-12-29 11:52:26,122 - chaotic_trainer - INFO - Analyzing chaotic training results...
2025-12-29 11:52:26,123 - chaotic_trainer - INFO - Generating comprehensive chaotic training report...
2025-12-29 11:52:27,724 - chaotic_trainer - INFO - Visualizations saved to: /scratch/project_2003370/yueyao/Model/experiments/configs/4.3_bifurcation_control/visualizations
2025-12-29 11:52:27,724 - chaotic_trainer - INFO - Reports generated:
2025-12-29 11:52:27,724 - chaotic_trainer - INFO -   Text report: /scratch/project_2003370/yueyao/Model/experiments/configs/4.3_bifurcation_control/chaotic_training_report.txt
2025-12-29 11:52:27,724 - chaotic_trainer - INFO -   JSON report: /scratch/project_2003370/yueyao/Model/experiments/configs/4.3_bifurcation_control/chaotic_training_results.json
2025-12-29 11:52:27,724 - chaotic_trainer - INFO - Chaotic training completed.
2025-12-29 11:52:27,724 - chaotic_trainer - INFO - ============================================================
2025-12-31 14:53:31,705 - chaotic_trainer - INFO - ============================================================
2025-12-31 14:53:31,711 - chaotic_trainer - INFO - CHAOTIC NEURAL NETWORKS TRAINING
2025-12-31 14:53:31,711 - chaotic_trainer - INFO - ============================================================
2025-12-31 14:53:31,711 - chaotic_trainer - INFO - Output directory: /scratch/project_2003370/yueyao/Model/experiments/configs/4.3_bifurcation_control
2025-12-31 14:53:31,712 - chaotic_trainer - INFO - Configuration: {
  "_nested": {
    "experiment": {
      "name": "chaotic_speaker_recognition",
      "description": "Chaotic Hierarchical Attractor Propagation for robust speaker recognition",
      "version": "2.0",
      "author": "C-HiLAP Project"
    },
    "data": {
      "data_dir": "/scratch/project_2003370/yueyao/dataset/mini_librispeech/LibriSpeech/dev-clean-2",
      "train_split": 0.7,
      "val_split": 0.15,
      "test_split": 0.15,
      "num_workers": 4,
      "pin_memory": true,
      "prefetch_factor": 2,
      "cache_features": false,
      "cache_dir": "./cache"
    },
    "audio": {
      "sample_rate": 16000,
      "max_audio_length": 3.0,
      "min_audio_length": 0.5,
      "frame_length": 400,
      "hop_length": 160,
      "normalize": true,
      "remove_silence": false,
      "augmentation": {
        "enabled": false,
        "noise_injection": 0.005,
        "time_stretch_range": [
          0.9,
          1.1
        ],
        "pitch_shift_range": [
          -2,
          2
        ]
      }
    },
    "model": {
      "type": "full_chaotic",
      "num_speakers": 251,
      "phase_space": {
        "embedding_dim": 10,
        "delay_method": "autocorr",
        "dimension_method": "false_neighbors",
        "fixed_delay": 10
      },
      "chaotic_features": {
        "mlsa": {
          "scales": 5,
          "max_lyapunov_steps": 1000
        },
        "rqa": {
          "radius_ratio": 0.1,
          "min_line_length": 2
        }
      },
      "chaotic_embedding": {
        "system_type": "lorenz",
        "evolution_time": 0.5,
        "time_step": 0.01,
        "coupling_strength": 1.0,
        "noise_level": 0.001,
        "lorenz": {
          "sigma": 10.0,
          "rho": 28.0,
          "beta": 2.6667
        },
        "rossler": {
          "a": 0.2,
          "b": 0.2,
          "c": 5.7
        }
      },
      "attractor_pooling": {
        "type": "comprehensive",
        "correlation_dimension": {
          "num_radii": 50
        }
      },
      "speaker_embedding": {
        "dim": 256,
        "hidden_dims": [
          512,
          256,
          128
        ],
        "dropout_rate": 0.3,
        "use_batch_norm": true
      },
      "classifier": {
        "type": "plda",
        "temperature": 30.0,
        "margin": 0.35,
        "plda": {
          "latent_dim": 128,
          "use_length_norm": true
        }
      }
    },
    "optional_modules": {
      "bifurcation_control": {
        "enabled": true,
        "num_regimes": 4,
        "hidden_dim": 32,
        "control_strength": 0.5,
        "learnable_boundaries": true
      },
      "differentiable_features": {
        "enabled": true,
        "lyapunov_dim": 8,
        "rqa_dim": 6,
        "additional_stats": true
      }
    },
    "loss": {
      "classification": {
        "type": "cross_entropy",
        "label_smoothing": 0.0
      },
      "stability": {
        "enabled": true,
        "weight": 0.1,
        "target_lyapunov_range": [
          0.1,
          2.0
        ],
        "trajectory_bound": 50.0,
        "collapse_threshold": 0.1,
        "diversity_weight": 0.05
      },
      "synchronization": {
        "enabled": false,
        "sync_weight": 0.1,
        "desync_weight": 0.1,
        "margin": 1.0,
        "sample_ratio": 0.3,
        "distance_type": "euclidean"
      },
      "adversarial": {
        "enabled": true,
        "warmup_epochs": 5,
        "perturbation_scale": 0.1,
        "parameter_noise": true,
        "trajectory_noise": true,
        "weight": 0.3
      }
    },
    "training": {
      "batch_size": 32,
      "num_epochs": 100,
      "gradient_clipping": 1.0,
      "gradient_accumulation_steps": 1,
      "mixed_precision": false,
      "optimizer": {
        "type": "adamw",
        "learning_rate": 0.0005,
        "weight_decay": 0.0001,
        "betas": [
          0.9,
          0.999
        ],
        "eps": 1e-08,
        "momentum": 0.9,
        "nesterov": true
      },
      "scheduler": {
        "type": "cosine",
        "T_max": 100,
        "eta_min": 1e-06,
        "step_size": 30,
        "gamma": 0.1,
        "patience": 10,
        "factor": 0.5,
        "min_lr": 1e-07,
        "warmup_epochs": 5,
        "warmup_start_lr": 1e-06
      },
      "early_stopping": {
        "enabled": true,
        "patience": 30,
        "min_delta": 0.001,
        "monitor": "val_accuracy",
        "mode": "max"
      },
      "checkpoint": {
        "save_best_only": true,
        "save_frequency": 10,
        "max_to_keep": 3
      }
    },
    "evaluation": {
      "metrics": [
        "accuracy",
        "top5_accuracy",
        "eer",
        "dcf"
      ],
      "eval_frequency": 1,
      "visualization": {
        "enabled": true,
        "plot_confusion_matrix": true,
        "plot_embeddings": true,
        "plot_attractors": true
      }
    },
    "logging": {
      "level": "INFO",
      "tensorboard": {
        "enabled": true,
        "log_dir": "./runs"
      },
      "wandb": {
        "enabled": false,
        "project": "chaotic-speaker-recognition",
        "entity": null
      },
      "log_frequency": 50
    },
    "output": {
      "base_dir": "./experiments/outputs",
      "save_predictions": true,
      "save_embeddings": true,
      "save_analysis": true
    },
    "hardware": {
      "device": "auto",
      "seed": 42,
      "deterministic": false,
      "benchmark": true
    },
    "presets": {
      "fast_debug": {
        "training": {
          "batch_size": 8,
          "num_epochs": 5
        },
        "model": {
          "speaker_embedding": {
            "hidden_dims": [
              128,
              64
            ]
          }
        },
        "loss": {
          "adversarial": {
            "enabled": false
          },
          "synchronization": {
            "enabled": false
          }
        }
      },
      "baseline": {
        "model": {
          "classifier": {
            "type": "linear"
          }
        },
        "loss": {
          "stability": {
            "enabled": true
          },
          "synchronization": {
            "enabled": false
          },
          "adversarial": {
            "enabled": false
          }
        }
      },
      "high_performance": {
        "model": {
          "speaker_embedding": {
            "dim": 512,
            "hidden_dims": [
              1024,
              512,
              256
            ]
          },
          "classifier": {
            "type": "cosine"
          }
        },
        "training": {
          "num_epochs": 200,
          "batch_size": 64
        },
        "loss": {
          "stability": {
            "enabled": true
          },
          "synchronization": {
            "enabled": false
          },
          "adversarial": {
            "enabled": true,
            "warmup_epochs": 10
          }
        }
      },
      "robust": {
        "model": {
          "chaotic_embedding": {
            "noise_level": 0.01
          }
        },
        "loss": {
          "adversarial": {
            "enabled": true,
            "perturbation_scale": 0.15,
            "warmup_epochs": 3
          }
        },
        "audio": {
          "augmentation": {
            "enabled": true,
            "noise_injection": 0.01
          }
        }
      }
    }
  },
  "num_speakers": 251,
  "model_type": "full_chaotic",
  "embedding_dim": 10,
  "delay_method": "autocorr",
  "mlsa_scales": 5,
  "rqa_radius_ratio": 0.1,
  "chaotic_system": "lorenz",
  "evolution_time": 0.5,
  "time_step": 0.01,
  "coupling_strength": 1.0,
  "noise_level": 0.001,
  "pooling_type": "comprehensive",
  "speaker_embedding_dim": 256,
  "embedding_hidden_dims": [
    512,
    256,
    128
  ],
  "classifier_type": "plda",
  "temperature": 30.0,
  "margin": 0.35,
  "batch_size": 32,
  "num_epochs": 100,
  "learning_rate": 0.0005,
  "weight_decay": 0.0001,
  "gradient_clipping": 1.0,
  "optimizer": {
    "type": "adamw",
    "params": {
      "betas": [
        0.9,
        0.999
      ],
      "eps": 1e-08,
      "weight_decay": 0.0001
    }
  },
  "scheduler": {
    "type": "cosine",
    "params": {
      "T_max": 100,
      "eta_min": 1e-06
    }
  },
  "early_stopping": {
    "patience": 30
  },
  "sample_rate": 16000,
  "max_audio_length": 3.0,
  "frame_length": 400,
  "hop_length": 160,
  "data_dir": "/scratch/project_2003370/yueyao/dataset/mini_librispeech/LibriSpeech/dev-clean-2",
  "device": "auto",
  "seed": 42,
  "loss_config": {
    "classification": {
      "type": "cross_entropy",
      "label_smoothing": 0.0
    },
    "stability": {
      "enabled": true,
      "weight": 0.1,
      "target_lyapunov_range": [
        0.1,
        2.0
      ],
      "trajectory_bound": 50.0,
      "collapse_threshold": 0.1,
      "diversity_weight": 0.05
    },
    "synchronization": {
      "enabled": false,
      "sync_weight": 0.1,
      "desync_weight": 0.1,
      "margin": 1.0,
      "sample_ratio": 0.3,
      "distance_type": "euclidean"
    },
    "adversarial": {
      "enabled": true,
      "warmup_epochs": 5,
      "perturbation_scale": 0.1,
      "parameter_noise": true,
      "trajectory_noise": true,
      "weight": 0.3
    }
  },
  "optional_modules": {
    "bifurcation_control": {
      "enabled": true,
      "num_regimes": 4,
      "hidden_dim": 32,
      "control_strength": 0.5,
      "learnable_boundaries": true
    },
    "differentiable_features": {
      "enabled": true,
      "lyapunov_dim": 8,
      "rqa_dim": 6,
      "additional_stats": true
    }
  },
  "epochs": 100,
  "optimize_parameters": true
}
2025-12-31 14:53:31,758 - chaotic_trainer - INFO - System info: {'platform': 'Linux-4.18.0-553.74.1.el8_10.x86_64-x86_64-with-glibc2.28', 'system': 'Linux', 'node': 'g1102.mahti.csc.fi', 'release': '4.18.0-553.74.1.el8_10.x86_64', 'version': '#1 SMP Sun Sep 7 09:23:35 EDT 2025', 'machine': 'x86_64', 'processor': 'x86_64', 'python_version': '3.12.10 (main, Jun  3 2025, 21:04:06) [GCC 8.5.0 20210514 (Red Hat 8.5.0-26)]', 'python_executable': '/usr/bin/python', 'cpu_count': 256, 'total_memory': 540285186048, 'available_memory': 505209307136, 'gpu_info': {'cuda_available': True, 'cuda_version': '12.6', 'gpu_count': 1, 'gpu_names': ['NVIDIA A100-SXM4-40GB MIG 1g.5gb']}, 'package_versions': {'numpy': '1.26.4', 'scipy': '1.13.1', 'scikit-learn': 'not installed', 'librosa': '0.11.0', 'soundfile': '0.13.1', 'torch': '2.7.1+cu126', 'tensorflow': 'not installed', 'matplotlib': '3.10.3', 'pandas': '2.3.0'}, 'git_info': {'commit_hash': 'daa24a287a80c85ef3adb8a50c43cdc3cd2f14ce', 'branch': 'origin', 'is_dirty': True}}
2025-12-31 14:53:31,758 - chaotic_trainer - INFO - Training 1 systems × 1 types × 1 runs...
2025-12-31 14:53:31,758 - chaotic_trainer - INFO - Systems: ['lorenz']
2025-12-31 14:53:31,758 - chaotic_trainer - INFO - Model types: ['full_chaotic']
2025-12-31 14:53:31,758 - chaotic_trainer - INFO - 
============================================================
2025-12-31 14:53:31,758 - chaotic_trainer - INFO - TRAINING: LORENZ + FULL_CHAOTIC
2025-12-31 14:53:31,758 - chaotic_trainer - INFO - ============================================================
2025-12-31 14:53:31,758 - chaotic_trainer - INFO - Training chaotic_lorenz_full_chaotic_run_0...
2025-12-31 14:53:31,758 - chaotic_trainer - INFO - Optimizing parameters for lorenz system...
2025-12-31 14:53:31,806 - chaotic_trainer - INFO - Setting up chaotic_lorenz_full_chaotic_run_0...
2025-12-31 14:54:22,351 - chaotic_trainer - INFO - 🚀 No checkpoint specified, starting from scratch
2025-12-31 14:54:22,352 - chaotic_trainer - INFO - Model parameters: 520,647 (trainable: 520,647)
2025-12-31 14:54:22,352 - chaotic_trainer - INFO - Training with chaotic dynamics monitoring...
2025-12-31 14:54:22,352 - chaotic_trainer - INFO - Starting training from epoch 0 for 100 more epochs...
2025-12-31 15:07:12,699 - chaotic_trainer - INFO - Evaluating chaotic_lorenz_full_chaotic_run_0...
2025-12-31 15:07:13,515 - chaotic_trainer - INFO - Running chaotic analysis...
2025-12-31 15:07:17,097 - chaotic_trainer - INFO - Completed chaotic_lorenz_full_chaotic_run_0: Accuracy: 0.9407, Loss: 0.2495, Time: 820.9s
2025-12-31 15:07:17,190 - chaotic_trainer - INFO - Progress: 1/1 (100.0%)
2025-12-31 15:07:17,191 - chaotic_trainer - INFO - lorenz + full_chaotic Summary: 0.9407 ± 0.0000
2025-12-31 15:07:17,191 - chaotic_trainer - INFO - Analyzing chaotic training results...
2025-12-31 15:07:17,192 - chaotic_trainer - INFO - Generating comprehensive chaotic training report...
2025-12-31 15:07:18,755 - chaotic_trainer - INFO - Visualizations saved to: /scratch/project_2003370/yueyao/Model/experiments/configs/4.3_bifurcation_control/visualizations
2025-12-31 15:07:18,756 - chaotic_trainer - INFO - Reports generated:
2025-12-31 15:07:18,756 - chaotic_trainer - INFO -   Text report: /scratch/project_2003370/yueyao/Model/experiments/configs/4.3_bifurcation_control/chaotic_training_report.txt
2025-12-31 15:07:18,756 - chaotic_trainer - INFO -   JSON report: /scratch/project_2003370/yueyao/Model/experiments/configs/4.3_bifurcation_control/chaotic_training_results.json
2025-12-31 15:07:18,756 - chaotic_trainer - INFO - Chaotic training completed.
2025-12-31 15:07:18,756 - chaotic_trainer - INFO - ============================================================
2025-12-31 15:29:46,584 - chaotic_trainer - INFO - ============================================================
2025-12-31 15:29:46,584 - chaotic_trainer - INFO - CHAOTIC NEURAL NETWORKS TRAINING
2025-12-31 15:29:46,585 - chaotic_trainer - INFO - ============================================================
2025-12-31 15:29:46,585 - chaotic_trainer - INFO - Output directory: /scratch/project_2003370/yueyao/Model/experiments/configs/4.3_bifurcation_control
2025-12-31 15:29:46,585 - chaotic_trainer - INFO - Configuration: {
  "_nested": {
    "experiment": {
      "name": "chaotic_speaker_recognition",
      "description": "Chaotic Hierarchical Attractor Propagation for robust speaker recognition",
      "version": "2.0",
      "author": "C-HiLAP Project"
    },
    "data": {
      "data_dir": "/scratch/project_2003370/yueyao/dataset/mini_librispeech/LibriSpeech/dev-clean-2",
      "train_split": 0.7,
      "val_split": 0.15,
      "test_split": 0.15,
      "num_workers": 4,
      "pin_memory": true,
      "prefetch_factor": 2,
      "cache_features": false,
      "cache_dir": "./cache"
    },
    "audio": {
      "sample_rate": 16000,
      "max_audio_length": 3.0,
      "min_audio_length": 0.5,
      "frame_length": 400,
      "hop_length": 160,
      "normalize": true,
      "remove_silence": false,
      "augmentation": {
        "enabled": false,
        "noise_injection": 0.005,
        "time_stretch_range": [
          0.9,
          1.1
        ],
        "pitch_shift_range": [
          -2,
          2
        ]
      }
    },
    "model": {
      "type": "full_chaotic",
      "num_speakers": 251,
      "phase_space": {
        "embedding_dim": 10,
        "delay_method": "autocorr",
        "dimension_method": "false_neighbors",
        "fixed_delay": 10
      },
      "chaotic_features": {
        "mlsa": {
          "scales": 5,
          "max_lyapunov_steps": 1000
        },
        "rqa": {
          "radius_ratio": 0.1,
          "min_line_length": 2
        }
      },
      "chaotic_embedding": {
        "system_type": "lorenz",
        "evolution_time": 0.5,
        "time_step": 0.01,
        "coupling_strength": 1.0,
        "noise_level": 0.001,
        "lorenz": {
          "sigma": 10.0,
          "rho": 28.0,
          "beta": 2.6667
        },
        "rossler": {
          "a": 0.2,
          "b": 0.2,
          "c": 5.7
        }
      },
      "attractor_pooling": {
        "type": "comprehensive",
        "correlation_dimension": {
          "num_radii": 50
        }
      },
      "speaker_embedding": {
        "dim": 256,
        "hidden_dims": [
          512,
          256,
          128
        ],
        "dropout_rate": 0.3,
        "use_batch_norm": true
      },
      "classifier": {
        "type": "plda",
        "temperature": 30.0,
        "margin": 0.35,
        "plda": {
          "latent_dim": 128,
          "use_length_norm": true
        }
      }
    },
    "optional_modules": {
      "bifurcation_control": {
        "enabled": true,
        "num_regimes": 4,
        "hidden_dim": 32,
        "control_strength": 0.5,
        "learnable_boundaries": true
      },
      "differentiable_features": {
        "enabled": true,
        "lyapunov_dim": 8,
        "rqa_dim": 6,
        "additional_stats": true
      }
    },
    "loss": {
      "classification": {
        "type": "cross_entropy",
        "label_smoothing": 0.0
      },
      "stability": {
        "enabled": true,
        "weight": 0.1,
        "target_lyapunov_range": [
          0.1,
          2.0
        ],
        "trajectory_bound": 50.0,
        "collapse_threshold": 0.1,
        "diversity_weight": 0.05
      },
      "synchronization": {
        "enabled": false,
        "sync_weight": 0.1,
        "desync_weight": 0.1,
        "margin": 1.0,
        "sample_ratio": 0.3,
        "distance_type": "euclidean"
      },
      "adversarial": {
        "enabled": true,
        "warmup_epochs": 5,
        "perturbation_scale": 0.1,
        "parameter_noise": true,
        "trajectory_noise": true,
        "weight": 0.3
      }
    },
    "training": {
      "batch_size": 32,
      "num_epochs": 100,
      "gradient_clipping": 1.0,
      "gradient_accumulation_steps": 1,
      "mixed_precision": false,
      "optimizer": {
        "type": "adamw",
        "learning_rate": 0.0005,
        "weight_decay": 0.0001,
        "betas": [
          0.9,
          0.999
        ],
        "eps": 1e-08,
        "momentum": 0.9,
        "nesterov": true
      },
      "scheduler": {
        "type": "cosine",
        "T_max": 100,
        "eta_min": 1e-06,
        "step_size": 30,
        "gamma": 0.1,
        "patience": 10,
        "factor": 0.5,
        "min_lr": 1e-07,
        "warmup_epochs": 5,
        "warmup_start_lr": 1e-06
      },
      "early_stopping": {
        "enabled": true,
        "patience": 30,
        "min_delta": 0.001,
        "monitor": "val_accuracy",
        "mode": "max"
      },
      "checkpoint": {
        "save_best_only": true,
        "save_frequency": 10,
        "max_to_keep": 3
      }
    },
    "evaluation": {
      "metrics": [
        "accuracy",
        "top5_accuracy",
        "eer",
        "dcf"
      ],
      "eval_frequency": 1,
      "visualization": {
        "enabled": true,
        "plot_confusion_matrix": true,
        "plot_embeddings": true,
        "plot_attractors": true
      }
    },
    "logging": {
      "level": "INFO",
      "tensorboard": {
        "enabled": true,
        "log_dir": "./runs"
      },
      "wandb": {
        "enabled": false,
        "project": "chaotic-speaker-recognition",
        "entity": null
      },
      "log_frequency": 50
    },
    "output": {
      "base_dir": "./experiments/outputs",
      "save_predictions": true,
      "save_embeddings": true,
      "save_analysis": true
    },
    "hardware": {
      "device": "auto",
      "seed": 42,
      "deterministic": false,
      "benchmark": true
    },
    "presets": {
      "fast_debug": {
        "training": {
          "batch_size": 8,
          "num_epochs": 5
        },
        "model": {
          "speaker_embedding": {
            "hidden_dims": [
              128,
              64
            ]
          }
        },
        "loss": {
          "adversarial": {
            "enabled": false
          },
          "synchronization": {
            "enabled": false
          }
        }
      },
      "baseline": {
        "model": {
          "classifier": {
            "type": "linear"
          }
        },
        "loss": {
          "stability": {
            "enabled": true
          },
          "synchronization": {
            "enabled": false
          },
          "adversarial": {
            "enabled": false
          }
        }
      },
      "high_performance": {
        "model": {
          "speaker_embedding": {
            "dim": 512,
            "hidden_dims": [
              1024,
              512,
              256
            ]
          },
          "classifier": {
            "type": "cosine"
          }
        },
        "training": {
          "num_epochs": 200,
          "batch_size": 64
        },
        "loss": {
          "stability": {
            "enabled": true
          },
          "synchronization": {
            "enabled": false
          },
          "adversarial": {
            "enabled": true,
            "warmup_epochs": 10
          }
        }
      },
      "robust": {
        "model": {
          "chaotic_embedding": {
            "noise_level": 0.01
          }
        },
        "loss": {
          "adversarial": {
            "enabled": true,
            "perturbation_scale": 0.15,
            "warmup_epochs": 3
          }
        },
        "audio": {
          "augmentation": {
            "enabled": true,
            "noise_injection": 0.01
          }
        }
      }
    }
  },
  "num_speakers": 251,
  "model_type": "full_chaotic",
  "embedding_dim": 10,
  "delay_method": "autocorr",
  "mlsa_scales": 5,
  "rqa_radius_ratio": 0.1,
  "chaotic_system": "lorenz",
  "evolution_time": 0.5,
  "time_step": 0.01,
  "coupling_strength": 1.0,
  "noise_level": 0.001,
  "pooling_type": "comprehensive",
  "speaker_embedding_dim": 256,
  "embedding_hidden_dims": [
    512,
    256,
    128
  ],
  "classifier_type": "plda",
  "temperature": 30.0,
  "margin": 0.35,
  "batch_size": 32,
  "num_epochs": 100,
  "learning_rate": 0.0005,
  "weight_decay": 0.0001,
  "gradient_clipping": 1.0,
  "optimizer": {
    "type": "adamw",
    "params": {
      "betas": [
        0.9,
        0.999
      ],
      "eps": 1e-08,
      "weight_decay": 0.0001
    }
  },
  "scheduler": {
    "type": "cosine",
    "params": {
      "T_max": 100,
      "eta_min": 1e-06
    }
  },
  "early_stopping": {
    "patience": 30
  },
  "sample_rate": 16000,
  "max_audio_length": 3.0,
  "frame_length": 400,
  "hop_length": 160,
  "data_dir": "/scratch/project_2003370/yueyao/dataset/mini_librispeech/LibriSpeech/dev-clean-2",
  "device": "auto",
  "seed": 42,
  "loss_config": {
    "classification": {
      "type": "cross_entropy",
      "label_smoothing": 0.0
    },
    "stability": {
      "enabled": true,
      "weight": 0.1,
      "target_lyapunov_range": [
        0.1,
        2.0
      ],
      "trajectory_bound": 50.0,
      "collapse_threshold": 0.1,
      "diversity_weight": 0.05
    },
    "synchronization": {
      "enabled": false,
      "sync_weight": 0.1,
      "desync_weight": 0.1,
      "margin": 1.0,
      "sample_ratio": 0.3,
      "distance_type": "euclidean"
    },
    "adversarial": {
      "enabled": true,
      "warmup_epochs": 5,
      "perturbation_scale": 0.1,
      "parameter_noise": true,
      "trajectory_noise": true,
      "weight": 0.3
    }
  },
  "optional_modules": {
    "bifurcation_control": {
      "enabled": true,
      "num_regimes": 4,
      "hidden_dim": 32,
      "control_strength": 0.5,
      "learnable_boundaries": true
    },
    "differentiable_features": {
      "enabled": true,
      "lyapunov_dim": 8,
      "rqa_dim": 6,
      "additional_stats": true
    }
  },
  "epochs": 100,
  "optimize_parameters": true
}
2025-12-31 15:29:46,628 - chaotic_trainer - INFO - System info: {'platform': 'Linux-4.18.0-553.74.1.el8_10.x86_64-x86_64-with-glibc2.28', 'system': 'Linux', 'node': 'g1102.mahti.csc.fi', 'release': '4.18.0-553.74.1.el8_10.x86_64', 'version': '#1 SMP Sun Sep 7 09:23:35 EDT 2025', 'machine': 'x86_64', 'processor': 'x86_64', 'python_version': '3.12.10 (main, Jun  3 2025, 21:04:06) [GCC 8.5.0 20210514 (Red Hat 8.5.0-26)]', 'python_executable': '/usr/bin/python', 'cpu_count': 256, 'total_memory': 540285186048, 'available_memory': 505181655040, 'gpu_info': {'cuda_available': True, 'cuda_version': '12.6', 'gpu_count': 1, 'gpu_names': ['NVIDIA A100-SXM4-40GB MIG 1g.5gb']}, 'package_versions': {'numpy': '1.26.4', 'scipy': '1.13.1', 'scikit-learn': 'not installed', 'librosa': '0.11.0', 'soundfile': '0.13.1', 'torch': '2.7.1+cu126', 'tensorflow': 'not installed', 'matplotlib': '3.10.3', 'pandas': '2.3.0'}, 'git_info': {'commit_hash': 'daa24a287a80c85ef3adb8a50c43cdc3cd2f14ce', 'branch': 'origin', 'is_dirty': True}}
2025-12-31 15:29:46,628 - chaotic_trainer - INFO - Training 1 systems × 1 types × 1 runs...
2025-12-31 15:29:46,628 - chaotic_trainer - INFO - Systems: ['lorenz']
2025-12-31 15:29:46,628 - chaotic_trainer - INFO - Model types: ['full_chaotic']
2025-12-31 15:29:46,629 - chaotic_trainer - INFO - 
============================================================
2025-12-31 15:29:46,629 - chaotic_trainer - INFO - TRAINING: LORENZ + FULL_CHAOTIC
2025-12-31 15:29:46,629 - chaotic_trainer - INFO - ============================================================
2025-12-31 15:29:46,629 - chaotic_trainer - INFO - Training chaotic_lorenz_full_chaotic_run_0...
2025-12-31 15:29:46,629 - chaotic_trainer - INFO - Optimizing parameters for lorenz system...
2025-12-31 15:29:46,639 - chaotic_trainer - INFO - Setting up chaotic_lorenz_full_chaotic_run_0...
2025-12-31 15:30:18,824 - chaotic_trainer - INFO - 🚀 No checkpoint specified, starting from scratch
2025-12-31 15:30:18,824 - chaotic_trainer - INFO - Model parameters: 520,647 (trainable: 520,647)
2025-12-31 15:30:18,824 - chaotic_trainer - INFO - Training with chaotic dynamics monitoring...
2025-12-31 15:30:18,824 - chaotic_trainer - INFO - Starting training from epoch 0 for 100 more epochs...
2025-12-31 15:43:16,845 - chaotic_trainer - INFO - Evaluating chaotic_lorenz_full_chaotic_run_0...
2025-12-31 15:43:17,676 - chaotic_trainer - INFO - Running chaotic analysis...
2025-12-31 15:43:21,161 - chaotic_trainer - INFO - Completed chaotic_lorenz_full_chaotic_run_0: Accuracy: 0.9407, Loss: 0.2495, Time: 810.2s
2025-12-31 15:43:21,254 - chaotic_trainer - INFO - Progress: 1/1 (100.0%)
2025-12-31 15:43:21,255 - chaotic_trainer - INFO - lorenz + full_chaotic Summary: 0.9407 ± 0.0000
2025-12-31 15:43:21,255 - chaotic_trainer - INFO - Analyzing chaotic training results...
2025-12-31 15:43:21,256 - chaotic_trainer - INFO - Generating comprehensive chaotic training report...
2025-12-31 15:43:22,910 - chaotic_trainer - INFO - Visualizations saved to: /scratch/project_2003370/yueyao/Model/experiments/configs/4.3_bifurcation_control/visualizations
2025-12-31 15:43:22,910 - chaotic_trainer - INFO - Reports generated:
2025-12-31 15:43:22,910 - chaotic_trainer - INFO -   Text report: /scratch/project_2003370/yueyao/Model/experiments/configs/4.3_bifurcation_control/chaotic_training_report.txt
2025-12-31 15:43:22,910 - chaotic_trainer - INFO -   JSON report: /scratch/project_2003370/yueyao/Model/experiments/configs/4.3_bifurcation_control/chaotic_training_results.json
2025-12-31 15:43:22,911 - chaotic_trainer - INFO - Chaotic training completed.
2025-12-31 15:43:22,911 - chaotic_trainer - INFO - ============================================================
2025-12-31 16:03:45,360 - chaotic_trainer - INFO - ============================================================
2025-12-31 16:03:45,360 - chaotic_trainer - INFO - CHAOTIC NEURAL NETWORKS TRAINING
2025-12-31 16:03:45,360 - chaotic_trainer - INFO - ============================================================
2025-12-31 16:03:45,360 - chaotic_trainer - INFO - Output directory: /scratch/project_2003370/yueyao/Model/experiments/configs/4.3_bifurcation_control
2025-12-31 16:03:45,361 - chaotic_trainer - INFO - Configuration: {
  "_nested": {
    "experiment": {
      "name": "chaotic_speaker_recognition",
      "description": "Chaotic Hierarchical Attractor Propagation for robust speaker recognition",
      "version": "2.0",
      "author": "C-HiLAP Project"
    },
    "data": {
      "data_dir": "/scratch/project_2003370/yueyao/dataset/mini_librispeech/LibriSpeech/dev-clean-2",
      "train_split": 0.7,
      "val_split": 0.15,
      "test_split": 0.15,
      "num_workers": 4,
      "pin_memory": true,
      "prefetch_factor": 2,
      "cache_features": false,
      "cache_dir": "./cache"
    },
    "audio": {
      "sample_rate": 16000,
      "max_audio_length": 3.0,
      "min_audio_length": 0.5,
      "frame_length": 400,
      "hop_length": 160,
      "normalize": true,
      "remove_silence": false,
      "augmentation": {
        "enabled": false,
        "noise_injection": 0.005,
        "time_stretch_range": [
          0.9,
          1.1
        ],
        "pitch_shift_range": [
          -2,
          2
        ]
      }
    },
    "model": {
      "type": "full_chaotic",
      "num_speakers": 251,
      "phase_space": {
        "embedding_dim": 10,
        "delay_method": "autocorr",
        "dimension_method": "false_neighbors",
        "fixed_delay": 10
      },
      "chaotic_features": {
        "mlsa": {
          "scales": 5,
          "max_lyapunov_steps": 1000
        },
        "rqa": {
          "radius_ratio": 0.1,
          "min_line_length": 2
        }
      },
      "chaotic_embedding": {
        "system_type": "lorenz",
        "evolution_time": 0.5,
        "time_step": 0.01,
        "coupling_strength": 1.0,
        "noise_level": 0.001,
        "lorenz": {
          "sigma": 10.0,
          "rho": 28.0,
          "beta": 2.6667
        },
        "rossler": {
          "a": 0.2,
          "b": 0.2,
          "c": 5.7
        }
      },
      "attractor_pooling": {
        "type": "comprehensive",
        "correlation_dimension": {
          "num_radii": 50
        }
      },
      "speaker_embedding": {
        "dim": 256,
        "hidden_dims": [
          512,
          256,
          128
        ],
        "dropout_rate": 0.3,
        "use_batch_norm": true
      },
      "classifier": {
        "type": "plda",
        "temperature": 30.0,
        "margin": 0.35,
        "plda": {
          "latent_dim": 128,
          "use_length_norm": true
        }
      }
    },
    "optional_modules": {
      "bifurcation_control": {
        "enabled": true,
        "num_regimes": 4,
        "hidden_dim": 32,
        "control_strength": 0.5,
        "learnable_boundaries": true
      },
      "differentiable_features": {
        "enabled": true,
        "lyapunov_dim": 8,
        "rqa_dim": 6,
        "additional_stats": true
      }
    },
    "loss": {
      "classification": {
        "type": "cross_entropy",
        "label_smoothing": 0.0
      },
      "stability": {
        "enabled": true,
        "weight": 0.1,
        "target_lyapunov_range": [
          0.1,
          2.0
        ],
        "trajectory_bound": 50.0,
        "collapse_threshold": 0.1,
        "diversity_weight": 0.05
      },
      "synchronization": {
        "enabled": false,
        "sync_weight": 0.1,
        "desync_weight": 0.1,
        "margin": 1.0,
        "sample_ratio": 0.3,
        "distance_type": "euclidean"
      },
      "adversarial": {
        "enabled": true,
        "warmup_epochs": 5,
        "perturbation_scale": 0.1,
        "parameter_noise": true,
        "trajectory_noise": true,
        "weight": 0.3
      }
    },
    "training": {
      "batch_size": 32,
      "num_epochs": 100,
      "gradient_clipping": 1.0,
      "gradient_accumulation_steps": 1,
      "mixed_precision": false,
      "optimizer": {
        "type": "adamw",
        "learning_rate": 0.0005,
        "weight_decay": 0.0001,
        "betas": [
          0.9,
          0.999
        ],
        "eps": 1e-08,
        "momentum": 0.9,
        "nesterov": true
      },
      "scheduler": {
        "type": "cosine",
        "T_max": 100,
        "eta_min": 1e-06,
        "step_size": 30,
        "gamma": 0.1,
        "patience": 10,
        "factor": 0.5,
        "min_lr": 1e-07,
        "warmup_epochs": 5,
        "warmup_start_lr": 1e-06
      },
      "early_stopping": {
        "enabled": true,
        "patience": 30,
        "min_delta": 0.001,
        "monitor": "val_accuracy",
        "mode": "max"
      },
      "checkpoint": {
        "save_best_only": true,
        "save_frequency": 10,
        "max_to_keep": 3
      }
    },
    "evaluation": {
      "metrics": [
        "accuracy",
        "top5_accuracy",
        "eer",
        "dcf"
      ],
      "eval_frequency": 1,
      "visualization": {
        "enabled": true,
        "plot_confusion_matrix": true,
        "plot_embeddings": true,
        "plot_attractors": true
      }
    },
    "logging": {
      "level": "INFO",
      "tensorboard": {
        "enabled": true,
        "log_dir": "./runs"
      },
      "wandb": {
        "enabled": false,
        "project": "chaotic-speaker-recognition",
        "entity": null
      },
      "log_frequency": 50
    },
    "output": {
      "base_dir": "./experiments/outputs",
      "save_predictions": true,
      "save_embeddings": true,
      "save_analysis": true
    },
    "hardware": {
      "device": "auto",
      "seed": 42,
      "deterministic": false,
      "benchmark": true
    },
    "presets": {
      "fast_debug": {
        "training": {
          "batch_size": 8,
          "num_epochs": 5
        },
        "model": {
          "speaker_embedding": {
            "hidden_dims": [
              128,
              64
            ]
          }
        },
        "loss": {
          "adversarial": {
            "enabled": false
          },
          "synchronization": {
            "enabled": false
          }
        }
      },
      "baseline": {
        "model": {
          "classifier": {
            "type": "linear"
          }
        },
        "loss": {
          "stability": {
            "enabled": true
          },
          "synchronization": {
            "enabled": false
          },
          "adversarial": {
            "enabled": false
          }
        }
      },
      "high_performance": {
        "model": {
          "speaker_embedding": {
            "dim": 512,
            "hidden_dims": [
              1024,
              512,
              256
            ]
          },
          "classifier": {
            "type": "cosine"
          }
        },
        "training": {
          "num_epochs": 200,
          "batch_size": 64
        },
        "loss": {
          "stability": {
            "enabled": true
          },
          "synchronization": {
            "enabled": false
          },
          "adversarial": {
            "enabled": true,
            "warmup_epochs": 10
          }
        }
      },
      "robust": {
        "model": {
          "chaotic_embedding": {
            "noise_level": 0.01
          }
        },
        "loss": {
          "adversarial": {
            "enabled": true,
            "perturbation_scale": 0.15,
            "warmup_epochs": 3
          }
        },
        "audio": {
          "augmentation": {
            "enabled": true,
            "noise_injection": 0.01
          }
        }
      }
    }
  },
  "num_speakers": 251,
  "model_type": "full_chaotic",
  "embedding_dim": 10,
  "delay_method": "autocorr",
  "mlsa_scales": 5,
  "rqa_radius_ratio": 0.1,
  "chaotic_system": "lorenz",
  "evolution_time": 0.5,
  "time_step": 0.01,
  "coupling_strength": 1.0,
  "noise_level": 0.001,
  "pooling_type": "comprehensive",
  "speaker_embedding_dim": 256,
  "embedding_hidden_dims": [
    512,
    256,
    128
  ],
  "classifier_type": "plda",
  "temperature": 30.0,
  "margin": 0.35,
  "batch_size": 32,
  "num_epochs": 100,
  "learning_rate": 0.0005,
  "weight_decay": 0.0001,
  "gradient_clipping": 1.0,
  "optimizer": {
    "type": "adamw",
    "params": {
      "betas": [
        0.9,
        0.999
      ],
      "eps": 1e-08,
      "weight_decay": 0.0001
    }
  },
  "scheduler": {
    "type": "cosine",
    "params": {
      "T_max": 100,
      "eta_min": 1e-06
    }
  },
  "early_stopping": {
    "patience": 30
  },
  "sample_rate": 16000,
  "max_audio_length": 3.0,
  "frame_length": 400,
  "hop_length": 160,
  "data_dir": "/scratch/project_2003370/yueyao/dataset/mini_librispeech/LibriSpeech/dev-clean-2",
  "device": "auto",
  "seed": 42,
  "loss_config": {
    "classification": {
      "type": "cross_entropy",
      "label_smoothing": 0.0
    },
    "stability": {
      "enabled": true,
      "weight": 0.1,
      "target_lyapunov_range": [
        0.1,
        2.0
      ],
      "trajectory_bound": 50.0,
      "collapse_threshold": 0.1,
      "diversity_weight": 0.05
    },
    "synchronization": {
      "enabled": false,
      "sync_weight": 0.1,
      "desync_weight": 0.1,
      "margin": 1.0,
      "sample_ratio": 0.3,
      "distance_type": "euclidean"
    },
    "adversarial": {
      "enabled": true,
      "warmup_epochs": 5,
      "perturbation_scale": 0.1,
      "parameter_noise": true,
      "trajectory_noise": true,
      "weight": 0.3
    }
  },
  "optional_modules": {
    "bifurcation_control": {
      "enabled": true,
      "num_regimes": 4,
      "hidden_dim": 32,
      "control_strength": 0.5,
      "learnable_boundaries": true
    },
    "differentiable_features": {
      "enabled": true,
      "lyapunov_dim": 8,
      "rqa_dim": 6,
      "additional_stats": true
    }
  },
  "epochs": 100,
  "optimize_parameters": true
}
2025-12-31 16:03:45,405 - chaotic_trainer - INFO - System info: {'platform': 'Linux-4.18.0-553.74.1.el8_10.x86_64-x86_64-with-glibc2.28', 'system': 'Linux', 'node': 'g1102.mahti.csc.fi', 'release': '4.18.0-553.74.1.el8_10.x86_64', 'version': '#1 SMP Sun Sep 7 09:23:35 EDT 2025', 'machine': 'x86_64', 'processor': 'x86_64', 'python_version': '3.12.10 (main, Jun  3 2025, 21:04:06) [GCC 8.5.0 20210514 (Red Hat 8.5.0-26)]', 'python_executable': '/usr/bin/python', 'cpu_count': 256, 'total_memory': 540285186048, 'available_memory': 505114591232, 'gpu_info': {'cuda_available': True, 'cuda_version': '12.6', 'gpu_count': 1, 'gpu_names': ['NVIDIA A100-SXM4-40GB MIG 1g.5gb']}, 'package_versions': {'numpy': '1.26.4', 'scipy': '1.13.1', 'scikit-learn': 'not installed', 'librosa': '0.11.0', 'soundfile': '0.13.1', 'torch': '2.7.1+cu126', 'tensorflow': 'not installed', 'matplotlib': '3.10.3', 'pandas': '2.3.0'}, 'git_info': {'commit_hash': 'daa24a287a80c85ef3adb8a50c43cdc3cd2f14ce', 'branch': 'origin', 'is_dirty': True}}
2025-12-31 16:03:45,405 - chaotic_trainer - INFO - Training 1 systems × 1 types × 1 runs...
2025-12-31 16:03:45,406 - chaotic_trainer - INFO - Systems: ['lorenz']
2025-12-31 16:03:45,406 - chaotic_trainer - INFO - Model types: ['full_chaotic']
2025-12-31 16:03:45,406 - chaotic_trainer - INFO - 
============================================================
2025-12-31 16:03:45,406 - chaotic_trainer - INFO - TRAINING: LORENZ + FULL_CHAOTIC
2025-12-31 16:03:45,406 - chaotic_trainer - INFO - ============================================================
2025-12-31 16:03:45,406 - chaotic_trainer - INFO - Training chaotic_lorenz_full_chaotic_run_0...
2025-12-31 16:03:45,406 - chaotic_trainer - INFO - Optimizing parameters for lorenz system...
2025-12-31 16:03:45,416 - chaotic_trainer - INFO - Setting up chaotic_lorenz_full_chaotic_run_0...
2025-12-31 16:04:17,513 - chaotic_trainer - INFO - 🚀 No checkpoint specified, starting from scratch
2025-12-31 16:04:17,514 - chaotic_trainer - INFO - Model parameters: 520,647 (trainable: 520,647)
2025-12-31 16:04:17,514 - chaotic_trainer - INFO - Training with chaotic dynamics monitoring...
2025-12-31 16:04:17,514 - chaotic_trainer - INFO - Starting training from epoch 0 for 100 more epochs...
2025-12-31 16:17:10,088 - chaotic_trainer - INFO - Evaluating chaotic_lorenz_full_chaotic_run_0...
2025-12-31 16:17:10,893 - chaotic_trainer - INFO - Running chaotic analysis...
2025-12-31 16:17:14,242 - chaotic_trainer - INFO - Completed chaotic_lorenz_full_chaotic_run_0: Accuracy: 0.9407, Loss: 0.2495, Time: 804.7s
2025-12-31 16:17:14,344 - chaotic_trainer - INFO - Progress: 1/1 (100.0%)
2025-12-31 16:17:14,345 - chaotic_trainer - INFO - lorenz + full_chaotic Summary: 0.9407 ± 0.0000
2025-12-31 16:17:14,345 - chaotic_trainer - INFO - Analyzing chaotic training results...
2025-12-31 16:17:14,346 - chaotic_trainer - INFO - Generating comprehensive chaotic training report...
2025-12-31 16:17:15,911 - chaotic_trainer - INFO - Visualizations saved to: /scratch/project_2003370/yueyao/Model/experiments/configs/4.3_bifurcation_control/visualizations
2025-12-31 16:17:15,912 - chaotic_trainer - INFO - Reports generated:
2025-12-31 16:17:15,912 - chaotic_trainer - INFO -   Text report: /scratch/project_2003370/yueyao/Model/experiments/configs/4.3_bifurcation_control/chaotic_training_report.txt
2025-12-31 16:17:15,912 - chaotic_trainer - INFO -   JSON report: /scratch/project_2003370/yueyao/Model/experiments/configs/4.3_bifurcation_control/chaotic_training_results.json
2025-12-31 16:17:15,912 - chaotic_trainer - INFO - Chaotic training completed.
2025-12-31 16:17:15,912 - chaotic_trainer - INFO - ============================================================
2025-12-31 19:51:51,180 - chaotic_trainer - INFO - ============================================================
2025-12-31 19:51:51,197 - chaotic_trainer - INFO - CHAOTIC NEURAL NETWORKS TRAINING
2025-12-31 19:51:51,197 - chaotic_trainer - INFO - ============================================================
2025-12-31 19:51:51,197 - chaotic_trainer - INFO - Output directory: /scratch/project_2003370/yueyao/Model/experiments/configs/4.3_bifurcation_control
2025-12-31 19:51:51,198 - chaotic_trainer - INFO - Configuration: {
  "_nested": {
    "experiment": {
      "name": "chaotic_speaker_recognition",
      "description": "Chaotic Hierarchical Attractor Propagation for robust speaker recognition",
      "version": "2.0",
      "author": "C-HiLAP Project"
    },
    "data": {
      "data_dir": "/scratch/project_2003370/yueyao/dataset/mini_librispeech/LibriSpeech/dev-clean-2",
      "train_split": 0.7,
      "val_split": 0.15,
      "test_split": 0.15,
      "num_workers": 4,
      "pin_memory": true,
      "prefetch_factor": 2,
      "cache_features": false,
      "cache_dir": "./cache"
    },
    "audio": {
      "sample_rate": 16000,
      "max_audio_length": 3.0,
      "min_audio_length": 0.5,
      "frame_length": 400,
      "hop_length": 160,
      "normalize": true,
      "remove_silence": false,
      "augmentation": {
        "enabled": false,
        "noise_injection": 0.005,
        "time_stretch_range": [
          0.9,
          1.1
        ],
        "pitch_shift_range": [
          -2,
          2
        ]
      }
    },
    "model": {
      "type": "full_chaotic",
      "num_speakers": 251,
      "phase_space": {
        "embedding_dim": 10,
        "delay_method": "autocorr",
        "dimension_method": "false_neighbors",
        "fixed_delay": 10
      },
      "chaotic_features": {
        "mlsa": {
          "scales": 5,
          "max_lyapunov_steps": 1000
        },
        "rqa": {
          "radius_ratio": 0.1,
          "min_line_length": 2
        }
      },
      "chaotic_embedding": {
        "system_type": "lorenz",
        "evolution_time": 0.5,
        "time_step": 0.01,
        "coupling_strength": 1.0,
        "noise_level": 0.001,
        "lorenz": {
          "sigma": 10.0,
          "rho": 28.0,
          "beta": 2.6667
        },
        "rossler": {
          "a": 0.2,
          "b": 0.2,
          "c": 5.7
        }
      },
      "attractor_pooling": {
        "type": "comprehensive",
        "correlation_dimension": {
          "num_radii": 50
        }
      },
      "speaker_embedding": {
        "dim": 256,
        "hidden_dims": [
          512,
          256,
          128
        ],
        "dropout_rate": 0.3,
        "use_batch_norm": true
      },
      "classifier": {
        "type": "plda",
        "temperature": 30.0,
        "margin": 0.35,
        "plda": {
          "latent_dim": 128,
          "use_length_norm": true
        }
      }
    },
    "optional_modules": {
      "bifurcation_control": {
        "enabled": true,
        "num_regimes": 4,
        "hidden_dim": 32,
        "control_strength": 0.5,
        "learnable_boundaries": true
      },
      "differentiable_features": {
        "enabled": true,
        "lyapunov_dim": 8,
        "rqa_dim": 6,
        "additional_stats": true
      }
    },
    "loss": {
      "classification": {
        "type": "cross_entropy",
        "label_smoothing": 0.0
      },
      "stability": {
        "enabled": true,
        "weight": 0.1,
        "target_lyapunov_range": [
          0.1,
          2.0
        ],
        "trajectory_bound": 50.0,
        "collapse_threshold": 0.1,
        "diversity_weight": 0.05
      },
      "synchronization": {
        "enabled": false,
        "sync_weight": 0.1,
        "desync_weight": 0.1,
        "margin": 1.0,
        "sample_ratio": 0.3,
        "distance_type": "euclidean"
      },
      "adversarial": {
        "enabled": true,
        "warmup_epochs": 5,
        "perturbation_scale": 0.1,
        "parameter_noise": true,
        "trajectory_noise": true,
        "weight": 0.3
      }
    },
    "training": {
      "batch_size": 32,
      "num_epochs": 100,
      "gradient_clipping": 1.0,
      "gradient_accumulation_steps": 1,
      "mixed_precision": false,
      "optimizer": {
        "type": "adamw",
        "learning_rate": 0.0005,
        "weight_decay": 0.0001,
        "betas": [
          0.9,
          0.999
        ],
        "eps": 1e-08,
        "momentum": 0.9,
        "nesterov": true
      },
      "scheduler": {
        "type": "cosine",
        "T_max": 100,
        "eta_min": 1e-06,
        "step_size": 30,
        "gamma": 0.1,
        "patience": 10,
        "factor": 0.5,
        "min_lr": 1e-07,
        "warmup_epochs": 5,
        "warmup_start_lr": 1e-06
      },
      "early_stopping": {
        "enabled": true,
        "patience": 30,
        "min_delta": 0.001,
        "monitor": "val_accuracy",
        "mode": "max"
      },
      "checkpoint": {
        "save_best_only": true,
        "save_frequency": 10,
        "max_to_keep": 3
      }
    },
    "evaluation": {
      "metrics": [
        "accuracy",
        "top5_accuracy",
        "eer",
        "dcf"
      ],
      "eval_frequency": 1,
      "visualization": {
        "enabled": true,
        "plot_confusion_matrix": true,
        "plot_embeddings": true,
        "plot_attractors": true
      }
    },
    "logging": {
      "level": "INFO",
      "tensorboard": {
        "enabled": true,
        "log_dir": "./runs"
      },
      "wandb": {
        "enabled": false,
        "project": "chaotic-speaker-recognition",
        "entity": null
      },
      "log_frequency": 50
    },
    "output": {
      "base_dir": "./experiments/outputs",
      "save_predictions": true,
      "save_embeddings": true,
      "save_analysis": true
    },
    "hardware": {
      "device": "auto",
      "seed": 42,
      "deterministic": false,
      "benchmark": true
    },
    "presets": {
      "fast_debug": {
        "training": {
          "batch_size": 8,
          "num_epochs": 5
        },
        "model": {
          "speaker_embedding": {
            "hidden_dims": [
              128,
              64
            ]
          }
        },
        "loss": {
          "adversarial": {
            "enabled": false
          },
          "synchronization": {
            "enabled": false
          }
        }
      },
      "baseline": {
        "model": {
          "classifier": {
            "type": "linear"
          }
        },
        "loss": {
          "stability": {
            "enabled": true
          },
          "synchronization": {
            "enabled": false
          },
          "adversarial": {
            "enabled": false
          }
        }
      },
      "high_performance": {
        "model": {
          "speaker_embedding": {
            "dim": 512,
            "hidden_dims": [
              1024,
              512,
              256
            ]
          },
          "classifier": {
            "type": "cosine"
          }
        },
        "training": {
          "num_epochs": 200,
          "batch_size": 64
        },
        "loss": {
          "stability": {
            "enabled": true
          },
          "synchronization": {
            "enabled": false
          },
          "adversarial": {
            "enabled": true,
            "warmup_epochs": 10
          }
        }
      },
      "robust": {
        "model": {
          "chaotic_embedding": {
            "noise_level": 0.01
          }
        },
        "loss": {
          "adversarial": {
            "enabled": true,
            "perturbation_scale": 0.15,
            "warmup_epochs": 3
          }
        },
        "audio": {
          "augmentation": {
            "enabled": true,
            "noise_injection": 0.01
          }
        }
      }
    }
  },
  "num_speakers": 251,
  "model_type": "full_chaotic",
  "embedding_dim": 10,
  "delay_method": "autocorr",
  "mlsa_scales": 5,
  "rqa_radius_ratio": 0.1,
  "chaotic_system": "lorenz",
  "evolution_time": 0.5,
  "time_step": 0.01,
  "coupling_strength": 1.0,
  "noise_level": 0.001,
  "pooling_type": "comprehensive",
  "speaker_embedding_dim": 256,
  "embedding_hidden_dims": [
    512,
    256,
    128
  ],
  "classifier_type": "plda",
  "temperature": 30.0,
  "margin": 0.35,
  "batch_size": 32,
  "num_epochs": 100,
  "learning_rate": 0.0005,
  "weight_decay": 0.0001,
  "gradient_clipping": 1.0,
  "optimizer": {
    "type": "adamw",
    "params": {
      "betas": [
        0.9,
        0.999
      ],
      "eps": 1e-08,
      "weight_decay": 0.0001
    }
  },
  "scheduler": {
    "type": "cosine",
    "params": {
      "T_max": 100,
      "eta_min": 1e-06
    }
  },
  "early_stopping": {
    "patience": 30
  },
  "sample_rate": 16000,
  "max_audio_length": 3.0,
  "frame_length": 400,
  "hop_length": 160,
  "data_dir": "/scratch/project_2003370/yueyao/dataset/mini_librispeech/LibriSpeech/dev-clean-2",
  "device": "auto",
  "seed": 42,
  "loss_config": {
    "classification": {
      "type": "cross_entropy",
      "label_smoothing": 0.0
    },
    "stability": {
      "enabled": true,
      "weight": 0.1,
      "target_lyapunov_range": [
        0.1,
        2.0
      ],
      "trajectory_bound": 50.0,
      "collapse_threshold": 0.1,
      "diversity_weight": 0.05
    },
    "synchronization": {
      "enabled": false,
      "sync_weight": 0.1,
      "desync_weight": 0.1,
      "margin": 1.0,
      "sample_ratio": 0.3,
      "distance_type": "euclidean"
    },
    "adversarial": {
      "enabled": true,
      "warmup_epochs": 5,
      "perturbation_scale": 0.1,
      "parameter_noise": true,
      "trajectory_noise": true,
      "weight": 0.3
    }
  },
  "optional_modules": {
    "bifurcation_control": {
      "enabled": true,
      "num_regimes": 4,
      "hidden_dim": 32,
      "control_strength": 0.5,
      "learnable_boundaries": true
    },
    "differentiable_features": {
      "enabled": true,
      "lyapunov_dim": 8,
      "rqa_dim": 6,
      "additional_stats": true
    }
  },
  "epochs": 100,
  "optimize_parameters": true
}
2025-12-31 19:51:51,244 - chaotic_trainer - INFO - System info: {'platform': 'Linux-4.18.0-553.74.1.el8_10.x86_64-x86_64-with-glibc2.28', 'system': 'Linux', 'node': 'g1102.mahti.csc.fi', 'release': '4.18.0-553.74.1.el8_10.x86_64', 'version': '#1 SMP Sun Sep 7 09:23:35 EDT 2025', 'machine': 'x86_64', 'processor': 'x86_64', 'python_version': '3.12.10 (main, Jun  3 2025, 21:04:06) [GCC 8.5.0 20210514 (Red Hat 8.5.0-26)]', 'python_executable': '/usr/bin/python', 'cpu_count': 256, 'total_memory': 540285186048, 'available_memory': 508298518528, 'gpu_info': {'cuda_available': True, 'cuda_version': '12.6', 'gpu_count': 1, 'gpu_names': ['NVIDIA A100-SXM4-40GB MIG 1g.5gb']}, 'package_versions': {'numpy': '1.26.4', 'scipy': '1.13.1', 'scikit-learn': 'not installed', 'librosa': '0.11.0', 'soundfile': '0.13.1', 'torch': '2.7.1+cu126', 'tensorflow': 'not installed', 'matplotlib': '3.10.3', 'pandas': '2.3.0'}, 'git_info': {'commit_hash': 'daa24a287a80c85ef3adb8a50c43cdc3cd2f14ce', 'branch': 'origin', 'is_dirty': True}}
2025-12-31 19:51:51,244 - chaotic_trainer - INFO - Training 1 systems × 1 types × 1 runs...
2025-12-31 19:51:51,244 - chaotic_trainer - INFO - Systems: ['lorenz']
2025-12-31 19:51:51,244 - chaotic_trainer - INFO - Model types: ['full_chaotic']
2025-12-31 19:51:51,244 - chaotic_trainer - INFO - 
============================================================
2025-12-31 19:51:51,244 - chaotic_trainer - INFO - TRAINING: LORENZ + FULL_CHAOTIC
2025-12-31 19:51:51,244 - chaotic_trainer - INFO - ============================================================
2025-12-31 19:51:51,245 - chaotic_trainer - INFO - Training chaotic_lorenz_full_chaotic_run_0...
2025-12-31 19:51:51,245 - chaotic_trainer - INFO - Optimizing parameters for lorenz system...
2025-12-31 19:51:51,270 - chaotic_trainer - INFO - Setting up chaotic_lorenz_full_chaotic_run_0...
2025-12-31 19:52:40,155 - chaotic_trainer - INFO - 🚀 No checkpoint specified, starting from scratch
2025-12-31 19:52:40,156 - chaotic_trainer - INFO - Model parameters: 520,647 (trainable: 520,647)
2025-12-31 19:52:40,156 - chaotic_trainer - INFO - Training with chaotic dynamics monitoring...
2025-12-31 19:52:40,156 - chaotic_trainer - INFO - Starting training from epoch 0 for 100 more epochs...
2025-12-31 20:05:35,416 - chaotic_trainer - INFO - Evaluating chaotic_lorenz_full_chaotic_run_0...
2025-12-31 20:05:36,211 - chaotic_trainer - INFO - Running chaotic analysis...
2025-12-31 20:05:39,340 - chaotic_trainer - INFO - Completed chaotic_lorenz_full_chaotic_run_0: Accuracy: 0.9407, Loss: 0.2495, Time: 824.1s
2025-12-31 20:05:39,434 - chaotic_trainer - INFO - Progress: 1/1 (100.0%)
2025-12-31 20:05:39,434 - chaotic_trainer - INFO - lorenz + full_chaotic Summary: 0.9407 ± 0.0000
2025-12-31 20:05:39,434 - chaotic_trainer - INFO - Analyzing chaotic training results...
2025-12-31 20:05:39,435 - chaotic_trainer - INFO - Generating comprehensive chaotic training report...
2025-12-31 20:05:41,224 - chaotic_trainer - INFO - Visualizations saved to: /scratch/project_2003370/yueyao/Model/experiments/configs/4.3_bifurcation_control/visualizations
2025-12-31 20:05:41,224 - chaotic_trainer - INFO - Reports generated:
2025-12-31 20:05:41,224 - chaotic_trainer - INFO -   Text report: /scratch/project_2003370/yueyao/Model/experiments/configs/4.3_bifurcation_control/chaotic_training_report.txt
2025-12-31 20:05:41,224 - chaotic_trainer - INFO -   JSON report: /scratch/project_2003370/yueyao/Model/experiments/configs/4.3_bifurcation_control/chaotic_training_results.json
2025-12-31 20:05:41,225 - chaotic_trainer - INFO - Chaotic training completed.
2025-12-31 20:05:41,225 - chaotic_trainer - INFO - ============================================================
2025-12-31 20:08:49,928 - chaotic_trainer - INFO - ============================================================
2025-12-31 20:08:49,928 - chaotic_trainer - INFO - CHAOTIC NEURAL NETWORKS TRAINING
2025-12-31 20:08:49,928 - chaotic_trainer - INFO - ============================================================
2025-12-31 20:08:49,928 - chaotic_trainer - INFO - Output directory: /scratch/project_2003370/yueyao/Model/experiments/configs/4.3_bifurcation_control
2025-12-31 20:08:49,929 - chaotic_trainer - INFO - Configuration: {
  "_nested": {
    "experiment": {
      "name": "chaotic_speaker_recognition",
      "description": "Chaotic Hierarchical Attractor Propagation for robust speaker recognition",
      "version": "2.0",
      "author": "C-HiLAP Project"
    },
    "data": {
      "data_dir": "/scratch/project_2003370/yueyao/dataset/mini_librispeech/LibriSpeech/dev-clean-2",
      "train_split": 0.7,
      "val_split": 0.15,
      "test_split": 0.15,
      "num_workers": 4,
      "pin_memory": true,
      "prefetch_factor": 2,
      "cache_features": false,
      "cache_dir": "./cache"
    },
    "audio": {
      "sample_rate": 16000,
      "max_audio_length": 3.0,
      "min_audio_length": 0.5,
      "frame_length": 400,
      "hop_length": 160,
      "normalize": true,
      "remove_silence": false,
      "augmentation": {
        "enabled": false,
        "noise_injection": 0.005,
        "time_stretch_range": [
          0.9,
          1.1
        ],
        "pitch_shift_range": [
          -2,
          2
        ]
      }
    },
    "model": {
      "type": "full_chaotic",
      "num_speakers": 251,
      "phase_space": {
        "embedding_dim": 10,
        "delay_method": "autocorr",
        "dimension_method": "false_neighbors",
        "fixed_delay": 10
      },
      "chaotic_features": {
        "mlsa": {
          "scales": 5,
          "max_lyapunov_steps": 1000
        },
        "rqa": {
          "radius_ratio": 0.1,
          "min_line_length": 2
        }
      },
      "chaotic_embedding": {
        "system_type": "lorenz",
        "evolution_time": 0.5,
        "time_step": 0.01,
        "coupling_strength": 1.0,
        "noise_level": 0.001,
        "lorenz": {
          "sigma": 10.0,
          "rho": 28.0,
          "beta": 2.6667
        },
        "rossler": {
          "a": 0.2,
          "b": 0.2,
          "c": 5.7
        }
      },
      "attractor_pooling": {
        "type": "comprehensive",
        "correlation_dimension": {
          "num_radii": 50
        }
      },
      "speaker_embedding": {
        "dim": 256,
        "hidden_dims": [
          512,
          256,
          128
        ],
        "dropout_rate": 0.3,
        "use_batch_norm": true
      },
      "classifier": {
        "type": "plda",
        "temperature": 30.0,
        "margin": 0.35,
        "plda": {
          "latent_dim": 128,
          "use_length_norm": true
        }
      }
    },
    "optional_modules": {
      "bifurcation_control": {
        "enabled": true,
        "num_regimes": 4,
        "hidden_dim": 32,
        "control_strength": 0.5,
        "learnable_boundaries": true
      },
      "differentiable_features": {
        "enabled": true,
        "lyapunov_dim": 8,
        "rqa_dim": 6,
        "additional_stats": true
      }
    },
    "loss": {
      "classification": {
        "type": "cross_entropy",
        "label_smoothing": 0.0
      },
      "stability": {
        "enabled": true,
        "weight": 0.1,
        "target_lyapunov_range": [
          0.1,
          2.0
        ],
        "trajectory_bound": 50.0,
        "collapse_threshold": 0.1,
        "diversity_weight": 0.05
      },
      "synchronization": {
        "enabled": false,
        "sync_weight": 0.1,
        "desync_weight": 0.1,
        "margin": 1.0,
        "sample_ratio": 0.3,
        "distance_type": "euclidean"
      },
      "adversarial": {
        "enabled": true,
        "warmup_epochs": 5,
        "perturbation_scale": 0.1,
        "parameter_noise": true,
        "trajectory_noise": true,
        "weight": 0.3
      }
    },
    "training": {
      "batch_size": 32,
      "num_epochs": 100,
      "gradient_clipping": 1.0,
      "gradient_accumulation_steps": 1,
      "mixed_precision": false,
      "optimizer": {
        "type": "adamw",
        "learning_rate": 0.0005,
        "weight_decay": 0.0001,
        "betas": [
          0.9,
          0.999
        ],
        "eps": 1e-08,
        "momentum": 0.9,
        "nesterov": true
      },
      "scheduler": {
        "type": "cosine",
        "T_max": 100,
        "eta_min": 1e-06,
        "step_size": 30,
        "gamma": 0.1,
        "patience": 10,
        "factor": 0.5,
        "min_lr": 1e-07,
        "warmup_epochs": 5,
        "warmup_start_lr": 1e-06
      },
      "early_stopping": {
        "enabled": true,
        "patience": 30,
        "min_delta": 0.001,
        "monitor": "val_accuracy",
        "mode": "max"
      },
      "checkpoint": {
        "save_best_only": true,
        "save_frequency": 10,
        "max_to_keep": 3
      }
    },
    "evaluation": {
      "metrics": [
        "accuracy",
        "top5_accuracy",
        "eer",
        "dcf"
      ],
      "eval_frequency": 1,
      "visualization": {
        "enabled": true,
        "plot_confusion_matrix": true,
        "plot_embeddings": true,
        "plot_attractors": true
      }
    },
    "logging": {
      "level": "INFO",
      "tensorboard": {
        "enabled": true,
        "log_dir": "./runs"
      },
      "wandb": {
        "enabled": false,
        "project": "chaotic-speaker-recognition",
        "entity": null
      },
      "log_frequency": 50
    },
    "output": {
      "base_dir": "./experiments/outputs",
      "save_predictions": true,
      "save_embeddings": true,
      "save_analysis": true
    },
    "hardware": {
      "device": "auto",
      "seed": 42,
      "deterministic": false,
      "benchmark": true
    },
    "presets": {
      "fast_debug": {
        "training": {
          "batch_size": 8,
          "num_epochs": 5
        },
        "model": {
          "speaker_embedding": {
            "hidden_dims": [
              128,
              64
            ]
          }
        },
        "loss": {
          "adversarial": {
            "enabled": false
          },
          "synchronization": {
            "enabled": false
          }
        }
      },
      "baseline": {
        "model": {
          "classifier": {
            "type": "linear"
          }
        },
        "loss": {
          "stability": {
            "enabled": true
          },
          "synchronization": {
            "enabled": false
          },
          "adversarial": {
            "enabled": false
          }
        }
      },
      "high_performance": {
        "model": {
          "speaker_embedding": {
            "dim": 512,
            "hidden_dims": [
              1024,
              512,
              256
            ]
          },
          "classifier": {
            "type": "cosine"
          }
        },
        "training": {
          "num_epochs": 200,
          "batch_size": 64
        },
        "loss": {
          "stability": {
            "enabled": true
          },
          "synchronization": {
            "enabled": false
          },
          "adversarial": {
            "enabled": true,
            "warmup_epochs": 10
          }
        }
      },
      "robust": {
        "model": {
          "chaotic_embedding": {
            "noise_level": 0.01
          }
        },
        "loss": {
          "adversarial": {
            "enabled": true,
            "perturbation_scale": 0.15,
            "warmup_epochs": 3
          }
        },
        "audio": {
          "augmentation": {
            "enabled": true,
            "noise_injection": 0.01
          }
        }
      }
    }
  },
  "num_speakers": 251,
  "model_type": "full_chaotic",
  "embedding_dim": 10,
  "delay_method": "autocorr",
  "mlsa_scales": 5,
  "rqa_radius_ratio": 0.1,
  "chaotic_system": "lorenz",
  "evolution_time": 0.5,
  "time_step": 0.01,
  "coupling_strength": 1.0,
  "noise_level": 0.001,
  "pooling_type": "comprehensive",
  "speaker_embedding_dim": 256,
  "embedding_hidden_dims": [
    512,
    256,
    128
  ],
  "classifier_type": "plda",
  "temperature": 30.0,
  "margin": 0.35,
  "batch_size": 32,
  "num_epochs": 100,
  "learning_rate": 0.0005,
  "weight_decay": 0.0001,
  "gradient_clipping": 1.0,
  "optimizer": {
    "type": "adamw",
    "params": {
      "betas": [
        0.9,
        0.999
      ],
      "eps": 1e-08,
      "weight_decay": 0.0001
    }
  },
  "scheduler": {
    "type": "cosine",
    "params": {
      "T_max": 100,
      "eta_min": 1e-06
    }
  },
  "early_stopping": {
    "patience": 30
  },
  "sample_rate": 16000,
  "max_audio_length": 3.0,
  "frame_length": 400,
  "hop_length": 160,
  "data_dir": "/scratch/project_2003370/yueyao/dataset/mini_librispeech/LibriSpeech/dev-clean-2",
  "device": "auto",
  "seed": 42,
  "loss_config": {
    "classification": {
      "type": "cross_entropy",
      "label_smoothing": 0.0
    },
    "stability": {
      "enabled": true,
      "weight": 0.1,
      "target_lyapunov_range": [
        0.1,
        2.0
      ],
      "trajectory_bound": 50.0,
      "collapse_threshold": 0.1,
      "diversity_weight": 0.05
    },
    "synchronization": {
      "enabled": false,
      "sync_weight": 0.1,
      "desync_weight": 0.1,
      "margin": 1.0,
      "sample_ratio": 0.3,
      "distance_type": "euclidean"
    },
    "adversarial": {
      "enabled": true,
      "warmup_epochs": 5,
      "perturbation_scale": 0.1,
      "parameter_noise": true,
      "trajectory_noise": true,
      "weight": 0.3
    }
  },
  "optional_modules": {
    "bifurcation_control": {
      "enabled": true,
      "num_regimes": 4,
      "hidden_dim": 32,
      "control_strength": 0.5,
      "learnable_boundaries": true
    },
    "differentiable_features": {
      "enabled": true,
      "lyapunov_dim": 8,
      "rqa_dim": 6,
      "additional_stats": true
    }
  },
  "epochs": 100,
  "optimize_parameters": true
}
2025-12-31 20:08:49,973 - chaotic_trainer - INFO - System info: {'platform': 'Linux-4.18.0-553.74.1.el8_10.x86_64-x86_64-with-glibc2.28', 'system': 'Linux', 'node': 'g1102.mahti.csc.fi', 'release': '4.18.0-553.74.1.el8_10.x86_64', 'version': '#1 SMP Sun Sep 7 09:23:35 EDT 2025', 'machine': 'x86_64', 'processor': 'x86_64', 'python_version': '3.12.10 (main, Jun  3 2025, 21:04:06) [GCC 8.5.0 20210514 (Red Hat 8.5.0-26)]', 'python_executable': '/usr/bin/python', 'cpu_count': 256, 'total_memory': 540285186048, 'available_memory': 508297015296, 'gpu_info': {'cuda_available': True, 'cuda_version': '12.6', 'gpu_count': 1, 'gpu_names': ['NVIDIA A100-SXM4-40GB MIG 1g.5gb']}, 'package_versions': {'numpy': '1.26.4', 'scipy': '1.13.1', 'scikit-learn': 'not installed', 'librosa': '0.11.0', 'soundfile': '0.13.1', 'torch': '2.7.1+cu126', 'tensorflow': 'not installed', 'matplotlib': '3.10.3', 'pandas': '2.3.0'}, 'git_info': {'commit_hash': 'daa24a287a80c85ef3adb8a50c43cdc3cd2f14ce', 'branch': 'origin', 'is_dirty': True}}
2025-12-31 20:08:49,973 - chaotic_trainer - INFO - Training 1 systems × 1 types × 1 runs...
2025-12-31 20:08:49,973 - chaotic_trainer - INFO - Systems: ['lorenz']
2025-12-31 20:08:49,973 - chaotic_trainer - INFO - Model types: ['full_chaotic']
2025-12-31 20:08:49,973 - chaotic_trainer - INFO - 
============================================================
2025-12-31 20:08:49,973 - chaotic_trainer - INFO - TRAINING: LORENZ + FULL_CHAOTIC
2025-12-31 20:08:49,973 - chaotic_trainer - INFO - ============================================================
2025-12-31 20:08:49,973 - chaotic_trainer - INFO - Training chaotic_lorenz_full_chaotic_run_0...
2025-12-31 20:08:49,974 - chaotic_trainer - INFO - Optimizing parameters for lorenz system...
2025-12-31 20:08:49,984 - chaotic_trainer - INFO - Setting up chaotic_lorenz_full_chaotic_run_0...
2025-12-31 20:09:21,917 - chaotic_trainer - INFO - 🚀 No checkpoint specified, starting from scratch
2025-12-31 20:09:21,918 - chaotic_trainer - INFO - Model parameters: 524,360 (trainable: 524,360)
2025-12-31 20:09:21,918 - chaotic_trainer - INFO - Training with chaotic dynamics monitoring...
2025-12-31 20:09:21,918 - chaotic_trainer - INFO - Starting training from epoch 0 for 100 more epochs...
2025-12-31 20:15:02,727 - chaotic_trainer - INFO - Evaluating chaotic_lorenz_full_chaotic_run_0...
2025-12-31 20:15:03,585 - chaotic_trainer - INFO - Running chaotic analysis...
2025-12-31 20:15:06,677 - chaotic_trainer - INFO - Completed chaotic_lorenz_full_chaotic_run_0: Accuracy: 0.0593, Loss: 7.0097, Time: 372.7s
2025-12-31 20:15:06,776 - chaotic_trainer - INFO - Progress: 1/1 (100.0%)
2025-12-31 20:15:06,776 - chaotic_trainer - INFO - lorenz + full_chaotic Summary: 0.0593 ± 0.0000
2025-12-31 20:15:06,776 - chaotic_trainer - INFO - Analyzing chaotic training results...
2025-12-31 20:15:06,777 - chaotic_trainer - INFO - Generating comprehensive chaotic training report...
2025-12-31 20:15:08,457 - chaotic_trainer - INFO - Visualizations saved to: /scratch/project_2003370/yueyao/Model/experiments/configs/4.3_bifurcation_control/visualizations
2025-12-31 20:15:08,457 - chaotic_trainer - INFO - Reports generated:
2025-12-31 20:15:08,457 - chaotic_trainer - INFO -   Text report: /scratch/project_2003370/yueyao/Model/experiments/configs/4.3_bifurcation_control/chaotic_training_report.txt
2025-12-31 20:15:08,457 - chaotic_trainer - INFO -   JSON report: /scratch/project_2003370/yueyao/Model/experiments/configs/4.3_bifurcation_control/chaotic_training_results.json
2025-12-31 20:15:08,458 - chaotic_trainer - INFO - Chaotic training completed.
2025-12-31 20:15:08,458 - chaotic_trainer - INFO - ============================================================
2026-01-01 10:43:51,765 - chaotic_trainer - INFO - ============================================================
2026-01-01 10:43:51,778 - chaotic_trainer - INFO - CHAOTIC NEURAL NETWORKS TRAINING
2026-01-01 10:43:51,778 - chaotic_trainer - INFO - ============================================================
2026-01-01 10:43:51,778 - chaotic_trainer - INFO - Output directory: /scratch/project_2003370/yueyao/Model/experiments/configs/4.3_bifurcation_control
2026-01-01 10:43:51,779 - chaotic_trainer - INFO - Configuration: {
  "_nested": {
    "experiment": {
      "name": "chaotic_speaker_recognition",
      "description": "Chaotic Hierarchical Attractor Propagation for robust speaker recognition",
      "version": "2.0",
      "author": "C-HiLAP Project"
    },
    "data": {
      "data_dir": "/scratch/project_2003370/yueyao/dataset/mini_librispeech/LibriSpeech/dev-clean-2",
      "train_split": 0.7,
      "val_split": 0.15,
      "test_split": 0.15,
      "num_workers": 4,
      "pin_memory": true,
      "prefetch_factor": 2,
      "cache_features": false,
      "cache_dir": "./cache"
    },
    "audio": {
      "sample_rate": 16000,
      "max_audio_length": 3.0,
      "min_audio_length": 0.5,
      "frame_length": 400,
      "hop_length": 160,
      "normalize": true,
      "remove_silence": false,
      "augmentation": {
        "enabled": false,
        "noise_injection": 0.005,
        "time_stretch_range": [
          0.9,
          1.1
        ],
        "pitch_shift_range": [
          -2,
          2
        ]
      }
    },
    "model": {
      "type": "full_chaotic",
      "num_speakers": 251,
      "phase_space": {
        "embedding_dim": 10,
        "delay_method": "autocorr",
        "dimension_method": "false_neighbors",
        "fixed_delay": 10
      },
      "chaotic_features": {
        "mlsa": {
          "scales": 5,
          "max_lyapunov_steps": 1000
        },
        "rqa": {
          "radius_ratio": 0.1,
          "min_line_length": 2
        }
      },
      "chaotic_embedding": {
        "system_type": "lorenz",
        "evolution_time": 0.5,
        "time_step": 0.01,
        "coupling_strength": 1.0,
        "noise_level": 0.001,
        "lorenz": {
          "sigma": 10.0,
          "rho": 28.0,
          "beta": 2.6667
        },
        "rossler": {
          "a": 0.2,
          "b": 0.2,
          "c": 5.7
        }
      },
      "attractor_pooling": {
        "type": "comprehensive",
        "correlation_dimension": {
          "num_radii": 50
        }
      },
      "speaker_embedding": {
        "dim": 256,
        "hidden_dims": [
          512,
          256,
          128
        ],
        "dropout_rate": 0.3,
        "use_batch_norm": true
      },
      "classifier": {
        "type": "plda",
        "temperature": 30.0,
        "margin": 0.35,
        "plda": {
          "latent_dim": 128,
          "use_length_norm": true
        }
      }
    },
    "optional_modules": {
      "bifurcation_control": {
        "enabled": true,
        "num_regimes": 4,
        "hidden_dim": 32,
        "control_strength": 0.5,
        "learnable_boundaries": true
      },
      "differentiable_features": {
        "enabled": true,
        "lyapunov_dim": 8,
        "rqa_dim": 6,
        "additional_stats": true
      }
    },
    "loss": {
      "classification": {
        "type": "cross_entropy",
        "label_smoothing": 0.0
      },
      "stability": {
        "enabled": true,
        "weight": 0.1,
        "target_lyapunov_range": [
          0.1,
          2.0
        ],
        "trajectory_bound": 50.0,
        "collapse_threshold": 0.1,
        "diversity_weight": 0.05
      },
      "synchronization": {
        "enabled": false,
        "sync_weight": 0.1,
        "desync_weight": 0.1,
        "margin": 1.0,
        "sample_ratio": 0.3,
        "distance_type": "euclidean"
      },
      "adversarial": {
        "enabled": false,
        "warmup_epochs": 5,
        "perturbation_scale": 0.1,
        "parameter_noise": true,
        "trajectory_noise": true,
        "weight": 0.3
      }
    },
    "training": {
      "batch_size": 32,
      "num_epochs": 100,
      "gradient_clipping": 1.0,
      "gradient_accumulation_steps": 1,
      "mixed_precision": false,
      "optimizer": {
        "type": "adamw",
        "learning_rate": 0.0005,
        "weight_decay": 0.0001,
        "betas": [
          0.9,
          0.999
        ],
        "eps": 1e-08,
        "momentum": 0.9,
        "nesterov": true
      },
      "scheduler": {
        "type": "cosine",
        "T_max": 100,
        "eta_min": 1e-06,
        "step_size": 30,
        "gamma": 0.1,
        "patience": 10,
        "factor": 0.5,
        "min_lr": 1e-07,
        "warmup_epochs": 5,
        "warmup_start_lr": 1e-06
      },
      "early_stopping": {
        "enabled": true,
        "patience": 30,
        "min_delta": 0.001,
        "monitor": "val_accuracy",
        "mode": "max"
      },
      "checkpoint": {
        "save_best_only": true,
        "save_frequency": 10,
        "max_to_keep": 3
      }
    },
    "evaluation": {
      "metrics": [
        "accuracy",
        "top5_accuracy",
        "eer",
        "dcf"
      ],
      "eval_frequency": 1,
      "visualization": {
        "enabled": true,
        "plot_confusion_matrix": true,
        "plot_embeddings": true,
        "plot_attractors": true
      }
    },
    "logging": {
      "level": "INFO",
      "tensorboard": {
        "enabled": true,
        "log_dir": "./runs"
      },
      "wandb": {
        "enabled": false,
        "project": "chaotic-speaker-recognition",
        "entity": null
      },
      "log_frequency": 50
    },
    "output": {
      "base_dir": "./experiments/outputs",
      "save_predictions": true,
      "save_embeddings": true,
      "save_analysis": true
    },
    "hardware": {
      "device": "auto",
      "seed": 42,
      "deterministic": false,
      "benchmark": true
    },
    "presets": {
      "fast_debug": {
        "training": {
          "batch_size": 8,
          "num_epochs": 5
        },
        "model": {
          "speaker_embedding": {
            "hidden_dims": [
              128,
              64
            ]
          }
        },
        "loss": {
          "adversarial": {
            "enabled": false
          },
          "synchronization": {
            "enabled": false
          }
        }
      },
      "baseline": {
        "model": {
          "classifier": {
            "type": "linear"
          }
        },
        "loss": {
          "stability": {
            "enabled": true
          },
          "synchronization": {
            "enabled": false
          },
          "adversarial": {
            "enabled": false
          }
        }
      },
      "high_performance": {
        "model": {
          "speaker_embedding": {
            "dim": 512,
            "hidden_dims": [
              1024,
              512,
              256
            ]
          },
          "classifier": {
            "type": "cosine"
          }
        },
        "training": {
          "num_epochs": 200,
          "batch_size": 64
        },
        "loss": {
          "stability": {
            "enabled": true
          },
          "synchronization": {
            "enabled": false
          },
          "adversarial": {
            "enabled": true,
            "warmup_epochs": 10
          }
        }
      },
      "robust": {
        "model": {
          "chaotic_embedding": {
            "noise_level": 0.01
          }
        },
        "loss": {
          "adversarial": {
            "enabled": true,
            "perturbation_scale": 0.15,
            "warmup_epochs": 3
          }
        },
        "audio": {
          "augmentation": {
            "enabled": true,
            "noise_injection": 0.01
          }
        }
      }
    }
  },
  "num_speakers": 251,
  "model_type": "full_chaotic",
  "embedding_dim": 10,
  "delay_method": "autocorr",
  "mlsa_scales": 5,
  "rqa_radius_ratio": 0.1,
  "chaotic_system": "lorenz",
  "evolution_time": 0.5,
  "time_step": 0.01,
  "coupling_strength": 1.0,
  "noise_level": 0.001,
  "pooling_type": "comprehensive",
  "speaker_embedding_dim": 256,
  "embedding_hidden_dims": [
    512,
    256,
    128
  ],
  "classifier_type": "plda",
  "temperature": 30.0,
  "margin": 0.35,
  "batch_size": 32,
  "num_epochs": 100,
  "learning_rate": 0.0005,
  "weight_decay": 0.0001,
  "gradient_clipping": 1.0,
  "optimizer": {
    "type": "adamw",
    "params": {
      "betas": [
        0.9,
        0.999
      ],
      "eps": 1e-08,
      "weight_decay": 0.0001
    }
  },
  "scheduler": {
    "type": "cosine",
    "params": {
      "T_max": 100,
      "eta_min": 1e-06
    }
  },
  "early_stopping": {
    "patience": 30
  },
  "sample_rate": 16000,
  "max_audio_length": 3.0,
  "frame_length": 400,
  "hop_length": 160,
  "data_dir": "/scratch/project_2003370/yueyao/dataset/mini_librispeech/LibriSpeech/dev-clean-2",
  "device": "auto",
  "seed": 42,
  "loss_config": {
    "classification": {
      "type": "cross_entropy",
      "label_smoothing": 0.0
    },
    "stability": {
      "enabled": true,
      "weight": 0.1,
      "target_lyapunov_range": [
        0.1,
        2.0
      ],
      "trajectory_bound": 50.0,
      "collapse_threshold": 0.1,
      "diversity_weight": 0.05
    },
    "synchronization": {
      "enabled": false,
      "sync_weight": 0.1,
      "desync_weight": 0.1,
      "margin": 1.0,
      "sample_ratio": 0.3,
      "distance_type": "euclidean"
    },
    "adversarial": {
      "enabled": false,
      "warmup_epochs": 5,
      "perturbation_scale": 0.1,
      "parameter_noise": true,
      "trajectory_noise": true,
      "weight": 0.3
    }
  },
  "optional_modules": {
    "bifurcation_control": {
      "enabled": true,
      "num_regimes": 4,
      "hidden_dim": 32,
      "control_strength": 0.5,
      "learnable_boundaries": true
    },
    "differentiable_features": {
      "enabled": true,
      "lyapunov_dim": 8,
      "rqa_dim": 6,
      "additional_stats": true
    }
  },
  "epochs": 100,
  "optimize_parameters": true
}
2026-01-01 10:43:51,826 - chaotic_trainer - INFO - System info: {'platform': 'Linux-4.18.0-553.74.1.el8_10.x86_64-x86_64-with-glibc2.28', 'system': 'Linux', 'node': 'g1102.mahti.csc.fi', 'release': '4.18.0-553.74.1.el8_10.x86_64', 'version': '#1 SMP Sun Sep 7 09:23:35 EDT 2025', 'machine': 'x86_64', 'processor': 'x86_64', 'python_version': '3.12.10 (main, Jun  3 2025, 21:04:06) [GCC 8.5.0 20210514 (Red Hat 8.5.0-26)]', 'python_executable': '/usr/bin/python', 'cpu_count': 256, 'total_memory': 540285186048, 'available_memory': 519564566528, 'gpu_info': {'cuda_available': True, 'cuda_version': '12.6', 'gpu_count': 1, 'gpu_names': ['NVIDIA A100-SXM4-40GB MIG 1g.5gb']}, 'package_versions': {'numpy': '1.26.4', 'scipy': '1.13.1', 'scikit-learn': 'not installed', 'librosa': '0.11.0', 'soundfile': '0.13.1', 'torch': '2.7.1+cu126', 'tensorflow': 'not installed', 'matplotlib': '3.10.3', 'pandas': '2.3.0'}, 'git_info': {'commit_hash': 'daa24a287a80c85ef3adb8a50c43cdc3cd2f14ce', 'branch': 'origin', 'is_dirty': True}}
2026-01-01 10:43:51,826 - chaotic_trainer - INFO - Training 1 systems × 1 types × 1 runs...
2026-01-01 10:43:51,826 - chaotic_trainer - INFO - Systems: ['lorenz']
2026-01-01 10:43:51,826 - chaotic_trainer - INFO - Model types: ['full_chaotic']
2026-01-01 10:43:51,827 - chaotic_trainer - INFO - 
============================================================
2026-01-01 10:43:51,827 - chaotic_trainer - INFO - TRAINING: LORENZ + FULL_CHAOTIC
2026-01-01 10:43:51,827 - chaotic_trainer - INFO - ============================================================
2026-01-01 10:43:51,827 - chaotic_trainer - INFO - Training chaotic_lorenz_full_chaotic_run_0...
2026-01-01 10:43:51,827 - chaotic_trainer - INFO - Optimizing parameters for lorenz system...
2026-01-01 10:43:51,854 - chaotic_trainer - INFO - Setting up chaotic_lorenz_full_chaotic_run_0...
2026-01-01 10:44:42,279 - chaotic_trainer - INFO - 🚀 No checkpoint specified, starting from scratch
2026-01-01 10:44:42,279 - chaotic_trainer - INFO - Model parameters: 524,360 (trainable: 524,360)
2026-01-01 10:44:42,279 - chaotic_trainer - INFO - Training with chaotic dynamics monitoring...
2026-01-01 10:44:42,279 - chaotic_trainer - INFO - Starting training from epoch 0 for 100 more epochs...
2026-01-01 10:50:12,045 - chaotic_trainer - INFO - Evaluating chaotic_lorenz_full_chaotic_run_0...
2026-01-01 10:50:12,790 - chaotic_trainer - INFO - Running chaotic analysis...
2026-01-01 10:50:16,147 - chaotic_trainer - INFO - Completed chaotic_lorenz_full_chaotic_run_0: Accuracy: 0.0593, Loss: 7.0097, Time: 380.2s
2026-01-01 10:50:16,245 - chaotic_trainer - INFO - Progress: 1/1 (100.0%)
2026-01-01 10:50:16,245 - chaotic_trainer - INFO - lorenz + full_chaotic Summary: 0.0593 ± 0.0000
2026-01-01 10:50:16,245 - chaotic_trainer - INFO - Analyzing chaotic training results...
2026-01-01 10:50:16,246 - chaotic_trainer - INFO - Generating comprehensive chaotic training report...
2026-01-01 10:50:17,817 - chaotic_trainer - INFO - Visualizations saved to: /scratch/project_2003370/yueyao/Model/experiments/configs/4.3_bifurcation_control/visualizations
2026-01-01 10:50:17,817 - chaotic_trainer - INFO - Reports generated:
2026-01-01 10:50:17,817 - chaotic_trainer - INFO -   Text report: /scratch/project_2003370/yueyao/Model/experiments/configs/4.3_bifurcation_control/chaotic_training_report.txt
2026-01-01 10:50:17,817 - chaotic_trainer - INFO -   JSON report: /scratch/project_2003370/yueyao/Model/experiments/configs/4.3_bifurcation_control/chaotic_training_results.json
2026-01-01 10:50:17,817 - chaotic_trainer - INFO - Chaotic training completed.
2026-01-01 10:50:17,817 - chaotic_trainer - INFO - ============================================================
2026-01-01 11:37:44,727 - chaotic_trainer - INFO - ============================================================
2026-01-01 11:37:44,728 - chaotic_trainer - INFO - CHAOTIC NEURAL NETWORKS TRAINING
2026-01-01 11:37:44,728 - chaotic_trainer - INFO - ============================================================
2026-01-01 11:37:44,728 - chaotic_trainer - INFO - Output directory: /scratch/project_2003370/yueyao/Model/experiments/configs/4.3_bifurcation_control
2026-01-01 11:37:44,728 - chaotic_trainer - INFO - Configuration: {
  "_nested": {
    "experiment": {
      "name": "chaotic_speaker_recognition",
      "description": "Chaotic Hierarchical Attractor Propagation for robust speaker recognition",
      "version": "2.0",
      "author": "C-HiLAP Project"
    },
    "data": {
      "data_dir": "/scratch/project_2003370/yueyao/dataset/mini_librispeech/LibriSpeech/dev-clean-2",
      "train_split": 0.7,
      "val_split": 0.15,
      "test_split": 0.15,
      "num_workers": 4,
      "pin_memory": true,
      "prefetch_factor": 2,
      "cache_features": false,
      "cache_dir": "./cache"
    },
    "audio": {
      "sample_rate": 16000,
      "max_audio_length": 3.0,
      "min_audio_length": 0.5,
      "frame_length": 400,
      "hop_length": 160,
      "normalize": true,
      "remove_silence": false,
      "augmentation": {
        "enabled": false,
        "noise_injection": 0.005,
        "time_stretch_range": [
          0.9,
          1.1
        ],
        "pitch_shift_range": [
          -2,
          2
        ]
      }
    },
    "model": {
      "type": "full_chaotic",
      "num_speakers": 251,
      "phase_space": {
        "embedding_dim": 10,
        "delay_method": "autocorr",
        "dimension_method": "false_neighbors",
        "fixed_delay": 10
      },
      "chaotic_features": {
        "mlsa": {
          "scales": 5,
          "max_lyapunov_steps": 1000
        },
        "rqa": {
          "radius_ratio": 0.1,
          "min_line_length": 2
        }
      },
      "chaotic_embedding": {
        "system_type": "lorenz",
        "evolution_time": 0.5,
        "time_step": 0.01,
        "coupling_strength": 1.0,
        "noise_level": 0.001,
        "lorenz": {
          "sigma": 10.0,
          "rho": 28.0,
          "beta": 2.6667
        },
        "rossler": {
          "a": 0.2,
          "b": 0.2,
          "c": 5.7
        }
      },
      "attractor_pooling": {
        "type": "comprehensive",
        "correlation_dimension": {
          "num_radii": 50
        }
      },
      "speaker_embedding": {
        "dim": 256,
        "hidden_dims": [
          512,
          256,
          128
        ],
        "dropout_rate": 0.3,
        "use_batch_norm": true
      },
      "classifier": {
        "type": "plda",
        "temperature": 30.0,
        "margin": 0.35,
        "plda": {
          "latent_dim": 128,
          "use_length_norm": true
        }
      }
    },
    "optional_modules": {
      "bifurcation_control": {
        "enabled": true,
        "num_regimes": 4,
        "hidden_dim": 32,
        "control_strength": 0.5,
        "learnable_boundaries": true
      },
      "differentiable_features": {
        "enabled": true,
        "lyapunov_dim": 8,
        "rqa_dim": 6,
        "additional_stats": true
      }
    },
    "loss": {
      "classification": {
        "type": "cross_entropy",
        "label_smoothing": 0.0
      },
      "stability": {
        "enabled": true,
        "weight": 0.1,
        "target_lyapunov_range": [
          0.1,
          2.0
        ],
        "trajectory_bound": 50.0,
        "collapse_threshold": 0.1,
        "diversity_weight": 0.05
      },
      "synchronization": {
        "enabled": false,
        "sync_weight": 0.1,
        "desync_weight": 0.1,
        "margin": 1.0,
        "sample_ratio": 0.3,
        "distance_type": "euclidean"
      },
      "adversarial": {
        "enabled": false,
        "warmup_epochs": 5,
        "perturbation_scale": 0.1,
        "parameter_noise": true,
        "trajectory_noise": true,
        "weight": 0.3
      }
    },
    "training": {
      "batch_size": 32,
      "num_epochs": 100,
      "gradient_clipping": 1.0,
      "gradient_accumulation_steps": 1,
      "mixed_precision": false,
      "optimizer": {
        "type": "adamw",
        "learning_rate": 0.0005,
        "weight_decay": 0.0001,
        "betas": [
          0.9,
          0.999
        ],
        "eps": 1e-08,
        "momentum": 0.9,
        "nesterov": true
      },
      "scheduler": {
        "type": "cosine",
        "T_max": 100,
        "eta_min": 1e-06,
        "step_size": 30,
        "gamma": 0.1,
        "patience": 10,
        "factor": 0.5,
        "min_lr": 1e-07,
        "warmup_epochs": 5,
        "warmup_start_lr": 1e-06
      },
      "early_stopping": {
        "enabled": true,
        "patience": 30,
        "min_delta": 0.001,
        "monitor": "val_accuracy",
        "mode": "max"
      },
      "checkpoint": {
        "save_best_only": true,
        "save_frequency": 10,
        "max_to_keep": 3
      }
    },
    "evaluation": {
      "metrics": [
        "accuracy",
        "top5_accuracy",
        "eer",
        "dcf"
      ],
      "eval_frequency": 1,
      "visualization": {
        "enabled": true,
        "plot_confusion_matrix": true,
        "plot_embeddings": true,
        "plot_attractors": true
      }
    },
    "logging": {
      "level": "INFO",
      "tensorboard": {
        "enabled": true,
        "log_dir": "./runs"
      },
      "wandb": {
        "enabled": false,
        "project": "chaotic-speaker-recognition",
        "entity": null
      },
      "log_frequency": 50
    },
    "output": {
      "base_dir": "./experiments/outputs",
      "save_predictions": true,
      "save_embeddings": true,
      "save_analysis": true
    },
    "hardware": {
      "device": "auto",
      "seed": 42,
      "deterministic": false,
      "benchmark": true
    },
    "presets": {
      "fast_debug": {
        "training": {
          "batch_size": 8,
          "num_epochs": 5
        },
        "model": {
          "speaker_embedding": {
            "hidden_dims": [
              128,
              64
            ]
          }
        },
        "loss": {
          "adversarial": {
            "enabled": false
          },
          "synchronization": {
            "enabled": false
          }
        }
      },
      "baseline": {
        "model": {
          "classifier": {
            "type": "linear"
          }
        },
        "loss": {
          "stability": {
            "enabled": true
          },
          "synchronization": {
            "enabled": false
          },
          "adversarial": {
            "enabled": false
          }
        }
      },
      "high_performance": {
        "model": {
          "speaker_embedding": {
            "dim": 512,
            "hidden_dims": [
              1024,
              512,
              256
            ]
          },
          "classifier": {
            "type": "cosine"
          }
        },
        "training": {
          "num_epochs": 200,
          "batch_size": 64
        },
        "loss": {
          "stability": {
            "enabled": true
          },
          "synchronization": {
            "enabled": false
          },
          "adversarial": {
            "enabled": true,
            "warmup_epochs": 10
          }
        }
      },
      "robust": {
        "model": {
          "chaotic_embedding": {
            "noise_level": 0.01
          }
        },
        "loss": {
          "adversarial": {
            "enabled": true,
            "perturbation_scale": 0.15,
            "warmup_epochs": 3
          }
        },
        "audio": {
          "augmentation": {
            "enabled": true,
            "noise_injection": 0.01
          }
        }
      }
    }
  },
  "num_speakers": 251,
  "model_type": "full_chaotic",
  "embedding_dim": 10,
  "delay_method": "autocorr",
  "mlsa_scales": 5,
  "rqa_radius_ratio": 0.1,
  "chaotic_system": "lorenz",
  "evolution_time": 0.5,
  "time_step": 0.01,
  "coupling_strength": 1.0,
  "noise_level": 0.001,
  "pooling_type": "comprehensive",
  "speaker_embedding_dim": 256,
  "embedding_hidden_dims": [
    512,
    256,
    128
  ],
  "classifier_type": "plda",
  "temperature": 30.0,
  "margin": 0.35,
  "batch_size": 32,
  "num_epochs": 100,
  "learning_rate": 0.0005,
  "weight_decay": 0.0001,
  "gradient_clipping": 1.0,
  "optimizer": {
    "type": "adamw",
    "params": {
      "betas": [
        0.9,
        0.999
      ],
      "eps": 1e-08,
      "weight_decay": 0.0001
    }
  },
  "scheduler": {
    "type": "cosine",
    "params": {
      "T_max": 100,
      "eta_min": 1e-06
    }
  },
  "early_stopping": {
    "patience": 30
  },
  "sample_rate": 16000,
  "max_audio_length": 3.0,
  "frame_length": 400,
  "hop_length": 160,
  "data_dir": "/scratch/project_2003370/yueyao/dataset/mini_librispeech/LibriSpeech/dev-clean-2",
  "device": "auto",
  "seed": 42,
  "loss_config": {
    "classification": {
      "type": "cross_entropy",
      "label_smoothing": 0.0
    },
    "stability": {
      "enabled": true,
      "weight": 0.1,
      "target_lyapunov_range": [
        0.1,
        2.0
      ],
      "trajectory_bound": 50.0,
      "collapse_threshold": 0.1,
      "diversity_weight": 0.05
    },
    "synchronization": {
      "enabled": false,
      "sync_weight": 0.1,
      "desync_weight": 0.1,
      "margin": 1.0,
      "sample_ratio": 0.3,
      "distance_type": "euclidean"
    },
    "adversarial": {
      "enabled": false,
      "warmup_epochs": 5,
      "perturbation_scale": 0.1,
      "parameter_noise": true,
      "trajectory_noise": true,
      "weight": 0.3
    }
  },
  "optional_modules": {
    "bifurcation_control": {
      "enabled": true,
      "num_regimes": 4,
      "hidden_dim": 32,
      "control_strength": 0.5,
      "learnable_boundaries": true
    },
    "differentiable_features": {
      "enabled": true,
      "lyapunov_dim": 8,
      "rqa_dim": 6,
      "additional_stats": true
    }
  },
  "epochs": 100,
  "optimize_parameters": true
}
2026-01-01 11:37:44,772 - chaotic_trainer - INFO - System info: {'platform': 'Linux-4.18.0-553.74.1.el8_10.x86_64-x86_64-with-glibc2.28', 'system': 'Linux', 'node': 'g1102.mahti.csc.fi', 'release': '4.18.0-553.74.1.el8_10.x86_64', 'version': '#1 SMP Sun Sep 7 09:23:35 EDT 2025', 'machine': 'x86_64', 'processor': 'x86_64', 'python_version': '3.12.10 (main, Jun  3 2025, 21:04:06) [GCC 8.5.0 20210514 (Red Hat 8.5.0-26)]', 'python_executable': '/usr/bin/python', 'cpu_count': 256, 'total_memory': 540285186048, 'available_memory': 519657299968, 'gpu_info': {'cuda_available': True, 'cuda_version': '12.6', 'gpu_count': 1, 'gpu_names': ['NVIDIA A100-SXM4-40GB MIG 1g.5gb']}, 'package_versions': {'numpy': '1.26.4', 'scipy': '1.13.1', 'scikit-learn': 'not installed', 'librosa': '0.11.0', 'soundfile': '0.13.1', 'torch': '2.7.1+cu126', 'tensorflow': 'not installed', 'matplotlib': '3.10.3', 'pandas': '2.3.0'}, 'git_info': {'commit_hash': 'daa24a287a80c85ef3adb8a50c43cdc3cd2f14ce', 'branch': 'origin', 'is_dirty': True}}
2026-01-01 11:37:44,773 - chaotic_trainer - INFO - Training 1 systems × 1 types × 1 runs...
2026-01-01 11:37:44,773 - chaotic_trainer - INFO - Systems: ['lorenz']
2026-01-01 11:37:44,773 - chaotic_trainer - INFO - Model types: ['full_chaotic']
2026-01-01 11:37:44,773 - chaotic_trainer - INFO - 
============================================================
2026-01-01 11:37:44,773 - chaotic_trainer - INFO - TRAINING: LORENZ + FULL_CHAOTIC
2026-01-01 11:37:44,773 - chaotic_trainer - INFO - ============================================================
2026-01-01 11:37:44,773 - chaotic_trainer - INFO - Training chaotic_lorenz_full_chaotic_run_0...
2026-01-01 11:37:44,773 - chaotic_trainer - INFO - Optimizing parameters for lorenz system...
2026-01-01 11:37:44,783 - chaotic_trainer - INFO - Setting up chaotic_lorenz_full_chaotic_run_0...
2026-01-01 11:38:17,053 - chaotic_trainer - INFO - 🚀 No checkpoint specified, starting from scratch
2026-01-01 11:38:17,054 - chaotic_trainer - INFO - Model parameters: 524,360 (trainable: 524,360)
2026-01-01 11:38:17,054 - chaotic_trainer - INFO - Training with chaotic dynamics monitoring...
2026-01-01 11:38:17,054 - chaotic_trainer - INFO - Starting training from epoch 0 for 100 more epochs...
2026-01-01 11:50:48,984 - chaotic_trainer - INFO - Evaluating chaotic_lorenz_full_chaotic_run_0...
2026-01-01 11:50:49,754 - chaotic_trainer - INFO - Running chaotic analysis...
2026-01-01 11:50:53,089 - chaotic_trainer - INFO - Completed chaotic_lorenz_full_chaotic_run_0: Accuracy: 0.9746, Loss: 0.1068, Time: 784.2s
2026-01-01 11:50:53,189 - chaotic_trainer - INFO - Progress: 1/1 (100.0%)
2026-01-01 11:50:53,189 - chaotic_trainer - INFO - lorenz + full_chaotic Summary: 0.9746 ± 0.0000
2026-01-01 11:50:53,190 - chaotic_trainer - INFO - Analyzing chaotic training results...
2026-01-01 11:50:53,191 - chaotic_trainer - INFO - Generating comprehensive chaotic training report...
2026-01-01 11:50:54,781 - chaotic_trainer - INFO - Visualizations saved to: /scratch/project_2003370/yueyao/Model/experiments/configs/4.3_bifurcation_control/visualizations
2026-01-01 11:50:54,781 - chaotic_trainer - INFO - Reports generated:
2026-01-01 11:50:54,781 - chaotic_trainer - INFO -   Text report: /scratch/project_2003370/yueyao/Model/experiments/configs/4.3_bifurcation_control/chaotic_training_report.txt
2026-01-01 11:50:54,781 - chaotic_trainer - INFO -   JSON report: /scratch/project_2003370/yueyao/Model/experiments/configs/4.3_bifurcation_control/chaotic_training_results.json
2026-01-01 11:50:54,781 - chaotic_trainer - INFO - Chaotic training completed.
2026-01-01 11:50:54,781 - chaotic_trainer - INFO - ============================================================
2026-01-01 11:55:51,869 - chaotic_trainer - INFO - ============================================================
2026-01-01 11:55:51,869 - chaotic_trainer - INFO - CHAOTIC NEURAL NETWORKS TRAINING
2026-01-01 11:55:51,869 - chaotic_trainer - INFO - ============================================================
2026-01-01 11:55:51,869 - chaotic_trainer - INFO - Output directory: /scratch/project_2003370/yueyao/Model/experiments/configs/4.3_bifurcation_control
2026-01-01 11:55:51,870 - chaotic_trainer - INFO - Configuration: {
  "_nested": {
    "experiment": {
      "name": "chaotic_speaker_recognition",
      "description": "Chaotic Hierarchical Attractor Propagation for robust speaker recognition",
      "version": "2.0",
      "author": "C-HiLAP Project"
    },
    "data": {
      "data_dir": "/scratch/project_2003370/yueyao/dataset/mini_librispeech/LibriSpeech/dev-clean-2",
      "train_split": 0.7,
      "val_split": 0.15,
      "test_split": 0.15,
      "num_workers": 4,
      "pin_memory": true,
      "prefetch_factor": 2,
      "cache_features": false,
      "cache_dir": "./cache"
    },
    "audio": {
      "sample_rate": 16000,
      "max_audio_length": 3.0,
      "min_audio_length": 0.5,
      "frame_length": 400,
      "hop_length": 160,
      "normalize": true,
      "remove_silence": false,
      "augmentation": {
        "enabled": false,
        "noise_injection": 0.005,
        "time_stretch_range": [
          0.9,
          1.1
        ],
        "pitch_shift_range": [
          -2,
          2
        ]
      }
    },
    "model": {
      "type": "full_chaotic",
      "num_speakers": 251,
      "phase_space": {
        "embedding_dim": 10,
        "delay_method": "autocorr",
        "dimension_method": "false_neighbors",
        "fixed_delay": 10
      },
      "chaotic_features": {
        "mlsa": {
          "scales": 5,
          "max_lyapunov_steps": 1000
        },
        "rqa": {
          "radius_ratio": 0.1,
          "min_line_length": 2
        }
      },
      "chaotic_embedding": {
        "system_type": "lorenz",
        "evolution_time": 0.5,
        "time_step": 0.01,
        "coupling_strength": 1.0,
        "noise_level": 0.001,
        "lorenz": {
          "sigma": 10.0,
          "rho": 28.0,
          "beta": 2.6667
        },
        "rossler": {
          "a": 0.2,
          "b": 0.2,
          "c": 5.7
        }
      },
      "attractor_pooling": {
        "type": "comprehensive",
        "correlation_dimension": {
          "num_radii": 50
        }
      },
      "speaker_embedding": {
        "dim": 256,
        "hidden_dims": [
          512,
          256,
          128
        ],
        "dropout_rate": 0.3,
        "use_batch_norm": true
      },
      "classifier": {
        "type": "plda",
        "temperature": 30.0,
        "margin": 0.35,
        "plda": {
          "latent_dim": 128,
          "use_length_norm": true
        }
      }
    },
    "optional_modules": {
      "bifurcation_control": {
        "enabled": true,
        "num_regimes": 4,
        "hidden_dim": 32,
        "control_strength": 0.5,
        "learnable_boundaries": true
      },
      "differentiable_features": {
        "enabled": true,
        "lyapunov_dim": 8,
        "rqa_dim": 6,
        "additional_stats": true
      }
    },
    "loss": {
      "classification": {
        "type": "cross_entropy",
        "label_smoothing": 0.0
      },
      "stability": {
        "enabled": true,
        "weight": 0.1,
        "target_lyapunov_range": [
          0.1,
          2.0
        ],
        "trajectory_bound": 50.0,
        "collapse_threshold": 0.1,
        "diversity_weight": 0.05
      },
      "synchronization": {
        "enabled": false,
        "sync_weight": 0.1,
        "desync_weight": 0.1,
        "margin": 1.0,
        "sample_ratio": 0.3,
        "distance_type": "euclidean"
      },
      "adversarial": {
        "enabled": true,
        "warmup_epochs": 5,
        "perturbation_scale": 0.1,
        "parameter_noise": true,
        "trajectory_noise": true,
        "weight": 0.3
      }
    },
    "training": {
      "batch_size": 32,
      "num_epochs": 100,
      "gradient_clipping": 1.0,
      "gradient_accumulation_steps": 1,
      "mixed_precision": false,
      "optimizer": {
        "type": "adamw",
        "learning_rate": 0.0005,
        "weight_decay": 0.0001,
        "betas": [
          0.9,
          0.999
        ],
        "eps": 1e-08,
        "momentum": 0.9,
        "nesterov": true
      },
      "scheduler": {
        "type": "cosine",
        "T_max": 100,
        "eta_min": 1e-06,
        "step_size": 30,
        "gamma": 0.1,
        "patience": 10,
        "factor": 0.5,
        "min_lr": 1e-07,
        "warmup_epochs": 5,
        "warmup_start_lr": 1e-06
      },
      "early_stopping": {
        "enabled": true,
        "patience": 30,
        "min_delta": 0.001,
        "monitor": "val_accuracy",
        "mode": "max"
      },
      "checkpoint": {
        "save_best_only": true,
        "save_frequency": 10,
        "max_to_keep": 3
      }
    },
    "evaluation": {
      "metrics": [
        "accuracy",
        "top5_accuracy",
        "eer",
        "dcf"
      ],
      "eval_frequency": 1,
      "visualization": {
        "enabled": true,
        "plot_confusion_matrix": true,
        "plot_embeddings": true,
        "plot_attractors": true
      }
    },
    "logging": {
      "level": "INFO",
      "tensorboard": {
        "enabled": true,
        "log_dir": "./runs"
      },
      "wandb": {
        "enabled": false,
        "project": "chaotic-speaker-recognition",
        "entity": null
      },
      "log_frequency": 50
    },
    "output": {
      "base_dir": "./experiments/outputs",
      "save_predictions": true,
      "save_embeddings": true,
      "save_analysis": true
    },
    "hardware": {
      "device": "auto",
      "seed": 42,
      "deterministic": false,
      "benchmark": true
    },
    "presets": {
      "fast_debug": {
        "training": {
          "batch_size": 8,
          "num_epochs": 5
        },
        "model": {
          "speaker_embedding": {
            "hidden_dims": [
              128,
              64
            ]
          }
        },
        "loss": {
          "adversarial": {
            "enabled": false
          },
          "synchronization": {
            "enabled": false
          }
        }
      },
      "baseline": {
        "model": {
          "classifier": {
            "type": "linear"
          }
        },
        "loss": {
          "stability": {
            "enabled": true
          },
          "synchronization": {
            "enabled": false
          },
          "adversarial": {
            "enabled": false
          }
        }
      },
      "high_performance": {
        "model": {
          "speaker_embedding": {
            "dim": 512,
            "hidden_dims": [
              1024,
              512,
              256
            ]
          },
          "classifier": {
            "type": "cosine"
          }
        },
        "training": {
          "num_epochs": 200,
          "batch_size": 64
        },
        "loss": {
          "stability": {
            "enabled": true
          },
          "synchronization": {
            "enabled": false
          },
          "adversarial": {
            "enabled": true,
            "warmup_epochs": 10
          }
        }
      },
      "robust": {
        "model": {
          "chaotic_embedding": {
            "noise_level": 0.01
          }
        },
        "loss": {
          "adversarial": {
            "enabled": true,
            "perturbation_scale": 0.15,
            "warmup_epochs": 3
          }
        },
        "audio": {
          "augmentation": {
            "enabled": true,
            "noise_injection": 0.01
          }
        }
      }
    }
  },
  "num_speakers": 251,
  "model_type": "full_chaotic",
  "embedding_dim": 10,
  "delay_method": "autocorr",
  "mlsa_scales": 5,
  "rqa_radius_ratio": 0.1,
  "chaotic_system": "lorenz",
  "evolution_time": 0.5,
  "time_step": 0.01,
  "coupling_strength": 1.0,
  "noise_level": 0.001,
  "pooling_type": "comprehensive",
  "speaker_embedding_dim": 256,
  "embedding_hidden_dims": [
    512,
    256,
    128
  ],
  "classifier_type": "plda",
  "temperature": 30.0,
  "margin": 0.35,
  "batch_size": 32,
  "num_epochs": 100,
  "learning_rate": 0.0005,
  "weight_decay": 0.0001,
  "gradient_clipping": 1.0,
  "optimizer": {
    "type": "adamw",
    "params": {
      "betas": [
        0.9,
        0.999
      ],
      "eps": 1e-08,
      "weight_decay": 0.0001
    }
  },
  "scheduler": {
    "type": "cosine",
    "params": {
      "T_max": 100,
      "eta_min": 1e-06
    }
  },
  "early_stopping": {
    "patience": 30
  },
  "sample_rate": 16000,
  "max_audio_length": 3.0,
  "frame_length": 400,
  "hop_length": 160,
  "data_dir": "/scratch/project_2003370/yueyao/dataset/mini_librispeech/LibriSpeech/dev-clean-2",
  "device": "auto",
  "seed": 42,
  "loss_config": {
    "classification": {
      "type": "cross_entropy",
      "label_smoothing": 0.0
    },
    "stability": {
      "enabled": true,
      "weight": 0.1,
      "target_lyapunov_range": [
        0.1,
        2.0
      ],
      "trajectory_bound": 50.0,
      "collapse_threshold": 0.1,
      "diversity_weight": 0.05
    },
    "synchronization": {
      "enabled": false,
      "sync_weight": 0.1,
      "desync_weight": 0.1,
      "margin": 1.0,
      "sample_ratio": 0.3,
      "distance_type": "euclidean"
    },
    "adversarial": {
      "enabled": true,
      "warmup_epochs": 5,
      "perturbation_scale": 0.1,
      "parameter_noise": true,
      "trajectory_noise": true,
      "weight": 0.3
    }
  },
  "optional_modules": {
    "bifurcation_control": {
      "enabled": true,
      "num_regimes": 4,
      "hidden_dim": 32,
      "control_strength": 0.5,
      "learnable_boundaries": true
    },
    "differentiable_features": {
      "enabled": true,
      "lyapunov_dim": 8,
      "rqa_dim": 6,
      "additional_stats": true
    }
  },
  "epochs": 100,
  "optimize_parameters": true
}
2026-01-01 11:55:51,914 - chaotic_trainer - INFO - System info: {'platform': 'Linux-4.18.0-553.74.1.el8_10.x86_64-x86_64-with-glibc2.28', 'system': 'Linux', 'node': 'g1102.mahti.csc.fi', 'release': '4.18.0-553.74.1.el8_10.x86_64', 'version': '#1 SMP Sun Sep 7 09:23:35 EDT 2025', 'machine': 'x86_64', 'processor': 'x86_64', 'python_version': '3.12.10 (main, Jun  3 2025, 21:04:06) [GCC 8.5.0 20210514 (Red Hat 8.5.0-26)]', 'python_executable': '/usr/bin/python', 'cpu_count': 256, 'total_memory': 540285186048, 'available_memory': 519684001792, 'gpu_info': {'cuda_available': True, 'cuda_version': '12.6', 'gpu_count': 1, 'gpu_names': ['NVIDIA A100-SXM4-40GB MIG 1g.5gb']}, 'package_versions': {'numpy': '1.26.4', 'scipy': '1.13.1', 'scikit-learn': 'not installed', 'librosa': '0.11.0', 'soundfile': '0.13.1', 'torch': '2.7.1+cu126', 'tensorflow': 'not installed', 'matplotlib': '3.10.3', 'pandas': '2.3.0'}, 'git_info': {'commit_hash': 'daa24a287a80c85ef3adb8a50c43cdc3cd2f14ce', 'branch': 'origin', 'is_dirty': True}}
2026-01-01 11:55:51,914 - chaotic_trainer - INFO - Training 1 systems × 1 types × 1 runs...
2026-01-01 11:55:51,914 - chaotic_trainer - INFO - Systems: ['lorenz']
2026-01-01 11:55:51,914 - chaotic_trainer - INFO - Model types: ['full_chaotic']
2026-01-01 11:55:51,914 - chaotic_trainer - INFO - 
============================================================
2026-01-01 11:55:51,914 - chaotic_trainer - INFO - TRAINING: LORENZ + FULL_CHAOTIC
2026-01-01 11:55:51,914 - chaotic_trainer - INFO - ============================================================
2026-01-01 11:55:51,914 - chaotic_trainer - INFO - Training chaotic_lorenz_full_chaotic_run_0...
2026-01-01 11:55:51,914 - chaotic_trainer - INFO - Optimizing parameters for lorenz system...
2026-01-01 11:55:51,924 - chaotic_trainer - INFO - Setting up chaotic_lorenz_full_chaotic_run_0...
2026-01-01 11:56:25,437 - chaotic_trainer - INFO - 🚀 No checkpoint specified, starting from scratch
2026-01-01 11:56:25,437 - chaotic_trainer - INFO - Model parameters: 524,360 (trainable: 524,360)
2026-01-01 11:56:25,437 - chaotic_trainer - INFO - Training with chaotic dynamics monitoring...
2026-01-01 11:56:25,437 - chaotic_trainer - INFO - Starting training from epoch 0 for 100 more epochs...
2026-01-01 12:09:07,504 - chaotic_trainer - INFO - Evaluating chaotic_lorenz_full_chaotic_run_0...
2026-01-01 12:09:08,279 - chaotic_trainer - INFO - Running chaotic analysis...
2026-01-01 12:09:11,287 - chaotic_trainer - INFO - Completed chaotic_lorenz_full_chaotic_run_0: Accuracy: 0.9746, Loss: 0.1068, Time: 795.6s
2026-01-01 12:09:11,387 - chaotic_trainer - INFO - Progress: 1/1 (100.0%)
2026-01-01 12:09:11,387 - chaotic_trainer - INFO - lorenz + full_chaotic Summary: 0.9746 ± 0.0000
2026-01-01 12:09:11,387 - chaotic_trainer - INFO - Analyzing chaotic training results...
2026-01-01 12:09:11,389 - chaotic_trainer - INFO - Generating comprehensive chaotic training report...
2026-01-01 12:09:12,953 - chaotic_trainer - INFO - Visualizations saved to: /scratch/project_2003370/yueyao/Model/experiments/configs/4.3_bifurcation_control/visualizations
2026-01-01 12:09:12,953 - chaotic_trainer - INFO - Reports generated:
2026-01-01 12:09:12,953 - chaotic_trainer - INFO -   Text report: /scratch/project_2003370/yueyao/Model/experiments/configs/4.3_bifurcation_control/chaotic_training_report.txt
2026-01-01 12:09:12,953 - chaotic_trainer - INFO -   JSON report: /scratch/project_2003370/yueyao/Model/experiments/configs/4.3_bifurcation_control/chaotic_training_results.json
2026-01-01 12:09:12,953 - chaotic_trainer - INFO - Chaotic training completed.
2026-01-01 12:09:12,953 - chaotic_trainer - INFO - ============================================================
