2026-02-12 13:49:58,265 - experiment_ablation_no_chaotic_features - INFO - Initialized experiment: ablation_no_chaotic_features
2026-02-12 13:49:58,266 - experiment_ablation_no_chaotic_features - INFO - Device: cuda
2026-02-12 13:49:58,266 - experiment_ablation_no_chaotic_features - INFO - Output directory: /scratch/project_2003370/yueyao/Model/experiments/configs/Ablation_study/no_chaotic_features/ablation_no_chaotic_features
2026-02-12 13:56:14,711 - experiment_ablation_no_chaotic_features - INFO - Initialized experiment: ablation_no_chaotic_features
2026-02-12 13:56:14,711 - experiment_ablation_no_chaotic_features - INFO - Device: cuda
2026-02-12 13:56:14,711 - experiment_ablation_no_chaotic_features - INFO - Output directory: /scratch/project_2003370/yueyao/Model/experiments/configs/Ablation_study/no_chaotic_features/ablation_no_chaotic_features
2026-02-12 13:56:14,712 - experiment_ablation_no_chaotic_features - INFO - Initialized chaotic network experiment with lorenz system
2026-02-12 13:57:38,580 - experiment_ablation_no_chaotic_features - INFO - Initialized experiment: ablation_no_chaotic_features
2026-02-12 13:57:38,580 - experiment_ablation_no_chaotic_features - INFO - Device: cuda
2026-02-12 13:57:38,580 - experiment_ablation_no_chaotic_features - INFO - Output directory: /scratch/project_2003370/yueyao/Model/experiments/configs/Ablation_study/no_chaotic_features/ablation_no_chaotic_features
2026-02-12 13:57:38,580 - experiment_ablation_no_chaotic_features - INFO - Initialized chaotic network experiment with lorenz system
2026-02-12 14:02:13,186 - experiment_ablation_no_chaotic_features - INFO - Initialized experiment: ablation_no_chaotic_features
2026-02-12 14:02:13,186 - experiment_ablation_no_chaotic_features - INFO - Device: cuda
2026-02-12 14:02:13,186 - experiment_ablation_no_chaotic_features - INFO - Output directory: /scratch/project_2003370/yueyao/Model/experiments/configs/Ablation_study/no_chaotic_features/ablation_no_chaotic_features
2026-02-12 14:02:13,186 - experiment_ablation_no_chaotic_features - INFO - Initialized chaotic network experiment with lorenz system
2026-02-12 14:02:13,186 - experiment_ablation_no_chaotic_features - INFO - Setting up experiment components...
2026-02-12 14:02:13,186 - experiment_ablation_no_chaotic_features - INFO - Creating dataloaders...
2026-02-12 14:02:13,187 - experiment_ablation_no_chaotic_features - INFO - Detected 10 speakers in dataset
2026-02-12 14:02:13,187 - experiment_ablation_no_chaotic_features - INFO - Dataloaders created:
2026-02-12 14:02:13,187 - experiment_ablation_no_chaotic_features - INFO -   Train: 25 batches
2026-02-12 14:02:13,187 - experiment_ablation_no_chaotic_features - INFO -   Val: 5 batches
2026-02-12 14:02:13,187 - experiment_ablation_no_chaotic_features - INFO -   Test: 5 batches
2026-02-12 14:02:13,187 - experiment_ablation_no_chaotic_features - INFO - Creating model...
2026-02-12 14:02:13,187 - experiment_ablation_no_chaotic_features - INFO - Using actual num_speakers from dataset: 10
2026-02-12 14:03:20,128 - experiment_ablation_no_chaotic_features - INFO - Total parameters: 498,623
2026-02-12 14:03:20,128 - experiment_ablation_no_chaotic_features - INFO - Trainable parameters: 498,623
2026-02-12 14:03:20,129 - experiment_ablation_no_chaotic_features - INFO - Creating optimizer...
2026-02-12 14:03:20,129 - experiment_ablation_no_chaotic_features - INFO - Optimizer: AdamW
2026-02-12 14:03:20,129 - experiment_ablation_no_chaotic_features - INFO - Creating scheduler...
2026-02-12 14:03:20,129 - experiment_ablation_no_chaotic_features - INFO - Creating criterion...
2026-02-12 14:03:20,129 - experiment_ablation_no_chaotic_features - INFO - Criterion: CrossEntropyLoss
2026-02-12 14:03:20,229 - experiment_ablation_no_chaotic_features - INFO - Configuration saved to: /scratch/project_2003370/yueyao/Model/experiments/configs/Ablation_study/no_chaotic_features/ablation_no_chaotic_features/config.json
2026-02-12 14:03:20,229 - experiment_ablation_no_chaotic_features - INFO - Experiment setup completed
2026-02-12 14:03:20,230 - experiment_ablation_no_chaotic_features - INFO - Starting training for 100 epochs
2026-02-12 14:03:20,244 - experiment_ablation_no_chaotic_features - INFO - 
================================================================================
2026-02-12 14:03:20,245 - experiment_ablation_no_chaotic_features - INFO - COMPREHENSIVE DEBUG - FIRST BATCH
2026-02-12 14:03:20,245 - experiment_ablation_no_chaotic_features - INFO - ================================================================================
2026-02-12 14:03:20,245 - experiment_ablation_no_chaotic_features - INFO - Batch Info:
2026-02-12 14:03:20,245 - experiment_ablation_no_chaotic_features - INFO -   Audio shape: torch.Size([32, 48000])
2026-02-12 14:03:20,245 - experiment_ablation_no_chaotic_features - INFO -   Targets shape: torch.Size([32])
2026-02-12 14:03:20,245 - experiment_ablation_no_chaotic_features - INFO -   Targets (first 8): tensor([9, 2, 6, 5, 9, 9, 9, 3], device='cuda:0')
2026-02-12 14:03:20,370 - experiment_ablation_no_chaotic_features - ERROR - Training failed with error: Boolean value of Tensor with more than one value is ambiguous
2026-02-12 14:06:41,053 - experiment_ablation_no_chaotic_features - INFO - Initialized experiment: ablation_no_chaotic_features
2026-02-12 14:06:41,053 - experiment_ablation_no_chaotic_features - INFO - Device: cuda
2026-02-12 14:06:41,053 - experiment_ablation_no_chaotic_features - INFO - Output directory: /scratch/project_2003370/yueyao/Model/experiments/configs/Ablation_study/no_chaotic_features/ablation_no_chaotic_features
2026-02-12 14:06:41,053 - experiment_ablation_no_chaotic_features - INFO - Initialized chaotic network experiment with lorenz system
2026-02-12 14:06:41,053 - experiment_ablation_no_chaotic_features - INFO - Setting up experiment components...
2026-02-12 14:06:41,053 - experiment_ablation_no_chaotic_features - INFO - Creating dataloaders...
2026-02-12 14:06:43,077 - experiment_ablation_no_chaotic_features - INFO - Detected 26 speakers in dataset
2026-02-12 14:06:43,077 - experiment_ablation_no_chaotic_features - INFO - Dataloaders created:
2026-02-12 14:06:43,077 - experiment_ablation_no_chaotic_features - INFO -   Train: 14 batches
2026-02-12 14:06:43,077 - experiment_ablation_no_chaotic_features - INFO -   Val: 3 batches
2026-02-12 14:06:43,077 - experiment_ablation_no_chaotic_features - INFO -   Test: 4 batches
2026-02-12 14:06:43,077 - experiment_ablation_no_chaotic_features - INFO - Creating model...
2026-02-12 14:06:43,077 - experiment_ablation_no_chaotic_features - INFO - Using actual num_speakers from dataset: 26
2026-02-12 14:07:49,535 - experiment_ablation_no_chaotic_features - INFO - Total parameters: 500,671
2026-02-12 14:07:49,535 - experiment_ablation_no_chaotic_features - INFO - Trainable parameters: 500,671
2026-02-12 14:07:49,535 - experiment_ablation_no_chaotic_features - INFO - Creating optimizer...
2026-02-12 14:07:49,536 - experiment_ablation_no_chaotic_features - INFO - Optimizer: AdamW
2026-02-12 14:07:49,536 - experiment_ablation_no_chaotic_features - INFO - Creating scheduler...
2026-02-12 14:07:49,536 - experiment_ablation_no_chaotic_features - INFO - Creating criterion...
2026-02-12 14:07:49,536 - experiment_ablation_no_chaotic_features - INFO - Criterion: CrossEntropyLoss
2026-02-12 14:07:49,619 - experiment_ablation_no_chaotic_features - INFO - Configuration saved to: /scratch/project_2003370/yueyao/Model/experiments/configs/Ablation_study/no_chaotic_features/ablation_no_chaotic_features/config.json
2026-02-12 14:07:49,619 - experiment_ablation_no_chaotic_features - INFO - Experiment setup completed
2026-02-12 14:07:49,619 - experiment_ablation_no_chaotic_features - INFO - Starting training for 100 epochs
2026-02-12 14:07:49,785 - experiment_ablation_no_chaotic_features - INFO - 
================================================================================
2026-02-12 14:07:49,786 - experiment_ablation_no_chaotic_features - INFO - COMPREHENSIVE DEBUG - FIRST BATCH
2026-02-12 14:07:49,786 - experiment_ablation_no_chaotic_features - INFO - ================================================================================
2026-02-12 14:07:49,786 - experiment_ablation_no_chaotic_features - INFO - Batch Info:
2026-02-12 14:07:49,786 - experiment_ablation_no_chaotic_features - INFO -   Audio shape: torch.Size([32, 48000])
2026-02-12 14:07:49,786 - experiment_ablation_no_chaotic_features - INFO -   Targets shape: torch.Size([32])
2026-02-12 14:07:49,787 - experiment_ablation_no_chaotic_features - INFO -   Targets (first 8): tensor([18, 24,  5, 21, 17, 17, 21,  7], device='cuda:0')
2026-02-12 14:07:51,200 - experiment_ablation_no_chaotic_features - ERROR - Training failed with error: name 'kwargs' is not defined
2026-02-12 14:19:46,479 - experiment_ablation_no_chaotic_features - INFO - Initialized experiment: ablation_no_chaotic_features
2026-02-12 14:19:46,479 - experiment_ablation_no_chaotic_features - INFO - Device: cuda
2026-02-12 14:19:46,479 - experiment_ablation_no_chaotic_features - INFO - Output directory: /scratch/project_2003370/yueyao/Model/experiments/configs/Ablation_study/no_chaotic_features/ablation_no_chaotic_features
2026-02-12 14:19:46,479 - experiment_ablation_no_chaotic_features - INFO - Initialized chaotic network experiment with lorenz system
2026-02-12 14:19:46,479 - experiment_ablation_no_chaotic_features - INFO - Setting up experiment components...
2026-02-12 14:19:46,479 - experiment_ablation_no_chaotic_features - INFO - Creating dataloaders...
2026-02-12 14:19:46,927 - experiment_ablation_no_chaotic_features - INFO - Detected 26 speakers in dataset
2026-02-12 14:19:46,927 - experiment_ablation_no_chaotic_features - INFO - Dataloaders created:
2026-02-12 14:19:46,927 - experiment_ablation_no_chaotic_features - INFO -   Train: 14 batches
2026-02-12 14:19:46,927 - experiment_ablation_no_chaotic_features - INFO -   Val: 3 batches
2026-02-12 14:19:46,927 - experiment_ablation_no_chaotic_features - INFO -   Test: 4 batches
2026-02-12 14:19:46,927 - experiment_ablation_no_chaotic_features - INFO - Creating model...
2026-02-12 14:19:46,927 - experiment_ablation_no_chaotic_features - INFO - Using actual num_speakers from dataset: 26
2026-02-12 14:20:53,351 - experiment_ablation_no_chaotic_features - INFO - Total parameters: 500,671
2026-02-12 14:20:53,351 - experiment_ablation_no_chaotic_features - INFO - Trainable parameters: 500,671
2026-02-12 14:20:53,351 - experiment_ablation_no_chaotic_features - INFO - Creating optimizer...
2026-02-12 14:20:53,352 - experiment_ablation_no_chaotic_features - INFO - Optimizer: AdamW
2026-02-12 14:20:53,352 - experiment_ablation_no_chaotic_features - INFO - Creating scheduler...
2026-02-12 14:20:53,352 - experiment_ablation_no_chaotic_features - INFO - Creating criterion...
2026-02-12 14:20:53,352 - experiment_ablation_no_chaotic_features - INFO - Criterion: CrossEntropyLoss
2026-02-12 14:20:53,430 - experiment_ablation_no_chaotic_features - INFO - Configuration saved to: /scratch/project_2003370/yueyao/Model/experiments/configs/Ablation_study/no_chaotic_features/ablation_no_chaotic_features/config.json
2026-02-12 14:20:53,430 - experiment_ablation_no_chaotic_features - INFO - Experiment setup completed
2026-02-12 14:20:53,430 - experiment_ablation_no_chaotic_features - INFO - Starting training for 100 epochs
2026-02-12 14:20:53,637 - experiment_ablation_no_chaotic_features - INFO - 
================================================================================
2026-02-12 14:20:53,637 - experiment_ablation_no_chaotic_features - INFO - COMPREHENSIVE DEBUG - FIRST BATCH
2026-02-12 14:20:53,638 - experiment_ablation_no_chaotic_features - INFO - ================================================================================
2026-02-12 14:20:53,638 - experiment_ablation_no_chaotic_features - INFO - Batch Info:
2026-02-12 14:20:53,638 - experiment_ablation_no_chaotic_features - INFO -   Audio shape: torch.Size([32, 48000])
2026-02-12 14:20:53,638 - experiment_ablation_no_chaotic_features - INFO -   Targets shape: torch.Size([32])
2026-02-12 14:20:53,639 - experiment_ablation_no_chaotic_features - INFO -   Targets (first 8): tensor([18, 24,  5, 21, 17, 17, 21,  7], device='cuda:0')
2026-02-12 14:20:53,781 - experiment_ablation_no_chaotic_features - INFO - ================================================================================

2026-02-12 14:20:53,901 - experiment_ablation_no_chaotic_features - INFO - [STABILITY] Initialized LyapunovStabilityLoss
2026-02-12 14:20:53,903 - experiment_ablation_no_chaotic_features - DEBUG - [STABILITY] lyap=0.066, max_norm=14.5, min_std=1.167
2026-02-12 14:20:54,098 - experiment_ablation_no_chaotic_features - INFO - Train Epoch 0: [0/472 (0.0%)]	Loss: 5.672121
2026-02-12 14:20:58,852 - experiment_ablation_no_chaotic_features - INFO - Epoch 0: Train Loss: 5.6252, Train Acc: 0.0714, Val Loss: 6.1556, Val Acc: 0.0449
2026-02-12 14:20:58,923 - experiment_ablation_no_chaotic_features - INFO - Saved new best model at epoch 0
2026-02-12 14:20:59,877 - experiment_ablation_no_chaotic_features - INFO - Train Epoch 1: [0/472 (0.0%)]	Loss: 4.130956
2026-02-12 14:21:04,642 - experiment_ablation_no_chaotic_features - INFO - Epoch 1: Train Loss: 4.0568, Train Acc: 0.1696, Val Loss: 4.9332, Val Acc: 0.0449
2026-02-12 14:21:05,218 - experiment_ablation_no_chaotic_features - INFO - Train Epoch 2: [0/472 (0.0%)]	Loss: 2.819870
2026-02-12 14:21:09,977 - experiment_ablation_no_chaotic_features - INFO - Epoch 2: Train Loss: 2.8645, Train Acc: 0.2656, Val Loss: 6.0002, Val Acc: 0.0449
2026-02-12 14:21:10,545 - experiment_ablation_no_chaotic_features - INFO - Train Epoch 3: [0/472 (0.0%)]	Loss: 2.324511
2026-02-12 14:21:15,298 - experiment_ablation_no_chaotic_features - INFO - Epoch 3: Train Loss: 2.4250, Train Acc: 0.3616, Val Loss: 6.8358, Val Acc: 0.0449
2026-02-12 14:21:15,860 - experiment_ablation_no_chaotic_features - INFO - Train Epoch 4: [0/472 (0.0%)]	Loss: 2.556118
2026-02-12 14:21:20,611 - experiment_ablation_no_chaotic_features - INFO - Epoch 4: Train Loss: 1.8808, Train Acc: 0.4955, Val Loss: 8.4082, Val Acc: 0.0449
2026-02-12 14:21:21,180 - experiment_ablation_no_chaotic_features - INFO - Train Epoch 5: [0/472 (0.0%)]	Loss: 1.773445
2026-02-12 14:21:25,923 - experiment_ablation_no_chaotic_features - INFO - Epoch 5: Train Loss: 1.5696, Train Acc: 0.5402, Val Loss: 5.5078, Val Acc: 0.0449
2026-02-12 14:21:26,492 - experiment_ablation_no_chaotic_features - INFO - Train Epoch 6: [0/472 (0.0%)]	Loss: 1.391764
2026-02-12 14:21:31,205 - experiment_ablation_no_chaotic_features - INFO - Epoch 6: Train Loss: 1.3714, Train Acc: 0.5759, Val Loss: 6.4933, Val Acc: 0.0449
2026-02-12 14:21:31,766 - experiment_ablation_no_chaotic_features - INFO - Train Epoch 7: [0/472 (0.0%)]	Loss: 1.316078
2026-02-12 14:21:32,203 - experiment_ablation_no_chaotic_features - DEBUG - [STABILITY] lyap=0.021, max_norm=42.7, min_std=9.373
2026-02-12 14:21:36,534 - experiment_ablation_no_chaotic_features - INFO - Epoch 7: Train Loss: 1.1756, Train Acc: 0.6585, Val Loss: 4.8434, Val Acc: 0.0899
2026-02-12 14:21:36,613 - experiment_ablation_no_chaotic_features - INFO - Saved new best model at epoch 7
2026-02-12 14:21:37,219 - experiment_ablation_no_chaotic_features - INFO - Train Epoch 8: [0/472 (0.0%)]	Loss: 0.917789
2026-02-12 14:21:41,973 - experiment_ablation_no_chaotic_features - INFO - Epoch 8: Train Loss: 1.0226, Train Acc: 0.6808, Val Loss: 6.6330, Val Acc: 0.0899
2026-02-12 14:21:42,531 - experiment_ablation_no_chaotic_features - INFO - Train Epoch 9: [0/472 (0.0%)]	Loss: 1.051755
2026-02-12 14:21:47,291 - experiment_ablation_no_chaotic_features - INFO - Epoch 9: Train Loss: 1.0022, Train Acc: 0.6987, Val Loss: 4.5999, Val Acc: 0.1124
2026-02-12 14:21:47,368 - experiment_ablation_no_chaotic_features - INFO - Saved new best model at epoch 9
2026-02-12 14:21:47,985 - experiment_ablation_no_chaotic_features - INFO - Train Epoch 10: [0/472 (0.0%)]	Loss: 0.838695
2026-02-12 14:21:52,754 - experiment_ablation_no_chaotic_features - INFO - Epoch 10: Train Loss: 0.8398, Train Acc: 0.7589, Val Loss: 5.7866, Val Acc: 0.0449
2026-02-12 14:21:53,393 - experiment_ablation_no_chaotic_features - INFO - Train Epoch 11: [0/472 (0.0%)]	Loss: 0.591599
2026-02-12 14:21:58,147 - experiment_ablation_no_chaotic_features - INFO - Epoch 11: Train Loss: 0.6770, Train Acc: 0.7790, Val Loss: 5.6668, Val Acc: 0.0449
2026-02-12 14:21:58,715 - experiment_ablation_no_chaotic_features - INFO - Train Epoch 12: [0/472 (0.0%)]	Loss: 0.408137
2026-02-12 14:22:03,464 - experiment_ablation_no_chaotic_features - INFO - Epoch 12: Train Loss: 0.5923, Train Acc: 0.8013, Val Loss: 4.7177, Val Acc: 0.0449
2026-02-12 14:22:04,027 - experiment_ablation_no_chaotic_features - INFO - Train Epoch 13: [0/472 (0.0%)]	Loss: 0.620444
2026-02-12 14:22:08,786 - experiment_ablation_no_chaotic_features - INFO - Epoch 13: Train Loss: 0.6233, Train Acc: 0.7991, Val Loss: 5.0341, Val Acc: 0.0449
2026-02-12 14:22:09,348 - experiment_ablation_no_chaotic_features - INFO - Train Epoch 14: [0/472 (0.0%)]	Loss: 0.316396
2026-02-12 14:22:10,424 - experiment_ablation_no_chaotic_features - DEBUG - [STABILITY] lyap=0.025, max_norm=34.5, min_std=7.244
2026-02-12 14:22:14,107 - experiment_ablation_no_chaotic_features - INFO - Epoch 14: Train Loss: 0.4663, Train Acc: 0.8460, Val Loss: 7.0840, Val Acc: 0.0449
2026-02-12 14:22:14,666 - experiment_ablation_no_chaotic_features - INFO - Train Epoch 15: [0/472 (0.0%)]	Loss: 0.519767
2026-02-12 14:22:19,423 - experiment_ablation_no_chaotic_features - INFO - Epoch 15: Train Loss: 0.5493, Train Acc: 0.8415, Val Loss: 6.3688, Val Acc: 0.0562
2026-02-12 14:22:19,992 - experiment_ablation_no_chaotic_features - INFO - Train Epoch 16: [0/472 (0.0%)]	Loss: 0.509113
2026-02-12 14:22:24,749 - experiment_ablation_no_chaotic_features - INFO - Epoch 16: Train Loss: 0.4505, Train Acc: 0.8616, Val Loss: 6.0811, Val Acc: 0.0674
2026-02-12 14:22:25,310 - experiment_ablation_no_chaotic_features - INFO - Train Epoch 17: [0/472 (0.0%)]	Loss: 0.820083
2026-02-12 14:22:30,004 - experiment_ablation_no_chaotic_features - INFO - Epoch 17: Train Loss: 0.4400, Train Acc: 0.8549, Val Loss: 5.9323, Val Acc: 0.1236
2026-02-12 14:22:30,081 - experiment_ablation_no_chaotic_features - INFO - Saved new best model at epoch 17
2026-02-12 14:22:30,670 - experiment_ablation_no_chaotic_features - INFO - Train Epoch 18: [0/472 (0.0%)]	Loss: 0.535988
2026-02-12 14:22:35,384 - experiment_ablation_no_chaotic_features - INFO - Epoch 18: Train Loss: 0.4026, Train Acc: 0.8504, Val Loss: 5.3610, Val Acc: 0.1348
2026-02-12 14:22:35,462 - experiment_ablation_no_chaotic_features - INFO - Saved new best model at epoch 18
2026-02-12 14:22:36,064 - experiment_ablation_no_chaotic_features - INFO - Train Epoch 19: [0/472 (0.0%)]	Loss: 0.643196
2026-02-12 14:22:40,834 - experiment_ablation_no_chaotic_features - INFO - Epoch 19: Train Loss: 0.3982, Train Acc: 0.8750, Val Loss: 8.0674, Val Acc: 0.0449
2026-02-12 14:22:41,402 - experiment_ablation_no_chaotic_features - INFO - Train Epoch 20: [0/472 (0.0%)]	Loss: 0.669310
2026-02-12 14:22:46,158 - experiment_ablation_no_chaotic_features - INFO - Epoch 20: Train Loss: 0.3046, Train Acc: 0.9062, Val Loss: 4.9716, Val Acc: 0.2022
2026-02-12 14:22:46,233 - experiment_ablation_no_chaotic_features - INFO - Saved new best model at epoch 20
2026-02-12 14:22:46,910 - experiment_ablation_no_chaotic_features - INFO - Train Epoch 21: [0/472 (0.0%)]	Loss: 0.167859
2026-02-12 14:22:48,611 - experiment_ablation_no_chaotic_features - DEBUG - [STABILITY] lyap=0.025, max_norm=35.0, min_std=7.450
2026-02-12 14:22:51,675 - experiment_ablation_no_chaotic_features - INFO - Epoch 21: Train Loss: 0.3174, Train Acc: 0.8996, Val Loss: 7.3447, Val Acc: 0.0899
2026-02-12 14:22:52,239 - experiment_ablation_no_chaotic_features - INFO - Train Epoch 22: [0/472 (0.0%)]	Loss: 0.147297
2026-02-12 14:22:57,005 - experiment_ablation_no_chaotic_features - INFO - Epoch 22: Train Loss: 0.3102, Train Acc: 0.8973, Val Loss: 5.4246, Val Acc: 0.0787
2026-02-12 14:22:57,569 - experiment_ablation_no_chaotic_features - INFO - Train Epoch 23: [0/472 (0.0%)]	Loss: 0.214655
2026-02-12 14:23:02,333 - experiment_ablation_no_chaotic_features - INFO - Epoch 23: Train Loss: 0.2728, Train Acc: 0.9107, Val Loss: 7.0505, Val Acc: 0.0899
2026-02-12 14:23:02,890 - experiment_ablation_no_chaotic_features - INFO - Train Epoch 24: [0/472 (0.0%)]	Loss: 0.347758
2026-02-12 14:23:07,646 - experiment_ablation_no_chaotic_features - INFO - Epoch 24: Train Loss: 0.2921, Train Acc: 0.9062, Val Loss: 8.0967, Val Acc: 0.0449
2026-02-12 14:23:08,211 - experiment_ablation_no_chaotic_features - INFO - Train Epoch 25: [0/472 (0.0%)]	Loss: 0.174403
2026-02-12 14:23:12,959 - experiment_ablation_no_chaotic_features - INFO - Epoch 25: Train Loss: 0.3113, Train Acc: 0.9062, Val Loss: 6.4170, Val Acc: 0.0562
2026-02-12 14:23:13,532 - experiment_ablation_no_chaotic_features - INFO - Train Epoch 26: [0/472 (0.0%)]	Loss: 0.289475
2026-02-12 14:23:18,276 - experiment_ablation_no_chaotic_features - INFO - Epoch 26: Train Loss: 0.2084, Train Acc: 0.9375, Val Loss: 8.3777, Val Acc: 0.0449
2026-02-12 14:23:18,843 - experiment_ablation_no_chaotic_features - INFO - Train Epoch 27: [0/472 (0.0%)]	Loss: 0.325904
2026-02-12 14:23:23,608 - experiment_ablation_no_chaotic_features - INFO - Epoch 27: Train Loss: 0.2383, Train Acc: 0.9330, Val Loss: 8.3556, Val Acc: 0.0449
2026-02-12 14:23:24,171 - experiment_ablation_no_chaotic_features - INFO - Train Epoch 28: [0/472 (0.0%)]	Loss: 0.173470
2026-02-12 14:23:26,513 - experiment_ablation_no_chaotic_features - DEBUG - [STABILITY] lyap=0.026, max_norm=30.2, min_std=6.208
2026-02-12 14:23:28,934 - experiment_ablation_no_chaotic_features - INFO - Epoch 28: Train Loss: 0.1782, Train Acc: 0.9375, Val Loss: 6.9912, Val Acc: 0.0674
2026-02-12 14:23:29,490 - experiment_ablation_no_chaotic_features - INFO - Train Epoch 29: [0/472 (0.0%)]	Loss: 0.219477
2026-02-12 14:23:34,242 - experiment_ablation_no_chaotic_features - INFO - Epoch 29: Train Loss: 0.2079, Train Acc: 0.9353, Val Loss: 7.0396, Val Acc: 0.0899
2026-02-12 14:23:34,804 - experiment_ablation_no_chaotic_features - INFO - Train Epoch 30: [0/472 (0.0%)]	Loss: 0.239975
2026-02-12 14:23:39,550 - experiment_ablation_no_chaotic_features - INFO - Epoch 30: Train Loss: 0.2054, Train Acc: 0.9375, Val Loss: 5.3439, Val Acc: 0.1011
2026-02-12 14:23:40,193 - experiment_ablation_no_chaotic_features - INFO - Train Epoch 31: [0/472 (0.0%)]	Loss: 0.106795
2026-02-12 14:23:44,955 - experiment_ablation_no_chaotic_features - INFO - Epoch 31: Train Loss: 0.2017, Train Acc: 0.9330, Val Loss: 8.7555, Val Acc: 0.0449
2026-02-12 14:23:45,530 - experiment_ablation_no_chaotic_features - INFO - Train Epoch 32: [0/472 (0.0%)]	Loss: 0.370170
2026-02-12 14:23:50,299 - experiment_ablation_no_chaotic_features - INFO - Epoch 32: Train Loss: 0.1854, Train Acc: 0.9464, Val Loss: 5.6179, Val Acc: 0.1348
2026-02-12 14:23:50,853 - experiment_ablation_no_chaotic_features - INFO - Train Epoch 33: [0/472 (0.0%)]	Loss: 0.106414
2026-02-12 14:23:55,608 - experiment_ablation_no_chaotic_features - INFO - Epoch 33: Train Loss: 0.1895, Train Acc: 0.9509, Val Loss: 6.1595, Val Acc: 0.1236
2026-02-12 14:23:56,166 - experiment_ablation_no_chaotic_features - INFO - Train Epoch 34: [0/472 (0.0%)]	Loss: 0.312022
2026-02-12 14:24:00,905 - experiment_ablation_no_chaotic_features - INFO - Epoch 34: Train Loss: 0.2070, Train Acc: 0.9308, Val Loss: 4.5373, Val Acc: 0.2584
2026-02-12 14:24:00,976 - experiment_ablation_no_chaotic_features - INFO - Saved new best model at epoch 34
2026-02-12 14:24:01,573 - experiment_ablation_no_chaotic_features - INFO - Train Epoch 35: [0/472 (0.0%)]	Loss: 0.138061
2026-02-12 14:24:04,541 - experiment_ablation_no_chaotic_features - DEBUG - [STABILITY] lyap=0.028, max_norm=26.4, min_std=5.234
2026-02-12 14:24:06,346 - experiment_ablation_no_chaotic_features - INFO - Epoch 35: Train Loss: 0.2161, Train Acc: 0.9263, Val Loss: 4.4080, Val Acc: 0.1461
2026-02-12 14:24:06,919 - experiment_ablation_no_chaotic_features - INFO - Train Epoch 36: [0/472 (0.0%)]	Loss: 0.068174
2026-02-12 14:24:11,664 - experiment_ablation_no_chaotic_features - INFO - Epoch 36: Train Loss: 0.1560, Train Acc: 0.9576, Val Loss: 4.6438, Val Acc: 0.1236
2026-02-12 14:24:12,240 - experiment_ablation_no_chaotic_features - INFO - Train Epoch 37: [0/472 (0.0%)]	Loss: 0.203055
2026-02-12 14:24:17,002 - experiment_ablation_no_chaotic_features - INFO - Epoch 37: Train Loss: 0.1574, Train Acc: 0.9576, Val Loss: 5.7734, Val Acc: 0.1348
2026-02-12 14:24:17,564 - experiment_ablation_no_chaotic_features - INFO - Train Epoch 38: [0/472 (0.0%)]	Loss: 0.043191
2026-02-12 14:24:22,310 - experiment_ablation_no_chaotic_features - INFO - Epoch 38: Train Loss: 0.1526, Train Acc: 0.9487, Val Loss: 9.5309, Val Acc: 0.0449
2026-02-12 14:24:22,867 - experiment_ablation_no_chaotic_features - INFO - Train Epoch 39: [0/472 (0.0%)]	Loss: 0.043870
2026-02-12 14:24:27,576 - experiment_ablation_no_chaotic_features - INFO - Epoch 39: Train Loss: 0.1486, Train Acc: 0.9509, Val Loss: 8.6471, Val Acc: 0.0449
2026-02-12 14:24:28,140 - experiment_ablation_no_chaotic_features - INFO - Train Epoch 40: [0/472 (0.0%)]	Loss: 0.077290
2026-02-12 14:24:32,903 - experiment_ablation_no_chaotic_features - INFO - Epoch 40: Train Loss: 0.1351, Train Acc: 0.9621, Val Loss: 6.1304, Val Acc: 0.1685
2026-02-12 14:24:33,541 - experiment_ablation_no_chaotic_features - INFO - Train Epoch 41: [0/472 (0.0%)]	Loss: 0.038077
2026-02-12 14:24:38,515 - experiment_ablation_no_chaotic_features - INFO - Epoch 41: Train Loss: 0.1311, Train Acc: 0.9621, Val Loss: 7.2752, Val Acc: 0.0674
2026-02-12 14:24:39,072 - experiment_ablation_no_chaotic_features - INFO - Train Epoch 42: [0/472 (0.0%)]	Loss: 0.288049
2026-02-12 14:24:42,672 - experiment_ablation_no_chaotic_features - DEBUG - [STABILITY] lyap=0.028, max_norm=26.5, min_std=5.250
2026-02-12 14:24:43,827 - experiment_ablation_no_chaotic_features - INFO - Epoch 42: Train Loss: 0.1424, Train Acc: 0.9576, Val Loss: 5.5424, Val Acc: 0.1461
2026-02-12 14:24:44,390 - experiment_ablation_no_chaotic_features - INFO - Train Epoch 43: [0/472 (0.0%)]	Loss: 0.117245
2026-02-12 14:24:49,172 - experiment_ablation_no_chaotic_features - INFO - Epoch 43: Train Loss: 0.1779, Train Acc: 0.9487, Val Loss: 7.9320, Val Acc: 0.0899
2026-02-12 14:24:49,742 - experiment_ablation_no_chaotic_features - INFO - Train Epoch 44: [0/472 (0.0%)]	Loss: 0.490072
2026-02-12 14:24:54,507 - experiment_ablation_no_chaotic_features - INFO - Epoch 44: Train Loss: 0.1356, Train Acc: 0.9710, Val Loss: 6.6217, Val Acc: 0.1236
2026-02-12 14:24:55,104 - experiment_ablation_no_chaotic_features - INFO - Train Epoch 45: [0/472 (0.0%)]	Loss: 0.240282
2026-02-12 14:24:59,949 - experiment_ablation_no_chaotic_features - INFO - Epoch 45: Train Loss: 0.1171, Train Acc: 0.9621, Val Loss: 7.7737, Val Acc: 0.0899
2026-02-12 14:25:00,527 - experiment_ablation_no_chaotic_features - INFO - Train Epoch 46: [0/472 (0.0%)]	Loss: 0.029435
2026-02-12 14:25:05,410 - experiment_ablation_no_chaotic_features - INFO - Epoch 46: Train Loss: 0.1205, Train Acc: 0.9598, Val Loss: 8.0700, Val Acc: 0.0449
2026-02-12 14:25:06,097 - experiment_ablation_no_chaotic_features - INFO - Train Epoch 47: [0/472 (0.0%)]	Loss: 0.522592
2026-02-12 14:25:10,971 - experiment_ablation_no_chaotic_features - INFO - Epoch 47: Train Loss: 0.1450, Train Acc: 0.9621, Val Loss: 7.0641, Val Acc: 0.0787
2026-02-12 14:25:11,699 - experiment_ablation_no_chaotic_features - INFO - Train Epoch 48: [0/472 (0.0%)]	Loss: 0.021089
2026-02-12 14:25:16,615 - experiment_ablation_no_chaotic_features - INFO - Epoch 48: Train Loss: 0.1197, Train Acc: 0.9688, Val Loss: 6.7976, Val Acc: 0.0449
2026-02-12 14:25:17,276 - experiment_ablation_no_chaotic_features - INFO - Train Epoch 49: [0/472 (0.0%)]	Loss: 0.088863
2026-02-12 14:25:22,189 - experiment_ablation_no_chaotic_features - INFO - Epoch 49: Train Loss: 0.0741, Train Acc: 0.9799, Val Loss: 5.2116, Val Acc: 0.2022
2026-02-12 14:25:22,649 - experiment_ablation_no_chaotic_features - DEBUG - [STABILITY] lyap=0.028, max_norm=27.1, min_std=5.390
2026-02-12 14:25:22,843 - experiment_ablation_no_chaotic_features - INFO - Train Epoch 50: [0/472 (0.0%)]	Loss: 0.041464
2026-02-12 14:25:27,839 - experiment_ablation_no_chaotic_features - INFO - Epoch 50: Train Loss: 0.0879, Train Acc: 0.9732, Val Loss: 7.7723, Val Acc: 0.0674
2026-02-12 14:25:28,649 - experiment_ablation_no_chaotic_features - INFO - Train Epoch 51: [0/472 (0.0%)]	Loss: 0.191292
2026-02-12 14:25:33,476 - experiment_ablation_no_chaotic_features - INFO - Epoch 51: Train Loss: 0.1297, Train Acc: 0.9531, Val Loss: 7.0973, Val Acc: 0.0899
2026-02-12 14:25:34,059 - experiment_ablation_no_chaotic_features - INFO - Train Epoch 52: [0/472 (0.0%)]	Loss: 0.210949
2026-02-12 14:25:39,002 - experiment_ablation_no_chaotic_features - INFO - Epoch 52: Train Loss: 0.1228, Train Acc: 0.9621, Val Loss: 4.3625, Val Acc: 0.2584
2026-02-12 14:25:39,666 - experiment_ablation_no_chaotic_features - INFO - Train Epoch 53: [0/472 (0.0%)]	Loss: 0.017441
2026-02-12 14:25:44,698 - experiment_ablation_no_chaotic_features - INFO - Epoch 53: Train Loss: 0.0805, Train Acc: 0.9844, Val Loss: 6.9011, Val Acc: 0.1348
2026-02-12 14:25:45,416 - experiment_ablation_no_chaotic_features - INFO - Train Epoch 54: [0/472 (0.0%)]	Loss: 0.119405
2026-02-12 14:25:50,317 - experiment_ablation_no_chaotic_features - INFO - Epoch 54: Train Loss: 0.0983, Train Acc: 0.9732, Val Loss: 5.5646, Val Acc: 0.1461
2026-02-12 14:25:51,037 - experiment_ablation_no_chaotic_features - INFO - Train Epoch 55: [0/472 (0.0%)]	Loss: 0.028580
2026-02-12 14:25:55,911 - experiment_ablation_no_chaotic_features - INFO - Epoch 55: Train Loss: 0.1122, Train Acc: 0.9665, Val Loss: 9.6996, Val Acc: 0.0449
2026-02-12 14:25:56,614 - experiment_ablation_no_chaotic_features - INFO - Train Epoch 56: [0/472 (0.0%)]	Loss: 0.119627
2026-02-12 14:26:01,601 - experiment_ablation_no_chaotic_features - INFO - Epoch 56: Train Loss: 0.1150, Train Acc: 0.9598, Val Loss: 7.0564, Val Acc: 0.0899
2026-02-12 14:26:02,245 - experiment_ablation_no_chaotic_features - INFO - Train Epoch 57: [0/472 (0.0%)]	Loss: 0.098939
2026-02-12 14:26:02,703 - experiment_ablation_no_chaotic_features - DEBUG - [STABILITY] lyap=0.028, max_norm=26.3, min_std=5.202
2026-02-12 14:26:07,242 - experiment_ablation_no_chaotic_features - INFO - Epoch 57: Train Loss: 0.1130, Train Acc: 0.9598, Val Loss: 7.9882, Val Acc: 0.0899
2026-02-12 14:26:07,963 - experiment_ablation_no_chaotic_features - INFO - Train Epoch 58: [0/472 (0.0%)]	Loss: 0.021347
2026-02-12 14:26:12,732 - experiment_ablation_no_chaotic_features - INFO - Epoch 58: Train Loss: 0.0793, Train Acc: 0.9844, Val Loss: 7.2515, Val Acc: 0.1124
2026-02-12 14:26:13,295 - experiment_ablation_no_chaotic_features - INFO - Train Epoch 59: [0/472 (0.0%)]	Loss: 0.106150
2026-02-12 14:26:18,229 - experiment_ablation_no_chaotic_features - INFO - Epoch 59: Train Loss: 0.1673, Train Acc: 0.9554, Val Loss: 9.0669, Val Acc: 0.0449
2026-02-12 14:26:18,895 - experiment_ablation_no_chaotic_features - INFO - Train Epoch 60: [0/472 (0.0%)]	Loss: 0.026715
2026-02-12 14:26:23,765 - experiment_ablation_no_chaotic_features - INFO - Epoch 60: Train Loss: 0.0500, Train Acc: 0.9888, Val Loss: 5.8936, Val Acc: 0.1236
2026-02-12 14:26:24,452 - experiment_ablation_no_chaotic_features - INFO - Train Epoch 61: [0/472 (0.0%)]	Loss: 0.050178
2026-02-12 14:26:29,327 - experiment_ablation_no_chaotic_features - INFO - Epoch 61: Train Loss: 0.0651, Train Acc: 0.9821, Val Loss: 9.0196, Val Acc: 0.0449
2026-02-12 14:26:30,045 - experiment_ablation_no_chaotic_features - INFO - Train Epoch 62: [0/472 (0.0%)]	Loss: 0.022548
2026-02-12 14:26:34,914 - experiment_ablation_no_chaotic_features - INFO - Epoch 62: Train Loss: 0.0638, Train Acc: 0.9844, Val Loss: 7.5960, Val Acc: 0.1011
2026-02-12 14:26:35,584 - experiment_ablation_no_chaotic_features - INFO - Train Epoch 63: [0/472 (0.0%)]	Loss: 0.123739
2026-02-12 14:26:40,540 - experiment_ablation_no_chaotic_features - INFO - Epoch 63: Train Loss: 0.0700, Train Acc: 0.9754, Val Loss: 5.0292, Val Acc: 0.2135
2026-02-12 14:26:41,229 - experiment_ablation_no_chaotic_features - INFO - Train Epoch 64: [0/472 (0.0%)]	Loss: 0.150535
2026-02-12 14:26:42,334 - experiment_ablation_no_chaotic_features - DEBUG - [STABILITY] lyap=0.028, max_norm=26.7, min_std=5.272
2026-02-12 14:26:46,172 - experiment_ablation_no_chaotic_features - INFO - Epoch 64: Train Loss: 0.0745, Train Acc: 0.9710, Val Loss: 6.2999, Val Acc: 0.1124
2026-02-12 14:26:46,908 - experiment_ablation_no_chaotic_features - INFO - Train Epoch 65: [0/472 (0.0%)]	Loss: 0.034729
2026-02-12 14:26:51,957 - experiment_ablation_no_chaotic_features - INFO - Epoch 65: Train Loss: 0.0836, Train Acc: 0.9732, Val Loss: 8.3808, Val Acc: 0.0225
2026-02-12 14:26:52,579 - experiment_ablation_no_chaotic_features - INFO - Train Epoch 66: [0/472 (0.0%)]	Loss: 0.170732
2026-02-12 14:26:57,550 - experiment_ablation_no_chaotic_features - INFO - Epoch 66: Train Loss: 0.1106, Train Acc: 0.9710, Val Loss: 6.3393, Val Acc: 0.1461
2026-02-12 14:26:58,208 - experiment_ablation_no_chaotic_features - INFO - Train Epoch 67: [0/472 (0.0%)]	Loss: 0.063106
2026-02-12 14:27:03,066 - experiment_ablation_no_chaotic_features - INFO - Epoch 67: Train Loss: 0.0719, Train Acc: 0.9754, Val Loss: 8.8539, Val Acc: 0.0899
2026-02-12 14:27:03,792 - experiment_ablation_no_chaotic_features - INFO - Train Epoch 68: [0/472 (0.0%)]	Loss: 0.037090
2026-02-12 14:27:08,748 - experiment_ablation_no_chaotic_features - INFO - Epoch 68: Train Loss: 0.0802, Train Acc: 0.9754, Val Loss: 5.1462, Val Acc: 0.1685
2026-02-12 14:27:09,455 - experiment_ablation_no_chaotic_features - INFO - Train Epoch 69: [0/472 (0.0%)]	Loss: 0.026993
2026-02-12 14:27:14,279 - experiment_ablation_no_chaotic_features - INFO - Epoch 69: Train Loss: 0.0933, Train Acc: 0.9688, Val Loss: 6.9799, Val Acc: 0.1011
2026-02-12 14:27:14,939 - experiment_ablation_no_chaotic_features - INFO - Train Epoch 70: [0/472 (0.0%)]	Loss: 0.040200
2026-02-12 14:27:19,781 - experiment_ablation_no_chaotic_features - INFO - Epoch 70: Train Loss: 0.0514, Train Acc: 0.9844, Val Loss: 7.0342, Val Acc: 0.1573
2026-02-12 14:27:20,596 - experiment_ablation_no_chaotic_features - INFO - Train Epoch 71: [0/472 (0.0%)]	Loss: 0.023679
2026-02-12 14:27:22,338 - experiment_ablation_no_chaotic_features - DEBUG - [STABILITY] lyap=0.028, max_norm=26.9, min_std=5.334
2026-02-12 14:27:25,565 - experiment_ablation_no_chaotic_features - INFO - Epoch 71: Train Loss: 0.0646, Train Acc: 0.9844, Val Loss: 6.9229, Val Acc: 0.1236
2026-02-12 14:27:26,224 - experiment_ablation_no_chaotic_features - INFO - Train Epoch 72: [0/472 (0.0%)]	Loss: 0.017801
2026-02-12 14:27:31,071 - experiment_ablation_no_chaotic_features - INFO - Epoch 72: Train Loss: 0.0709, Train Acc: 0.9688, Val Loss: 8.4053, Val Acc: 0.0674
2026-02-12 14:27:31,763 - experiment_ablation_no_chaotic_features - INFO - Train Epoch 73: [0/472 (0.0%)]	Loss: 0.053735
2026-02-12 14:27:36,701 - experiment_ablation_no_chaotic_features - INFO - Epoch 73: Train Loss: 0.0959, Train Acc: 0.9777, Val Loss: 5.5908, Val Acc: 0.1910
2026-02-12 14:27:37,378 - experiment_ablation_no_chaotic_features - INFO - Train Epoch 74: [0/472 (0.0%)]	Loss: 0.048873
2026-02-12 14:27:42,261 - experiment_ablation_no_chaotic_features - INFO - Epoch 74: Train Loss: 0.0682, Train Acc: 0.9844, Val Loss: 5.6085, Val Acc: 0.1573
2026-02-12 14:27:42,988 - experiment_ablation_no_chaotic_features - INFO - Train Epoch 75: [0/472 (0.0%)]	Loss: 0.176257
2026-02-12 14:27:47,970 - experiment_ablation_no_chaotic_features - INFO - Epoch 75: Train Loss: 0.0537, Train Acc: 0.9799, Val Loss: 8.2039, Val Acc: 0.0449
2026-02-12 14:27:48,659 - experiment_ablation_no_chaotic_features - INFO - Train Epoch 76: [0/472 (0.0%)]	Loss: 0.015272
2026-02-12 14:27:53,395 - experiment_ablation_no_chaotic_features - INFO - Epoch 76: Train Loss: 0.0810, Train Acc: 0.9821, Val Loss: 8.1263, Val Acc: 0.1011
2026-02-12 14:27:53,998 - experiment_ablation_no_chaotic_features - INFO - Train Epoch 77: [0/472 (0.0%)]	Loss: 0.053254
2026-02-12 14:27:58,948 - experiment_ablation_no_chaotic_features - INFO - Epoch 77: Train Loss: 0.0906, Train Acc: 0.9710, Val Loss: 6.7245, Val Acc: 0.1348
2026-02-12 14:27:59,627 - experiment_ablation_no_chaotic_features - INFO - Train Epoch 78: [0/472 (0.0%)]	Loss: 0.077088
2026-02-12 14:28:01,957 - experiment_ablation_no_chaotic_features - DEBUG - [STABILITY] lyap=0.028, max_norm=27.5, min_std=5.469
2026-02-12 14:28:04,513 - experiment_ablation_no_chaotic_features - INFO - Epoch 78: Train Loss: 0.0453, Train Acc: 0.9888, Val Loss: 9.3764, Val Acc: 0.0449
2026-02-12 14:28:05,211 - experiment_ablation_no_chaotic_features - INFO - Train Epoch 79: [0/472 (0.0%)]	Loss: 0.032698
2026-02-12 14:28:10,268 - experiment_ablation_no_chaotic_features - INFO - Epoch 79: Train Loss: 0.0670, Train Acc: 0.9821, Val Loss: 9.8420, Val Acc: 0.0449
2026-02-12 14:28:10,940 - experiment_ablation_no_chaotic_features - INFO - Train Epoch 80: [0/472 (0.0%)]	Loss: 0.037528
2026-02-12 14:28:15,788 - experiment_ablation_no_chaotic_features - INFO - Epoch 80: Train Loss: 0.0737, Train Acc: 0.9799, Val Loss: 7.3865, Val Acc: 0.1348
2026-02-12 14:28:16,499 - experiment_ablation_no_chaotic_features - INFO - Train Epoch 81: [0/472 (0.0%)]	Loss: 0.057498
2026-02-12 14:28:21,453 - experiment_ablation_no_chaotic_features - INFO - Epoch 81: Train Loss: 0.0985, Train Acc: 0.9665, Val Loss: 7.3143, Val Acc: 0.1461
2026-02-12 14:28:22,067 - experiment_ablation_no_chaotic_features - INFO - Train Epoch 82: [0/472 (0.0%)]	Loss: 0.033321
2026-02-12 14:28:26,933 - experiment_ablation_no_chaotic_features - INFO - Epoch 82: Train Loss: 0.0500, Train Acc: 0.9866, Val Loss: 7.9433, Val Acc: 0.0899
2026-02-12 14:28:27,575 - experiment_ablation_no_chaotic_features - INFO - Train Epoch 83: [0/472 (0.0%)]	Loss: 0.166324
2026-02-12 14:28:32,335 - experiment_ablation_no_chaotic_features - INFO - Epoch 83: Train Loss: 0.0770, Train Acc: 0.9844, Val Loss: 6.8958, Val Acc: 0.1124
2026-02-12 14:28:32,887 - experiment_ablation_no_chaotic_features - INFO - Train Epoch 84: [0/472 (0.0%)]	Loss: 0.031085
2026-02-12 14:28:37,777 - experiment_ablation_no_chaotic_features - INFO - Epoch 84: Train Loss: 0.0485, Train Acc: 0.9866, Val Loss: 5.4589, Val Acc: 0.1573
2026-02-12 14:28:38,500 - experiment_ablation_no_chaotic_features - INFO - Train Epoch 85: [0/472 (0.0%)]	Loss: 0.010685
2026-02-12 14:28:41,569 - experiment_ablation_no_chaotic_features - DEBUG - [STABILITY] lyap=0.028, max_norm=25.6, min_std=5.014
2026-02-12 14:28:43,552 - experiment_ablation_no_chaotic_features - INFO - Epoch 85: Train Loss: 0.0797, Train Acc: 0.9799, Val Loss: 7.8897, Val Acc: 0.0899
2026-02-12 14:28:44,202 - experiment_ablation_no_chaotic_features - INFO - Train Epoch 86: [0/472 (0.0%)]	Loss: 0.248472
2026-02-12 14:28:49,123 - experiment_ablation_no_chaotic_features - INFO - Epoch 86: Train Loss: 0.1017, Train Acc: 0.9777, Val Loss: 9.5920, Val Acc: 0.0449
2026-02-12 14:28:49,822 - experiment_ablation_no_chaotic_features - INFO - Train Epoch 87: [0/472 (0.0%)]	Loss: 0.129306
2026-02-12 14:28:54,727 - experiment_ablation_no_chaotic_features - INFO - Epoch 87: Train Loss: 0.0920, Train Acc: 0.9688, Val Loss: 6.3244, Val Acc: 0.2022
2026-02-12 14:28:55,387 - experiment_ablation_no_chaotic_features - INFO - Train Epoch 88: [0/472 (0.0%)]	Loss: 0.024928
2026-02-12 14:29:00,187 - experiment_ablation_no_chaotic_features - INFO - Epoch 88: Train Loss: 0.0817, Train Acc: 0.9777, Val Loss: 5.9838, Val Acc: 0.3258
2026-02-12 14:29:00,276 - experiment_ablation_no_chaotic_features - INFO - Saved new best model at epoch 88
2026-02-12 14:29:01,030 - experiment_ablation_no_chaotic_features - INFO - Train Epoch 89: [0/472 (0.0%)]	Loss: 0.178871
2026-02-12 14:29:05,992 - experiment_ablation_no_chaotic_features - INFO - Epoch 89: Train Loss: 0.0866, Train Acc: 0.9710, Val Loss: 4.9470, Val Acc: 0.2247
2026-02-12 14:29:06,679 - experiment_ablation_no_chaotic_features - INFO - Train Epoch 90: [0/472 (0.0%)]	Loss: 0.014790
2026-02-12 14:29:11,455 - experiment_ablation_no_chaotic_features - INFO - Epoch 90: Train Loss: 0.0850, Train Acc: 0.9777, Val Loss: 8.3161, Val Acc: 0.0449
2026-02-12 14:29:12,089 - experiment_ablation_no_chaotic_features - INFO - Train Epoch 91: [0/472 (0.0%)]	Loss: 0.023688
2026-02-12 14:29:16,957 - experiment_ablation_no_chaotic_features - INFO - Epoch 91: Train Loss: 0.0743, Train Acc: 0.9777, Val Loss: 7.1707, Val Acc: 0.1573
2026-02-12 14:29:17,680 - experiment_ablation_no_chaotic_features - INFO - Train Epoch 92: [0/472 (0.0%)]	Loss: 0.060993
2026-02-12 14:29:21,351 - experiment_ablation_no_chaotic_features - DEBUG - [STABILITY] lyap=0.028, max_norm=25.4, min_std=4.969
2026-02-12 14:29:22,677 - experiment_ablation_no_chaotic_features - INFO - Epoch 92: Train Loss: 0.0435, Train Acc: 0.9911, Val Loss: 5.3656, Val Acc: 0.2809
2026-02-12 14:29:23,372 - experiment_ablation_no_chaotic_features - INFO - Train Epoch 93: [0/472 (0.0%)]	Loss: 0.052551
2026-02-12 14:29:28,298 - experiment_ablation_no_chaotic_features - INFO - Epoch 93: Train Loss: 0.0284, Train Acc: 0.9911, Val Loss: 4.8442, Val Acc: 0.1685
2026-02-12 14:29:28,916 - experiment_ablation_no_chaotic_features - INFO - Train Epoch 94: [0/472 (0.0%)]	Loss: 0.009979
2026-02-12 14:29:33,769 - experiment_ablation_no_chaotic_features - INFO - Epoch 94: Train Loss: 0.0255, Train Acc: 0.9933, Val Loss: 9.0363, Val Acc: 0.0562
2026-02-12 14:29:34,405 - experiment_ablation_no_chaotic_features - INFO - Train Epoch 95: [0/472 (0.0%)]	Loss: 0.011792
2026-02-12 14:29:39,319 - experiment_ablation_no_chaotic_features - INFO - Epoch 95: Train Loss: 0.0340, Train Acc: 0.9911, Val Loss: 7.4941, Val Acc: 0.1348
2026-02-12 14:29:39,951 - experiment_ablation_no_chaotic_features - INFO - Train Epoch 96: [0/472 (0.0%)]	Loss: 0.034843
2026-02-12 14:29:44,840 - experiment_ablation_no_chaotic_features - INFO - Epoch 96: Train Loss: 0.0555, Train Acc: 0.9821, Val Loss: 7.8725, Val Acc: 0.0899
2026-02-12 14:29:45,433 - experiment_ablation_no_chaotic_features - INFO - Train Epoch 97: [0/472 (0.0%)]	Loss: 0.053533
2026-02-12 14:29:50,342 - experiment_ablation_no_chaotic_features - INFO - Epoch 97: Train Loss: 0.0420, Train Acc: 0.9888, Val Loss: 7.7807, Val Acc: 0.0674
2026-02-12 14:29:50,967 - experiment_ablation_no_chaotic_features - INFO - Train Epoch 98: [0/472 (0.0%)]	Loss: 0.142715
2026-02-12 14:29:55,753 - experiment_ablation_no_chaotic_features - INFO - Epoch 98: Train Loss: 0.0877, Train Acc: 0.9710, Val Loss: 6.5749, Val Acc: 0.1348
2026-02-12 14:29:56,324 - experiment_ablation_no_chaotic_features - INFO - Train Epoch 99: [0/472 (0.0%)]	Loss: 0.022694
2026-02-12 14:30:01,107 - experiment_ablation_no_chaotic_features - INFO - Epoch 99: Train Loss: 0.0721, Train Acc: 0.9821, Val Loss: 6.8166, Val Acc: 0.1124
2026-02-12 14:30:01,110 - experiment_ablation_no_chaotic_features - INFO - Running final test evaluation...
2026-02-12 14:30:01,808 - experiment_ablation_no_chaotic_features - INFO - Test Results:
2026-02-12 14:30:01,808 - experiment_ablation_no_chaotic_features - INFO -   loss: 6.9006
2026-02-12 14:30:01,808 - experiment_ablation_no_chaotic_features - INFO -   accuracy: 0.1441
2026-02-12 14:30:01,810 - experiment_ablation_no_chaotic_features - INFO - Training completed
2026-02-12 14:48:46,019 - experiment_ablation_no_chaotic_features - INFO - Initialized experiment: ablation_no_chaotic_features
2026-02-12 14:48:46,019 - experiment_ablation_no_chaotic_features - INFO - Device: cuda
2026-02-12 14:48:46,019 - experiment_ablation_no_chaotic_features - INFO - Output directory: /scratch/project_2003370/yueyao/Model/experiments/configs/Ablation_study/no_chaotic_features/ablation_no_chaotic_features
2026-02-12 14:48:46,019 - experiment_ablation_no_chaotic_features - INFO - Initialized chaotic network experiment with lorenz system
2026-02-12 14:48:46,019 - experiment_ablation_no_chaotic_features - INFO - Setting up experiment components...
2026-02-12 14:48:46,019 - experiment_ablation_no_chaotic_features - INFO - Creating dataloaders...
2026-02-12 14:48:46,451 - experiment_ablation_no_chaotic_features - INFO - Detected 26 speakers in dataset
2026-02-12 14:48:46,451 - experiment_ablation_no_chaotic_features - INFO - Dataloaders created:
2026-02-12 14:48:46,451 - experiment_ablation_no_chaotic_features - INFO -   Train: 14 batches
2026-02-12 14:48:46,451 - experiment_ablation_no_chaotic_features - INFO -   Val: 3 batches
2026-02-12 14:48:46,451 - experiment_ablation_no_chaotic_features - INFO -   Test: 4 batches
2026-02-12 14:48:46,452 - experiment_ablation_no_chaotic_features - INFO - Creating model...
2026-02-12 14:48:46,452 - experiment_ablation_no_chaotic_features - INFO - Using actual num_speakers from dataset: 26
2026-02-12 14:49:52,897 - experiment_ablation_no_chaotic_features - INFO - Total parameters: 500,671
2026-02-12 14:49:52,898 - experiment_ablation_no_chaotic_features - INFO - Trainable parameters: 500,671
2026-02-12 14:49:52,898 - experiment_ablation_no_chaotic_features - INFO - Creating optimizer...
2026-02-12 14:49:52,898 - experiment_ablation_no_chaotic_features - INFO - Optimizer: AdamW
2026-02-12 14:49:52,898 - experiment_ablation_no_chaotic_features - INFO - Creating scheduler...
2026-02-12 14:49:52,898 - experiment_ablation_no_chaotic_features - INFO - Creating criterion...
2026-02-12 14:49:52,898 - experiment_ablation_no_chaotic_features - INFO - Criterion: CrossEntropyLoss
2026-02-12 14:49:52,972 - experiment_ablation_no_chaotic_features - INFO - Configuration saved to: /scratch/project_2003370/yueyao/Model/experiments/configs/Ablation_study/no_chaotic_features/ablation_no_chaotic_features/config.json
2026-02-12 14:49:52,972 - experiment_ablation_no_chaotic_features - INFO - Experiment setup completed
2026-02-12 14:49:52,972 - experiment_ablation_no_chaotic_features - INFO - Starting training for 100 epochs
2026-02-12 14:49:53,180 - experiment_ablation_no_chaotic_features - INFO - 
================================================================================
2026-02-12 14:49:53,180 - experiment_ablation_no_chaotic_features - INFO - COMPREHENSIVE DEBUG - FIRST BATCH
2026-02-12 14:49:53,180 - experiment_ablation_no_chaotic_features - INFO - ================================================================================
2026-02-12 14:49:53,180 - experiment_ablation_no_chaotic_features - INFO - Batch Info:
2026-02-12 14:49:53,180 - experiment_ablation_no_chaotic_features - INFO -   Audio shape: torch.Size([32, 48000])
2026-02-12 14:49:53,180 - experiment_ablation_no_chaotic_features - INFO -   Targets shape: torch.Size([32])
2026-02-12 14:49:53,181 - experiment_ablation_no_chaotic_features - INFO -   Targets (first 8): tensor([18, 24,  5, 21, 17, 17, 21,  7], device='cuda:0')
2026-02-12 14:49:53,320 - experiment_ablation_no_chaotic_features - INFO - ================================================================================

2026-02-12 14:49:53,439 - experiment_ablation_no_chaotic_features - INFO - [STABILITY] Initialized LyapunovStabilityLoss
2026-02-12 14:49:53,441 - experiment_ablation_no_chaotic_features - DEBUG - [STABILITY] lyap=0.066, max_norm=14.5, min_std=1.167
2026-02-12 14:49:53,636 - experiment_ablation_no_chaotic_features - INFO - Train Epoch 0: [0/472 (0.0%)]	Loss: 5.672121
2026-02-12 14:49:58,398 - experiment_ablation_no_chaotic_features - INFO - Epoch 0: Train Loss: 5.6252, Train Acc: 0.0714, Val Loss: 6.1556, Val Acc: 0.0449
2026-02-12 14:49:58,470 - experiment_ablation_no_chaotic_features - INFO - Saved new best model at epoch 0
2026-02-12 14:49:59,146 - experiment_ablation_no_chaotic_features - INFO - Train Epoch 1: [0/472 (0.0%)]	Loss: 4.130956
2026-02-12 14:50:03,960 - experiment_ablation_no_chaotic_features - INFO - Epoch 1: Train Loss: 4.0568, Train Acc: 0.1696, Val Loss: 4.9332, Val Acc: 0.0449
2026-02-12 14:50:04,527 - experiment_ablation_no_chaotic_features - INFO - Train Epoch 2: [0/472 (0.0%)]	Loss: 2.819870
2026-02-12 14:50:09,346 - experiment_ablation_no_chaotic_features - INFO - Epoch 2: Train Loss: 2.8645, Train Acc: 0.2656, Val Loss: 6.0002, Val Acc: 0.0449
2026-02-12 14:50:10,031 - experiment_ablation_no_chaotic_features - INFO - Train Epoch 3: [0/472 (0.0%)]	Loss: 2.324511
2026-02-12 14:50:14,988 - experiment_ablation_no_chaotic_features - INFO - Epoch 3: Train Loss: 2.4250, Train Acc: 0.3616, Val Loss: 6.8358, Val Acc: 0.0449
2026-02-12 14:50:15,707 - experiment_ablation_no_chaotic_features - INFO - Train Epoch 4: [0/472 (0.0%)]	Loss: 2.556118
2026-02-12 14:50:20,608 - experiment_ablation_no_chaotic_features - INFO - Epoch 4: Train Loss: 1.8808, Train Acc: 0.4955, Val Loss: 8.4082, Val Acc: 0.0449
2026-02-12 14:50:21,246 - experiment_ablation_no_chaotic_features - INFO - Train Epoch 5: [0/472 (0.0%)]	Loss: 1.773445
2026-02-12 14:50:26,310 - experiment_ablation_no_chaotic_features - INFO - Epoch 5: Train Loss: 1.5696, Train Acc: 0.5402, Val Loss: 5.5078, Val Acc: 0.0449
2026-02-12 14:50:26,895 - experiment_ablation_no_chaotic_features - INFO - Train Epoch 6: [0/472 (0.0%)]	Loss: 1.391764
2026-02-12 14:50:31,823 - experiment_ablation_no_chaotic_features - INFO - Epoch 6: Train Loss: 1.3714, Train Acc: 0.5759, Val Loss: 6.4933, Val Acc: 0.0449
2026-02-12 14:50:32,475 - experiment_ablation_no_chaotic_features - INFO - Train Epoch 7: [0/472 (0.0%)]	Loss: 1.316078
2026-02-12 14:50:32,929 - experiment_ablation_no_chaotic_features - DEBUG - [STABILITY] lyap=0.021, max_norm=42.7, min_std=9.373
2026-02-12 14:50:37,439 - experiment_ablation_no_chaotic_features - INFO - Epoch 7: Train Loss: 1.1756, Train Acc: 0.6585, Val Loss: 4.8434, Val Acc: 0.0899
2026-02-12 14:50:37,532 - experiment_ablation_no_chaotic_features - INFO - Saved new best model at epoch 7
2026-02-12 14:50:38,301 - experiment_ablation_no_chaotic_features - INFO - Train Epoch 8: [0/472 (0.0%)]	Loss: 0.917789
2026-02-12 14:50:43,228 - experiment_ablation_no_chaotic_features - INFO - Epoch 8: Train Loss: 1.0226, Train Acc: 0.6808, Val Loss: 6.6330, Val Acc: 0.0899
2026-02-12 14:50:43,867 - experiment_ablation_no_chaotic_features - INFO - Train Epoch 9: [0/472 (0.0%)]	Loss: 1.051755
2026-02-12 14:50:48,707 - experiment_ablation_no_chaotic_features - INFO - Epoch 9: Train Loss: 1.0022, Train Acc: 0.6987, Val Loss: 4.5999, Val Acc: 0.1124
2026-02-12 14:50:48,792 - experiment_ablation_no_chaotic_features - INFO - Saved new best model at epoch 9
2026-02-12 14:50:49,460 - experiment_ablation_no_chaotic_features - INFO - Train Epoch 10: [0/472 (0.0%)]	Loss: 0.838695
2026-02-12 14:50:54,485 - experiment_ablation_no_chaotic_features - INFO - Epoch 10: Train Loss: 0.8398, Train Acc: 0.7589, Val Loss: 5.7866, Val Acc: 0.0449
2026-02-12 14:50:55,245 - experiment_ablation_no_chaotic_features - INFO - Train Epoch 11: [0/472 (0.0%)]	Loss: 0.591599
2026-02-12 14:51:00,251 - experiment_ablation_no_chaotic_features - INFO - Epoch 11: Train Loss: 0.6770, Train Acc: 0.7790, Val Loss: 5.6668, Val Acc: 0.0449
2026-02-12 14:51:00,970 - experiment_ablation_no_chaotic_features - INFO - Train Epoch 12: [0/472 (0.0%)]	Loss: 0.408137
2026-02-12 14:51:05,891 - experiment_ablation_no_chaotic_features - INFO - Epoch 12: Train Loss: 0.5923, Train Acc: 0.8013, Val Loss: 4.7177, Val Acc: 0.0449
2026-02-12 14:51:06,536 - experiment_ablation_no_chaotic_features - INFO - Train Epoch 13: [0/472 (0.0%)]	Loss: 0.620444
2026-02-12 14:51:11,442 - experiment_ablation_no_chaotic_features - INFO - Epoch 13: Train Loss: 0.6233, Train Acc: 0.7991, Val Loss: 5.0341, Val Acc: 0.0449
2026-02-12 14:51:12,139 - experiment_ablation_no_chaotic_features - INFO - Train Epoch 14: [0/472 (0.0%)]	Loss: 0.316396
2026-02-12 14:51:13,221 - experiment_ablation_no_chaotic_features - DEBUG - [STABILITY] lyap=0.025, max_norm=34.5, min_std=7.244
2026-02-12 14:51:17,091 - experiment_ablation_no_chaotic_features - INFO - Epoch 14: Train Loss: 0.4663, Train Acc: 0.8460, Val Loss: 7.0840, Val Acc: 0.0449
2026-02-12 14:51:17,804 - experiment_ablation_no_chaotic_features - INFO - Train Epoch 15: [0/472 (0.0%)]	Loss: 0.519767
2026-02-12 14:51:22,691 - experiment_ablation_no_chaotic_features - INFO - Epoch 15: Train Loss: 0.5493, Train Acc: 0.8415, Val Loss: 6.3688, Val Acc: 0.0562
2026-02-12 14:51:23,369 - experiment_ablation_no_chaotic_features - INFO - Train Epoch 16: [0/472 (0.0%)]	Loss: 0.509113
2026-02-12 14:51:28,121 - experiment_ablation_no_chaotic_features - INFO - Epoch 16: Train Loss: 0.4505, Train Acc: 0.8616, Val Loss: 6.0811, Val Acc: 0.0674
2026-02-12 14:51:28,772 - experiment_ablation_no_chaotic_features - INFO - Train Epoch 17: [0/472 (0.0%)]	Loss: 0.820083
2026-02-12 14:51:33,638 - experiment_ablation_no_chaotic_features - INFO - Epoch 17: Train Loss: 0.4400, Train Acc: 0.8549, Val Loss: 5.9323, Val Acc: 0.1236
2026-02-12 14:51:33,741 - experiment_ablation_no_chaotic_features - INFO - Saved new best model at epoch 17
2026-02-12 14:51:34,505 - experiment_ablation_no_chaotic_features - INFO - Train Epoch 18: [0/472 (0.0%)]	Loss: 0.535988
2026-02-12 14:51:39,357 - experiment_ablation_no_chaotic_features - INFO - Epoch 18: Train Loss: 0.4026, Train Acc: 0.8504, Val Loss: 5.3610, Val Acc: 0.1348
2026-02-12 14:51:39,452 - experiment_ablation_no_chaotic_features - INFO - Saved new best model at epoch 18
2026-02-12 14:51:40,184 - experiment_ablation_no_chaotic_features - INFO - Train Epoch 19: [0/472 (0.0%)]	Loss: 0.643196
2026-02-12 14:51:45,189 - experiment_ablation_no_chaotic_features - INFO - Epoch 19: Train Loss: 0.3982, Train Acc: 0.8750, Val Loss: 8.0674, Val Acc: 0.0449
2026-02-12 14:51:45,826 - experiment_ablation_no_chaotic_features - INFO - Train Epoch 20: [0/472 (0.0%)]	Loss: 0.669310
2026-02-12 14:51:50,800 - experiment_ablation_no_chaotic_features - INFO - Epoch 20: Train Loss: 0.3046, Train Acc: 0.9062, Val Loss: 4.9716, Val Acc: 0.2022
2026-02-12 14:51:50,896 - experiment_ablation_no_chaotic_features - INFO - Saved new best model at epoch 20
2026-02-12 14:51:51,730 - experiment_ablation_no_chaotic_features - INFO - Train Epoch 21: [0/472 (0.0%)]	Loss: 0.167859
2026-02-12 14:51:53,475 - experiment_ablation_no_chaotic_features - DEBUG - [STABILITY] lyap=0.025, max_norm=35.0, min_std=7.450
2026-02-12 14:51:56,648 - experiment_ablation_no_chaotic_features - INFO - Epoch 21: Train Loss: 0.3174, Train Acc: 0.8996, Val Loss: 7.3447, Val Acc: 0.0899
2026-02-12 14:51:57,388 - experiment_ablation_no_chaotic_features - INFO - Train Epoch 22: [0/472 (0.0%)]	Loss: 0.147297
2026-02-12 14:52:02,309 - experiment_ablation_no_chaotic_features - INFO - Epoch 22: Train Loss: 0.3102, Train Acc: 0.8973, Val Loss: 5.4246, Val Acc: 0.0787
2026-02-12 14:52:02,992 - experiment_ablation_no_chaotic_features - INFO - Train Epoch 23: [0/472 (0.0%)]	Loss: 0.214655
2026-02-12 14:52:07,872 - experiment_ablation_no_chaotic_features - INFO - Epoch 23: Train Loss: 0.2728, Train Acc: 0.9107, Val Loss: 7.0505, Val Acc: 0.0899
2026-02-12 14:52:08,532 - experiment_ablation_no_chaotic_features - INFO - Train Epoch 24: [0/472 (0.0%)]	Loss: 0.347758
2026-02-12 14:52:13,546 - experiment_ablation_no_chaotic_features - INFO - Epoch 24: Train Loss: 0.2921, Train Acc: 0.9062, Val Loss: 8.0967, Val Acc: 0.0449
2026-02-12 14:52:14,291 - experiment_ablation_no_chaotic_features - INFO - Train Epoch 25: [0/472 (0.0%)]	Loss: 0.174403
2026-02-12 14:52:19,266 - experiment_ablation_no_chaotic_features - INFO - Epoch 25: Train Loss: 0.3113, Train Acc: 0.9062, Val Loss: 6.4170, Val Acc: 0.0562
2026-02-12 14:52:19,928 - experiment_ablation_no_chaotic_features - INFO - Train Epoch 26: [0/472 (0.0%)]	Loss: 0.289475
2026-02-12 14:52:24,848 - experiment_ablation_no_chaotic_features - INFO - Epoch 26: Train Loss: 0.2084, Train Acc: 0.9375, Val Loss: 8.3777, Val Acc: 0.0449
2026-02-12 14:52:25,589 - experiment_ablation_no_chaotic_features - INFO - Train Epoch 27: [0/472 (0.0%)]	Loss: 0.325904
2026-02-12 14:52:30,500 - experiment_ablation_no_chaotic_features - INFO - Epoch 27: Train Loss: 0.2383, Train Acc: 0.9330, Val Loss: 8.3556, Val Acc: 0.0449
2026-02-12 14:52:31,141 - experiment_ablation_no_chaotic_features - INFO - Train Epoch 28: [0/472 (0.0%)]	Loss: 0.173470
2026-02-12 14:52:33,553 - experiment_ablation_no_chaotic_features - DEBUG - [STABILITY] lyap=0.026, max_norm=30.2, min_std=6.208
2026-02-12 14:52:36,146 - experiment_ablation_no_chaotic_features - INFO - Epoch 28: Train Loss: 0.1782, Train Acc: 0.9375, Val Loss: 6.9912, Val Acc: 0.0674
2026-02-12 14:52:36,840 - experiment_ablation_no_chaotic_features - INFO - Train Epoch 29: [0/472 (0.0%)]	Loss: 0.219477
2026-02-12 14:52:41,849 - experiment_ablation_no_chaotic_features - INFO - Epoch 29: Train Loss: 0.2079, Train Acc: 0.9353, Val Loss: 7.0396, Val Acc: 0.0899
2026-02-12 14:52:42,531 - experiment_ablation_no_chaotic_features - INFO - Train Epoch 30: [0/472 (0.0%)]	Loss: 0.239975
2026-02-12 14:52:47,341 - experiment_ablation_no_chaotic_features - INFO - Epoch 30: Train Loss: 0.2054, Train Acc: 0.9375, Val Loss: 5.3439, Val Acc: 0.1011
2026-02-12 14:52:48,025 - experiment_ablation_no_chaotic_features - INFO - Train Epoch 31: [0/472 (0.0%)]	Loss: 0.106795
2026-02-12 14:52:52,965 - experiment_ablation_no_chaotic_features - INFO - Epoch 31: Train Loss: 0.2017, Train Acc: 0.9330, Val Loss: 8.7555, Val Acc: 0.0449
2026-02-12 14:52:53,690 - experiment_ablation_no_chaotic_features - INFO - Train Epoch 32: [0/472 (0.0%)]	Loss: 0.370170
2026-02-12 14:52:58,647 - experiment_ablation_no_chaotic_features - INFO - Epoch 32: Train Loss: 0.1854, Train Acc: 0.9464, Val Loss: 5.6179, Val Acc: 0.1348
2026-02-12 14:52:59,395 - experiment_ablation_no_chaotic_features - INFO - Train Epoch 33: [0/472 (0.0%)]	Loss: 0.106414
2026-02-12 14:53:04,357 - experiment_ablation_no_chaotic_features - INFO - Epoch 33: Train Loss: 0.1895, Train Acc: 0.9509, Val Loss: 6.1595, Val Acc: 0.1236
2026-02-12 14:53:05,004 - experiment_ablation_no_chaotic_features - INFO - Train Epoch 34: [0/472 (0.0%)]	Loss: 0.312022
2026-02-12 14:53:09,837 - experiment_ablation_no_chaotic_features - INFO - Epoch 34: Train Loss: 0.2070, Train Acc: 0.9308, Val Loss: 4.5373, Val Acc: 0.2584
2026-02-12 14:53:09,928 - experiment_ablation_no_chaotic_features - INFO - Saved new best model at epoch 34
2026-02-12 14:53:10,688 - experiment_ablation_no_chaotic_features - INFO - Train Epoch 35: [0/472 (0.0%)]	Loss: 0.138061
2026-02-12 14:53:13,672 - experiment_ablation_no_chaotic_features - DEBUG - [STABILITY] lyap=0.028, max_norm=26.4, min_std=5.234
2026-02-12 14:53:15,627 - experiment_ablation_no_chaotic_features - INFO - Epoch 35: Train Loss: 0.2161, Train Acc: 0.9263, Val Loss: 4.4080, Val Acc: 0.1461
2026-02-12 14:53:16,368 - experiment_ablation_no_chaotic_features - INFO - Train Epoch 36: [0/472 (0.0%)]	Loss: 0.068174
2026-02-12 14:53:21,349 - experiment_ablation_no_chaotic_features - INFO - Epoch 36: Train Loss: 0.1560, Train Acc: 0.9576, Val Loss: 4.6438, Val Acc: 0.1236
2026-02-12 14:53:21,985 - experiment_ablation_no_chaotic_features - INFO - Train Epoch 37: [0/472 (0.0%)]	Loss: 0.203055
2026-02-12 14:53:26,780 - experiment_ablation_no_chaotic_features - INFO - Epoch 37: Train Loss: 0.1574, Train Acc: 0.9576, Val Loss: 5.7734, Val Acc: 0.1348
2026-02-12 14:53:27,473 - experiment_ablation_no_chaotic_features - INFO - Train Epoch 38: [0/472 (0.0%)]	Loss: 0.043191
2026-02-12 14:53:32,440 - experiment_ablation_no_chaotic_features - INFO - Epoch 38: Train Loss: 0.1526, Train Acc: 0.9487, Val Loss: 9.5309, Val Acc: 0.0449
2026-02-12 14:53:33,204 - experiment_ablation_no_chaotic_features - INFO - Train Epoch 39: [0/472 (0.0%)]	Loss: 0.043870
2026-02-12 14:53:38,167 - experiment_ablation_no_chaotic_features - INFO - Epoch 39: Train Loss: 0.1486, Train Acc: 0.9509, Val Loss: 8.6471, Val Acc: 0.0449
2026-02-12 14:53:38,888 - experiment_ablation_no_chaotic_features - INFO - Train Epoch 40: [0/472 (0.0%)]	Loss: 0.077290
2026-02-12 14:53:44,096 - experiment_ablation_no_chaotic_features - INFO - Epoch 40: Train Loss: 0.1351, Train Acc: 0.9621, Val Loss: 6.1304, Val Acc: 0.1685
2026-02-12 14:53:44,780 - experiment_ablation_no_chaotic_features - INFO - Train Epoch 41: [0/472 (0.0%)]	Loss: 0.038077
2026-02-12 14:53:50,180 - experiment_ablation_no_chaotic_features - INFO - Epoch 41: Train Loss: 0.1311, Train Acc: 0.9621, Val Loss: 7.2752, Val Acc: 0.0674
2026-02-12 14:53:50,887 - experiment_ablation_no_chaotic_features - INFO - Train Epoch 42: [0/472 (0.0%)]	Loss: 0.288049
2026-02-12 14:53:54,654 - experiment_ablation_no_chaotic_features - DEBUG - [STABILITY] lyap=0.028, max_norm=26.5, min_std=5.250
2026-02-12 14:53:56,051 - experiment_ablation_no_chaotic_features - INFO - Epoch 42: Train Loss: 0.1424, Train Acc: 0.9576, Val Loss: 5.5424, Val Acc: 0.1461
2026-02-12 14:53:56,781 - experiment_ablation_no_chaotic_features - INFO - Train Epoch 43: [0/472 (0.0%)]	Loss: 0.117245
2026-02-12 14:54:02,005 - experiment_ablation_no_chaotic_features - INFO - Epoch 43: Train Loss: 0.1779, Train Acc: 0.9487, Val Loss: 7.9320, Val Acc: 0.0899
2026-02-12 14:54:02,694 - experiment_ablation_no_chaotic_features - INFO - Train Epoch 44: [0/472 (0.0%)]	Loss: 0.490072
2026-02-12 14:54:08,039 - experiment_ablation_no_chaotic_features - INFO - Epoch 44: Train Loss: 0.1356, Train Acc: 0.9710, Val Loss: 6.6217, Val Acc: 0.1236
2026-02-12 14:54:08,776 - experiment_ablation_no_chaotic_features - INFO - Train Epoch 45: [0/472 (0.0%)]	Loss: 0.240282
2026-02-12 14:54:13,998 - experiment_ablation_no_chaotic_features - INFO - Epoch 45: Train Loss: 0.1171, Train Acc: 0.9621, Val Loss: 7.7737, Val Acc: 0.0899
2026-02-12 14:54:14,720 - experiment_ablation_no_chaotic_features - INFO - Train Epoch 46: [0/472 (0.0%)]	Loss: 0.029435
2026-02-12 14:54:19,928 - experiment_ablation_no_chaotic_features - INFO - Epoch 46: Train Loss: 0.1205, Train Acc: 0.9598, Val Loss: 8.0700, Val Acc: 0.0449
2026-02-12 14:54:20,678 - experiment_ablation_no_chaotic_features - INFO - Train Epoch 47: [0/472 (0.0%)]	Loss: 0.522592
2026-02-12 14:54:25,796 - experiment_ablation_no_chaotic_features - INFO - Epoch 47: Train Loss: 0.1450, Train Acc: 0.9621, Val Loss: 7.0641, Val Acc: 0.0787
2026-02-12 14:54:26,423 - experiment_ablation_no_chaotic_features - INFO - Train Epoch 48: [0/472 (0.0%)]	Loss: 0.021089
2026-02-12 14:54:31,555 - experiment_ablation_no_chaotic_features - INFO - Epoch 48: Train Loss: 0.1197, Train Acc: 0.9688, Val Loss: 6.7976, Val Acc: 0.0449
2026-02-12 14:54:32,220 - experiment_ablation_no_chaotic_features - INFO - Train Epoch 49: [0/472 (0.0%)]	Loss: 0.088863
2026-02-12 14:54:37,377 - experiment_ablation_no_chaotic_features - INFO - Epoch 49: Train Loss: 0.0741, Train Acc: 0.9799, Val Loss: 5.2116, Val Acc: 0.2022
2026-02-12 14:54:37,878 - experiment_ablation_no_chaotic_features - DEBUG - [STABILITY] lyap=0.028, max_norm=27.1, min_std=5.390
2026-02-12 14:54:38,074 - experiment_ablation_no_chaotic_features - INFO - Train Epoch 50: [0/472 (0.0%)]	Loss: 0.041464
2026-02-12 14:54:43,024 - experiment_ablation_no_chaotic_features - INFO - Epoch 50: Train Loss: 0.0879, Train Acc: 0.9732, Val Loss: 7.7723, Val Acc: 0.0674
2026-02-12 14:54:43,857 - experiment_ablation_no_chaotic_features - INFO - Train Epoch 51: [0/472 (0.0%)]	Loss: 0.191292
2026-02-12 14:54:49,081 - experiment_ablation_no_chaotic_features - INFO - Epoch 51: Train Loss: 0.1297, Train Acc: 0.9531, Val Loss: 7.0973, Val Acc: 0.0899
2026-02-12 14:54:49,814 - experiment_ablation_no_chaotic_features - INFO - Train Epoch 52: [0/472 (0.0%)]	Loss: 0.210949
2026-02-12 14:54:54,775 - experiment_ablation_no_chaotic_features - INFO - Epoch 52: Train Loss: 0.1228, Train Acc: 0.9621, Val Loss: 4.3625, Val Acc: 0.2584
2026-02-12 14:54:55,498 - experiment_ablation_no_chaotic_features - INFO - Train Epoch 53: [0/472 (0.0%)]	Loss: 0.017441
2026-02-12 14:55:00,554 - experiment_ablation_no_chaotic_features - INFO - Epoch 53: Train Loss: 0.0805, Train Acc: 0.9844, Val Loss: 6.9011, Val Acc: 0.1348
2026-02-12 14:55:01,296 - experiment_ablation_no_chaotic_features - INFO - Train Epoch 54: [0/472 (0.0%)]	Loss: 0.119405
2026-02-12 14:55:06,080 - experiment_ablation_no_chaotic_features - INFO - Epoch 54: Train Loss: 0.0983, Train Acc: 0.9732, Val Loss: 5.5646, Val Acc: 0.1461
2026-02-12 14:55:06,645 - experiment_ablation_no_chaotic_features - INFO - Train Epoch 55: [0/472 (0.0%)]	Loss: 0.028580
2026-02-12 14:55:11,473 - experiment_ablation_no_chaotic_features - INFO - Epoch 55: Train Loss: 0.1122, Train Acc: 0.9665, Val Loss: 9.6996, Val Acc: 0.0449
2026-02-12 14:55:12,073 - experiment_ablation_no_chaotic_features - INFO - Train Epoch 56: [0/472 (0.0%)]	Loss: 0.119627
2026-02-12 14:55:16,910 - experiment_ablation_no_chaotic_features - INFO - Epoch 56: Train Loss: 0.1150, Train Acc: 0.9598, Val Loss: 7.0564, Val Acc: 0.0899
2026-02-12 14:55:17,526 - experiment_ablation_no_chaotic_features - INFO - Train Epoch 57: [0/472 (0.0%)]	Loss: 0.098939
2026-02-12 14:55:17,970 - experiment_ablation_no_chaotic_features - DEBUG - [STABILITY] lyap=0.028, max_norm=26.3, min_std=5.202
2026-02-12 14:55:22,277 - experiment_ablation_no_chaotic_features - INFO - Epoch 57: Train Loss: 0.1130, Train Acc: 0.9598, Val Loss: 7.9882, Val Acc: 0.0899
2026-02-12 14:55:22,843 - experiment_ablation_no_chaotic_features - INFO - Train Epoch 58: [0/472 (0.0%)]	Loss: 0.021347
2026-02-12 14:55:27,627 - experiment_ablation_no_chaotic_features - INFO - Epoch 58: Train Loss: 0.0793, Train Acc: 0.9844, Val Loss: 7.2515, Val Acc: 0.1124
2026-02-12 14:55:28,201 - experiment_ablation_no_chaotic_features - INFO - Train Epoch 59: [0/472 (0.0%)]	Loss: 0.106150
2026-02-12 14:55:33,061 - experiment_ablation_no_chaotic_features - INFO - Epoch 59: Train Loss: 0.1673, Train Acc: 0.9554, Val Loss: 9.0669, Val Acc: 0.0449
2026-02-12 14:55:33,622 - experiment_ablation_no_chaotic_features - INFO - Train Epoch 60: [0/472 (0.0%)]	Loss: 0.026715
2026-02-12 14:55:38,343 - experiment_ablation_no_chaotic_features - INFO - Epoch 60: Train Loss: 0.0500, Train Acc: 0.9888, Val Loss: 5.8936, Val Acc: 0.1236
2026-02-12 14:55:38,978 - experiment_ablation_no_chaotic_features - INFO - Train Epoch 61: [0/472 (0.0%)]	Loss: 0.050178
2026-02-12 14:55:43,780 - experiment_ablation_no_chaotic_features - INFO - Epoch 61: Train Loss: 0.0651, Train Acc: 0.9821, Val Loss: 9.0196, Val Acc: 0.0449
2026-02-12 14:55:44,365 - experiment_ablation_no_chaotic_features - INFO - Train Epoch 62: [0/472 (0.0%)]	Loss: 0.022548
2026-02-12 14:55:49,188 - experiment_ablation_no_chaotic_features - INFO - Epoch 62: Train Loss: 0.0638, Train Acc: 0.9844, Val Loss: 7.5960, Val Acc: 0.1011
2026-02-12 14:55:49,747 - experiment_ablation_no_chaotic_features - INFO - Train Epoch 63: [0/472 (0.0%)]	Loss: 0.123739
2026-02-12 14:55:54,523 - experiment_ablation_no_chaotic_features - INFO - Epoch 63: Train Loss: 0.0700, Train Acc: 0.9754, Val Loss: 5.0292, Val Acc: 0.2135
2026-02-12 14:55:55,079 - experiment_ablation_no_chaotic_features - INFO - Train Epoch 64: [0/472 (0.0%)]	Loss: 0.150535
2026-02-12 14:55:56,156 - experiment_ablation_no_chaotic_features - DEBUG - [STABILITY] lyap=0.028, max_norm=26.7, min_std=5.272
2026-02-12 14:55:59,858 - experiment_ablation_no_chaotic_features - INFO - Epoch 64: Train Loss: 0.0745, Train Acc: 0.9710, Val Loss: 6.2999, Val Acc: 0.1124
2026-02-12 14:56:00,416 - experiment_ablation_no_chaotic_features - INFO - Train Epoch 65: [0/472 (0.0%)]	Loss: 0.034729
2026-02-12 14:56:05,170 - experiment_ablation_no_chaotic_features - INFO - Epoch 65: Train Loss: 0.0836, Train Acc: 0.9732, Val Loss: 8.3808, Val Acc: 0.0225
2026-02-12 14:56:05,734 - experiment_ablation_no_chaotic_features - INFO - Train Epoch 66: [0/472 (0.0%)]	Loss: 0.170732
2026-02-12 14:56:10,501 - experiment_ablation_no_chaotic_features - INFO - Epoch 66: Train Loss: 0.1106, Train Acc: 0.9710, Val Loss: 6.3393, Val Acc: 0.1461
2026-02-12 14:56:11,077 - experiment_ablation_no_chaotic_features - INFO - Train Epoch 67: [0/472 (0.0%)]	Loss: 0.063106
2026-02-12 14:56:15,845 - experiment_ablation_no_chaotic_features - INFO - Epoch 67: Train Loss: 0.0719, Train Acc: 0.9754, Val Loss: 8.8539, Val Acc: 0.0899
2026-02-12 14:56:16,414 - experiment_ablation_no_chaotic_features - INFO - Train Epoch 68: [0/472 (0.0%)]	Loss: 0.037090
2026-02-12 14:56:21,185 - experiment_ablation_no_chaotic_features - INFO - Epoch 68: Train Loss: 0.0802, Train Acc: 0.9754, Val Loss: 5.1462, Val Acc: 0.1685
2026-02-12 14:56:21,742 - experiment_ablation_no_chaotic_features - INFO - Train Epoch 69: [0/472 (0.0%)]	Loss: 0.026993
2026-02-12 14:56:26,669 - experiment_ablation_no_chaotic_features - INFO - Epoch 69: Train Loss: 0.0933, Train Acc: 0.9688, Val Loss: 6.9799, Val Acc: 0.1011
2026-02-12 14:56:27,313 - experiment_ablation_no_chaotic_features - INFO - Train Epoch 70: [0/472 (0.0%)]	Loss: 0.040200
2026-02-12 14:56:32,188 - experiment_ablation_no_chaotic_features - INFO - Epoch 70: Train Loss: 0.0514, Train Acc: 0.9844, Val Loss: 7.0342, Val Acc: 0.1573
2026-02-12 14:56:32,977 - experiment_ablation_no_chaotic_features - INFO - Train Epoch 71: [0/472 (0.0%)]	Loss: 0.023679
2026-02-12 14:56:34,734 - experiment_ablation_no_chaotic_features - DEBUG - [STABILITY] lyap=0.028, max_norm=26.9, min_std=5.334
2026-02-12 14:56:37,954 - experiment_ablation_no_chaotic_features - INFO - Epoch 71: Train Loss: 0.0646, Train Acc: 0.9844, Val Loss: 6.9229, Val Acc: 0.1236
2026-02-12 14:56:38,647 - experiment_ablation_no_chaotic_features - INFO - Train Epoch 72: [0/472 (0.0%)]	Loss: 0.017801
2026-02-12 14:56:43,486 - experiment_ablation_no_chaotic_features - INFO - Epoch 72: Train Loss: 0.0709, Train Acc: 0.9688, Val Loss: 8.4053, Val Acc: 0.0674
2026-02-12 14:56:44,058 - experiment_ablation_no_chaotic_features - INFO - Train Epoch 73: [0/472 (0.0%)]	Loss: 0.053735
2026-02-12 14:56:49,153 - experiment_ablation_no_chaotic_features - INFO - Epoch 73: Train Loss: 0.0959, Train Acc: 0.9777, Val Loss: 5.5908, Val Acc: 0.1910
2026-02-12 14:56:49,770 - experiment_ablation_no_chaotic_features - INFO - Train Epoch 74: [0/472 (0.0%)]	Loss: 0.048873
2026-02-12 14:56:54,677 - experiment_ablation_no_chaotic_features - INFO - Epoch 74: Train Loss: 0.0682, Train Acc: 0.9844, Val Loss: 5.6085, Val Acc: 0.1573
2026-02-12 14:56:55,386 - experiment_ablation_no_chaotic_features - INFO - Train Epoch 75: [0/472 (0.0%)]	Loss: 0.176257
2026-02-12 14:57:00,352 - experiment_ablation_no_chaotic_features - INFO - Epoch 75: Train Loss: 0.0537, Train Acc: 0.9799, Val Loss: 8.2039, Val Acc: 0.0449
2026-02-12 14:57:01,063 - experiment_ablation_no_chaotic_features - INFO - Train Epoch 76: [0/472 (0.0%)]	Loss: 0.015272
2026-02-12 14:57:05,964 - experiment_ablation_no_chaotic_features - INFO - Epoch 76: Train Loss: 0.0810, Train Acc: 0.9821, Val Loss: 8.1263, Val Acc: 0.1011
2026-02-12 14:57:06,631 - experiment_ablation_no_chaotic_features - INFO - Train Epoch 77: [0/472 (0.0%)]	Loss: 0.053254
2026-02-12 14:57:11,592 - experiment_ablation_no_chaotic_features - INFO - Epoch 77: Train Loss: 0.0906, Train Acc: 0.9710, Val Loss: 6.7245, Val Acc: 0.1348
2026-02-12 14:57:12,230 - experiment_ablation_no_chaotic_features - INFO - Train Epoch 78: [0/472 (0.0%)]	Loss: 0.077088
2026-02-12 14:57:14,618 - experiment_ablation_no_chaotic_features - DEBUG - [STABILITY] lyap=0.028, max_norm=27.5, min_std=5.469
2026-02-12 14:57:17,139 - experiment_ablation_no_chaotic_features - INFO - Epoch 78: Train Loss: 0.0453, Train Acc: 0.9888, Val Loss: 9.3764, Val Acc: 0.0449
2026-02-12 14:57:18,056 - experiment_ablation_no_chaotic_features - INFO - Train Epoch 79: [0/472 (0.0%)]	Loss: 0.032698
2026-02-12 14:57:22,939 - experiment_ablation_no_chaotic_features - INFO - Epoch 79: Train Loss: 0.0670, Train Acc: 0.9821, Val Loss: 9.8420, Val Acc: 0.0449
2026-02-12 14:57:23,499 - experiment_ablation_no_chaotic_features - INFO - Train Epoch 80: [0/472 (0.0%)]	Loss: 0.037528
2026-02-12 14:57:28,503 - experiment_ablation_no_chaotic_features - INFO - Epoch 80: Train Loss: 0.0737, Train Acc: 0.9799, Val Loss: 7.3865, Val Acc: 0.1348
2026-02-12 14:57:29,294 - experiment_ablation_no_chaotic_features - INFO - Train Epoch 81: [0/472 (0.0%)]	Loss: 0.057498
2026-02-12 14:57:34,359 - experiment_ablation_no_chaotic_features - INFO - Epoch 81: Train Loss: 0.0985, Train Acc: 0.9665, Val Loss: 7.3143, Val Acc: 0.1461
2026-02-12 14:57:35,079 - experiment_ablation_no_chaotic_features - INFO - Train Epoch 82: [0/472 (0.0%)]	Loss: 0.033321
2026-02-12 14:57:39,984 - experiment_ablation_no_chaotic_features - INFO - Epoch 82: Train Loss: 0.0500, Train Acc: 0.9866, Val Loss: 7.9433, Val Acc: 0.0899
2026-02-12 14:57:40,715 - experiment_ablation_no_chaotic_features - INFO - Train Epoch 83: [0/472 (0.0%)]	Loss: 0.166324
2026-02-12 14:57:45,603 - experiment_ablation_no_chaotic_features - INFO - Epoch 83: Train Loss: 0.0770, Train Acc: 0.9844, Val Loss: 6.8958, Val Acc: 0.1124
2026-02-12 14:57:46,291 - experiment_ablation_no_chaotic_features - INFO - Train Epoch 84: [0/472 (0.0%)]	Loss: 0.031085
2026-02-12 14:57:51,192 - experiment_ablation_no_chaotic_features - INFO - Epoch 84: Train Loss: 0.0485, Train Acc: 0.9866, Val Loss: 5.4589, Val Acc: 0.1573
2026-02-12 14:57:51,919 - experiment_ablation_no_chaotic_features - INFO - Train Epoch 85: [0/472 (0.0%)]	Loss: 0.010685
2026-02-12 14:57:54,992 - experiment_ablation_no_chaotic_features - DEBUG - [STABILITY] lyap=0.028, max_norm=25.6, min_std=5.014
2026-02-12 14:57:57,016 - experiment_ablation_no_chaotic_features - INFO - Epoch 85: Train Loss: 0.0797, Train Acc: 0.9799, Val Loss: 7.8897, Val Acc: 0.0899
2026-02-12 14:57:57,759 - experiment_ablation_no_chaotic_features - INFO - Train Epoch 86: [0/472 (0.0%)]	Loss: 0.248472
2026-02-12 14:58:02,621 - experiment_ablation_no_chaotic_features - INFO - Epoch 86: Train Loss: 0.1017, Train Acc: 0.9777, Val Loss: 9.5920, Val Acc: 0.0449
2026-02-12 14:58:03,221 - experiment_ablation_no_chaotic_features - INFO - Train Epoch 87: [0/472 (0.0%)]	Loss: 0.129306
2026-02-12 14:58:08,247 - experiment_ablation_no_chaotic_features - INFO - Epoch 87: Train Loss: 0.0920, Train Acc: 0.9688, Val Loss: 6.3244, Val Acc: 0.2022
2026-02-12 14:58:08,889 - experiment_ablation_no_chaotic_features - INFO - Train Epoch 88: [0/472 (0.0%)]	Loss: 0.024928
2026-02-12 14:58:13,906 - experiment_ablation_no_chaotic_features - INFO - Epoch 88: Train Loss: 0.0817, Train Acc: 0.9777, Val Loss: 5.9838, Val Acc: 0.3258
2026-02-12 14:58:14,006 - experiment_ablation_no_chaotic_features - INFO - Saved new best model at epoch 88
2026-02-12 14:58:14,718 - experiment_ablation_no_chaotic_features - INFO - Train Epoch 89: [0/472 (0.0%)]	Loss: 0.178871
2026-02-12 14:58:19,613 - experiment_ablation_no_chaotic_features - INFO - Epoch 89: Train Loss: 0.0866, Train Acc: 0.9710, Val Loss: 4.9470, Val Acc: 0.2247
2026-02-12 14:58:20,303 - experiment_ablation_no_chaotic_features - INFO - Train Epoch 90: [0/472 (0.0%)]	Loss: 0.014790
2026-02-12 14:58:25,124 - experiment_ablation_no_chaotic_features - INFO - Epoch 90: Train Loss: 0.0850, Train Acc: 0.9777, Val Loss: 8.3161, Val Acc: 0.0449
2026-02-12 14:58:25,873 - experiment_ablation_no_chaotic_features - INFO - Train Epoch 91: [0/472 (0.0%)]	Loss: 0.023688
2026-02-12 14:58:30,922 - experiment_ablation_no_chaotic_features - INFO - Epoch 91: Train Loss: 0.0743, Train Acc: 0.9777, Val Loss: 7.1707, Val Acc: 0.1573
2026-02-12 14:58:31,565 - experiment_ablation_no_chaotic_features - INFO - Train Epoch 92: [0/472 (0.0%)]	Loss: 0.060993
2026-02-12 14:58:35,183 - experiment_ablation_no_chaotic_features - DEBUG - [STABILITY] lyap=0.028, max_norm=25.4, min_std=4.969
2026-02-12 14:58:36,433 - experiment_ablation_no_chaotic_features - INFO - Epoch 92: Train Loss: 0.0435, Train Acc: 0.9911, Val Loss: 5.3656, Val Acc: 0.2809
2026-02-12 14:58:37,124 - experiment_ablation_no_chaotic_features - INFO - Train Epoch 93: [0/472 (0.0%)]	Loss: 0.052551
2026-02-12 14:58:41,943 - experiment_ablation_no_chaotic_features - INFO - Epoch 93: Train Loss: 0.0284, Train Acc: 0.9911, Val Loss: 4.8442, Val Acc: 0.1685
2026-02-12 14:58:42,534 - experiment_ablation_no_chaotic_features - INFO - Train Epoch 94: [0/472 (0.0%)]	Loss: 0.009979
2026-02-12 14:58:47,369 - experiment_ablation_no_chaotic_features - INFO - Epoch 94: Train Loss: 0.0255, Train Acc: 0.9933, Val Loss: 9.0363, Val Acc: 0.0562
2026-02-12 14:58:48,087 - experiment_ablation_no_chaotic_features - INFO - Train Epoch 95: [0/472 (0.0%)]	Loss: 0.011792
2026-02-12 14:58:52,988 - experiment_ablation_no_chaotic_features - INFO - Epoch 95: Train Loss: 0.0340, Train Acc: 0.9911, Val Loss: 7.4941, Val Acc: 0.1348
2026-02-12 14:58:53,694 - experiment_ablation_no_chaotic_features - INFO - Train Epoch 96: [0/472 (0.0%)]	Loss: 0.034843
2026-02-12 14:58:58,700 - experiment_ablation_no_chaotic_features - INFO - Epoch 96: Train Loss: 0.0555, Train Acc: 0.9821, Val Loss: 7.8725, Val Acc: 0.0899
2026-02-12 14:58:59,378 - experiment_ablation_no_chaotic_features - INFO - Train Epoch 97: [0/472 (0.0%)]	Loss: 0.053533
2026-02-12 14:59:04,265 - experiment_ablation_no_chaotic_features - INFO - Epoch 97: Train Loss: 0.0420, Train Acc: 0.9888, Val Loss: 7.7807, Val Acc: 0.0674
2026-02-12 14:59:04,936 - experiment_ablation_no_chaotic_features - INFO - Train Epoch 98: [0/472 (0.0%)]	Loss: 0.142715
2026-02-12 14:59:09,847 - experiment_ablation_no_chaotic_features - INFO - Epoch 98: Train Loss: 0.0877, Train Acc: 0.9710, Val Loss: 6.5749, Val Acc: 0.1348
2026-02-12 14:59:10,524 - experiment_ablation_no_chaotic_features - INFO - Train Epoch 99: [0/472 (0.0%)]	Loss: 0.022694
2026-02-12 14:59:15,449 - experiment_ablation_no_chaotic_features - INFO - Epoch 99: Train Loss: 0.0721, Train Acc: 0.9821, Val Loss: 6.8166, Val Acc: 0.1124
2026-02-12 14:59:15,457 - experiment_ablation_no_chaotic_features - INFO - Running final test evaluation...
2026-02-12 14:59:16,304 - experiment_ablation_no_chaotic_features - INFO - Test Results:
2026-02-12 14:59:16,304 - experiment_ablation_no_chaotic_features - INFO -   loss: 6.9006
2026-02-12 14:59:16,304 - experiment_ablation_no_chaotic_features - INFO -   accuracy: 0.1441
2026-02-12 14:59:16,311 - experiment_ablation_no_chaotic_features - INFO - Training completed
2026-02-12 15:10:49,814 - experiment_ablation_no_chaotic_features - INFO - Initialized experiment: ablation_no_chaotic_features
2026-02-12 15:10:49,816 - experiment_ablation_no_chaotic_features - INFO - Device: cuda
2026-02-12 15:10:49,816 - experiment_ablation_no_chaotic_features - INFO - Output directory: /scratch/project_2003370/yueyao/Model/experiments/configs/Ablation_study/no_chaotic_features/ablation_no_chaotic_features
2026-02-12 15:10:49,816 - experiment_ablation_no_chaotic_features - INFO - [SYNC LOSS] Enabled with mode: standard
2026-02-12 15:10:49,816 - experiment_ablation_no_chaotic_features - INFO - Initialized chaotic network experiment with lorenz system
2026-02-12 15:14:23,489 - experiment_ablation_no_chaotic_features - INFO - Initialized experiment: ablation_no_chaotic_features
2026-02-12 15:14:23,489 - experiment_ablation_no_chaotic_features - INFO - Device: cuda
2026-02-12 15:14:23,489 - experiment_ablation_no_chaotic_features - INFO - Output directory: /scratch/project_2003370/yueyao/Model/experiments/configs/Ablation_study/no_chaotic_features/ablation_no_chaotic_features
2026-02-12 15:14:23,490 - experiment_ablation_no_chaotic_features - INFO - [SYNC LOSS] Enabled with mode: standard
2026-02-12 15:14:23,490 - experiment_ablation_no_chaotic_features - INFO - Initialized chaotic network experiment with lorenz system
2026-02-12 15:40:18,654 - experiment_ablation_no_chaotic_features - INFO - Initialized experiment: ablation_no_chaotic_features
2026-02-12 15:40:18,654 - experiment_ablation_no_chaotic_features - INFO - Device: cuda
2026-02-12 15:40:18,654 - experiment_ablation_no_chaotic_features - INFO - Output directory: /scratch/project_2003370/yueyao/Model/experiments/configs/Ablation_study/no_chaotic_features/ablation_no_chaotic_features
2026-02-12 15:40:18,654 - experiment_ablation_no_chaotic_features - INFO - [SYNC LOSS] Enabled with mode: standard
2026-02-12 15:40:18,654 - experiment_ablation_no_chaotic_features - INFO - Initialized chaotic network experiment with lorenz system
2026-02-12 15:40:18,654 - experiment_ablation_no_chaotic_features - INFO - Setting up experiment components...
2026-02-12 15:40:18,655 - experiment_ablation_no_chaotic_features - INFO - Creating dataloaders...
2026-02-12 15:40:18,656 - experiment_ablation_no_chaotic_features - INFO - Detected 10 speakers in dataset
2026-02-12 15:40:18,656 - experiment_ablation_no_chaotic_features - INFO - Dataloaders created:
2026-02-12 15:40:18,656 - experiment_ablation_no_chaotic_features - INFO -   Train: 25 batches
2026-02-12 15:40:18,656 - experiment_ablation_no_chaotic_features - INFO -   Val: 5 batches
2026-02-12 15:40:18,656 - experiment_ablation_no_chaotic_features - INFO -   Test: 5 batches
2026-02-12 15:40:18,656 - experiment_ablation_no_chaotic_features - INFO - Creating model...
2026-02-12 15:40:18,656 - experiment_ablation_no_chaotic_features - INFO - Using actual num_speakers from dataset: 10
2026-02-12 15:41:25,173 - experiment_ablation_no_chaotic_features - INFO - Total parameters: 498,623
2026-02-12 15:41:25,173 - experiment_ablation_no_chaotic_features - INFO - Trainable parameters: 498,623
2026-02-12 15:41:25,173 - experiment_ablation_no_chaotic_features - INFO - Creating optimizer...
2026-02-12 15:41:25,174 - experiment_ablation_no_chaotic_features - INFO - Optimizer: AdamW
2026-02-12 15:41:25,174 - experiment_ablation_no_chaotic_features - INFO - Creating scheduler...
2026-02-12 15:41:25,174 - experiment_ablation_no_chaotic_features - INFO - Creating criterion...
2026-02-12 15:41:25,174 - experiment_ablation_no_chaotic_features - INFO - Criterion: CrossEntropyLoss
2026-02-12 15:41:25,261 - experiment_ablation_no_chaotic_features - INFO - Configuration saved to: /scratch/project_2003370/yueyao/Model/experiments/configs/Ablation_study/no_chaotic_features/ablation_no_chaotic_features/config.json
2026-02-12 15:41:25,261 - experiment_ablation_no_chaotic_features - INFO - Experiment setup completed
2026-02-12 15:41:25,262 - experiment_ablation_no_chaotic_features - INFO - Starting training for 100 epochs
2026-02-12 15:41:25,262 - experiment_ablation_no_chaotic_features - INFO - [SYNC LOSS] Warmup complete, synchronization loss activated!
2026-02-12 15:41:25,276 - experiment_ablation_no_chaotic_features - INFO - 
================================================================================
2026-02-12 15:41:25,276 - experiment_ablation_no_chaotic_features - INFO - COMPREHENSIVE DEBUG - FIRST BATCH
2026-02-12 15:41:25,276 - experiment_ablation_no_chaotic_features - INFO - ================================================================================
2026-02-12 15:41:25,276 - experiment_ablation_no_chaotic_features - INFO - Batch Info:
2026-02-12 15:41:25,276 - experiment_ablation_no_chaotic_features - INFO -   Audio shape: torch.Size([32, 48000])
2026-02-12 15:41:25,276 - experiment_ablation_no_chaotic_features - INFO -   Targets shape: torch.Size([32])
2026-02-12 15:41:25,277 - experiment_ablation_no_chaotic_features - INFO -   Targets (first 8): tensor([9, 2, 6, 5, 9, 9, 9, 3], device='cuda:0')
2026-02-12 15:41:25,392 - experiment_ablation_no_chaotic_features - INFO - ================================================================================

2026-02-12 15:41:25,505 - experiment_ablation_no_chaotic_features - INFO - [STABILITY] Initialized LyapunovStabilityLoss
2026-02-12 15:41:25,506 - experiment_ablation_no_chaotic_features - DEBUG - [STABILITY] lyap=0.067, max_norm=54.4, min_std=12.149
2026-02-12 15:41:25,698 - experiment_ablation_no_chaotic_features - INFO - Train Epoch 0: [0/800 (0.0%)]	Loss: 4.944778
2026-02-12 15:41:33,433 - experiment_ablation_no_chaotic_features - INFO - [SYNC DEBUG] Epoch 0: sync_weight=0.0, desync_weight=0.0, loss_sync=0.000000
2026-02-12 15:41:34,002 - experiment_ablation_no_chaotic_features - INFO - Epoch 0: Train Loss: 2.2027, Train Acc: 0.5537, Val Loss: 8.1943, Val Acc: 0.1000
2026-02-12 15:41:34,071 - experiment_ablation_no_chaotic_features - INFO - Saved new best model at epoch 0
2026-02-12 15:41:34,498 - experiment_ablation_no_chaotic_features - INFO - Train Epoch 1: [0/800 (0.0%)]	Loss: 0.564807
2026-02-12 15:41:42,267 - experiment_ablation_no_chaotic_features - INFO - [SYNC DEBUG] Epoch 1: sync_weight=0.0, desync_weight=0.0, loss_sync=0.000000
2026-02-12 15:41:42,840 - experiment_ablation_no_chaotic_features - INFO - Epoch 1: Train Loss: 0.1779, Train Acc: 0.9563, Val Loss: 10.2355, Val Acc: 0.1000
2026-02-12 15:41:43,157 - experiment_ablation_no_chaotic_features - INFO - Train Epoch 2: [0/800 (0.0%)]	Loss: 0.028316
2026-02-12 15:41:50,912 - experiment_ablation_no_chaotic_features - INFO - [SYNC DEBUG] Epoch 2: sync_weight=0.0, desync_weight=0.0, loss_sync=0.000000
2026-02-12 15:41:51,478 - experiment_ablation_no_chaotic_features - INFO - Epoch 2: Train Loss: 0.0355, Train Acc: 0.9912, Val Loss: 1.6876, Val Acc: 0.6000
2026-02-12 15:41:51,554 - experiment_ablation_no_chaotic_features - INFO - Saved new best model at epoch 2
2026-02-12 15:41:51,909 - experiment_ablation_no_chaotic_features - INFO - Train Epoch 3: [0/800 (0.0%)]	Loss: 0.008490
2026-02-12 15:41:59,693 - experiment_ablation_no_chaotic_features - INFO - [SYNC DEBUG] Epoch 3: sync_weight=0.0, desync_weight=0.0, loss_sync=0.000000
2026-02-12 15:42:00,265 - experiment_ablation_no_chaotic_features - INFO - Epoch 3: Train Loss: 0.0278, Train Acc: 0.9925, Val Loss: 0.1467, Val Acc: 0.9563
2026-02-12 15:42:00,354 - experiment_ablation_no_chaotic_features - INFO - Saved new best model at epoch 3
2026-02-12 15:42:00,523 - experiment_ablation_no_chaotic_features - DEBUG - [STABILITY] lyap=0.020, max_norm=34.0, min_std=7.603
2026-02-12 15:42:00,714 - experiment_ablation_no_chaotic_features - INFO - Train Epoch 4: [0/800 (0.0%)]	Loss: 0.008897
2026-02-12 15:42:08,420 - experiment_ablation_no_chaotic_features - INFO - [SYNC DEBUG] Epoch 4: sync_weight=0.0, desync_weight=0.0, loss_sync=0.000000
2026-02-12 15:42:08,986 - experiment_ablation_no_chaotic_features - INFO - Epoch 4: Train Loss: 0.0150, Train Acc: 0.9975, Val Loss: 5.0928, Val Acc: 0.2750
2026-02-12 15:42:09,302 - experiment_ablation_no_chaotic_features - INFO - Train Epoch 5: [0/800 (0.0%)]	Loss: 0.010808
2026-02-12 15:42:17,031 - experiment_ablation_no_chaotic_features - INFO - [SYNC DEBUG] Epoch 5: sync_weight=0.0, desync_weight=0.0, loss_sync=0.000000
2026-02-12 15:42:17,598 - experiment_ablation_no_chaotic_features - INFO - Epoch 5: Train Loss: 0.0183, Train Acc: 0.9975, Val Loss: 4.2818, Val Acc: 0.3063
2026-02-12 15:42:17,916 - experiment_ablation_no_chaotic_features - INFO - Train Epoch 6: [0/800 (0.0%)]	Loss: 0.008558
2026-02-12 15:42:25,644 - experiment_ablation_no_chaotic_features - INFO - [SYNC DEBUG] Epoch 6: sync_weight=0.0, desync_weight=0.0, loss_sync=0.000000
2026-02-12 15:42:26,211 - experiment_ablation_no_chaotic_features - INFO - Epoch 6: Train Loss: 0.0148, Train Acc: 0.9987, Val Loss: 2.0816, Val Acc: 0.4625
2026-02-12 15:42:26,528 - experiment_ablation_no_chaotic_features - INFO - Train Epoch 7: [0/800 (0.0%)]	Loss: 0.008424
2026-02-12 15:42:34,239 - experiment_ablation_no_chaotic_features - INFO - [SYNC DEBUG] Epoch 7: sync_weight=0.0, desync_weight=0.0, loss_sync=0.000000
2026-02-12 15:42:34,806 - experiment_ablation_no_chaotic_features - INFO - Epoch 7: Train Loss: 0.0124, Train Acc: 0.9975, Val Loss: 1.4293, Val Acc: 0.6938
2026-02-12 15:42:34,933 - experiment_ablation_no_chaotic_features - DEBUG - [STABILITY] lyap=0.021, max_norm=30.3, min_std=6.608
2026-02-12 15:42:35,124 - experiment_ablation_no_chaotic_features - INFO - Train Epoch 8: [0/800 (0.0%)]	Loss: 0.008223
2026-02-12 15:42:42,930 - experiment_ablation_no_chaotic_features - INFO - [SYNC DEBUG] Epoch 8: sync_weight=0.0, desync_weight=0.0, loss_sync=0.000000
2026-02-12 15:42:43,499 - experiment_ablation_no_chaotic_features - INFO - Epoch 8: Train Loss: 0.0180, Train Acc: 0.9987, Val Loss: 0.8209, Val Acc: 0.8062
2026-02-12 15:42:43,816 - experiment_ablation_no_chaotic_features - INFO - Train Epoch 9: [0/800 (0.0%)]	Loss: 0.007958
2026-02-12 15:42:51,527 - experiment_ablation_no_chaotic_features - INFO - [SYNC DEBUG] Epoch 9: sync_weight=0.0, desync_weight=0.0, loss_sync=0.000000
2026-02-12 15:42:52,093 - experiment_ablation_no_chaotic_features - INFO - Epoch 9: Train Loss: 0.0152, Train Acc: 0.9987, Val Loss: 1.0587, Val Acc: 0.7875
2026-02-12 15:42:52,412 - experiment_ablation_no_chaotic_features - INFO - Train Epoch 10: [0/800 (0.0%)]	Loss: 0.008077
2026-02-12 15:43:00,102 - experiment_ablation_no_chaotic_features - INFO - [SYNC DEBUG] Epoch 10: sync_weight=0.0, desync_weight=0.0, loss_sync=0.000000
2026-02-12 15:43:00,667 - experiment_ablation_no_chaotic_features - INFO - Epoch 10: Train Loss: 0.0087, Train Acc: 1.0000, Val Loss: 0.0575, Val Acc: 0.9812
2026-02-12 15:43:00,738 - experiment_ablation_no_chaotic_features - INFO - Saved new best model at epoch 10
2026-02-12 15:43:01,174 - experiment_ablation_no_chaotic_features - INFO - Train Epoch 11: [0/800 (0.0%)]	Loss: 0.010840
2026-02-12 15:43:08,955 - experiment_ablation_no_chaotic_features - INFO - [SYNC DEBUG] Epoch 11: sync_weight=0.0, desync_weight=0.0, loss_sync=0.000000
2026-02-12 15:43:09,530 - experiment_ablation_no_chaotic_features - INFO - Epoch 11: Train Loss: 0.0104, Train Acc: 0.9975, Val Loss: 2.4991, Val Acc: 0.5562
2026-02-12 15:43:09,657 - experiment_ablation_no_chaotic_features - DEBUG - [STABILITY] lyap=0.024, max_norm=29.7, min_std=6.445
2026-02-12 15:43:09,848 - experiment_ablation_no_chaotic_features - INFO - Train Epoch 12: [0/800 (0.0%)]	Loss: 0.007981
2026-02-12 15:43:17,588 - experiment_ablation_no_chaotic_features - INFO - [SYNC DEBUG] Epoch 12: sync_weight=0.0, desync_weight=0.0, loss_sync=0.000000
2026-02-12 15:43:18,158 - experiment_ablation_no_chaotic_features - INFO - Epoch 12: Train Loss: 0.0120, Train Acc: 0.9987, Val Loss: 0.1016, Val Acc: 0.9750
2026-02-12 15:43:18,473 - experiment_ablation_no_chaotic_features - INFO - Train Epoch 13: [0/800 (0.0%)]	Loss: 0.007930
2026-02-12 15:43:26,182 - experiment_ablation_no_chaotic_features - INFO - [SYNC DEBUG] Epoch 13: sync_weight=0.0, desync_weight=0.0, loss_sync=0.000000
2026-02-12 15:43:26,749 - experiment_ablation_no_chaotic_features - INFO - Epoch 13: Train Loss: 0.0081, Train Acc: 1.0000, Val Loss: 0.0334, Val Acc: 0.9875
2026-02-12 15:43:26,823 - experiment_ablation_no_chaotic_features - INFO - Saved new best model at epoch 13
2026-02-12 15:43:27,179 - experiment_ablation_no_chaotic_features - INFO - Train Epoch 14: [0/800 (0.0%)]	Loss: 0.007913
2026-02-12 15:43:34,957 - experiment_ablation_no_chaotic_features - INFO - [SYNC DEBUG] Epoch 14: sync_weight=0.0, desync_weight=0.0, loss_sync=0.000000
2026-02-12 15:43:35,537 - experiment_ablation_no_chaotic_features - INFO - Epoch 14: Train Loss: 0.0155, Train Acc: 0.9950, Val Loss: 1.6266, Val Acc: 0.6687
2026-02-12 15:43:35,853 - experiment_ablation_no_chaotic_features - INFO - Train Epoch 15: [0/800 (0.0%)]	Loss: 0.009631
2026-02-12 15:43:43,604 - experiment_ablation_no_chaotic_features - INFO - [SYNC DEBUG] Epoch 15: sync_weight=0.0, desync_weight=0.0, loss_sync=0.000000
2026-02-12 15:43:44,170 - experiment_ablation_no_chaotic_features - INFO - Epoch 15: Train Loss: 0.0200, Train Acc: 0.9975, Val Loss: 0.6651, Val Acc: 0.8375
2026-02-12 15:43:44,296 - experiment_ablation_no_chaotic_features - DEBUG - [STABILITY] lyap=0.023, max_norm=27.8, min_std=5.939
2026-02-12 15:43:44,487 - experiment_ablation_no_chaotic_features - INFO - Train Epoch 16: [0/800 (0.0%)]	Loss: 0.007814
2026-02-12 15:43:52,239 - experiment_ablation_no_chaotic_features - INFO - [SYNC DEBUG] Epoch 16: sync_weight=0.0, desync_weight=0.0, loss_sync=0.000000
2026-02-12 15:43:52,814 - experiment_ablation_no_chaotic_features - INFO - Epoch 16: Train Loss: 0.0109, Train Acc: 0.9987, Val Loss: 0.5238, Val Acc: 0.8250
2026-02-12 15:43:53,130 - experiment_ablation_no_chaotic_features - INFO - Train Epoch 17: [0/800 (0.0%)]	Loss: 0.007585
2026-02-12 15:44:00,916 - experiment_ablation_no_chaotic_features - INFO - [SYNC DEBUG] Epoch 17: sync_weight=0.0, desync_weight=0.0, loss_sync=0.000000
2026-02-12 15:44:01,488 - experiment_ablation_no_chaotic_features - INFO - Epoch 17: Train Loss: 0.0103, Train Acc: 1.0000, Val Loss: 0.0771, Val Acc: 0.9750
2026-02-12 15:44:01,805 - experiment_ablation_no_chaotic_features - INFO - Train Epoch 18: [0/800 (0.0%)]	Loss: 0.182692
2026-02-12 15:44:09,574 - experiment_ablation_no_chaotic_features - INFO - [SYNC DEBUG] Epoch 18: sync_weight=0.0, desync_weight=0.0, loss_sync=0.000000
2026-02-12 15:44:10,146 - experiment_ablation_no_chaotic_features - INFO - Epoch 18: Train Loss: 0.0206, Train Acc: 0.9975, Val Loss: 0.0717, Val Acc: 0.9812
2026-02-12 15:44:10,465 - experiment_ablation_no_chaotic_features - INFO - Train Epoch 19: [0/800 (0.0%)]	Loss: 0.007564
2026-02-12 15:44:18,256 - experiment_ablation_no_chaotic_features - INFO - [SYNC DEBUG] Epoch 19: sync_weight=0.0, desync_weight=0.0, loss_sync=0.000000
2026-02-12 15:44:18,826 - experiment_ablation_no_chaotic_features - INFO - Epoch 19: Train Loss: 0.0133, Train Acc: 0.9987, Val Loss: 0.4159, Val Acc: 0.9375
2026-02-12 15:44:18,953 - experiment_ablation_no_chaotic_features - DEBUG - [STABILITY] lyap=0.025, max_norm=26.9, min_std=5.622
2026-02-12 15:44:19,145 - experiment_ablation_no_chaotic_features - INFO - Train Epoch 20: [0/800 (0.0%)]	Loss: 0.007691
2026-02-12 15:44:26,930 - experiment_ablation_no_chaotic_features - INFO - [SYNC DEBUG] Epoch 20: sync_weight=0.0, desync_weight=0.0, loss_sync=0.000000
2026-02-12 15:44:27,506 - experiment_ablation_no_chaotic_features - INFO - Epoch 20: Train Loss: 0.0079, Train Acc: 1.0000, Val Loss: 0.0001, Val Acc: 1.0000
2026-02-12 15:44:27,575 - experiment_ablation_no_chaotic_features - INFO - Saved new best model at epoch 20
2026-02-12 15:44:28,011 - experiment_ablation_no_chaotic_features - INFO - Train Epoch 21: [0/800 (0.0%)]	Loss: 0.007743
2026-02-12 15:44:35,824 - experiment_ablation_no_chaotic_features - INFO - [SYNC DEBUG] Epoch 21: sync_weight=0.0, desync_weight=0.0, loss_sync=0.000000
2026-02-12 15:44:36,393 - experiment_ablation_no_chaotic_features - INFO - Epoch 21: Train Loss: 0.0097, Train Acc: 1.0000, Val Loss: 0.2539, Val Acc: 0.9187
2026-02-12 15:44:36,712 - experiment_ablation_no_chaotic_features - INFO - Train Epoch 22: [0/800 (0.0%)]	Loss: 0.007624
2026-02-12 15:44:44,412 - experiment_ablation_no_chaotic_features - INFO - [SYNC DEBUG] Epoch 22: sync_weight=0.0, desync_weight=0.0, loss_sync=0.000000
2026-02-12 15:44:44,977 - experiment_ablation_no_chaotic_features - INFO - Epoch 22: Train Loss: 0.0158, Train Acc: 0.9987, Val Loss: 0.8106, Val Acc: 0.7937
2026-02-12 15:44:45,300 - experiment_ablation_no_chaotic_features - INFO - Train Epoch 23: [0/800 (0.0%)]	Loss: 0.007551
2026-02-12 15:44:53,091 - experiment_ablation_no_chaotic_features - INFO - [SYNC DEBUG] Epoch 23: sync_weight=0.0, desync_weight=0.0, loss_sync=0.000000
2026-02-12 15:44:53,661 - experiment_ablation_no_chaotic_features - INFO - Epoch 23: Train Loss: 0.0105, Train Acc: 0.9987, Val Loss: 0.2220, Val Acc: 0.9375
2026-02-12 15:44:53,788 - experiment_ablation_no_chaotic_features - DEBUG - [STABILITY] lyap=0.026, max_norm=26.4, min_std=5.386
2026-02-12 15:44:53,979 - experiment_ablation_no_chaotic_features - INFO - Train Epoch 24: [0/800 (0.0%)]	Loss: 0.007430
2026-02-12 15:45:01,756 - experiment_ablation_no_chaotic_features - INFO - [SYNC DEBUG] Epoch 24: sync_weight=0.0, desync_weight=0.0, loss_sync=0.000000
2026-02-12 15:45:02,327 - experiment_ablation_no_chaotic_features - INFO - Epoch 24: Train Loss: 0.0080, Train Acc: 1.0000, Val Loss: 0.0415, Val Acc: 0.9875
2026-02-12 15:45:02,646 - experiment_ablation_no_chaotic_features - INFO - Train Epoch 25: [0/800 (0.0%)]	Loss: 0.007382
2026-02-12 15:45:10,350 - experiment_ablation_no_chaotic_features - INFO - [SYNC DEBUG] Epoch 25: sync_weight=0.0, desync_weight=0.0, loss_sync=0.000000
2026-02-12 15:45:10,916 - experiment_ablation_no_chaotic_features - INFO - Epoch 25: Train Loss: 0.0082, Train Acc: 1.0000, Val Loss: 0.5318, Val Acc: 0.8375
2026-02-12 15:45:11,233 - experiment_ablation_no_chaotic_features - INFO - Train Epoch 26: [0/800 (0.0%)]	Loss: 0.007389
2026-02-12 15:45:19,068 - experiment_ablation_no_chaotic_features - INFO - [SYNC DEBUG] Epoch 26: sync_weight=0.0, desync_weight=0.0, loss_sync=0.000000
2026-02-12 15:45:19,633 - experiment_ablation_no_chaotic_features - INFO - Epoch 26: Train Loss: 0.0123, Train Acc: 0.9987, Val Loss: 1.0673, Val Acc: 0.7750
2026-02-12 15:45:19,951 - experiment_ablation_no_chaotic_features - INFO - Train Epoch 27: [0/800 (0.0%)]	Loss: 0.067301
2026-02-12 15:45:27,649 - experiment_ablation_no_chaotic_features - INFO - [SYNC DEBUG] Epoch 27: sync_weight=0.0, desync_weight=0.0, loss_sync=0.000000
2026-02-12 15:45:28,216 - experiment_ablation_no_chaotic_features - INFO - Epoch 27: Train Loss: 0.0104, Train Acc: 0.9987, Val Loss: 6.3962, Val Acc: 0.3063
2026-02-12 15:45:28,341 - experiment_ablation_no_chaotic_features - DEBUG - [STABILITY] lyap=0.028, max_norm=26.4, min_std=5.299
2026-02-12 15:45:28,533 - experiment_ablation_no_chaotic_features - INFO - Train Epoch 28: [0/800 (0.0%)]	Loss: 0.007278
2026-02-12 15:45:36,236 - experiment_ablation_no_chaotic_features - INFO - [SYNC DEBUG] Epoch 28: sync_weight=0.0, desync_weight=0.0, loss_sync=0.000000
2026-02-12 15:45:36,804 - experiment_ablation_no_chaotic_features - INFO - Epoch 28: Train Loss: 0.0110, Train Acc: 0.9987, Val Loss: 2.8614, Val Acc: 0.4875
2026-02-12 15:45:37,121 - experiment_ablation_no_chaotic_features - INFO - Train Epoch 29: [0/800 (0.0%)]	Loss: 0.007502
2026-02-12 15:45:44,825 - experiment_ablation_no_chaotic_features - INFO - [SYNC DEBUG] Epoch 29: sync_weight=0.0, desync_weight=0.0, loss_sync=0.000000
2026-02-12 15:45:45,393 - experiment_ablation_no_chaotic_features - INFO - Epoch 29: Train Loss: 0.0156, Train Acc: 0.9962, Val Loss: 1.5677, Val Acc: 0.6313
2026-02-12 15:45:45,710 - experiment_ablation_no_chaotic_features - INFO - Train Epoch 30: [0/800 (0.0%)]	Loss: 0.007448
2026-02-12 15:45:53,407 - experiment_ablation_no_chaotic_features - INFO - [SYNC DEBUG] Epoch 30: sync_weight=0.0, desync_weight=0.0, loss_sync=0.000000
2026-02-12 15:45:53,972 - experiment_ablation_no_chaotic_features - INFO - Epoch 30: Train Loss: 0.0077, Train Acc: 1.0000, Val Loss: 1.5157, Val Acc: 0.7937
2026-02-12 15:45:54,361 - experiment_ablation_no_chaotic_features - INFO - Train Epoch 31: [0/800 (0.0%)]	Loss: 0.008256
2026-02-12 15:46:02,071 - experiment_ablation_no_chaotic_features - INFO - [SYNC DEBUG] Epoch 31: sync_weight=0.0, desync_weight=0.0, loss_sync=0.000000
2026-02-12 15:46:02,637 - experiment_ablation_no_chaotic_features - INFO - Epoch 31: Train Loss: 0.0251, Train Acc: 0.9950, Val Loss: 1.4994, Val Acc: 0.7437
2026-02-12 15:46:02,762 - experiment_ablation_no_chaotic_features - DEBUG - [STABILITY] lyap=0.027, max_norm=28.1, min_std=5.764
2026-02-12 15:46:02,953 - experiment_ablation_no_chaotic_features - INFO - Train Epoch 32: [0/800 (0.0%)]	Loss: 0.007425
2026-02-12 15:46:10,641 - experiment_ablation_no_chaotic_features - INFO - [SYNC DEBUG] Epoch 32: sync_weight=0.0, desync_weight=0.0, loss_sync=0.000000
2026-02-12 15:46:11,204 - experiment_ablation_no_chaotic_features - INFO - Epoch 32: Train Loss: 0.0145, Train Acc: 0.9975, Val Loss: 1.8217, Val Acc: 0.6625
2026-02-12 15:46:11,521 - experiment_ablation_no_chaotic_features - INFO - Train Epoch 33: [0/800 (0.0%)]	Loss: 0.013088
2026-02-12 15:46:19,231 - experiment_ablation_no_chaotic_features - INFO - [SYNC DEBUG] Epoch 33: sync_weight=0.0, desync_weight=0.0, loss_sync=0.000000
2026-02-12 15:46:19,795 - experiment_ablation_no_chaotic_features - INFO - Epoch 33: Train Loss: 0.0082, Train Acc: 1.0000, Val Loss: 1.3519, Val Acc: 0.7937
2026-02-12 15:46:20,113 - experiment_ablation_no_chaotic_features - INFO - Train Epoch 34: [0/800 (0.0%)]	Loss: 0.007278
2026-02-12 15:46:27,813 - experiment_ablation_no_chaotic_features - INFO - [SYNC DEBUG] Epoch 34: sync_weight=0.0, desync_weight=0.0, loss_sync=0.000000
2026-02-12 15:46:28,377 - experiment_ablation_no_chaotic_features - INFO - Epoch 34: Train Loss: 0.0075, Train Acc: 1.0000, Val Loss: 0.0000, Val Acc: 1.0000
2026-02-12 15:46:28,694 - experiment_ablation_no_chaotic_features - INFO - Train Epoch 35: [0/800 (0.0%)]	Loss: 0.007342
2026-02-12 15:46:36,396 - experiment_ablation_no_chaotic_features - INFO - [SYNC DEBUG] Epoch 35: sync_weight=0.0, desync_weight=0.0, loss_sync=0.000000
2026-02-12 15:46:36,966 - experiment_ablation_no_chaotic_features - INFO - Epoch 35: Train Loss: 0.0074, Train Acc: 1.0000, Val Loss: 0.0000, Val Acc: 1.0000
2026-02-12 15:46:37,096 - experiment_ablation_no_chaotic_features - DEBUG - [STABILITY] lyap=0.028, max_norm=27.0, min_std=5.510
2026-02-12 15:46:37,288 - experiment_ablation_no_chaotic_features - INFO - Train Epoch 36: [0/800 (0.0%)]	Loss: 0.007260
2026-02-12 15:46:44,991 - experiment_ablation_no_chaotic_features - INFO - [SYNC DEBUG] Epoch 36: sync_weight=0.0, desync_weight=0.0, loss_sync=0.000000
2026-02-12 15:46:45,555 - experiment_ablation_no_chaotic_features - INFO - Epoch 36: Train Loss: 0.0073, Train Acc: 1.0000, Val Loss: 0.0000, Val Acc: 1.0000
2026-02-12 15:46:45,871 - experiment_ablation_no_chaotic_features - INFO - Train Epoch 37: [0/800 (0.0%)]	Loss: 0.007232
2026-02-12 15:46:53,572 - experiment_ablation_no_chaotic_features - INFO - [SYNC DEBUG] Epoch 37: sync_weight=0.0, desync_weight=0.0, loss_sync=0.000000
2026-02-12 15:46:54,138 - experiment_ablation_no_chaotic_features - INFO - Epoch 37: Train Loss: 0.0080, Train Acc: 1.0000, Val Loss: 0.7477, Val Acc: 0.8625
2026-02-12 15:46:54,455 - experiment_ablation_no_chaotic_features - INFO - Train Epoch 38: [0/800 (0.0%)]	Loss: 0.007229
2026-02-12 15:47:02,157 - experiment_ablation_no_chaotic_features - INFO - [SYNC DEBUG] Epoch 38: sync_weight=0.0, desync_weight=0.0, loss_sync=0.000000
2026-02-12 15:47:02,720 - experiment_ablation_no_chaotic_features - INFO - Epoch 38: Train Loss: 0.0182, Train Acc: 0.9987, Val Loss: 1.5972, Val Acc: 0.6562
2026-02-12 15:47:03,037 - experiment_ablation_no_chaotic_features - INFO - Train Epoch 39: [0/800 (0.0%)]	Loss: 0.007229
2026-02-12 15:47:10,749 - experiment_ablation_no_chaotic_features - INFO - [SYNC DEBUG] Epoch 39: sync_weight=0.0, desync_weight=0.0, loss_sync=0.000000
2026-02-12 15:47:11,317 - experiment_ablation_no_chaotic_features - INFO - Epoch 39: Train Loss: 0.0097, Train Acc: 0.9987, Val Loss: 0.0226, Val Acc: 0.9937
2026-02-12 15:47:11,442 - experiment_ablation_no_chaotic_features - DEBUG - [STABILITY] lyap=0.028, max_norm=26.6, min_std=5.374
2026-02-12 15:47:11,634 - experiment_ablation_no_chaotic_features - INFO - Train Epoch 40: [0/800 (0.0%)]	Loss: 0.007314
2026-02-12 15:47:19,336 - experiment_ablation_no_chaotic_features - INFO - [SYNC DEBUG] Epoch 40: sync_weight=0.0, desync_weight=0.0, loss_sync=0.000000
2026-02-12 15:47:19,902 - experiment_ablation_no_chaotic_features - INFO - Epoch 40: Train Loss: 0.0112, Train Acc: 0.9975, Val Loss: 1.8295, Val Acc: 0.7750
2026-02-12 15:47:20,285 - experiment_ablation_no_chaotic_features - INFO - Train Epoch 41: [0/800 (0.0%)]	Loss: 0.007316
2026-02-12 15:47:27,987 - experiment_ablation_no_chaotic_features - INFO - [SYNC DEBUG] Epoch 41: sync_weight=0.0, desync_weight=0.0, loss_sync=0.000000
2026-02-12 15:47:28,552 - experiment_ablation_no_chaotic_features - INFO - Epoch 41: Train Loss: 0.0081, Train Acc: 1.0000, Val Loss: 0.0385, Val Acc: 0.9875
2026-02-12 15:47:28,868 - experiment_ablation_no_chaotic_features - INFO - Train Epoch 42: [0/800 (0.0%)]	Loss: 0.007823
2026-02-12 15:47:36,556 - experiment_ablation_no_chaotic_features - INFO - [SYNC DEBUG] Epoch 42: sync_weight=0.0, desync_weight=0.0, loss_sync=0.000000
2026-02-12 15:47:37,122 - experiment_ablation_no_chaotic_features - INFO - Epoch 42: Train Loss: 0.0121, Train Acc: 0.9987, Val Loss: 0.0000, Val Acc: 1.0000
2026-02-12 15:47:37,438 - experiment_ablation_no_chaotic_features - INFO - Train Epoch 43: [0/800 (0.0%)]	Loss: 0.007259
2026-02-12 15:47:45,132 - experiment_ablation_no_chaotic_features - INFO - [SYNC DEBUG] Epoch 43: sync_weight=0.0, desync_weight=0.0, loss_sync=0.000000
2026-02-12 15:47:45,696 - experiment_ablation_no_chaotic_features - INFO - Epoch 43: Train Loss: 0.0120, Train Acc: 0.9975, Val Loss: 0.0000, Val Acc: 1.0000
2026-02-12 15:47:45,822 - experiment_ablation_no_chaotic_features - DEBUG - [STABILITY] lyap=0.028, max_norm=26.5, min_std=5.407
2026-02-12 15:47:46,014 - experiment_ablation_no_chaotic_features - INFO - Train Epoch 44: [0/800 (0.0%)]	Loss: 0.007228
2026-02-12 15:47:53,730 - experiment_ablation_no_chaotic_features - INFO - [SYNC DEBUG] Epoch 44: sync_weight=0.0, desync_weight=0.0, loss_sync=0.000000
2026-02-12 15:47:54,298 - experiment_ablation_no_chaotic_features - INFO - Epoch 44: Train Loss: 0.0079, Train Acc: 1.0000, Val Loss: 0.0000, Val Acc: 1.0000
2026-02-12 15:47:54,615 - experiment_ablation_no_chaotic_features - INFO - Train Epoch 45: [0/800 (0.0%)]	Loss: 0.007215
2026-02-12 15:48:02,318 - experiment_ablation_no_chaotic_features - INFO - [SYNC DEBUG] Epoch 45: sync_weight=0.0, desync_weight=0.0, loss_sync=0.000000
2026-02-12 15:48:02,884 - experiment_ablation_no_chaotic_features - INFO - Epoch 45: Train Loss: 0.0130, Train Acc: 0.9987, Val Loss: 0.0000, Val Acc: 1.0000
2026-02-12 15:48:03,201 - experiment_ablation_no_chaotic_features - INFO - Train Epoch 46: [0/800 (0.0%)]	Loss: 0.007746
2026-02-12 15:48:11,006 - experiment_ablation_no_chaotic_features - INFO - [SYNC DEBUG] Epoch 46: sync_weight=0.0, desync_weight=0.0, loss_sync=0.000000
2026-02-12 15:48:11,576 - experiment_ablation_no_chaotic_features - INFO - Epoch 46: Train Loss: 0.0118, Train Acc: 0.9987, Val Loss: 0.7861, Val Acc: 0.8375
2026-02-12 15:48:11,892 - experiment_ablation_no_chaotic_features - INFO - Train Epoch 47: [0/800 (0.0%)]	Loss: 0.075811
2026-02-12 15:48:19,649 - experiment_ablation_no_chaotic_features - INFO - [SYNC DEBUG] Epoch 47: sync_weight=0.0, desync_weight=0.0, loss_sync=0.000000
2026-02-12 15:48:20,219 - experiment_ablation_no_chaotic_features - INFO - Epoch 47: Train Loss: 0.0123, Train Acc: 0.9987, Val Loss: 0.2868, Val Acc: 0.9438
2026-02-12 15:48:20,347 - experiment_ablation_no_chaotic_features - DEBUG - [STABILITY] lyap=0.029, max_norm=26.1, min_std=5.269
2026-02-12 15:48:20,538 - experiment_ablation_no_chaotic_features - INFO - Train Epoch 48: [0/800 (0.0%)]	Loss: 0.007104
2026-02-12 15:48:28,464 - experiment_ablation_no_chaotic_features - INFO - [SYNC DEBUG] Epoch 48: sync_weight=0.0, desync_weight=0.0, loss_sync=0.000000
2026-02-12 15:48:29,039 - experiment_ablation_no_chaotic_features - INFO - Epoch 48: Train Loss: 0.0089, Train Acc: 1.0000, Val Loss: 1.2352, Val Acc: 0.8375
2026-02-12 15:48:29,355 - experiment_ablation_no_chaotic_features - INFO - Train Epoch 49: [0/800 (0.0%)]	Loss: 0.007042
2026-02-12 15:48:37,161 - experiment_ablation_no_chaotic_features - INFO - [SYNC DEBUG] Epoch 49: sync_weight=0.0, desync_weight=0.0, loss_sync=0.000000
2026-02-12 15:48:37,735 - experiment_ablation_no_chaotic_features - INFO - Epoch 49: Train Loss: 0.0163, Train Acc: 0.9975, Val Loss: 0.3441, Val Acc: 0.9563
2026-02-12 15:48:38,053 - experiment_ablation_no_chaotic_features - INFO - Train Epoch 50: [0/800 (0.0%)]	Loss: 0.007064
2026-02-12 15:48:45,839 - experiment_ablation_no_chaotic_features - INFO - [SYNC DEBUG] Epoch 50: sync_weight=0.0, desync_weight=0.0, loss_sync=0.000000
2026-02-12 15:48:46,406 - experiment_ablation_no_chaotic_features - INFO - Epoch 50: Train Loss: 0.0076, Train Acc: 1.0000, Val Loss: 2.5282, Val Acc: 0.6625
2026-02-12 15:48:46,795 - experiment_ablation_no_chaotic_features - INFO - Train Epoch 51: [0/800 (0.0%)]	Loss: 0.007068
2026-02-12 15:48:54,593 - experiment_ablation_no_chaotic_features - INFO - [SYNC DEBUG] Epoch 51: sync_weight=0.0, desync_weight=0.0, loss_sync=0.000000
2026-02-12 15:48:55,167 - experiment_ablation_no_chaotic_features - INFO - Epoch 51: Train Loss: 0.0083, Train Acc: 0.9987, Val Loss: 3.5825, Val Acc: 0.6000
2026-02-12 15:48:55,293 - experiment_ablation_no_chaotic_features - DEBUG - [STABILITY] lyap=0.032, max_norm=28.1, min_std=5.736
2026-02-12 15:48:55,484 - experiment_ablation_no_chaotic_features - INFO - Train Epoch 52: [0/800 (0.0%)]	Loss: 0.006846
2026-02-12 15:49:03,280 - experiment_ablation_no_chaotic_features - INFO - [SYNC DEBUG] Epoch 52: sync_weight=0.0, desync_weight=0.0, loss_sync=0.000000
2026-02-12 15:49:03,853 - experiment_ablation_no_chaotic_features - INFO - Epoch 52: Train Loss: 0.0080, Train Acc: 0.9987, Val Loss: 2.0964, Val Acc: 0.6187
2026-02-12 15:49:04,169 - experiment_ablation_no_chaotic_features - INFO - Train Epoch 53: [0/800 (0.0%)]	Loss: 0.006180
2026-02-12 15:49:11,943 - experiment_ablation_no_chaotic_features - INFO - [SYNC DEBUG] Epoch 53: sync_weight=0.0, desync_weight=0.0, loss_sync=0.000000
2026-02-12 15:49:12,514 - experiment_ablation_no_chaotic_features - INFO - Epoch 53: Train Loss: 0.0062, Train Acc: 1.0000, Val Loss: 0.0005, Val Acc: 1.0000
2026-02-12 15:49:12,831 - experiment_ablation_no_chaotic_features - INFO - Train Epoch 54: [0/800 (0.0%)]	Loss: 0.005914
2026-02-12 15:49:20,649 - experiment_ablation_no_chaotic_features - INFO - [SYNC DEBUG] Epoch 54: sync_weight=0.0, desync_weight=0.0, loss_sync=0.000000
2026-02-12 15:49:21,221 - experiment_ablation_no_chaotic_features - INFO - Epoch 54: Train Loss: 0.0062, Train Acc: 1.0000, Val Loss: 0.1067, Val Acc: 0.9500
2026-02-12 15:49:21,541 - experiment_ablation_no_chaotic_features - INFO - Train Epoch 55: [0/800 (0.0%)]	Loss: 0.005606
2026-02-12 15:49:29,252 - experiment_ablation_no_chaotic_features - INFO - [SYNC DEBUG] Epoch 55: sync_weight=0.0, desync_weight=0.0, loss_sync=0.000000
2026-02-12 15:49:29,822 - experiment_ablation_no_chaotic_features - INFO - Epoch 55: Train Loss: 0.0059, Train Acc: 1.0000, Val Loss: 11.9220, Val Acc: 0.1000
2026-02-12 15:49:29,948 - experiment_ablation_no_chaotic_features - DEBUG - [STABILITY] lyap=0.038, max_norm=27.7, min_std=5.435
2026-02-12 15:49:30,139 - experiment_ablation_no_chaotic_features - INFO - Train Epoch 56: [0/800 (0.0%)]	Loss: 0.006231
2026-02-12 15:49:37,843 - experiment_ablation_no_chaotic_features - INFO - [SYNC DEBUG] Epoch 56: sync_weight=0.0, desync_weight=0.0, loss_sync=0.000000
2026-02-12 15:49:38,410 - experiment_ablation_no_chaotic_features - INFO - Epoch 56: Train Loss: 0.0076, Train Acc: 0.9987, Val Loss: 0.9914, Val Acc: 0.8125
2026-02-12 15:49:38,726 - experiment_ablation_no_chaotic_features - INFO - Train Epoch 57: [0/800 (0.0%)]	Loss: 0.006034
2026-02-12 15:49:46,434 - experiment_ablation_no_chaotic_features - INFO - [SYNC DEBUG] Epoch 57: sync_weight=0.0, desync_weight=0.0, loss_sync=0.000000
2026-02-12 15:49:46,997 - experiment_ablation_no_chaotic_features - INFO - Epoch 57: Train Loss: 0.0216, Train Acc: 0.9975, Val Loss: 1.0004, Val Acc: 0.7250
2026-02-12 15:49:47,314 - experiment_ablation_no_chaotic_features - INFO - Train Epoch 58: [0/800 (0.0%)]	Loss: 0.006344
2026-02-12 15:49:55,022 - experiment_ablation_no_chaotic_features - INFO - [SYNC DEBUG] Epoch 58: sync_weight=0.0, desync_weight=0.0, loss_sync=0.000000
2026-02-12 15:49:55,594 - experiment_ablation_no_chaotic_features - INFO - Epoch 58: Train Loss: 0.0101, Train Acc: 0.9987, Val Loss: 0.6697, Val Acc: 0.9000
2026-02-12 15:49:55,911 - experiment_ablation_no_chaotic_features - INFO - Train Epoch 59: [0/800 (0.0%)]	Loss: 0.006363
2026-02-12 15:50:03,614 - experiment_ablation_no_chaotic_features - INFO - [SYNC DEBUG] Epoch 59: sync_weight=0.0, desync_weight=0.0, loss_sync=0.000000
2026-02-12 15:50:04,178 - experiment_ablation_no_chaotic_features - INFO - Epoch 59: Train Loss: 0.0064, Train Acc: 1.0000, Val Loss: 0.0000, Val Acc: 1.0000
2026-02-12 15:50:04,304 - experiment_ablation_no_chaotic_features - DEBUG - [STABILITY] lyap=0.038, max_norm=26.2, min_std=5.344
2026-02-12 15:50:04,495 - experiment_ablation_no_chaotic_features - INFO - Train Epoch 60: [0/800 (0.0%)]	Loss: 0.006235
2026-02-12 15:50:12,201 - experiment_ablation_no_chaotic_features - INFO - [SYNC DEBUG] Epoch 60: sync_weight=0.0, desync_weight=0.0, loss_sync=0.000000
2026-02-12 15:50:12,766 - experiment_ablation_no_chaotic_features - INFO - Epoch 60: Train Loss: 0.0070, Train Acc: 1.0000, Val Loss: 8.2607, Val Acc: 0.1187
2026-02-12 15:50:13,156 - experiment_ablation_no_chaotic_features - INFO - Train Epoch 61: [0/800 (0.0%)]	Loss: 0.007783
2026-02-12 15:50:20,869 - experiment_ablation_no_chaotic_features - INFO - [SYNC DEBUG] Epoch 61: sync_weight=0.0, desync_weight=0.0, loss_sync=0.000000
2026-02-12 15:50:21,439 - experiment_ablation_no_chaotic_features - INFO - Epoch 61: Train Loss: 0.0068, Train Acc: 1.0000, Val Loss: 3.6943, Val Acc: 0.5188
2026-02-12 15:50:21,757 - experiment_ablation_no_chaotic_features - INFO - Train Epoch 62: [0/800 (0.0%)]	Loss: 0.006626
2026-02-12 15:50:29,473 - experiment_ablation_no_chaotic_features - INFO - [SYNC DEBUG] Epoch 62: sync_weight=0.0, desync_weight=0.0, loss_sync=0.000000
2026-02-12 15:50:30,040 - experiment_ablation_no_chaotic_features - INFO - Epoch 62: Train Loss: 0.0066, Train Acc: 1.0000, Val Loss: 0.0000, Val Acc: 1.0000
2026-02-12 15:50:30,357 - experiment_ablation_no_chaotic_features - INFO - Train Epoch 63: [0/800 (0.0%)]	Loss: 0.006360
2026-02-12 15:50:38,116 - experiment_ablation_no_chaotic_features - INFO - [SYNC DEBUG] Epoch 63: sync_weight=0.0, desync_weight=0.0, loss_sync=0.000000
2026-02-12 15:50:38,687 - experiment_ablation_no_chaotic_features - INFO - Epoch 63: Train Loss: 0.0062, Train Acc: 1.0000, Val Loss: 0.3948, Val Acc: 0.9062
2026-02-12 15:50:38,814 - experiment_ablation_no_chaotic_features - DEBUG - [STABILITY] lyap=0.042, max_norm=26.7, min_std=4.529
2026-02-12 15:50:39,006 - experiment_ablation_no_chaotic_features - INFO - Train Epoch 64: [0/800 (0.0%)]	Loss: 0.005880
2026-02-12 15:50:46,722 - experiment_ablation_no_chaotic_features - INFO - [SYNC DEBUG] Epoch 64: sync_weight=0.0, desync_weight=0.0, loss_sync=0.000000
2026-02-12 15:50:47,288 - experiment_ablation_no_chaotic_features - INFO - Epoch 64: Train Loss: 0.0057, Train Acc: 1.0000, Val Loss: 3.0561, Val Acc: 0.5500
2026-02-12 15:50:47,605 - experiment_ablation_no_chaotic_features - INFO - Train Epoch 65: [0/800 (0.0%)]	Loss: 0.005847
2026-02-12 15:50:55,362 - experiment_ablation_no_chaotic_features - INFO - [SYNC DEBUG] Epoch 65: sync_weight=0.0, desync_weight=0.0, loss_sync=0.000000
2026-02-12 15:50:55,929 - experiment_ablation_no_chaotic_features - INFO - Epoch 65: Train Loss: 0.0058, Train Acc: 1.0000, Val Loss: 0.0000, Val Acc: 1.0000
2026-02-12 15:50:56,246 - experiment_ablation_no_chaotic_features - INFO - Train Epoch 66: [0/800 (0.0%)]	Loss: 0.005603
2026-02-12 15:51:03,941 - experiment_ablation_no_chaotic_features - INFO - [SYNC DEBUG] Epoch 66: sync_weight=0.0, desync_weight=0.0, loss_sync=0.000000
2026-02-12 15:51:04,505 - experiment_ablation_no_chaotic_features - INFO - Epoch 66: Train Loss: 0.0053, Train Acc: 1.0000, Val Loss: 2.3252, Val Acc: 0.4563
2026-02-12 15:51:04,821 - experiment_ablation_no_chaotic_features - INFO - Train Epoch 67: [0/800 (0.0%)]	Loss: 0.004610
2026-02-12 15:51:12,619 - experiment_ablation_no_chaotic_features - INFO - [SYNC DEBUG] Epoch 67: sync_weight=0.0, desync_weight=0.0, loss_sync=0.000000
2026-02-12 15:51:13,189 - experiment_ablation_no_chaotic_features - INFO - Epoch 67: Train Loss: 0.0041, Train Acc: 1.0000, Val Loss: 1.2426, Val Acc: 0.6562
2026-02-12 15:51:13,316 - experiment_ablation_no_chaotic_features - DEBUG - [STABILITY] lyap=0.066, max_norm=42.4, min_std=8.184
2026-02-12 15:51:13,507 - experiment_ablation_no_chaotic_features - INFO - Train Epoch 68: [0/800 (0.0%)]	Loss: 0.003584
2026-02-12 15:51:21,319 - experiment_ablation_no_chaotic_features - INFO - [SYNC DEBUG] Epoch 68: sync_weight=0.0, desync_weight=0.0, loss_sync=0.000000
2026-02-12 15:51:21,887 - experiment_ablation_no_chaotic_features - INFO - Epoch 68: Train Loss: 0.0055, Train Acc: 0.9987, Val Loss: 3.6290, Val Acc: 0.3938
2026-02-12 15:51:22,205 - experiment_ablation_no_chaotic_features - INFO - Train Epoch 69: [0/800 (0.0%)]	Loss: 0.004178
2026-02-12 15:51:29,975 - experiment_ablation_no_chaotic_features - INFO - [SYNC DEBUG] Epoch 69: sync_weight=0.0, desync_weight=0.0, loss_sync=0.000000
2026-02-12 15:51:30,546 - experiment_ablation_no_chaotic_features - INFO - Epoch 69: Train Loss: 0.0040, Train Acc: 1.0000, Val Loss: 0.4288, Val Acc: 0.9312
2026-02-12 15:51:30,864 - experiment_ablation_no_chaotic_features - INFO - Train Epoch 70: [0/800 (0.0%)]	Loss: 0.003642
2026-02-12 15:51:38,602 - experiment_ablation_no_chaotic_features - INFO - [SYNC DEBUG] Epoch 70: sync_weight=0.0, desync_weight=0.0, loss_sync=0.000000
2026-02-12 15:51:39,172 - experiment_ablation_no_chaotic_features - INFO - Epoch 70: Train Loss: 0.0033, Train Acc: 1.0000, Val Loss: 4.6023, Val Acc: 0.2688
2026-02-12 15:51:39,568 - experiment_ablation_no_chaotic_features - INFO - Train Epoch 71: [0/800 (0.0%)]	Loss: 0.003718
2026-02-12 15:51:47,367 - experiment_ablation_no_chaotic_features - INFO - [SYNC DEBUG] Epoch 71: sync_weight=0.0, desync_weight=0.0, loss_sync=0.000000
2026-02-12 15:51:47,941 - experiment_ablation_no_chaotic_features - INFO - Epoch 71: Train Loss: 0.0036, Train Acc: 1.0000, Val Loss: 1.3339, Val Acc: 0.6875
2026-02-12 15:51:48,068 - experiment_ablation_no_chaotic_features - DEBUG - [STABILITY] lyap=0.070, max_norm=43.8, min_std=8.334
2026-02-12 15:51:48,260 - experiment_ablation_no_chaotic_features - INFO - Train Epoch 72: [0/800 (0.0%)]	Loss: 0.003018
2026-02-12 15:51:56,114 - experiment_ablation_no_chaotic_features - INFO - [SYNC DEBUG] Epoch 72: sync_weight=0.0, desync_weight=0.0, loss_sync=0.000000
2026-02-12 15:51:56,680 - experiment_ablation_no_chaotic_features - INFO - Epoch 72: Train Loss: 0.0036, Train Acc: 1.0000, Val Loss: 9.1114, Val Acc: 0.1000
2026-02-12 15:51:57,006 - experiment_ablation_no_chaotic_features - INFO - Train Epoch 73: [0/800 (0.0%)]	Loss: 0.004400
2026-02-12 15:52:04,752 - experiment_ablation_no_chaotic_features - INFO - [SYNC DEBUG] Epoch 73: sync_weight=0.0, desync_weight=0.0, loss_sync=0.000000
2026-02-12 15:52:05,323 - experiment_ablation_no_chaotic_features - INFO - Epoch 73: Train Loss: 0.0045, Train Acc: 1.0000, Val Loss: 6.4192, Val Acc: 0.2625
2026-02-12 15:52:05,641 - experiment_ablation_no_chaotic_features - INFO - Train Epoch 74: [0/800 (0.0%)]	Loss: 0.003702
2026-02-12 15:52:13,438 - experiment_ablation_no_chaotic_features - INFO - [SYNC DEBUG] Epoch 74: sync_weight=0.0, desync_weight=0.0, loss_sync=0.000000
2026-02-12 15:52:14,013 - experiment_ablation_no_chaotic_features - INFO - Epoch 74: Train Loss: 0.0087, Train Acc: 0.9987, Val Loss: 8.2102, Val Acc: 0.1875
2026-02-12 15:52:14,331 - experiment_ablation_no_chaotic_features - INFO - Train Epoch 75: [0/800 (0.0%)]	Loss: 0.008739
2026-02-12 15:52:22,120 - experiment_ablation_no_chaotic_features - INFO - [SYNC DEBUG] Epoch 75: sync_weight=0.0, desync_weight=0.0, loss_sync=0.000000
2026-02-12 15:52:22,692 - experiment_ablation_no_chaotic_features - INFO - Epoch 75: Train Loss: 0.0041, Train Acc: 1.0000, Val Loss: 5.3806, Val Acc: 0.3812
2026-02-12 15:52:22,820 - experiment_ablation_no_chaotic_features - DEBUG - [STABILITY] lyap=0.062, max_norm=14.8, min_std=2.126
2026-02-12 15:52:23,014 - experiment_ablation_no_chaotic_features - INFO - Train Epoch 76: [0/800 (0.0%)]	Loss: 0.003818
2026-02-12 15:52:30,839 - experiment_ablation_no_chaotic_features - INFO - [SYNC DEBUG] Epoch 76: sync_weight=0.0, desync_weight=0.0, loss_sync=0.000000
2026-02-12 15:52:31,411 - experiment_ablation_no_chaotic_features - INFO - Epoch 76: Train Loss: 0.0035, Train Acc: 1.0000, Val Loss: 0.5157, Val Acc: 0.9187
2026-02-12 15:52:31,729 - experiment_ablation_no_chaotic_features - INFO - Train Epoch 77: [0/800 (0.0%)]	Loss: 0.003150
2026-02-12 15:52:39,564 - experiment_ablation_no_chaotic_features - INFO - [SYNC DEBUG] Epoch 77: sync_weight=0.0, desync_weight=0.0, loss_sync=0.000000
2026-02-12 15:52:40,132 - experiment_ablation_no_chaotic_features - INFO - Epoch 77: Train Loss: 0.0032, Train Acc: 1.0000, Val Loss: 0.0156, Val Acc: 0.9937
2026-02-12 15:52:40,447 - experiment_ablation_no_chaotic_features - INFO - Train Epoch 78: [0/800 (0.0%)]	Loss: 0.002835
2026-02-12 15:52:48,287 - experiment_ablation_no_chaotic_features - INFO - [SYNC DEBUG] Epoch 78: sync_weight=0.0, desync_weight=0.0, loss_sync=0.000000
2026-02-12 15:52:48,855 - experiment_ablation_no_chaotic_features - INFO - Epoch 78: Train Loss: 0.0032, Train Acc: 1.0000, Val Loss: 3.2685, Val Acc: 0.3812
2026-02-12 15:52:49,173 - experiment_ablation_no_chaotic_features - INFO - Train Epoch 79: [0/800 (0.0%)]	Loss: 0.002976
2026-02-12 15:52:56,966 - experiment_ablation_no_chaotic_features - INFO - [SYNC DEBUG] Epoch 79: sync_weight=0.0, desync_weight=0.0, loss_sync=0.000000
2026-02-12 15:52:57,539 - experiment_ablation_no_chaotic_features - INFO - Epoch 79: Train Loss: 0.0028, Train Acc: 1.0000, Val Loss: 3.0155, Val Acc: 0.5312
2026-02-12 15:52:57,666 - experiment_ablation_no_chaotic_features - DEBUG - [STABILITY] lyap=0.078, max_norm=21.7, min_std=3.156
2026-02-12 15:52:57,858 - experiment_ablation_no_chaotic_features - INFO - Train Epoch 80: [0/800 (0.0%)]	Loss: 0.002219
2026-02-12 15:53:05,571 - experiment_ablation_no_chaotic_features - INFO - [SYNC DEBUG] Epoch 80: sync_weight=0.0, desync_weight=0.0, loss_sync=0.000000
2026-02-12 15:53:06,136 - experiment_ablation_no_chaotic_features - INFO - Epoch 80: Train Loss: 0.0032, Train Acc: 1.0000, Val Loss: 0.0220, Val Acc: 0.9937
2026-02-12 15:53:06,524 - experiment_ablation_no_chaotic_features - INFO - Train Epoch 81: [0/800 (0.0%)]	Loss: 0.002549
2026-02-12 15:53:14,244 - experiment_ablation_no_chaotic_features - INFO - [SYNC DEBUG] Epoch 81: sync_weight=0.0, desync_weight=0.0, loss_sync=0.000000
2026-02-12 15:53:14,809 - experiment_ablation_no_chaotic_features - INFO - Epoch 81: Train Loss: 0.0023, Train Acc: 1.0000, Val Loss: 3.3137, Val Acc: 0.6062
2026-02-12 15:53:15,125 - experiment_ablation_no_chaotic_features - INFO - Train Epoch 82: [0/800 (0.0%)]	Loss: 0.001566
2026-02-12 15:53:22,908 - experiment_ablation_no_chaotic_features - INFO - [SYNC DEBUG] Epoch 82: sync_weight=0.0, desync_weight=0.0, loss_sync=0.000000
2026-02-12 15:53:23,480 - experiment_ablation_no_chaotic_features - INFO - Epoch 82: Train Loss: 0.0009, Train Acc: 1.0000, Val Loss: 0.0573, Val Acc: 0.9875
2026-02-12 15:53:23,797 - experiment_ablation_no_chaotic_features - INFO - Train Epoch 83: [0/800 (0.0%)]	Loss: 0.000004
2026-02-12 15:53:31,576 - experiment_ablation_no_chaotic_features - INFO - [SYNC DEBUG] Epoch 83: sync_weight=0.0, desync_weight=0.0, loss_sync=0.000000
2026-02-12 15:53:32,146 - experiment_ablation_no_chaotic_features - INFO - Epoch 83: Train Loss: 0.0004, Train Acc: 1.0000, Val Loss: 5.7065, Val Acc: 0.1875
2026-02-12 15:53:32,272 - experiment_ablation_no_chaotic_features - DEBUG - [STABILITY] lyap=0.107, max_norm=28.8, min_std=3.753
2026-02-12 15:53:32,463 - experiment_ablation_no_chaotic_features - INFO - Train Epoch 84: [0/800 (0.0%)]	Loss: 0.000020
2026-02-12 15:53:40,217 - experiment_ablation_no_chaotic_features - INFO - [SYNC DEBUG] Epoch 84: sync_weight=0.0, desync_weight=0.0, loss_sync=0.000000
2026-02-12 15:53:40,789 - experiment_ablation_no_chaotic_features - INFO - Epoch 84: Train Loss: 0.0002, Train Acc: 1.0000, Val Loss: 3.2439, Val Acc: 0.5750
2026-02-12 15:53:41,108 - experiment_ablation_no_chaotic_features - INFO - Train Epoch 85: [0/800 (0.0%)]	Loss: 0.000072
2026-02-12 15:53:48,859 - experiment_ablation_no_chaotic_features - INFO - [SYNC DEBUG] Epoch 85: sync_weight=0.0, desync_weight=0.0, loss_sync=0.000000
2026-02-12 15:53:49,432 - experiment_ablation_no_chaotic_features - INFO - Epoch 85: Train Loss: 0.0002, Train Acc: 1.0000, Val Loss: 0.0018, Val Acc: 1.0000
2026-02-12 15:53:49,751 - experiment_ablation_no_chaotic_features - INFO - Train Epoch 86: [0/800 (0.0%)]	Loss: 0.000001
2026-02-12 15:53:57,457 - experiment_ablation_no_chaotic_features - INFO - [SYNC DEBUG] Epoch 86: sync_weight=0.0, desync_weight=0.0, loss_sync=0.000000
2026-02-12 15:53:58,022 - experiment_ablation_no_chaotic_features - INFO - Epoch 86: Train Loss: 0.0006, Train Acc: 1.0000, Val Loss: 2.7056, Val Acc: 0.6500
2026-02-12 15:53:58,338 - experiment_ablation_no_chaotic_features - INFO - Train Epoch 87: [0/800 (0.0%)]	Loss: 0.000001
2026-02-12 15:54:06,057 - experiment_ablation_no_chaotic_features - INFO - [SYNC DEBUG] Epoch 87: sync_weight=0.0, desync_weight=0.0, loss_sync=0.000000
2026-02-12 15:54:06,621 - experiment_ablation_no_chaotic_features - INFO - Epoch 87: Train Loss: 0.0004, Train Acc: 1.0000, Val Loss: 0.1355, Val Acc: 0.9563
2026-02-12 15:54:06,746 - experiment_ablation_no_chaotic_features - DEBUG - [STABILITY] lyap=0.105, max_norm=13.3, min_std=1.586
2026-02-12 15:54:06,937 - experiment_ablation_no_chaotic_features - INFO - Train Epoch 88: [0/800 (0.0%)]	Loss: 0.000007
2026-02-12 15:54:14,688 - experiment_ablation_no_chaotic_features - INFO - [SYNC DEBUG] Epoch 88: sync_weight=0.0, desync_weight=0.0, loss_sync=0.000000
2026-02-12 15:54:15,259 - experiment_ablation_no_chaotic_features - INFO - Epoch 88: Train Loss: 0.0001, Train Acc: 1.0000, Val Loss: 0.9776, Val Acc: 0.7688
2026-02-12 15:54:15,578 - experiment_ablation_no_chaotic_features - INFO - Train Epoch 89: [0/800 (0.0%)]	Loss: 0.000203
2026-02-12 15:54:23,358 - experiment_ablation_no_chaotic_features - INFO - [SYNC DEBUG] Epoch 89: sync_weight=0.0, desync_weight=0.0, loss_sync=0.000000
2026-02-12 15:54:23,928 - experiment_ablation_no_chaotic_features - INFO - Epoch 89: Train Loss: 0.0083, Train Acc: 0.9962, Val Loss: 1.2193, Val Acc: 0.7563
2026-02-12 15:54:24,248 - experiment_ablation_no_chaotic_features - INFO - Train Epoch 90: [0/800 (0.0%)]	Loss: 0.070035
2026-02-12 15:54:32,117 - experiment_ablation_no_chaotic_features - INFO - [SYNC DEBUG] Epoch 90: sync_weight=0.0, desync_weight=0.0, loss_sync=0.000000
2026-02-12 15:54:32,689 - experiment_ablation_no_chaotic_features - INFO - Epoch 90: Train Loss: 0.0106, Train Acc: 0.9962, Val Loss: 2.8725, Val Acc: 0.4500
2026-02-12 15:54:33,080 - experiment_ablation_no_chaotic_features - INFO - Train Epoch 91: [0/800 (0.0%)]	Loss: 0.000350
2026-02-12 15:54:40,796 - experiment_ablation_no_chaotic_features - INFO - [SYNC DEBUG] Epoch 91: sync_weight=0.0, desync_weight=0.0, loss_sync=0.000000
2026-02-12 15:54:41,368 - experiment_ablation_no_chaotic_features - INFO - Epoch 91: Train Loss: 0.0002, Train Acc: 1.0000, Val Loss: 0.1394, Val Acc: 0.9812
2026-02-12 15:54:41,497 - experiment_ablation_no_chaotic_features - DEBUG - [STABILITY] lyap=0.103, max_norm=11.8, min_std=1.333
2026-02-12 15:54:41,688 - experiment_ablation_no_chaotic_features - INFO - Train Epoch 92: [0/800 (0.0%)]	Loss: 0.000012
2026-02-12 15:54:49,404 - experiment_ablation_no_chaotic_features - INFO - [SYNC DEBUG] Epoch 92: sync_weight=0.0, desync_weight=0.0, loss_sync=0.000000
2026-02-12 15:54:49,977 - experiment_ablation_no_chaotic_features - INFO - Epoch 92: Train Loss: 0.0003, Train Acc: 1.0000, Val Loss: 0.0000, Val Acc: 1.0000
2026-02-12 15:54:50,297 - experiment_ablation_no_chaotic_features - INFO - Train Epoch 93: [0/800 (0.0%)]	Loss: 0.000011
2026-02-12 15:54:58,019 - experiment_ablation_no_chaotic_features - INFO - [SYNC DEBUG] Epoch 93: sync_weight=0.0, desync_weight=0.0, loss_sync=0.000000
2026-02-12 15:54:58,590 - experiment_ablation_no_chaotic_features - INFO - Epoch 93: Train Loss: 0.0162, Train Acc: 0.9962, Val Loss: 3.2558, Val Acc: 0.4500
2026-02-12 15:54:58,908 - experiment_ablation_no_chaotic_features - INFO - Train Epoch 94: [0/800 (0.0%)]	Loss: 0.000013
2026-02-12 15:55:06,662 - experiment_ablation_no_chaotic_features - INFO - [SYNC DEBUG] Epoch 94: sync_weight=0.0, desync_weight=0.0, loss_sync=0.000000
2026-02-12 15:55:07,232 - experiment_ablation_no_chaotic_features - INFO - Epoch 94: Train Loss: 0.0079, Train Acc: 0.9987, Val Loss: 1.1469, Val Acc: 0.8125
2026-02-12 15:55:07,548 - experiment_ablation_no_chaotic_features - INFO - Train Epoch 95: [0/800 (0.0%)]	Loss: 0.000293
2026-02-12 15:55:15,349 - experiment_ablation_no_chaotic_features - INFO - [SYNC DEBUG] Epoch 95: sync_weight=0.0, desync_weight=0.0, loss_sync=0.000000
2026-02-12 15:55:15,920 - experiment_ablation_no_chaotic_features - INFO - Epoch 95: Train Loss: 0.0106, Train Acc: 0.9975, Val Loss: 0.0764, Val Acc: 0.9750
2026-02-12 15:55:16,046 - experiment_ablation_no_chaotic_features - DEBUG - [STABILITY] lyap=0.101, max_norm=20.7, min_std=2.503
2026-02-12 15:55:16,237 - experiment_ablation_no_chaotic_features - INFO - Train Epoch 96: [0/800 (0.0%)]	Loss: 0.000005
2026-02-12 15:55:23,943 - experiment_ablation_no_chaotic_features - INFO - [SYNC DEBUG] Epoch 96: sync_weight=0.0, desync_weight=0.0, loss_sync=0.000000
2026-02-12 15:55:24,506 - experiment_ablation_no_chaotic_features - INFO - Epoch 96: Train Loss: 0.0002, Train Acc: 1.0000, Val Loss: 3.3315, Val Acc: 0.5500
2026-02-12 15:55:24,823 - experiment_ablation_no_chaotic_features - INFO - Train Epoch 97: [0/800 (0.0%)]	Loss: 0.000026
2026-02-12 15:55:32,595 - experiment_ablation_no_chaotic_features - INFO - [SYNC DEBUG] Epoch 97: sync_weight=0.0, desync_weight=0.0, loss_sync=0.000000
2026-02-12 15:55:33,166 - experiment_ablation_no_chaotic_features - INFO - Epoch 97: Train Loss: 0.0009, Train Acc: 1.0000, Val Loss: 0.0000, Val Acc: 1.0000
2026-02-12 15:55:33,481 - experiment_ablation_no_chaotic_features - INFO - Train Epoch 98: [0/800 (0.0%)]	Loss: 0.000003
2026-02-12 15:55:41,278 - experiment_ablation_no_chaotic_features - INFO - [SYNC DEBUG] Epoch 98: sync_weight=0.0, desync_weight=0.0, loss_sync=0.000000
2026-02-12 15:55:41,846 - experiment_ablation_no_chaotic_features - INFO - Epoch 98: Train Loss: 0.0001, Train Acc: 1.0000, Val Loss: 1.8722, Val Acc: 0.7125
2026-02-12 15:55:42,165 - experiment_ablation_no_chaotic_features - INFO - Train Epoch 99: [0/800 (0.0%)]	Loss: 0.000002
2026-02-12 15:55:49,960 - experiment_ablation_no_chaotic_features - INFO - [SYNC DEBUG] Epoch 99: sync_weight=0.0, desync_weight=0.0, loss_sync=0.000000
2026-02-12 15:55:50,533 - experiment_ablation_no_chaotic_features - INFO - Epoch 99: Train Loss: 0.0033, Train Acc: 0.9987, Val Loss: 0.3217, Val Acc: 0.9438
2026-02-12 15:55:50,535 - experiment_ablation_no_chaotic_features - INFO - Running final test evaluation...
2026-02-12 15:55:51,104 - experiment_ablation_no_chaotic_features - INFO - Test Results:
2026-02-12 15:55:51,104 - experiment_ablation_no_chaotic_features - INFO -   loss: 0.1278
2026-02-12 15:55:51,104 - experiment_ablation_no_chaotic_features - INFO -   accuracy: 0.9750
2026-02-12 15:55:51,106 - experiment_ablation_no_chaotic_features - INFO - Training completed
2026-02-12 16:18:46,116 - experiment_ablation_no_chaotic_features - INFO - Initialized experiment: ablation_no_chaotic_features
2026-02-12 16:18:46,116 - experiment_ablation_no_chaotic_features - INFO - Device: cuda
2026-02-12 16:18:46,116 - experiment_ablation_no_chaotic_features - INFO - Output directory: /scratch/project_2003370/yueyao/Model/experiments/configs/Ablation_study/no_chaotic_features/ablation_no_chaotic_features
2026-02-12 16:18:46,116 - experiment_ablation_no_chaotic_features - INFO - [SYNC LOSS] Enabled with mode: standard
2026-02-12 16:18:46,116 - experiment_ablation_no_chaotic_features - INFO - Initialized chaotic network experiment with lorenz system
2026-02-12 16:18:46,116 - experiment_ablation_no_chaotic_features - INFO - Setting up experiment components...
2026-02-12 16:18:46,116 - experiment_ablation_no_chaotic_features - INFO - Creating dataloaders...
2026-02-12 16:18:46,533 - experiment_ablation_no_chaotic_features - INFO - Detected 26 speakers in dataset
2026-02-12 16:18:46,533 - experiment_ablation_no_chaotic_features - INFO - Dataloaders created:
2026-02-12 16:18:46,533 - experiment_ablation_no_chaotic_features - INFO -   Train: 14 batches
2026-02-12 16:18:46,533 - experiment_ablation_no_chaotic_features - INFO -   Val: 3 batches
2026-02-12 16:18:46,533 - experiment_ablation_no_chaotic_features - INFO -   Test: 4 batches
2026-02-12 16:18:46,533 - experiment_ablation_no_chaotic_features - INFO - Creating model...
2026-02-12 16:18:46,533 - experiment_ablation_no_chaotic_features - INFO - Using actual num_speakers from dataset: 26
2026-02-12 16:19:53,197 - experiment_ablation_no_chaotic_features - INFO - Total parameters: 500,671
2026-02-12 16:19:53,197 - experiment_ablation_no_chaotic_features - INFO - Trainable parameters: 500,671
2026-02-12 16:19:53,198 - experiment_ablation_no_chaotic_features - INFO - Creating optimizer...
2026-02-12 16:19:53,198 - experiment_ablation_no_chaotic_features - INFO - Optimizer: AdamW
2026-02-12 16:19:53,198 - experiment_ablation_no_chaotic_features - INFO - Creating scheduler...
2026-02-12 16:19:53,198 - experiment_ablation_no_chaotic_features - INFO - Creating criterion...
2026-02-12 16:19:53,198 - experiment_ablation_no_chaotic_features - INFO - Criterion: CrossEntropyLoss
2026-02-12 16:19:53,389 - experiment_ablation_no_chaotic_features - INFO - Configuration saved to: /scratch/project_2003370/yueyao/Model/experiments/configs/Ablation_study/no_chaotic_features/ablation_no_chaotic_features/config.json
2026-02-12 16:19:53,389 - experiment_ablation_no_chaotic_features - INFO - Experiment setup completed
2026-02-12 16:19:53,389 - experiment_ablation_no_chaotic_features - INFO - Starting training for 100 epochs
2026-02-12 16:19:53,390 - experiment_ablation_no_chaotic_features - INFO - [SYNC LOSS] Warmup complete, synchronization loss activated!
2026-02-12 16:19:53,716 - experiment_ablation_no_chaotic_features - INFO - 
================================================================================
2026-02-12 16:19:53,717 - experiment_ablation_no_chaotic_features - INFO - COMPREHENSIVE DEBUG - FIRST BATCH
2026-02-12 16:19:53,717 - experiment_ablation_no_chaotic_features - INFO - ================================================================================
2026-02-12 16:19:53,717 - experiment_ablation_no_chaotic_features - INFO - Batch Info:
2026-02-12 16:19:53,717 - experiment_ablation_no_chaotic_features - INFO -   Audio shape: torch.Size([32, 48000])
2026-02-12 16:19:53,717 - experiment_ablation_no_chaotic_features - INFO -   Targets shape: torch.Size([32])
2026-02-12 16:19:53,718 - experiment_ablation_no_chaotic_features - INFO -   Targets (first 8): tensor([18, 24,  5, 21, 17, 17, 21,  7], device='cuda:0')
2026-02-12 16:19:53,868 - experiment_ablation_no_chaotic_features - INFO - ================================================================================

2026-02-12 16:19:53,996 - experiment_ablation_no_chaotic_features - INFO - [STABILITY] Initialized LyapunovStabilityLoss
2026-02-12 16:19:53,997 - experiment_ablation_no_chaotic_features - DEBUG - [STABILITY] lyap=0.066, max_norm=14.5, min_std=1.167
2026-02-12 16:19:54,189 - experiment_ablation_no_chaotic_features - INFO - Train Epoch 0: [0/472 (0.0%)]	Loss: 5.672121
2026-02-12 16:19:58,337 - experiment_ablation_no_chaotic_features - INFO - [SYNC DEBUG] Epoch 0: sync_weight=0.0, desync_weight=0.0, loss_sync=0.000000
2026-02-12 16:19:59,057 - experiment_ablation_no_chaotic_features - INFO - Epoch 0: Train Loss: 5.6252, Train Acc: 0.0714, Val Loss: 6.1556, Val Acc: 0.0449
2026-02-12 16:19:59,149 - experiment_ablation_no_chaotic_features - INFO - Saved new best model at epoch 0
2026-02-12 16:20:00,034 - experiment_ablation_no_chaotic_features - INFO - Train Epoch 1: [0/472 (0.0%)]	Loss: 4.130956
2026-02-12 16:20:04,205 - experiment_ablation_no_chaotic_features - INFO - [SYNC DEBUG] Epoch 1: sync_weight=0.0, desync_weight=0.0, loss_sync=0.000000
2026-02-12 16:20:04,939 - experiment_ablation_no_chaotic_features - INFO - Epoch 1: Train Loss: 4.0568, Train Acc: 0.1696, Val Loss: 4.9332, Val Acc: 0.0449
2026-02-12 16:20:05,635 - experiment_ablation_no_chaotic_features - INFO - Train Epoch 2: [0/472 (0.0%)]	Loss: 2.819870
2026-02-12 16:20:09,745 - experiment_ablation_no_chaotic_features - INFO - [SYNC DEBUG] Epoch 2: sync_weight=0.0, desync_weight=0.0, loss_sync=0.000000
2026-02-12 16:20:10,408 - experiment_ablation_no_chaotic_features - INFO - Epoch 2: Train Loss: 2.8645, Train Acc: 0.2656, Val Loss: 6.0002, Val Acc: 0.0449
2026-02-12 16:20:11,090 - experiment_ablation_no_chaotic_features - INFO - Train Epoch 3: [0/472 (0.0%)]	Loss: 2.324511
2026-02-12 16:20:15,260 - experiment_ablation_no_chaotic_features - INFO - [SYNC DEBUG] Epoch 3: sync_weight=0.0, desync_weight=0.0, loss_sync=0.000000
2026-02-12 16:20:16,065 - experiment_ablation_no_chaotic_features - INFO - Epoch 3: Train Loss: 2.4250, Train Acc: 0.3616, Val Loss: 6.8358, Val Acc: 0.0449
2026-02-12 16:20:16,749 - experiment_ablation_no_chaotic_features - INFO - Train Epoch 4: [0/472 (0.0%)]	Loss: 2.556118
2026-02-12 16:20:20,880 - experiment_ablation_no_chaotic_features - INFO - [SYNC DEBUG] Epoch 4: sync_weight=0.0, desync_weight=0.0, loss_sync=0.000000
2026-02-12 16:20:21,605 - experiment_ablation_no_chaotic_features - INFO - Epoch 4: Train Loss: 1.8808, Train Acc: 0.4955, Val Loss: 8.4082, Val Acc: 0.0449
2026-02-12 16:20:22,349 - experiment_ablation_no_chaotic_features - INFO - Train Epoch 5: [0/472 (0.0%)]	Loss: 1.773445
2026-02-12 16:20:26,591 - experiment_ablation_no_chaotic_features - INFO - [SYNC DEBUG] Epoch 5: sync_weight=0.0, desync_weight=0.0, loss_sync=0.000000
2026-02-12 16:20:27,327 - experiment_ablation_no_chaotic_features - INFO - Epoch 5: Train Loss: 1.5696, Train Acc: 0.5402, Val Loss: 5.5078, Val Acc: 0.0449
2026-02-12 16:20:27,928 - experiment_ablation_no_chaotic_features - INFO - Train Epoch 6: [0/472 (0.0%)]	Loss: 1.391764
2026-02-12 16:20:32,068 - experiment_ablation_no_chaotic_features - INFO - [SYNC DEBUG] Epoch 6: sync_weight=0.0, desync_weight=0.0, loss_sync=0.000000
2026-02-12 16:20:32,694 - experiment_ablation_no_chaotic_features - INFO - Epoch 6: Train Loss: 1.3714, Train Acc: 0.5759, Val Loss: 6.4933, Val Acc: 0.0449
2026-02-12 16:20:33,401 - experiment_ablation_no_chaotic_features - INFO - Train Epoch 7: [0/472 (0.0%)]	Loss: 1.316078
2026-02-12 16:20:33,859 - experiment_ablation_no_chaotic_features - DEBUG - [STABILITY] lyap=0.021, max_norm=42.7, min_std=9.373
2026-02-12 16:20:37,681 - experiment_ablation_no_chaotic_features - INFO - [SYNC DEBUG] Epoch 7: sync_weight=0.0, desync_weight=0.0, loss_sync=0.000000
2026-02-12 16:20:38,362 - experiment_ablation_no_chaotic_features - INFO - Epoch 7: Train Loss: 1.1756, Train Acc: 0.6585, Val Loss: 4.8434, Val Acc: 0.0899
2026-02-12 16:20:38,457 - experiment_ablation_no_chaotic_features - INFO - Saved new best model at epoch 7
2026-02-12 16:20:39,209 - experiment_ablation_no_chaotic_features - INFO - Train Epoch 8: [0/472 (0.0%)]	Loss: 0.917789
2026-02-12 16:20:43,398 - experiment_ablation_no_chaotic_features - INFO - [SYNC DEBUG] Epoch 8: sync_weight=0.0, desync_weight=0.0, loss_sync=0.000000
2026-02-12 16:20:44,127 - experiment_ablation_no_chaotic_features - INFO - Epoch 8: Train Loss: 1.0226, Train Acc: 0.6808, Val Loss: 6.6330, Val Acc: 0.0899
2026-02-12 16:20:44,837 - experiment_ablation_no_chaotic_features - INFO - Train Epoch 9: [0/472 (0.0%)]	Loss: 1.051755
2026-02-12 16:20:48,999 - experiment_ablation_no_chaotic_features - INFO - [SYNC DEBUG] Epoch 9: sync_weight=0.0, desync_weight=0.0, loss_sync=0.000000
2026-02-12 16:20:49,594 - experiment_ablation_no_chaotic_features - INFO - Epoch 9: Train Loss: 1.0022, Train Acc: 0.6987, Val Loss: 4.5999, Val Acc: 0.1124
2026-02-12 16:20:49,668 - experiment_ablation_no_chaotic_features - INFO - Saved new best model at epoch 9
2026-02-12 16:20:50,312 - experiment_ablation_no_chaotic_features - INFO - Train Epoch 10: [0/472 (0.0%)]	Loss: 0.838695
2026-02-12 16:20:54,571 - experiment_ablation_no_chaotic_features - INFO - [SYNC DEBUG] Epoch 10: sync_weight=0.0, desync_weight=0.0, loss_sync=0.000000
2026-02-12 16:20:55,333 - experiment_ablation_no_chaotic_features - INFO - Epoch 10: Train Loss: 0.8398, Train Acc: 0.7589, Val Loss: 5.7866, Val Acc: 0.0449
2026-02-12 16:20:56,049 - experiment_ablation_no_chaotic_features - INFO - Train Epoch 11: [0/472 (0.0%)]	Loss: 0.591599
2026-02-12 16:21:00,214 - experiment_ablation_no_chaotic_features - INFO - [SYNC DEBUG] Epoch 11: sync_weight=0.0, desync_weight=0.0, loss_sync=0.000000
2026-02-12 16:21:00,922 - experiment_ablation_no_chaotic_features - INFO - Epoch 11: Train Loss: 0.6770, Train Acc: 0.7790, Val Loss: 5.6668, Val Acc: 0.0449
2026-02-12 16:21:01,641 - experiment_ablation_no_chaotic_features - INFO - Train Epoch 12: [0/472 (0.0%)]	Loss: 0.408137
2026-02-12 16:21:05,840 - experiment_ablation_no_chaotic_features - INFO - [SYNC DEBUG] Epoch 12: sync_weight=0.0, desync_weight=0.0, loss_sync=0.000000
2026-02-12 16:21:06,573 - experiment_ablation_no_chaotic_features - INFO - Epoch 12: Train Loss: 0.5923, Train Acc: 0.8013, Val Loss: 4.7177, Val Acc: 0.0449
2026-02-12 16:21:07,303 - experiment_ablation_no_chaotic_features - INFO - Train Epoch 13: [0/472 (0.0%)]	Loss: 0.620444
2026-02-12 16:21:11,469 - experiment_ablation_no_chaotic_features - INFO - [SYNC DEBUG] Epoch 13: sync_weight=0.0, desync_weight=0.0, loss_sync=0.000000
2026-02-12 16:21:12,140 - experiment_ablation_no_chaotic_features - INFO - Epoch 13: Train Loss: 0.6233, Train Acc: 0.7991, Val Loss: 5.0341, Val Acc: 0.0449
2026-02-12 16:21:12,761 - experiment_ablation_no_chaotic_features - INFO - Train Epoch 14: [0/472 (0.0%)]	Loss: 0.316396
2026-02-12 16:21:13,859 - experiment_ablation_no_chaotic_features - DEBUG - [STABILITY] lyap=0.025, max_norm=34.5, min_std=7.244
2026-02-12 16:21:16,959 - experiment_ablation_no_chaotic_features - INFO - [SYNC DEBUG] Epoch 14: sync_weight=0.0, desync_weight=0.0, loss_sync=0.000000
2026-02-12 16:21:17,689 - experiment_ablation_no_chaotic_features - INFO - Epoch 14: Train Loss: 0.4663, Train Acc: 0.8460, Val Loss: 7.0840, Val Acc: 0.0449
2026-02-12 16:21:18,368 - experiment_ablation_no_chaotic_features - INFO - Train Epoch 15: [0/472 (0.0%)]	Loss: 0.519767
2026-02-12 16:21:22,544 - experiment_ablation_no_chaotic_features - INFO - [SYNC DEBUG] Epoch 15: sync_weight=0.0, desync_weight=0.0, loss_sync=0.000000
2026-02-12 16:21:23,299 - experiment_ablation_no_chaotic_features - INFO - Epoch 15: Train Loss: 0.5493, Train Acc: 0.8415, Val Loss: 6.3688, Val Acc: 0.0562
2026-02-12 16:21:24,009 - experiment_ablation_no_chaotic_features - INFO - Train Epoch 16: [0/472 (0.0%)]	Loss: 0.509113
2026-02-12 16:21:28,162 - experiment_ablation_no_chaotic_features - INFO - [SYNC DEBUG] Epoch 16: sync_weight=0.0, desync_weight=0.0, loss_sync=0.000000
2026-02-12 16:21:28,745 - experiment_ablation_no_chaotic_features - INFO - Epoch 16: Train Loss: 0.4505, Train Acc: 0.8616, Val Loss: 6.0811, Val Acc: 0.0674
2026-02-12 16:21:29,312 - experiment_ablation_no_chaotic_features - INFO - Train Epoch 17: [0/472 (0.0%)]	Loss: 0.820083
2026-02-12 16:21:33,833 - experiment_ablation_no_chaotic_features - INFO - [SYNC DEBUG] Epoch 17: sync_weight=0.0, desync_weight=0.0, loss_sync=0.000000
2026-02-12 16:21:34,614 - experiment_ablation_no_chaotic_features - INFO - Epoch 17: Train Loss: 0.4400, Train Acc: 0.8549, Val Loss: 5.9323, Val Acc: 0.1236
2026-02-12 16:21:34,703 - experiment_ablation_no_chaotic_features - INFO - Saved new best model at epoch 17
2026-02-12 16:21:35,472 - experiment_ablation_no_chaotic_features - INFO - Train Epoch 18: [0/472 (0.0%)]	Loss: 0.535988
2026-02-12 16:21:39,646 - experiment_ablation_no_chaotic_features - INFO - [SYNC DEBUG] Epoch 18: sync_weight=0.0, desync_weight=0.0, loss_sync=0.000000
2026-02-12 16:21:40,388 - experiment_ablation_no_chaotic_features - INFO - Epoch 18: Train Loss: 0.4026, Train Acc: 0.8504, Val Loss: 5.3610, Val Acc: 0.1348
2026-02-12 16:21:40,485 - experiment_ablation_no_chaotic_features - INFO - Saved new best model at epoch 18
2026-02-12 16:21:41,257 - experiment_ablation_no_chaotic_features - INFO - Train Epoch 19: [0/472 (0.0%)]	Loss: 0.643196
2026-02-12 16:21:45,450 - experiment_ablation_no_chaotic_features - INFO - [SYNC DEBUG] Epoch 19: sync_weight=0.0, desync_weight=0.0, loss_sync=0.000000
2026-02-12 16:21:46,201 - experiment_ablation_no_chaotic_features - INFO - Epoch 19: Train Loss: 0.3982, Train Acc: 0.8750, Val Loss: 8.0674, Val Acc: 0.0449
2026-02-12 16:21:46,863 - experiment_ablation_no_chaotic_features - INFO - Train Epoch 20: [0/472 (0.0%)]	Loss: 0.669310
2026-02-12 16:21:51,019 - experiment_ablation_no_chaotic_features - INFO - [SYNC DEBUG] Epoch 20: sync_weight=0.0, desync_weight=0.0, loss_sync=0.000000
2026-02-12 16:21:51,795 - experiment_ablation_no_chaotic_features - INFO - Epoch 20: Train Loss: 0.3046, Train Acc: 0.9062, Val Loss: 4.9716, Val Acc: 0.2022
2026-02-12 16:21:51,883 - experiment_ablation_no_chaotic_features - INFO - Saved new best model at epoch 20
2026-02-12 16:21:52,747 - experiment_ablation_no_chaotic_features - INFO - Train Epoch 21: [0/472 (0.0%)]	Loss: 0.167859
2026-02-12 16:21:54,494 - experiment_ablation_no_chaotic_features - DEBUG - [STABILITY] lyap=0.025, max_norm=35.0, min_std=7.450
2026-02-12 16:21:57,012 - experiment_ablation_no_chaotic_features - INFO - [SYNC DEBUG] Epoch 21: sync_weight=0.0, desync_weight=0.0, loss_sync=0.000000
2026-02-12 16:21:57,779 - experiment_ablation_no_chaotic_features - INFO - Epoch 21: Train Loss: 0.3174, Train Acc: 0.8996, Val Loss: 7.3447, Val Acc: 0.0899
2026-02-12 16:21:58,488 - experiment_ablation_no_chaotic_features - INFO - Train Epoch 22: [0/472 (0.0%)]	Loss: 0.147297
2026-02-12 16:22:02,718 - experiment_ablation_no_chaotic_features - INFO - [SYNC DEBUG] Epoch 22: sync_weight=0.0, desync_weight=0.0, loss_sync=0.000000
2026-02-12 16:22:03,454 - experiment_ablation_no_chaotic_features - INFO - Epoch 22: Train Loss: 0.3102, Train Acc: 0.8973, Val Loss: 5.4246, Val Acc: 0.0787
2026-02-12 16:22:04,133 - experiment_ablation_no_chaotic_features - INFO - Train Epoch 23: [0/472 (0.0%)]	Loss: 0.214655
2026-02-12 16:22:08,297 - experiment_ablation_no_chaotic_features - INFO - [SYNC DEBUG] Epoch 23: sync_weight=0.0, desync_weight=0.0, loss_sync=0.000000
2026-02-12 16:22:08,898 - experiment_ablation_no_chaotic_features - INFO - Epoch 23: Train Loss: 0.2728, Train Acc: 0.9107, Val Loss: 7.0505, Val Acc: 0.0899
2026-02-12 16:22:09,611 - experiment_ablation_no_chaotic_features - INFO - Train Epoch 24: [0/472 (0.0%)]	Loss: 0.347758
2026-02-12 16:22:13,867 - experiment_ablation_no_chaotic_features - INFO - [SYNC DEBUG] Epoch 24: sync_weight=0.0, desync_weight=0.0, loss_sync=0.000000
2026-02-12 16:22:14,551 - experiment_ablation_no_chaotic_features - INFO - Epoch 24: Train Loss: 0.2921, Train Acc: 0.9062, Val Loss: 8.0967, Val Acc: 0.0449
2026-02-12 16:22:15,295 - experiment_ablation_no_chaotic_features - INFO - Train Epoch 25: [0/472 (0.0%)]	Loss: 0.174403
2026-02-12 16:22:19,421 - experiment_ablation_no_chaotic_features - INFO - [SYNC DEBUG] Epoch 25: sync_weight=0.0, desync_weight=0.0, loss_sync=0.000000
2026-02-12 16:22:20,130 - experiment_ablation_no_chaotic_features - INFO - Epoch 25: Train Loss: 0.3113, Train Acc: 0.9062, Val Loss: 6.4170, Val Acc: 0.0562
2026-02-12 16:22:20,846 - experiment_ablation_no_chaotic_features - INFO - Train Epoch 26: [0/472 (0.0%)]	Loss: 0.289475
2026-02-12 16:22:25,047 - experiment_ablation_no_chaotic_features - INFO - [SYNC DEBUG] Epoch 26: sync_weight=0.0, desync_weight=0.0, loss_sync=0.000000
2026-02-12 16:22:25,817 - experiment_ablation_no_chaotic_features - INFO - Epoch 26: Train Loss: 0.2084, Train Acc: 0.9375, Val Loss: 8.3777, Val Acc: 0.0449
2026-02-12 16:22:26,481 - experiment_ablation_no_chaotic_features - INFO - Train Epoch 27: [0/472 (0.0%)]	Loss: 0.325904
2026-02-12 16:22:30,621 - experiment_ablation_no_chaotic_features - INFO - [SYNC DEBUG] Epoch 27: sync_weight=0.0, desync_weight=0.0, loss_sync=0.000000
2026-02-12 16:22:31,395 - experiment_ablation_no_chaotic_features - INFO - Epoch 27: Train Loss: 0.2383, Train Acc: 0.9330, Val Loss: 8.3556, Val Acc: 0.0449
2026-02-12 16:22:32,064 - experiment_ablation_no_chaotic_features - INFO - Train Epoch 28: [0/472 (0.0%)]	Loss: 0.173470
2026-02-12 16:22:34,409 - experiment_ablation_no_chaotic_features - DEBUG - [STABILITY] lyap=0.026, max_norm=30.2, min_std=6.208
2026-02-12 16:22:36,230 - experiment_ablation_no_chaotic_features - INFO - [SYNC DEBUG] Epoch 28: sync_weight=0.0, desync_weight=0.0, loss_sync=0.000000
2026-02-12 16:22:36,966 - experiment_ablation_no_chaotic_features - INFO - Epoch 28: Train Loss: 0.1782, Train Acc: 0.9375, Val Loss: 6.9912, Val Acc: 0.0674
2026-02-12 16:22:37,695 - experiment_ablation_no_chaotic_features - INFO - Train Epoch 29: [0/472 (0.0%)]	Loss: 0.219477
2026-02-12 16:22:41,922 - experiment_ablation_no_chaotic_features - INFO - [SYNC DEBUG] Epoch 29: sync_weight=0.0, desync_weight=0.0, loss_sync=0.000000
2026-02-12 16:22:42,649 - experiment_ablation_no_chaotic_features - INFO - Epoch 29: Train Loss: 0.2079, Train Acc: 0.9353, Val Loss: 7.0396, Val Acc: 0.0899
2026-02-12 16:22:43,364 - experiment_ablation_no_chaotic_features - INFO - Train Epoch 30: [0/472 (0.0%)]	Loss: 0.239975
2026-02-12 16:22:47,601 - experiment_ablation_no_chaotic_features - INFO - [SYNC DEBUG] Epoch 30: sync_weight=0.0, desync_weight=0.0, loss_sync=0.000000
2026-02-12 16:22:48,192 - experiment_ablation_no_chaotic_features - INFO - Epoch 30: Train Loss: 0.2054, Train Acc: 0.9375, Val Loss: 5.3439, Val Acc: 0.1011
2026-02-12 16:22:48,890 - experiment_ablation_no_chaotic_features - INFO - Train Epoch 31: [0/472 (0.0%)]	Loss: 0.106795
2026-02-12 16:22:53,053 - experiment_ablation_no_chaotic_features - INFO - [SYNC DEBUG] Epoch 31: sync_weight=0.0, desync_weight=0.0, loss_sync=0.000000
2026-02-12 16:22:53,828 - experiment_ablation_no_chaotic_features - INFO - Epoch 31: Train Loss: 0.2017, Train Acc: 0.9330, Val Loss: 8.7555, Val Acc: 0.0449
2026-02-12 16:22:54,443 - experiment_ablation_no_chaotic_features - INFO - Train Epoch 32: [0/472 (0.0%)]	Loss: 0.370170
2026-02-12 16:22:58,616 - experiment_ablation_no_chaotic_features - INFO - [SYNC DEBUG] Epoch 32: sync_weight=0.0, desync_weight=0.0, loss_sync=0.000000
2026-02-12 16:22:59,309 - experiment_ablation_no_chaotic_features - INFO - Epoch 32: Train Loss: 0.1854, Train Acc: 0.9464, Val Loss: 5.6179, Val Acc: 0.1348
2026-02-12 16:22:59,982 - experiment_ablation_no_chaotic_features - INFO - Train Epoch 33: [0/472 (0.0%)]	Loss: 0.106414
2026-02-12 16:23:04,144 - experiment_ablation_no_chaotic_features - INFO - [SYNC DEBUG] Epoch 33: sync_weight=0.0, desync_weight=0.0, loss_sync=0.000000
2026-02-12 16:23:04,903 - experiment_ablation_no_chaotic_features - INFO - Epoch 33: Train Loss: 0.1895, Train Acc: 0.9509, Val Loss: 6.1595, Val Acc: 0.1236
2026-02-12 16:23:05,647 - experiment_ablation_no_chaotic_features - INFO - Train Epoch 34: [0/472 (0.0%)]	Loss: 0.312022
2026-02-12 16:23:09,903 - experiment_ablation_no_chaotic_features - INFO - [SYNC DEBUG] Epoch 34: sync_weight=0.0, desync_weight=0.0, loss_sync=0.000000
2026-02-12 16:23:10,634 - experiment_ablation_no_chaotic_features - INFO - Epoch 34: Train Loss: 0.2070, Train Acc: 0.9308, Val Loss: 4.5373, Val Acc: 0.2584
2026-02-12 16:23:10,707 - experiment_ablation_no_chaotic_features - INFO - Saved new best model at epoch 34
2026-02-12 16:23:11,476 - experiment_ablation_no_chaotic_features - INFO - Train Epoch 35: [0/472 (0.0%)]	Loss: 0.138061
2026-02-12 16:23:14,518 - experiment_ablation_no_chaotic_features - DEBUG - [STABILITY] lyap=0.028, max_norm=26.4, min_std=5.234
2026-02-12 16:23:15,747 - experiment_ablation_no_chaotic_features - INFO - [SYNC DEBUG] Epoch 35: sync_weight=0.0, desync_weight=0.0, loss_sync=0.000000
2026-02-12 16:23:16,460 - experiment_ablation_no_chaotic_features - INFO - Epoch 35: Train Loss: 0.2161, Train Acc: 0.9263, Val Loss: 4.4080, Val Acc: 0.1461
2026-02-12 16:23:17,176 - experiment_ablation_no_chaotic_features - INFO - Train Epoch 36: [0/472 (0.0%)]	Loss: 0.068174
2026-02-12 16:23:21,448 - experiment_ablation_no_chaotic_features - INFO - [SYNC DEBUG] Epoch 36: sync_weight=0.0, desync_weight=0.0, loss_sync=0.000000
2026-02-12 16:23:22,149 - experiment_ablation_no_chaotic_features - INFO - Epoch 36: Train Loss: 0.1560, Train Acc: 0.9576, Val Loss: 4.6438, Val Acc: 0.1236
2026-02-12 16:23:22,868 - experiment_ablation_no_chaotic_features - INFO - Train Epoch 37: [0/472 (0.0%)]	Loss: 0.203055
2026-02-12 16:23:27,056 - experiment_ablation_no_chaotic_features - INFO - [SYNC DEBUG] Epoch 37: sync_weight=0.0, desync_weight=0.0, loss_sync=0.000000
2026-02-12 16:23:27,661 - experiment_ablation_no_chaotic_features - INFO - Epoch 37: Train Loss: 0.1574, Train Acc: 0.9576, Val Loss: 5.7734, Val Acc: 0.1348
2026-02-12 16:23:28,225 - experiment_ablation_no_chaotic_features - INFO - Train Epoch 38: [0/472 (0.0%)]	Loss: 0.043191
2026-02-12 16:23:32,479 - experiment_ablation_no_chaotic_features - INFO - [SYNC DEBUG] Epoch 38: sync_weight=0.0, desync_weight=0.0, loss_sync=0.000000
2026-02-12 16:23:33,225 - experiment_ablation_no_chaotic_features - INFO - Epoch 38: Train Loss: 0.1526, Train Acc: 0.9487, Val Loss: 9.5309, Val Acc: 0.0449
2026-02-12 16:23:33,852 - experiment_ablation_no_chaotic_features - INFO - Train Epoch 39: [0/472 (0.0%)]	Loss: 0.043870
2026-02-12 16:23:38,141 - experiment_ablation_no_chaotic_features - INFO - [SYNC DEBUG] Epoch 39: sync_weight=0.0, desync_weight=0.0, loss_sync=0.000000
2026-02-12 16:23:38,900 - experiment_ablation_no_chaotic_features - INFO - Epoch 39: Train Loss: 0.1486, Train Acc: 0.9509, Val Loss: 8.6471, Val Acc: 0.0449
2026-02-12 16:23:39,627 - experiment_ablation_no_chaotic_features - INFO - Train Epoch 40: [0/472 (0.0%)]	Loss: 0.077290
2026-02-12 16:23:43,775 - experiment_ablation_no_chaotic_features - INFO - [SYNC DEBUG] Epoch 40: sync_weight=0.0, desync_weight=0.0, loss_sync=0.000000
2026-02-12 16:23:44,492 - experiment_ablation_no_chaotic_features - INFO - Epoch 40: Train Loss: 0.1351, Train Acc: 0.9621, Val Loss: 6.1304, Val Acc: 0.1685
2026-02-12 16:23:45,276 - experiment_ablation_no_chaotic_features - INFO - Train Epoch 41: [0/472 (0.0%)]	Loss: 0.038077
2026-02-12 16:23:49,465 - experiment_ablation_no_chaotic_features - INFO - [SYNC DEBUG] Epoch 41: sync_weight=0.0, desync_weight=0.0, loss_sync=0.000000
2026-02-12 16:23:50,193 - experiment_ablation_no_chaotic_features - INFO - Epoch 41: Train Loss: 0.1311, Train Acc: 0.9621, Val Loss: 7.2752, Val Acc: 0.0674
2026-02-12 16:23:50,913 - experiment_ablation_no_chaotic_features - INFO - Train Epoch 42: [0/472 (0.0%)]	Loss: 0.288049
2026-02-12 16:23:54,591 - experiment_ablation_no_chaotic_features - DEBUG - [STABILITY] lyap=0.028, max_norm=26.5, min_std=5.250
2026-02-12 16:23:55,182 - experiment_ablation_no_chaotic_features - INFO - [SYNC DEBUG] Epoch 42: sync_weight=0.0, desync_weight=0.0, loss_sync=0.000000
2026-02-12 16:23:55,896 - experiment_ablation_no_chaotic_features - INFO - Epoch 42: Train Loss: 0.1424, Train Acc: 0.9576, Val Loss: 5.5424, Val Acc: 0.1461
2026-02-12 16:23:56,646 - experiment_ablation_no_chaotic_features - INFO - Train Epoch 43: [0/472 (0.0%)]	Loss: 0.117245
2026-02-12 16:24:00,862 - experiment_ablation_no_chaotic_features - INFO - [SYNC DEBUG] Epoch 43: sync_weight=0.0, desync_weight=0.0, loss_sync=0.000000
2026-02-12 16:24:01,609 - experiment_ablation_no_chaotic_features - INFO - Epoch 43: Train Loss: 0.1779, Train Acc: 0.9487, Val Loss: 7.9320, Val Acc: 0.0899
2026-02-12 16:24:02,304 - experiment_ablation_no_chaotic_features - INFO - Train Epoch 44: [0/472 (0.0%)]	Loss: 0.490072
2026-02-12 16:24:06,431 - experiment_ablation_no_chaotic_features - INFO - [SYNC DEBUG] Epoch 44: sync_weight=0.0, desync_weight=0.0, loss_sync=0.000000
2026-02-12 16:24:07,103 - experiment_ablation_no_chaotic_features - INFO - Epoch 44: Train Loss: 0.1356, Train Acc: 0.9710, Val Loss: 6.6217, Val Acc: 0.1236
2026-02-12 16:24:07,684 - experiment_ablation_no_chaotic_features - INFO - Train Epoch 45: [0/472 (0.0%)]	Loss: 0.240282
2026-02-12 16:24:11,812 - experiment_ablation_no_chaotic_features - INFO - [SYNC DEBUG] Epoch 45: sync_weight=0.0, desync_weight=0.0, loss_sync=0.000000
2026-02-12 16:24:12,470 - experiment_ablation_no_chaotic_features - INFO - Epoch 45: Train Loss: 0.1171, Train Acc: 0.9621, Val Loss: 7.7737, Val Acc: 0.0899
2026-02-12 16:24:13,146 - experiment_ablation_no_chaotic_features - INFO - Train Epoch 46: [0/472 (0.0%)]	Loss: 0.029435
2026-02-12 16:24:17,280 - experiment_ablation_no_chaotic_features - INFO - [SYNC DEBUG] Epoch 46: sync_weight=0.0, desync_weight=0.0, loss_sync=0.000000
2026-02-12 16:24:18,021 - experiment_ablation_no_chaotic_features - INFO - Epoch 46: Train Loss: 0.1205, Train Acc: 0.9598, Val Loss: 8.0700, Val Acc: 0.0449
2026-02-12 16:24:18,727 - experiment_ablation_no_chaotic_features - INFO - Train Epoch 47: [0/472 (0.0%)]	Loss: 0.522592
2026-02-12 16:24:23,012 - experiment_ablation_no_chaotic_features - INFO - [SYNC DEBUG] Epoch 47: sync_weight=0.0, desync_weight=0.0, loss_sync=0.000000
2026-02-12 16:24:23,768 - experiment_ablation_no_chaotic_features - INFO - Epoch 47: Train Loss: 0.1450, Train Acc: 0.9621, Val Loss: 7.0641, Val Acc: 0.0787
2026-02-12 16:24:24,471 - experiment_ablation_no_chaotic_features - INFO - Train Epoch 48: [0/472 (0.0%)]	Loss: 0.021089
2026-02-12 16:24:28,607 - experiment_ablation_no_chaotic_features - INFO - [SYNC DEBUG] Epoch 48: sync_weight=0.0, desync_weight=0.0, loss_sync=0.000000
2026-02-12 16:24:29,234 - experiment_ablation_no_chaotic_features - INFO - Epoch 48: Train Loss: 0.1197, Train Acc: 0.9688, Val Loss: 6.7976, Val Acc: 0.0449
2026-02-12 16:24:29,856 - experiment_ablation_no_chaotic_features - INFO - Train Epoch 49: [0/472 (0.0%)]	Loss: 0.088863
2026-02-12 16:24:34,071 - experiment_ablation_no_chaotic_features - INFO - [SYNC DEBUG] Epoch 49: sync_weight=0.0, desync_weight=0.0, loss_sync=0.000000
2026-02-12 16:24:34,748 - experiment_ablation_no_chaotic_features - INFO - Epoch 49: Train Loss: 0.0741, Train Acc: 0.9799, Val Loss: 5.2116, Val Acc: 0.2022
2026-02-12 16:24:35,241 - experiment_ablation_no_chaotic_features - DEBUG - [STABILITY] lyap=0.028, max_norm=27.1, min_std=5.390
2026-02-12 16:24:35,454 - experiment_ablation_no_chaotic_features - INFO - Train Epoch 50: [0/472 (0.0%)]	Loss: 0.041464
2026-02-12 16:24:39,627 - experiment_ablation_no_chaotic_features - INFO - [SYNC DEBUG] Epoch 50: sync_weight=0.0, desync_weight=0.0, loss_sync=0.000000
2026-02-12 16:24:40,376 - experiment_ablation_no_chaotic_features - INFO - Epoch 50: Train Loss: 0.0879, Train Acc: 0.9732, Val Loss: 7.7723, Val Acc: 0.0674
2026-02-12 16:24:41,056 - experiment_ablation_no_chaotic_features - INFO - Train Epoch 51: [0/472 (0.0%)]	Loss: 0.191292
2026-02-12 16:24:45,213 - experiment_ablation_no_chaotic_features - INFO - [SYNC DEBUG] Epoch 51: sync_weight=0.0, desync_weight=0.0, loss_sync=0.000000
2026-02-12 16:24:45,964 - experiment_ablation_no_chaotic_features - INFO - Epoch 51: Train Loss: 0.1297, Train Acc: 0.9531, Val Loss: 7.0973, Val Acc: 0.0899
2026-02-12 16:24:46,700 - experiment_ablation_no_chaotic_features - INFO - Train Epoch 52: [0/472 (0.0%)]	Loss: 0.210949
2026-02-12 16:24:50,948 - experiment_ablation_no_chaotic_features - INFO - [SYNC DEBUG] Epoch 52: sync_weight=0.0, desync_weight=0.0, loss_sync=0.000000
2026-02-12 16:24:51,603 - experiment_ablation_no_chaotic_features - INFO - Epoch 52: Train Loss: 0.1228, Train Acc: 0.9621, Val Loss: 4.3625, Val Acc: 0.2584
2026-02-12 16:24:52,284 - experiment_ablation_no_chaotic_features - INFO - Train Epoch 53: [0/472 (0.0%)]	Loss: 0.017441
2026-02-12 16:24:56,470 - experiment_ablation_no_chaotic_features - INFO - [SYNC DEBUG] Epoch 53: sync_weight=0.0, desync_weight=0.0, loss_sync=0.000000
2026-02-12 16:24:57,084 - experiment_ablation_no_chaotic_features - INFO - Epoch 53: Train Loss: 0.0805, Train Acc: 0.9844, Val Loss: 6.9011, Val Acc: 0.1348
2026-02-12 16:24:57,798 - experiment_ablation_no_chaotic_features - INFO - Train Epoch 54: [0/472 (0.0%)]	Loss: 0.119405
2026-02-12 16:25:01,997 - experiment_ablation_no_chaotic_features - INFO - [SYNC DEBUG] Epoch 54: sync_weight=0.0, desync_weight=0.0, loss_sync=0.000000
2026-02-12 16:25:02,716 - experiment_ablation_no_chaotic_features - INFO - Epoch 54: Train Loss: 0.0983, Train Acc: 0.9732, Val Loss: 5.5646, Val Acc: 0.1461
2026-02-12 16:25:03,421 - experiment_ablation_no_chaotic_features - INFO - Train Epoch 55: [0/472 (0.0%)]	Loss: 0.028580
2026-02-12 16:25:07,631 - experiment_ablation_no_chaotic_features - INFO - [SYNC DEBUG] Epoch 55: sync_weight=0.0, desync_weight=0.0, loss_sync=0.000000
2026-02-12 16:25:08,298 - experiment_ablation_no_chaotic_features - INFO - Epoch 55: Train Loss: 0.1122, Train Acc: 0.9665, Val Loss: 9.6996, Val Acc: 0.0449
2026-02-12 16:25:08,858 - experiment_ablation_no_chaotic_features - INFO - Train Epoch 56: [0/472 (0.0%)]	Loss: 0.119627
2026-02-12 16:25:13,048 - experiment_ablation_no_chaotic_features - INFO - [SYNC DEBUG] Epoch 56: sync_weight=0.0, desync_weight=0.0, loss_sync=0.000000
2026-02-12 16:25:13,769 - experiment_ablation_no_chaotic_features - INFO - Epoch 56: Train Loss: 0.1150, Train Acc: 0.9598, Val Loss: 7.0564, Val Acc: 0.0899
2026-02-12 16:25:14,444 - experiment_ablation_no_chaotic_features - INFO - Train Epoch 57: [0/472 (0.0%)]	Loss: 0.098939
2026-02-12 16:25:14,880 - experiment_ablation_no_chaotic_features - DEBUG - [STABILITY] lyap=0.028, max_norm=26.3, min_std=5.202
2026-02-12 16:25:18,574 - experiment_ablation_no_chaotic_features - INFO - [SYNC DEBUG] Epoch 57: sync_weight=0.0, desync_weight=0.0, loss_sync=0.000000
2026-02-12 16:25:19,270 - experiment_ablation_no_chaotic_features - INFO - Epoch 57: Train Loss: 0.1130, Train Acc: 0.9598, Val Loss: 7.9882, Val Acc: 0.0899
2026-02-12 16:25:19,936 - experiment_ablation_no_chaotic_features - INFO - Train Epoch 58: [0/472 (0.0%)]	Loss: 0.021347
2026-02-12 16:25:24,088 - experiment_ablation_no_chaotic_features - INFO - [SYNC DEBUG] Epoch 58: sync_weight=0.0, desync_weight=0.0, loss_sync=0.000000
2026-02-12 16:25:24,791 - experiment_ablation_no_chaotic_features - INFO - Epoch 58: Train Loss: 0.0793, Train Acc: 0.9844, Val Loss: 7.2515, Val Acc: 0.1124
2026-02-12 16:25:25,467 - experiment_ablation_no_chaotic_features - INFO - Train Epoch 59: [0/472 (0.0%)]	Loss: 0.106150
2026-02-12 16:25:29,659 - experiment_ablation_no_chaotic_features - INFO - [SYNC DEBUG] Epoch 59: sync_weight=0.0, desync_weight=0.0, loss_sync=0.000000
2026-02-12 16:25:30,377 - experiment_ablation_no_chaotic_features - INFO - Epoch 59: Train Loss: 0.1673, Train Acc: 0.9554, Val Loss: 9.0669, Val Acc: 0.0449
2026-02-12 16:25:31,049 - experiment_ablation_no_chaotic_features - INFO - Train Epoch 60: [0/472 (0.0%)]	Loss: 0.026715
2026-02-12 16:25:35,211 - experiment_ablation_no_chaotic_features - INFO - [SYNC DEBUG] Epoch 60: sync_weight=0.0, desync_weight=0.0, loss_sync=0.000000
2026-02-12 16:25:35,967 - experiment_ablation_no_chaotic_features - INFO - Epoch 60: Train Loss: 0.0500, Train Acc: 0.9888, Val Loss: 5.8936, Val Acc: 0.1236
2026-02-12 16:25:36,664 - experiment_ablation_no_chaotic_features - INFO - Train Epoch 61: [0/472 (0.0%)]	Loss: 0.050178
2026-02-12 16:25:40,899 - experiment_ablation_no_chaotic_features - INFO - [SYNC DEBUG] Epoch 61: sync_weight=0.0, desync_weight=0.0, loss_sync=0.000000
2026-02-12 16:25:41,584 - experiment_ablation_no_chaotic_features - INFO - Epoch 61: Train Loss: 0.0651, Train Acc: 0.9821, Val Loss: 9.0196, Val Acc: 0.0449
2026-02-12 16:25:42,293 - experiment_ablation_no_chaotic_features - INFO - Train Epoch 62: [0/472 (0.0%)]	Loss: 0.022548
2026-02-12 16:25:46,582 - experiment_ablation_no_chaotic_features - INFO - [SYNC DEBUG] Epoch 62: sync_weight=0.0, desync_weight=0.0, loss_sync=0.000000
2026-02-12 16:25:47,249 - experiment_ablation_no_chaotic_features - INFO - Epoch 62: Train Loss: 0.0638, Train Acc: 0.9844, Val Loss: 7.5960, Val Acc: 0.1011
2026-02-12 16:25:47,896 - experiment_ablation_no_chaotic_features - INFO - Train Epoch 63: [0/472 (0.0%)]	Loss: 0.123739
2026-02-12 16:25:52,089 - experiment_ablation_no_chaotic_features - INFO - [SYNC DEBUG] Epoch 63: sync_weight=0.0, desync_weight=0.0, loss_sync=0.000000
2026-02-12 16:25:52,685 - experiment_ablation_no_chaotic_features - INFO - Epoch 63: Train Loss: 0.0700, Train Acc: 0.9754, Val Loss: 5.0292, Val Acc: 0.2135
2026-02-12 16:25:53,250 - experiment_ablation_no_chaotic_features - INFO - Train Epoch 64: [0/472 (0.0%)]	Loss: 0.150535
2026-02-12 16:25:54,334 - experiment_ablation_no_chaotic_features - DEBUG - [STABILITY] lyap=0.028, max_norm=26.7, min_std=5.272
2026-02-12 16:25:57,467 - experiment_ablation_no_chaotic_features - INFO - [SYNC DEBUG] Epoch 64: sync_weight=0.0, desync_weight=0.0, loss_sync=0.000000
2026-02-12 16:25:58,065 - experiment_ablation_no_chaotic_features - INFO - Epoch 64: Train Loss: 0.0745, Train Acc: 0.9710, Val Loss: 6.2999, Val Acc: 0.1124
2026-02-12 16:25:58,629 - experiment_ablation_no_chaotic_features - INFO - Train Epoch 65: [0/472 (0.0%)]	Loss: 0.034729
2026-02-12 16:26:02,839 - experiment_ablation_no_chaotic_features - INFO - [SYNC DEBUG] Epoch 65: sync_weight=0.0, desync_weight=0.0, loss_sync=0.000000
2026-02-12 16:26:03,490 - experiment_ablation_no_chaotic_features - INFO - Epoch 65: Train Loss: 0.0836, Train Acc: 0.9732, Val Loss: 8.3808, Val Acc: 0.0225
2026-02-12 16:26:04,056 - experiment_ablation_no_chaotic_features - INFO - Train Epoch 66: [0/472 (0.0%)]	Loss: 0.170732
2026-02-12 16:26:08,468 - experiment_ablation_no_chaotic_features - INFO - [SYNC DEBUG] Epoch 66: sync_weight=0.0, desync_weight=0.0, loss_sync=0.000000
2026-02-12 16:26:09,122 - experiment_ablation_no_chaotic_features - INFO - Epoch 66: Train Loss: 0.1106, Train Acc: 0.9710, Val Loss: 6.3393, Val Acc: 0.1461
2026-02-12 16:26:09,694 - experiment_ablation_no_chaotic_features - INFO - Train Epoch 67: [0/472 (0.0%)]	Loss: 0.063106
2026-02-12 16:26:13,919 - experiment_ablation_no_chaotic_features - INFO - [SYNC DEBUG] Epoch 67: sync_weight=0.0, desync_weight=0.0, loss_sync=0.000000
2026-02-12 16:26:14,514 - experiment_ablation_no_chaotic_features - INFO - Epoch 67: Train Loss: 0.0719, Train Acc: 0.9754, Val Loss: 8.8539, Val Acc: 0.0899
2026-02-12 16:26:15,112 - experiment_ablation_no_chaotic_features - INFO - Train Epoch 68: [0/472 (0.0%)]	Loss: 0.037090
2026-02-12 16:26:19,334 - experiment_ablation_no_chaotic_features - INFO - [SYNC DEBUG] Epoch 68: sync_weight=0.0, desync_weight=0.0, loss_sync=0.000000
2026-02-12 16:26:19,925 - experiment_ablation_no_chaotic_features - INFO - Epoch 68: Train Loss: 0.0802, Train Acc: 0.9754, Val Loss: 5.1462, Val Acc: 0.1685
2026-02-12 16:26:20,481 - experiment_ablation_no_chaotic_features - INFO - Train Epoch 69: [0/472 (0.0%)]	Loss: 0.026993
2026-02-12 16:26:24,654 - experiment_ablation_no_chaotic_features - INFO - [SYNC DEBUG] Epoch 69: sync_weight=0.0, desync_weight=0.0, loss_sync=0.000000
2026-02-12 16:26:25,243 - experiment_ablation_no_chaotic_features - INFO - Epoch 69: Train Loss: 0.0933, Train Acc: 0.9688, Val Loss: 6.9799, Val Acc: 0.1011
2026-02-12 16:26:25,809 - experiment_ablation_no_chaotic_features - INFO - Train Epoch 70: [0/472 (0.0%)]	Loss: 0.040200
2026-02-12 16:26:29,976 - experiment_ablation_no_chaotic_features - INFO - [SYNC DEBUG] Epoch 70: sync_weight=0.0, desync_weight=0.0, loss_sync=0.000000
2026-02-12 16:26:30,566 - experiment_ablation_no_chaotic_features - INFO - Epoch 70: Train Loss: 0.0514, Train Acc: 0.9844, Val Loss: 7.0342, Val Acc: 0.1573
2026-02-12 16:26:31,215 - experiment_ablation_no_chaotic_features - INFO - Train Epoch 71: [0/472 (0.0%)]	Loss: 0.023679
2026-02-12 16:26:32,936 - experiment_ablation_no_chaotic_features - DEBUG - [STABILITY] lyap=0.028, max_norm=26.9, min_std=5.334
2026-02-12 16:26:35,401 - experiment_ablation_no_chaotic_features - INFO - [SYNC DEBUG] Epoch 71: sync_weight=0.0, desync_weight=0.0, loss_sync=0.000000
2026-02-12 16:26:36,001 - experiment_ablation_no_chaotic_features - INFO - Epoch 71: Train Loss: 0.0646, Train Acc: 0.9844, Val Loss: 6.9229, Val Acc: 0.1236
2026-02-12 16:26:36,563 - experiment_ablation_no_chaotic_features - INFO - Train Epoch 72: [0/472 (0.0%)]	Loss: 0.017801
2026-02-12 16:26:40,735 - experiment_ablation_no_chaotic_features - INFO - [SYNC DEBUG] Epoch 72: sync_weight=0.0, desync_weight=0.0, loss_sync=0.000000
2026-02-12 16:26:41,345 - experiment_ablation_no_chaotic_features - INFO - Epoch 72: Train Loss: 0.0709, Train Acc: 0.9688, Val Loss: 8.4053, Val Acc: 0.0674
2026-02-12 16:26:41,910 - experiment_ablation_no_chaotic_features - INFO - Train Epoch 73: [0/472 (0.0%)]	Loss: 0.053735
2026-02-12 16:26:46,087 - experiment_ablation_no_chaotic_features - INFO - [SYNC DEBUG] Epoch 73: sync_weight=0.0, desync_weight=0.0, loss_sync=0.000000
2026-02-12 16:26:46,677 - experiment_ablation_no_chaotic_features - INFO - Epoch 73: Train Loss: 0.0959, Train Acc: 0.9777, Val Loss: 5.5908, Val Acc: 0.1910
2026-02-12 16:26:47,252 - experiment_ablation_no_chaotic_features - INFO - Train Epoch 74: [0/472 (0.0%)]	Loss: 0.048873
2026-02-12 16:26:51,441 - experiment_ablation_no_chaotic_features - INFO - [SYNC DEBUG] Epoch 74: sync_weight=0.0, desync_weight=0.0, loss_sync=0.000000
2026-02-12 16:26:52,040 - experiment_ablation_no_chaotic_features - INFO - Epoch 74: Train Loss: 0.0682, Train Acc: 0.9844, Val Loss: 5.6085, Val Acc: 0.1573
2026-02-12 16:26:52,599 - experiment_ablation_no_chaotic_features - INFO - Train Epoch 75: [0/472 (0.0%)]	Loss: 0.176257
2026-02-12 16:26:56,800 - experiment_ablation_no_chaotic_features - INFO - [SYNC DEBUG] Epoch 75: sync_weight=0.0, desync_weight=0.0, loss_sync=0.000000
2026-02-12 16:26:57,392 - experiment_ablation_no_chaotic_features - INFO - Epoch 75: Train Loss: 0.0537, Train Acc: 0.9799, Val Loss: 8.2039, Val Acc: 0.0449
2026-02-12 16:26:57,956 - experiment_ablation_no_chaotic_features - INFO - Train Epoch 76: [0/472 (0.0%)]	Loss: 0.015272
2026-02-12 16:27:02,162 - experiment_ablation_no_chaotic_features - INFO - [SYNC DEBUG] Epoch 76: sync_weight=0.0, desync_weight=0.0, loss_sync=0.000000
2026-02-12 16:27:02,751 - experiment_ablation_no_chaotic_features - INFO - Epoch 76: Train Loss: 0.0810, Train Acc: 0.9821, Val Loss: 8.1263, Val Acc: 0.1011
2026-02-12 16:27:03,314 - experiment_ablation_no_chaotic_features - INFO - Train Epoch 77: [0/472 (0.0%)]	Loss: 0.053254
2026-02-12 16:27:07,521 - experiment_ablation_no_chaotic_features - INFO - [SYNC DEBUG] Epoch 77: sync_weight=0.0, desync_weight=0.0, loss_sync=0.000000
2026-02-12 16:27:08,120 - experiment_ablation_no_chaotic_features - INFO - Epoch 77: Train Loss: 0.0906, Train Acc: 0.9710, Val Loss: 6.7245, Val Acc: 0.1348
2026-02-12 16:27:08,695 - experiment_ablation_no_chaotic_features - INFO - Train Epoch 78: [0/472 (0.0%)]	Loss: 0.077088
2026-02-12 16:27:11,028 - experiment_ablation_no_chaotic_features - DEBUG - [STABILITY] lyap=0.028, max_norm=27.5, min_std=5.469
2026-02-12 16:27:12,891 - experiment_ablation_no_chaotic_features - INFO - [SYNC DEBUG] Epoch 78: sync_weight=0.0, desync_weight=0.0, loss_sync=0.000000
2026-02-12 16:27:13,546 - experiment_ablation_no_chaotic_features - INFO - Epoch 78: Train Loss: 0.0453, Train Acc: 0.9888, Val Loss: 9.3764, Val Acc: 0.0449
2026-02-12 16:27:14,240 - experiment_ablation_no_chaotic_features - INFO - Train Epoch 79: [0/472 (0.0%)]	Loss: 0.032698
2026-02-12 16:27:18,444 - experiment_ablation_no_chaotic_features - INFO - [SYNC DEBUG] Epoch 79: sync_weight=0.0, desync_weight=0.0, loss_sync=0.000000
2026-02-12 16:27:19,171 - experiment_ablation_no_chaotic_features - INFO - Epoch 79: Train Loss: 0.0670, Train Acc: 0.9821, Val Loss: 9.8420, Val Acc: 0.0449
2026-02-12 16:27:19,867 - experiment_ablation_no_chaotic_features - INFO - Train Epoch 80: [0/472 (0.0%)]	Loss: 0.037528
2026-02-12 16:27:24,020 - experiment_ablation_no_chaotic_features - INFO - [SYNC DEBUG] Epoch 80: sync_weight=0.0, desync_weight=0.0, loss_sync=0.000000
2026-02-12 16:27:24,763 - experiment_ablation_no_chaotic_features - INFO - Epoch 80: Train Loss: 0.0737, Train Acc: 0.9799, Val Loss: 7.3865, Val Acc: 0.1348
2026-02-12 16:27:25,518 - experiment_ablation_no_chaotic_features - INFO - Train Epoch 81: [0/472 (0.0%)]	Loss: 0.057498
2026-02-12 16:27:29,644 - experiment_ablation_no_chaotic_features - INFO - [SYNC DEBUG] Epoch 81: sync_weight=0.0, desync_weight=0.0, loss_sync=0.000000
2026-02-12 16:27:30,373 - experiment_ablation_no_chaotic_features - INFO - Epoch 81: Train Loss: 0.0985, Train Acc: 0.9665, Val Loss: 7.3143, Val Acc: 0.1461
2026-02-12 16:27:30,962 - experiment_ablation_no_chaotic_features - INFO - Train Epoch 82: [0/472 (0.0%)]	Loss: 0.033321
2026-02-12 16:27:35,139 - experiment_ablation_no_chaotic_features - INFO - [SYNC DEBUG] Epoch 82: sync_weight=0.0, desync_weight=0.0, loss_sync=0.000000
2026-02-12 16:27:35,861 - experiment_ablation_no_chaotic_features - INFO - Epoch 82: Train Loss: 0.0500, Train Acc: 0.9866, Val Loss: 7.9433, Val Acc: 0.0899
2026-02-12 16:27:36,520 - experiment_ablation_no_chaotic_features - INFO - Train Epoch 83: [0/472 (0.0%)]	Loss: 0.166324
2026-02-12 16:27:40,682 - experiment_ablation_no_chaotic_features - INFO - [SYNC DEBUG] Epoch 83: sync_weight=0.0, desync_weight=0.0, loss_sync=0.000000
2026-02-12 16:27:41,416 - experiment_ablation_no_chaotic_features - INFO - Epoch 83: Train Loss: 0.0770, Train Acc: 0.9844, Val Loss: 6.8958, Val Acc: 0.1124
2026-02-12 16:27:42,109 - experiment_ablation_no_chaotic_features - INFO - Train Epoch 84: [0/472 (0.0%)]	Loss: 0.031085
2026-02-12 16:27:46,302 - experiment_ablation_no_chaotic_features - INFO - [SYNC DEBUG] Epoch 84: sync_weight=0.0, desync_weight=0.0, loss_sync=0.000000
2026-02-12 16:27:47,075 - experiment_ablation_no_chaotic_features - INFO - Epoch 84: Train Loss: 0.0485, Train Acc: 0.9866, Val Loss: 5.4589, Val Acc: 0.1573
2026-02-12 16:27:47,779 - experiment_ablation_no_chaotic_features - INFO - Train Epoch 85: [0/472 (0.0%)]	Loss: 0.010685
2026-02-12 16:27:50,807 - experiment_ablation_no_chaotic_features - DEBUG - [STABILITY] lyap=0.028, max_norm=25.6, min_std=5.014
2026-02-12 16:27:52,029 - experiment_ablation_no_chaotic_features - INFO - [SYNC DEBUG] Epoch 85: sync_weight=0.0, desync_weight=0.0, loss_sync=0.000000
2026-02-12 16:27:52,780 - experiment_ablation_no_chaotic_features - INFO - Epoch 85: Train Loss: 0.0797, Train Acc: 0.9799, Val Loss: 7.8897, Val Acc: 0.0899
2026-02-12 16:27:53,503 - experiment_ablation_no_chaotic_features - INFO - Train Epoch 86: [0/472 (0.0%)]	Loss: 0.248472
2026-02-12 16:27:57,774 - experiment_ablation_no_chaotic_features - INFO - [SYNC DEBUG] Epoch 86: sync_weight=0.0, desync_weight=0.0, loss_sync=0.000000
2026-02-12 16:27:58,452 - experiment_ablation_no_chaotic_features - INFO - Epoch 86: Train Loss: 0.1017, Train Acc: 0.9777, Val Loss: 9.5920, Val Acc: 0.0449
2026-02-12 16:27:59,154 - experiment_ablation_no_chaotic_features - INFO - Train Epoch 87: [0/472 (0.0%)]	Loss: 0.129306
2026-02-12 16:28:03,307 - experiment_ablation_no_chaotic_features - INFO - [SYNC DEBUG] Epoch 87: sync_weight=0.0, desync_weight=0.0, loss_sync=0.000000
2026-02-12 16:28:04,020 - experiment_ablation_no_chaotic_features - INFO - Epoch 87: Train Loss: 0.0920, Train Acc: 0.9688, Val Loss: 6.3244, Val Acc: 0.2022
2026-02-12 16:28:04,726 - experiment_ablation_no_chaotic_features - INFO - Train Epoch 88: [0/472 (0.0%)]	Loss: 0.024928
2026-02-12 16:28:08,985 - experiment_ablation_no_chaotic_features - INFO - [SYNC DEBUG] Epoch 88: sync_weight=0.0, desync_weight=0.0, loss_sync=0.000000
2026-02-12 16:28:09,646 - experiment_ablation_no_chaotic_features - INFO - Epoch 88: Train Loss: 0.0817, Train Acc: 0.9777, Val Loss: 5.9838, Val Acc: 0.3258
2026-02-12 16:28:09,724 - experiment_ablation_no_chaotic_features - INFO - Saved new best model at epoch 88
2026-02-12 16:28:10,350 - experiment_ablation_no_chaotic_features - INFO - Train Epoch 89: [0/472 (0.0%)]	Loss: 0.178871
2026-02-12 16:28:14,555 - experiment_ablation_no_chaotic_features - INFO - [SYNC DEBUG] Epoch 89: sync_weight=0.0, desync_weight=0.0, loss_sync=0.000000
2026-02-12 16:28:15,253 - experiment_ablation_no_chaotic_features - INFO - Epoch 89: Train Loss: 0.0866, Train Acc: 0.9710, Val Loss: 4.9470, Val Acc: 0.2247
2026-02-12 16:28:15,948 - experiment_ablation_no_chaotic_features - INFO - Train Epoch 90: [0/472 (0.0%)]	Loss: 0.014790
2026-02-12 16:28:20,127 - experiment_ablation_no_chaotic_features - INFO - [SYNC DEBUG] Epoch 90: sync_weight=0.0, desync_weight=0.0, loss_sync=0.000000
2026-02-12 16:28:20,857 - experiment_ablation_no_chaotic_features - INFO - Epoch 90: Train Loss: 0.0850, Train Acc: 0.9777, Val Loss: 8.3161, Val Acc: 0.0449
2026-02-12 16:28:21,612 - experiment_ablation_no_chaotic_features - INFO - Train Epoch 91: [0/472 (0.0%)]	Loss: 0.023688
2026-02-12 16:28:25,801 - experiment_ablation_no_chaotic_features - INFO - [SYNC DEBUG] Epoch 91: sync_weight=0.0, desync_weight=0.0, loss_sync=0.000000
2026-02-12 16:28:26,543 - experiment_ablation_no_chaotic_features - INFO - Epoch 91: Train Loss: 0.0743, Train Acc: 0.9777, Val Loss: 7.1707, Val Acc: 0.1573
2026-02-12 16:28:27,316 - experiment_ablation_no_chaotic_features - INFO - Train Epoch 92: [0/472 (0.0%)]	Loss: 0.060993
2026-02-12 16:28:30,943 - experiment_ablation_no_chaotic_features - DEBUG - [STABILITY] lyap=0.028, max_norm=25.4, min_std=4.969
2026-02-12 16:28:31,517 - experiment_ablation_no_chaotic_features - INFO - [SYNC DEBUG] Epoch 92: sync_weight=0.0, desync_weight=0.0, loss_sync=0.000000
2026-02-12 16:28:32,135 - experiment_ablation_no_chaotic_features - INFO - Epoch 92: Train Loss: 0.0435, Train Acc: 0.9911, Val Loss: 5.3656, Val Acc: 0.2809
2026-02-12 16:28:32,840 - experiment_ablation_no_chaotic_features - INFO - Train Epoch 93: [0/472 (0.0%)]	Loss: 0.052551
2026-02-12 16:28:37,072 - experiment_ablation_no_chaotic_features - INFO - [SYNC DEBUG] Epoch 93: sync_weight=0.0, desync_weight=0.0, loss_sync=0.000000
2026-02-12 16:28:37,744 - experiment_ablation_no_chaotic_features - INFO - Epoch 93: Train Loss: 0.0284, Train Acc: 0.9911, Val Loss: 4.8442, Val Acc: 0.1685
2026-02-12 16:28:38,492 - experiment_ablation_no_chaotic_features - INFO - Train Epoch 94: [0/472 (0.0%)]	Loss: 0.009979
2026-02-12 16:28:42,720 - experiment_ablation_no_chaotic_features - INFO - [SYNC DEBUG] Epoch 94: sync_weight=0.0, desync_weight=0.0, loss_sync=0.000000
2026-02-12 16:28:43,453 - experiment_ablation_no_chaotic_features - INFO - Epoch 94: Train Loss: 0.0255, Train Acc: 0.9933, Val Loss: 9.0363, Val Acc: 0.0562
2026-02-12 16:28:44,086 - experiment_ablation_no_chaotic_features - INFO - Train Epoch 95: [0/472 (0.0%)]	Loss: 0.011792
2026-02-12 16:28:48,207 - experiment_ablation_no_chaotic_features - INFO - [SYNC DEBUG] Epoch 95: sync_weight=0.0, desync_weight=0.0, loss_sync=0.000000
2026-02-12 16:28:48,926 - experiment_ablation_no_chaotic_features - INFO - Epoch 95: Train Loss: 0.0340, Train Acc: 0.9911, Val Loss: 7.4941, Val Acc: 0.1348
2026-02-12 16:28:49,520 - experiment_ablation_no_chaotic_features - INFO - Train Epoch 96: [0/472 (0.0%)]	Loss: 0.034843
2026-02-12 16:28:53,655 - experiment_ablation_no_chaotic_features - INFO - [SYNC DEBUG] Epoch 96: sync_weight=0.0, desync_weight=0.0, loss_sync=0.000000
2026-02-12 16:28:54,387 - experiment_ablation_no_chaotic_features - INFO - Epoch 96: Train Loss: 0.0555, Train Acc: 0.9821, Val Loss: 7.8725, Val Acc: 0.0899
2026-02-12 16:28:55,091 - experiment_ablation_no_chaotic_features - INFO - Train Epoch 97: [0/472 (0.0%)]	Loss: 0.053533
2026-02-12 16:28:59,346 - experiment_ablation_no_chaotic_features - INFO - [SYNC DEBUG] Epoch 97: sync_weight=0.0, desync_weight=0.0, loss_sync=0.000000
2026-02-12 16:29:00,049 - experiment_ablation_no_chaotic_features - INFO - Epoch 97: Train Loss: 0.0420, Train Acc: 0.9888, Val Loss: 7.7807, Val Acc: 0.0674
2026-02-12 16:29:00,761 - experiment_ablation_no_chaotic_features - INFO - Train Epoch 98: [0/472 (0.0%)]	Loss: 0.142715
2026-02-12 16:29:04,906 - experiment_ablation_no_chaotic_features - INFO - [SYNC DEBUG] Epoch 98: sync_weight=0.0, desync_weight=0.0, loss_sync=0.000000
2026-02-12 16:29:05,633 - experiment_ablation_no_chaotic_features - INFO - Epoch 98: Train Loss: 0.0877, Train Acc: 0.9710, Val Loss: 6.5749, Val Acc: 0.1348
2026-02-12 16:29:06,338 - experiment_ablation_no_chaotic_features - INFO - Train Epoch 99: [0/472 (0.0%)]	Loss: 0.022694
2026-02-12 16:29:10,551 - experiment_ablation_no_chaotic_features - INFO - [SYNC DEBUG] Epoch 99: sync_weight=0.0, desync_weight=0.0, loss_sync=0.000000
2026-02-12 16:29:11,152 - experiment_ablation_no_chaotic_features - INFO - Epoch 99: Train Loss: 0.0721, Train Acc: 0.9821, Val Loss: 6.8166, Val Acc: 0.1124
2026-02-12 16:29:11,155 - experiment_ablation_no_chaotic_features - INFO - Running final test evaluation...
2026-02-12 16:29:11,973 - experiment_ablation_no_chaotic_features - INFO - Test Results:
2026-02-12 16:29:11,973 - experiment_ablation_no_chaotic_features - INFO -   loss: 6.9006
2026-02-12 16:29:11,973 - experiment_ablation_no_chaotic_features - INFO -   accuracy: 0.1441
2026-02-12 16:29:11,979 - experiment_ablation_no_chaotic_features - INFO - Training completed
2026-02-13 10:48:13,177 - experiment_ablation_no_chaotic_features - INFO - Initialized experiment: ablation_no_chaotic_features
2026-02-13 10:48:13,193 - experiment_ablation_no_chaotic_features - INFO - Device: cuda
2026-02-13 10:48:13,193 - experiment_ablation_no_chaotic_features - INFO - Output directory: /scratch/project_2003370/yueyao/Model/experiments/configs/Ablation_study/no_chaotic_features/ablation_no_chaotic_features
2026-02-13 10:48:13,193 - experiment_ablation_no_chaotic_features - INFO - [SYNC LOSS] Enabled with mode: standard
2026-02-13 10:48:13,193 - experiment_ablation_no_chaotic_features - INFO - Initialized chaotic network experiment with lorenz system
2026-02-13 10:48:13,193 - experiment_ablation_no_chaotic_features - INFO - Setting up experiment components...
2026-02-13 10:48:13,193 - experiment_ablation_no_chaotic_features - INFO - Creating dataloaders...
2026-02-13 10:48:13,644 - experiment_ablation_no_chaotic_features - INFO - Detected 26 speakers in dataset
2026-02-13 10:48:13,644 - experiment_ablation_no_chaotic_features - INFO - Dataloaders created:
2026-02-13 10:48:13,644 - experiment_ablation_no_chaotic_features - INFO -   Train: 14 batches
2026-02-13 10:48:13,644 - experiment_ablation_no_chaotic_features - INFO -   Val: 3 batches
2026-02-13 10:48:13,644 - experiment_ablation_no_chaotic_features - INFO -   Test: 4 batches
2026-02-13 10:48:13,644 - experiment_ablation_no_chaotic_features - INFO - Creating model...
2026-02-13 10:48:13,645 - experiment_ablation_no_chaotic_features - INFO - Using actual num_speakers from dataset: 26
2026-02-13 10:49:19,718 - experiment_ablation_no_chaotic_features - INFO - Total parameters: 500,671
2026-02-13 10:49:19,718 - experiment_ablation_no_chaotic_features - INFO - Trainable parameters: 500,671
2026-02-13 10:49:19,718 - experiment_ablation_no_chaotic_features - INFO - Creating optimizer...
2026-02-13 10:49:19,719 - experiment_ablation_no_chaotic_features - INFO - Optimizer: AdamW
2026-02-13 10:49:19,719 - experiment_ablation_no_chaotic_features - INFO - Creating scheduler...
2026-02-13 10:49:19,719 - experiment_ablation_no_chaotic_features - INFO - Creating criterion...
2026-02-13 10:49:19,719 - experiment_ablation_no_chaotic_features - INFO - Criterion: CrossEntropyLoss
2026-02-13 10:49:19,798 - experiment_ablation_no_chaotic_features - INFO - Configuration saved to: /scratch/project_2003370/yueyao/Model/experiments/configs/Ablation_study/no_chaotic_features/ablation_no_chaotic_features/config.json
2026-02-13 10:49:19,798 - experiment_ablation_no_chaotic_features - INFO - Experiment setup completed
2026-02-13 10:49:19,799 - experiment_ablation_no_chaotic_features - INFO - Starting training for 100 epochs
2026-02-13 10:49:19,799 - experiment_ablation_no_chaotic_features - INFO - [SYNC LOSS] Warmup complete, synchronization loss activated!
2026-02-13 10:49:19,967 - experiment_ablation_no_chaotic_features - INFO - 
================================================================================
2026-02-13 10:49:19,967 - experiment_ablation_no_chaotic_features - INFO - COMPREHENSIVE DEBUG - FIRST BATCH
2026-02-13 10:49:19,967 - experiment_ablation_no_chaotic_features - INFO - ================================================================================
2026-02-13 10:49:19,967 - experiment_ablation_no_chaotic_features - INFO - Batch Info:
2026-02-13 10:49:19,967 - experiment_ablation_no_chaotic_features - INFO -   Audio shape: torch.Size([32, 48000])
2026-02-13 10:49:19,967 - experiment_ablation_no_chaotic_features - INFO -   Targets shape: torch.Size([32])
2026-02-13 10:49:19,968 - experiment_ablation_no_chaotic_features - INFO -   Targets (first 8): tensor([18, 24,  5, 21, 17, 17, 21,  7], device='cuda:0')
2026-02-13 10:49:20,099 - experiment_ablation_no_chaotic_features - INFO - ================================================================================

2026-02-13 10:49:20,240 - experiment_ablation_no_chaotic_features - INFO - [STABILITY] Initialized LyapunovStabilityLoss
2026-02-13 10:49:20,241 - experiment_ablation_no_chaotic_features - DEBUG - [STABILITY] lyap=0.066, max_norm=14.5, min_std=1.167
2026-02-13 10:49:20,438 - experiment_ablation_no_chaotic_features - INFO - Train Epoch 0: [0/472 (0.0%)]	Loss: 6.150975
2026-02-13 10:49:24,651 - experiment_ablation_no_chaotic_features - INFO - [SYNC DEBUG] Epoch 0: sync_weight=0.1, desync_weight=0.1, loss_sync=0.620214
2026-02-13 10:49:25,186 - experiment_ablation_no_chaotic_features - INFO - Epoch 0: Train Loss: 6.3189, Train Acc: 0.0513, Val Loss: 4.9980, Val Acc: 0.0449
2026-02-13 10:49:25,259 - experiment_ablation_no_chaotic_features - INFO - Saved new best model at epoch 0
2026-02-13 10:49:25,889 - experiment_ablation_no_chaotic_features - INFO - Train Epoch 1: [0/472 (0.0%)]	Loss: 6.711797
2026-02-13 10:49:30,033 - experiment_ablation_no_chaotic_features - INFO - [SYNC DEBUG] Epoch 1: sync_weight=0.1, desync_weight=0.1, loss_sync=0.539756
2026-02-13 10:49:30,566 - experiment_ablation_no_chaotic_features - INFO - Epoch 1: Train Loss: 5.4049, Train Acc: 0.0558, Val Loss: 5.0221, Val Acc: 0.0337
2026-02-13 10:49:31,092 - experiment_ablation_no_chaotic_features - INFO - Train Epoch 2: [0/472 (0.0%)]	Loss: 5.072772
2026-02-13 10:49:35,280 - experiment_ablation_no_chaotic_features - INFO - [SYNC DEBUG] Epoch 2: sync_weight=0.1, desync_weight=0.1, loss_sync=0.529287
2026-02-13 10:49:35,820 - experiment_ablation_no_chaotic_features - INFO - Epoch 2: Train Loss: 4.5629, Train Acc: 0.1473, Val Loss: 5.5040, Val Acc: 0.0337
2026-02-13 10:49:36,348 - experiment_ablation_no_chaotic_features - INFO - Train Epoch 3: [0/472 (0.0%)]	Loss: 4.783540
2026-02-13 10:49:40,548 - experiment_ablation_no_chaotic_features - INFO - [SYNC DEBUG] Epoch 3: sync_weight=0.1, desync_weight=0.1, loss_sync=0.531552
2026-02-13 10:49:41,079 - experiment_ablation_no_chaotic_features - INFO - Epoch 3: Train Loss: 4.1239, Train Acc: 0.1607, Val Loss: 7.8571, Val Acc: 0.0449
2026-02-13 10:49:41,601 - experiment_ablation_no_chaotic_features - INFO - Train Epoch 4: [0/472 (0.0%)]	Loss: 3.316877
2026-02-13 10:49:45,780 - experiment_ablation_no_chaotic_features - INFO - [SYNC DEBUG] Epoch 4: sync_weight=0.1, desync_weight=0.1, loss_sync=0.487729
2026-02-13 10:49:46,315 - experiment_ablation_no_chaotic_features - INFO - Epoch 4: Train Loss: 3.4143, Train Acc: 0.2455, Val Loss: 4.6033, Val Acc: 0.0562
2026-02-13 10:49:46,395 - experiment_ablation_no_chaotic_features - INFO - Saved new best model at epoch 4
2026-02-13 10:49:46,948 - experiment_ablation_no_chaotic_features - INFO - Train Epoch 5: [0/472 (0.0%)]	Loss: 2.111404
2026-02-13 10:49:51,112 - experiment_ablation_no_chaotic_features - INFO - [SYNC DEBUG] Epoch 5: sync_weight=0.1, desync_weight=0.1, loss_sync=0.499096
2026-02-13 10:49:51,659 - experiment_ablation_no_chaotic_features - INFO - Epoch 5: Train Loss: 2.6900, Train Acc: 0.3996, Val Loss: 5.8527, Val Acc: 0.0449
2026-02-13 10:49:52,180 - experiment_ablation_no_chaotic_features - INFO - Train Epoch 6: [0/472 (0.0%)]	Loss: 1.895575
2026-02-13 10:49:56,382 - experiment_ablation_no_chaotic_features - INFO - [SYNC DEBUG] Epoch 6: sync_weight=0.1, desync_weight=0.1, loss_sync=0.493805
2026-02-13 10:49:56,924 - experiment_ablation_no_chaotic_features - INFO - Epoch 6: Train Loss: 2.2275, Train Acc: 0.4688, Val Loss: 6.3321, Val Acc: 0.0449
2026-02-13 10:49:57,444 - experiment_ablation_no_chaotic_features - INFO - Train Epoch 7: [0/472 (0.0%)]	Loss: 2.052050
2026-02-13 10:49:57,882 - experiment_ablation_no_chaotic_features - DEBUG - [STABILITY] lyap=0.024, max_norm=21.2, min_std=3.239
2026-02-13 10:50:01,624 - experiment_ablation_no_chaotic_features - INFO - [SYNC DEBUG] Epoch 7: sync_weight=0.1, desync_weight=0.1, loss_sync=0.497101
2026-02-13 10:50:02,167 - experiment_ablation_no_chaotic_features - INFO - Epoch 7: Train Loss: 2.0839, Train Acc: 0.5156, Val Loss: 5.4841, Val Acc: 0.0787
2026-02-13 10:50:02,241 - experiment_ablation_no_chaotic_features - INFO - Saved new best model at epoch 7
2026-02-13 10:50:02,815 - experiment_ablation_no_chaotic_features - INFO - Train Epoch 8: [0/472 (0.0%)]	Loss: 1.719224
2026-02-13 10:50:07,012 - experiment_ablation_no_chaotic_features - INFO - [SYNC DEBUG] Epoch 8: sync_weight=0.1, desync_weight=0.1, loss_sync=0.497076
2026-02-13 10:50:07,559 - experiment_ablation_no_chaotic_features - INFO - Epoch 8: Train Loss: 1.7558, Train Acc: 0.5603, Val Loss: 6.8757, Val Acc: 0.0449
2026-02-13 10:50:08,080 - experiment_ablation_no_chaotic_features - INFO - Train Epoch 9: [0/472 (0.0%)]	Loss: 1.624202
2026-02-13 10:50:12,231 - experiment_ablation_no_chaotic_features - INFO - [SYNC DEBUG] Epoch 9: sync_weight=0.1, desync_weight=0.1, loss_sync=0.498872
2026-02-13 10:50:12,777 - experiment_ablation_no_chaotic_features - INFO - Epoch 9: Train Loss: 1.5639, Train Acc: 0.6562, Val Loss: 4.6424, Val Acc: 0.1573
2026-02-13 10:50:12,855 - experiment_ablation_no_chaotic_features - INFO - Saved new best model at epoch 9
2026-02-13 10:50:13,424 - experiment_ablation_no_chaotic_features - INFO - Train Epoch 10: [0/472 (0.0%)]	Loss: 1.513007
2026-02-13 10:50:17,574 - experiment_ablation_no_chaotic_features - INFO - [SYNC DEBUG] Epoch 10: sync_weight=0.1, desync_weight=0.1, loss_sync=0.497507
2026-02-13 10:50:18,118 - experiment_ablation_no_chaotic_features - INFO - Epoch 10: Train Loss: 1.4234, Train Acc: 0.7232, Val Loss: 4.4493, Val Acc: 0.1573
2026-02-13 10:50:18,712 - experiment_ablation_no_chaotic_features - INFO - Train Epoch 11: [0/472 (0.0%)]	Loss: 1.414554
2026-02-13 10:50:22,873 - experiment_ablation_no_chaotic_features - INFO - [SYNC DEBUG] Epoch 11: sync_weight=0.1, desync_weight=0.1, loss_sync=0.498068
2026-02-13 10:50:23,421 - experiment_ablation_no_chaotic_features - INFO - Epoch 11: Train Loss: 1.3065, Train Acc: 0.7121, Val Loss: 3.2348, Val Acc: 0.2472
2026-02-13 10:50:23,500 - experiment_ablation_no_chaotic_features - INFO - Saved new best model at epoch 11
2026-02-13 10:50:24,057 - experiment_ablation_no_chaotic_features - INFO - Train Epoch 12: [0/472 (0.0%)]	Loss: 1.118893
2026-02-13 10:50:28,211 - experiment_ablation_no_chaotic_features - INFO - [SYNC DEBUG] Epoch 12: sync_weight=0.1, desync_weight=0.1, loss_sync=0.497427
2026-02-13 10:50:28,765 - experiment_ablation_no_chaotic_features - INFO - Epoch 12: Train Loss: 1.1466, Train Acc: 0.7969, Val Loss: 3.9417, Val Acc: 0.1461
2026-02-13 10:50:29,301 - experiment_ablation_no_chaotic_features - INFO - Train Epoch 13: [0/472 (0.0%)]	Loss: 1.029034
2026-02-13 10:50:33,446 - experiment_ablation_no_chaotic_features - INFO - [SYNC DEBUG] Epoch 13: sync_weight=0.1, desync_weight=0.1, loss_sync=0.498285
2026-02-13 10:50:33,991 - experiment_ablation_no_chaotic_features - INFO - Epoch 13: Train Loss: 1.0633, Train Acc: 0.8147, Val Loss: 7.4442, Val Acc: 0.0449
2026-02-13 10:50:34,515 - experiment_ablation_no_chaotic_features - INFO - Train Epoch 14: [0/472 (0.0%)]	Loss: 1.059585
2026-02-13 10:50:35,594 - experiment_ablation_no_chaotic_features - DEBUG - [STABILITY] lyap=0.021, max_norm=19.2, min_std=2.978
2026-02-13 10:50:38,678 - experiment_ablation_no_chaotic_features - INFO - [SYNC DEBUG] Epoch 14: sync_weight=0.1, desync_weight=0.1, loss_sync=0.497650
2026-02-13 10:50:39,227 - experiment_ablation_no_chaotic_features - INFO - Epoch 14: Train Loss: 0.9755, Train Acc: 0.8348, Val Loss: 5.7753, Val Acc: 0.1236
2026-02-13 10:50:39,747 - experiment_ablation_no_chaotic_features - INFO - Train Epoch 15: [0/472 (0.0%)]	Loss: 0.978069
2026-02-13 10:50:43,896 - experiment_ablation_no_chaotic_features - INFO - [SYNC DEBUG] Epoch 15: sync_weight=0.1, desync_weight=0.1, loss_sync=0.497243
2026-02-13 10:50:44,443 - experiment_ablation_no_chaotic_features - INFO - Epoch 15: Train Loss: 1.0041, Train Acc: 0.8504, Val Loss: 4.9092, Val Acc: 0.1573
2026-02-13 10:50:44,974 - experiment_ablation_no_chaotic_features - INFO - Train Epoch 16: [0/472 (0.0%)]	Loss: 0.969552
2026-02-13 10:50:49,145 - experiment_ablation_no_chaotic_features - INFO - [SYNC DEBUG] Epoch 16: sync_weight=0.1, desync_weight=0.1, loss_sync=0.496706
2026-02-13 10:50:49,693 - experiment_ablation_no_chaotic_features - INFO - Epoch 16: Train Loss: 0.9253, Train Acc: 0.8616, Val Loss: 3.0336, Val Acc: 0.3820
2026-02-13 10:50:49,772 - experiment_ablation_no_chaotic_features - INFO - Saved new best model at epoch 16
2026-02-13 10:50:50,334 - experiment_ablation_no_chaotic_features - INFO - Train Epoch 17: [0/472 (0.0%)]	Loss: 1.024923
2026-02-13 10:50:54,522 - experiment_ablation_no_chaotic_features - INFO - [SYNC DEBUG] Epoch 17: sync_weight=0.1, desync_weight=0.1, loss_sync=0.497590
2026-02-13 10:50:55,072 - experiment_ablation_no_chaotic_features - INFO - Epoch 17: Train Loss: 0.9199, Train Acc: 0.8594, Val Loss: 7.4780, Val Acc: 0.0562
2026-02-13 10:50:55,589 - experiment_ablation_no_chaotic_features - INFO - Train Epoch 18: [0/472 (0.0%)]	Loss: 0.978557
2026-02-13 10:50:59,747 - experiment_ablation_no_chaotic_features - INFO - [SYNC DEBUG] Epoch 18: sync_weight=0.1, desync_weight=0.1, loss_sync=0.498648
2026-02-13 10:51:00,292 - experiment_ablation_no_chaotic_features - INFO - Epoch 18: Train Loss: 0.9195, Train Acc: 0.8594, Val Loss: 3.1102, Val Acc: 0.3596
2026-02-13 10:51:00,822 - experiment_ablation_no_chaotic_features - INFO - Train Epoch 19: [0/472 (0.0%)]	Loss: 0.979218
2026-02-13 10:51:05,180 - experiment_ablation_no_chaotic_features - INFO - [SYNC DEBUG] Epoch 19: sync_weight=0.1, desync_weight=0.1, loss_sync=0.497191
2026-02-13 10:51:05,719 - experiment_ablation_no_chaotic_features - INFO - Epoch 19: Train Loss: 0.8715, Train Acc: 0.8795, Val Loss: 7.8429, Val Acc: 0.0449
2026-02-13 10:51:06,234 - experiment_ablation_no_chaotic_features - INFO - Train Epoch 20: [0/472 (0.0%)]	Loss: 1.060294
2026-02-13 10:51:10,411 - experiment_ablation_no_chaotic_features - INFO - [SYNC DEBUG] Epoch 20: sync_weight=0.1, desync_weight=0.1, loss_sync=0.497488
2026-02-13 10:51:10,949 - experiment_ablation_no_chaotic_features - INFO - Epoch 20: Train Loss: 0.8889, Train Acc: 0.8728, Val Loss: 5.4069, Val Acc: 0.1011
2026-02-13 10:51:11,543 - experiment_ablation_no_chaotic_features - INFO - Train Epoch 21: [0/472 (0.0%)]	Loss: 0.678862
2026-02-13 10:51:13,247 - experiment_ablation_no_chaotic_features - DEBUG - [STABILITY] lyap=0.021, max_norm=20.9, min_std=3.342
2026-02-13 10:51:15,707 - experiment_ablation_no_chaotic_features - INFO - [SYNC DEBUG] Epoch 21: sync_weight=0.1, desync_weight=0.1, loss_sync=0.498888
2026-02-13 10:51:16,244 - experiment_ablation_no_chaotic_features - INFO - Epoch 21: Train Loss: 0.8223, Train Acc: 0.9107, Val Loss: 2.2413, Val Acc: 0.4382
2026-02-13 10:51:16,323 - experiment_ablation_no_chaotic_features - INFO - Saved new best model at epoch 21
2026-02-13 10:51:16,880 - experiment_ablation_no_chaotic_features - INFO - Train Epoch 22: [0/472 (0.0%)]	Loss: 0.767176
2026-02-13 10:51:21,079 - experiment_ablation_no_chaotic_features - INFO - [SYNC DEBUG] Epoch 22: sync_weight=0.1, desync_weight=0.1, loss_sync=0.499840
2026-02-13 10:51:21,612 - experiment_ablation_no_chaotic_features - INFO - Epoch 22: Train Loss: 0.7977, Train Acc: 0.9085, Val Loss: 4.8706, Val Acc: 0.1461
2026-02-13 10:51:22,130 - experiment_ablation_no_chaotic_features - INFO - Train Epoch 23: [0/472 (0.0%)]	Loss: 0.615067
2026-02-13 10:51:26,280 - experiment_ablation_no_chaotic_features - INFO - [SYNC DEBUG] Epoch 23: sync_weight=0.1, desync_weight=0.1, loss_sync=0.497753
2026-02-13 10:51:26,816 - experiment_ablation_no_chaotic_features - INFO - Epoch 23: Train Loss: 0.7381, Train Acc: 0.9308, Val Loss: 4.0824, Val Acc: 0.2022
2026-02-13 10:51:27,330 - experiment_ablation_no_chaotic_features - INFO - Train Epoch 24: [0/472 (0.0%)]	Loss: 0.740720
2026-02-13 10:51:31,521 - experiment_ablation_no_chaotic_features - INFO - [SYNC DEBUG] Epoch 24: sync_weight=0.1, desync_weight=0.1, loss_sync=0.496345
2026-02-13 10:51:32,061 - experiment_ablation_no_chaotic_features - INFO - Epoch 24: Train Loss: 0.8006, Train Acc: 0.9040, Val Loss: 8.7386, Val Acc: 0.0449
2026-02-13 10:51:32,588 - experiment_ablation_no_chaotic_features - INFO - Train Epoch 25: [0/472 (0.0%)]	Loss: 0.700577
2026-02-13 10:51:36,782 - experiment_ablation_no_chaotic_features - INFO - [SYNC DEBUG] Epoch 25: sync_weight=0.1, desync_weight=0.1, loss_sync=0.498277
2026-02-13 10:51:37,318 - experiment_ablation_no_chaotic_features - INFO - Epoch 25: Train Loss: 0.7364, Train Acc: 0.9196, Val Loss: 8.7224, Val Acc: 0.0449
2026-02-13 10:51:37,833 - experiment_ablation_no_chaotic_features - INFO - Train Epoch 26: [0/472 (0.0%)]	Loss: 0.742125
2026-02-13 10:51:41,987 - experiment_ablation_no_chaotic_features - INFO - [SYNC DEBUG] Epoch 26: sync_weight=0.1, desync_weight=0.1, loss_sync=0.495972
2026-02-13 10:51:42,528 - experiment_ablation_no_chaotic_features - INFO - Epoch 26: Train Loss: 0.7319, Train Acc: 0.9263, Val Loss: 7.8777, Val Acc: 0.0562
2026-02-13 10:51:43,057 - experiment_ablation_no_chaotic_features - INFO - Train Epoch 27: [0/472 (0.0%)]	Loss: 0.913137
2026-02-13 10:51:47,241 - experiment_ablation_no_chaotic_features - INFO - [SYNC DEBUG] Epoch 27: sync_weight=0.1, desync_weight=0.1, loss_sync=0.498738
2026-02-13 10:51:47,788 - experiment_ablation_no_chaotic_features - INFO - Epoch 27: Train Loss: 0.7194, Train Acc: 0.9241, Val Loss: 9.4778, Val Acc: 0.0449
2026-02-13 10:51:48,307 - experiment_ablation_no_chaotic_features - INFO - Train Epoch 28: [0/472 (0.0%)]	Loss: 0.659090
2026-02-13 10:51:50,673 - experiment_ablation_no_chaotic_features - DEBUG - [STABILITY] lyap=0.017, max_norm=15.8, min_std=2.307
2026-02-13 10:51:52,522 - experiment_ablation_no_chaotic_features - INFO - [SYNC DEBUG] Epoch 28: sync_weight=0.1, desync_weight=0.1, loss_sync=0.497453
2026-02-13 10:51:53,089 - experiment_ablation_no_chaotic_features - INFO - Epoch 28: Train Loss: 0.6911, Train Acc: 0.9442, Val Loss: 5.1856, Val Acc: 0.1798
2026-02-13 10:51:53,613 - experiment_ablation_no_chaotic_features - INFO - Train Epoch 29: [0/472 (0.0%)]	Loss: 0.719521
2026-02-13 10:51:57,802 - experiment_ablation_no_chaotic_features - INFO - [SYNC DEBUG] Epoch 29: sync_weight=0.1, desync_weight=0.1, loss_sync=0.497306
2026-02-13 10:51:58,340 - experiment_ablation_no_chaotic_features - INFO - Epoch 29: Train Loss: 0.6828, Train Acc: 0.9375, Val Loss: 9.4629, Val Acc: 0.0449
2026-02-13 10:51:58,868 - experiment_ablation_no_chaotic_features - INFO - Train Epoch 30: [0/472 (0.0%)]	Loss: 0.606451
2026-02-13 10:52:03,048 - experiment_ablation_no_chaotic_features - INFO - [SYNC DEBUG] Epoch 30: sync_weight=0.1, desync_weight=0.1, loss_sync=0.497055
2026-02-13 10:52:03,578 - experiment_ablation_no_chaotic_features - INFO - Epoch 30: Train Loss: 0.6887, Train Acc: 0.9330, Val Loss: 3.9880, Val Acc: 0.2584
2026-02-13 10:52:04,167 - experiment_ablation_no_chaotic_features - INFO - Train Epoch 31: [0/472 (0.0%)]	Loss: 0.565493
2026-02-13 10:52:08,326 - experiment_ablation_no_chaotic_features - INFO - [SYNC DEBUG] Epoch 31: sync_weight=0.1, desync_weight=0.1, loss_sync=0.497940
2026-02-13 10:52:08,867 - experiment_ablation_no_chaotic_features - INFO - Epoch 31: Train Loss: 0.7088, Train Acc: 0.9420, Val Loss: 4.4583, Val Acc: 0.1910
2026-02-13 10:52:09,389 - experiment_ablation_no_chaotic_features - INFO - Train Epoch 32: [0/472 (0.0%)]	Loss: 0.653386
2026-02-13 10:52:13,564 - experiment_ablation_no_chaotic_features - INFO - [SYNC DEBUG] Epoch 32: sync_weight=0.1, desync_weight=0.1, loss_sync=0.497211
2026-02-13 10:52:14,109 - experiment_ablation_no_chaotic_features - INFO - Epoch 32: Train Loss: 0.6675, Train Acc: 0.9509, Val Loss: 10.5511, Val Acc: 0.0449
2026-02-13 10:52:14,633 - experiment_ablation_no_chaotic_features - INFO - Train Epoch 33: [0/472 (0.0%)]	Loss: 0.539588
2026-02-13 10:52:18,834 - experiment_ablation_no_chaotic_features - INFO - [SYNC DEBUG] Epoch 33: sync_weight=0.1, desync_weight=0.1, loss_sync=0.497256
2026-02-13 10:52:19,373 - experiment_ablation_no_chaotic_features - INFO - Epoch 33: Train Loss: 0.7187, Train Acc: 0.9397, Val Loss: 8.6241, Val Acc: 0.0449
2026-02-13 10:52:19,893 - experiment_ablation_no_chaotic_features - INFO - Train Epoch 34: [0/472 (0.0%)]	Loss: 0.641332
2026-02-13 10:52:24,094 - experiment_ablation_no_chaotic_features - INFO - [SYNC DEBUG] Epoch 34: sync_weight=0.1, desync_weight=0.1, loss_sync=0.496078
2026-02-13 10:52:24,625 - experiment_ablation_no_chaotic_features - INFO - Epoch 34: Train Loss: 0.6200, Train Acc: 0.9621, Val Loss: 1.9339, Val Acc: 0.5393
2026-02-13 10:52:24,707 - experiment_ablation_no_chaotic_features - INFO - Saved new best model at epoch 34
2026-02-13 10:52:25,262 - experiment_ablation_no_chaotic_features - INFO - Train Epoch 35: [0/472 (0.0%)]	Loss: 0.615404
2026-02-13 10:52:28,243 - experiment_ablation_no_chaotic_features - DEBUG - [STABILITY] lyap=0.019, max_norm=18.4, min_std=2.781
2026-02-13 10:52:29,440 - experiment_ablation_no_chaotic_features - INFO - [SYNC DEBUG] Epoch 35: sync_weight=0.1, desync_weight=0.1, loss_sync=0.497749
2026-02-13 10:52:29,989 - experiment_ablation_no_chaotic_features - INFO - Epoch 35: Train Loss: 0.6881, Train Acc: 0.9464, Val Loss: 8.0474, Val Acc: 0.0787
2026-02-13 10:52:30,509 - experiment_ablation_no_chaotic_features - INFO - Train Epoch 36: [0/472 (0.0%)]	Loss: 0.602206
2026-02-13 10:52:34,670 - experiment_ablation_no_chaotic_features - INFO - [SYNC DEBUG] Epoch 36: sync_weight=0.1, desync_weight=0.1, loss_sync=0.495252
2026-02-13 10:52:35,208 - experiment_ablation_no_chaotic_features - INFO - Epoch 36: Train Loss: 0.6242, Train Acc: 0.9576, Val Loss: 5.1768, Val Acc: 0.1461
2026-02-13 10:52:35,730 - experiment_ablation_no_chaotic_features - INFO - Train Epoch 37: [0/472 (0.0%)]	Loss: 0.648240
2026-02-13 10:52:39,893 - experiment_ablation_no_chaotic_features - INFO - [SYNC DEBUG] Epoch 37: sync_weight=0.1, desync_weight=0.1, loss_sync=0.496451
2026-02-13 10:52:40,438 - experiment_ablation_no_chaotic_features - INFO - Epoch 37: Train Loss: 0.6406, Train Acc: 0.9554, Val Loss: 4.9493, Val Acc: 0.1573
2026-02-13 10:52:40,970 - experiment_ablation_no_chaotic_features - INFO - Train Epoch 38: [0/472 (0.0%)]	Loss: 0.549883
2026-02-13 10:52:45,174 - experiment_ablation_no_chaotic_features - INFO - [SYNC DEBUG] Epoch 38: sync_weight=0.1, desync_weight=0.1, loss_sync=0.496879
2026-02-13 10:52:45,708 - experiment_ablation_no_chaotic_features - INFO - Epoch 38: Train Loss: 0.6510, Train Acc: 0.9487, Val Loss: 5.4843, Val Acc: 0.1573
2026-02-13 10:52:46,240 - experiment_ablation_no_chaotic_features - INFO - Train Epoch 39: [0/472 (0.0%)]	Loss: 0.562728
2026-02-13 10:52:50,395 - experiment_ablation_no_chaotic_features - INFO - [SYNC DEBUG] Epoch 39: sync_weight=0.1, desync_weight=0.1, loss_sync=0.498046
2026-02-13 10:52:50,937 - experiment_ablation_no_chaotic_features - INFO - Epoch 39: Train Loss: 0.6306, Train Acc: 0.9643, Val Loss: 6.6699, Val Acc: 0.1461
2026-02-13 10:52:51,467 - experiment_ablation_no_chaotic_features - INFO - Train Epoch 40: [0/472 (0.0%)]	Loss: 0.649150
2026-02-13 10:52:55,635 - experiment_ablation_no_chaotic_features - INFO - [SYNC DEBUG] Epoch 40: sync_weight=0.1, desync_weight=0.1, loss_sync=0.495940
2026-02-13 10:52:56,183 - experiment_ablation_no_chaotic_features - INFO - Epoch 40: Train Loss: 0.7137, Train Acc: 0.9286, Val Loss: 9.2825, Val Acc: 0.0449
2026-02-13 10:52:56,776 - experiment_ablation_no_chaotic_features - INFO - Train Epoch 41: [0/472 (0.0%)]	Loss: 0.543524
2026-02-13 10:53:00,937 - experiment_ablation_no_chaotic_features - INFO - [SYNC DEBUG] Epoch 41: sync_weight=0.1, desync_weight=0.1, loss_sync=0.500186
2026-02-13 10:53:01,486 - experiment_ablation_no_chaotic_features - INFO - Epoch 41: Train Loss: 0.6411, Train Acc: 0.9576, Val Loss: 8.0255, Val Acc: 0.0449
2026-02-13 10:53:02,020 - experiment_ablation_no_chaotic_features - INFO - Train Epoch 42: [0/472 (0.0%)]	Loss: 0.624956
2026-02-13 10:53:05,614 - experiment_ablation_no_chaotic_features - DEBUG - [STABILITY] lyap=0.021, max_norm=20.7, min_std=3.310
2026-02-13 10:53:06,180 - experiment_ablation_no_chaotic_features - INFO - [SYNC DEBUG] Epoch 42: sync_weight=0.1, desync_weight=0.1, loss_sync=0.495711
2026-02-13 10:53:06,725 - experiment_ablation_no_chaotic_features - INFO - Epoch 42: Train Loss: 0.6071, Train Acc: 0.9688, Val Loss: 4.2474, Val Acc: 0.2921
2026-02-13 10:53:07,255 - experiment_ablation_no_chaotic_features - INFO - Train Epoch 43: [0/472 (0.0%)]	Loss: 0.566724
2026-02-13 10:53:11,455 - experiment_ablation_no_chaotic_features - INFO - [SYNC DEBUG] Epoch 43: sync_weight=0.1, desync_weight=0.1, loss_sync=0.499263
2026-02-13 10:53:12,001 - experiment_ablation_no_chaotic_features - INFO - Epoch 43: Train Loss: 0.6407, Train Acc: 0.9576, Val Loss: 2.9352, Val Acc: 0.3820
2026-02-13 10:53:12,537 - experiment_ablation_no_chaotic_features - INFO - Train Epoch 44: [0/472 (0.0%)]	Loss: 0.574902
2026-02-13 10:53:16,741 - experiment_ablation_no_chaotic_features - INFO - [SYNC DEBUG] Epoch 44: sync_weight=0.1, desync_weight=0.1, loss_sync=0.498782
2026-02-13 10:53:17,290 - experiment_ablation_no_chaotic_features - INFO - Epoch 44: Train Loss: 0.6222, Train Acc: 0.9688, Val Loss: 2.7975, Val Acc: 0.4494
2026-02-13 10:53:17,809 - experiment_ablation_no_chaotic_features - INFO - Train Epoch 45: [0/472 (0.0%)]	Loss: 0.535343
2026-02-13 10:53:22,009 - experiment_ablation_no_chaotic_features - INFO - [SYNC DEBUG] Epoch 45: sync_weight=0.1, desync_weight=0.1, loss_sync=0.497712
2026-02-13 10:53:22,542 - experiment_ablation_no_chaotic_features - INFO - Epoch 45: Train Loss: 0.6086, Train Acc: 0.9621, Val Loss: 5.6798, Val Acc: 0.1236
2026-02-13 10:53:23,058 - experiment_ablation_no_chaotic_features - INFO - Train Epoch 46: [0/472 (0.0%)]	Loss: 0.565554
2026-02-13 10:53:27,262 - experiment_ablation_no_chaotic_features - INFO - [SYNC DEBUG] Epoch 46: sync_weight=0.1, desync_weight=0.1, loss_sync=0.495218
2026-02-13 10:53:27,797 - experiment_ablation_no_chaotic_features - INFO - Epoch 46: Train Loss: 0.6137, Train Acc: 0.9598, Val Loss: 5.0604, Val Acc: 0.2472
2026-02-13 10:53:28,324 - experiment_ablation_no_chaotic_features - INFO - Train Epoch 47: [0/472 (0.0%)]	Loss: 0.729943
2026-02-13 10:53:32,637 - experiment_ablation_no_chaotic_features - INFO - [SYNC DEBUG] Epoch 47: sync_weight=0.1, desync_weight=0.1, loss_sync=0.498088
2026-02-13 10:53:33,170 - experiment_ablation_no_chaotic_features - INFO - Epoch 47: Train Loss: 0.6133, Train Acc: 0.9665, Val Loss: 3.2985, Val Acc: 0.4831
2026-02-13 10:53:33,685 - experiment_ablation_no_chaotic_features - INFO - Train Epoch 48: [0/472 (0.0%)]	Loss: 0.619080
2026-02-13 10:53:37,876 - experiment_ablation_no_chaotic_features - INFO - [SYNC DEBUG] Epoch 48: sync_weight=0.1, desync_weight=0.1, loss_sync=0.498577
2026-02-13 10:53:38,419 - experiment_ablation_no_chaotic_features - INFO - Epoch 48: Train Loss: 0.6372, Train Acc: 0.9576, Val Loss: 5.4945, Val Acc: 0.2584
2026-02-13 10:53:38,953 - experiment_ablation_no_chaotic_features - INFO - Train Epoch 49: [0/472 (0.0%)]	Loss: 0.721661
2026-02-13 10:53:43,114 - experiment_ablation_no_chaotic_features - INFO - [SYNC DEBUG] Epoch 49: sync_weight=0.1, desync_weight=0.1, loss_sync=0.497062
2026-02-13 10:53:43,660 - experiment_ablation_no_chaotic_features - INFO - Epoch 49: Train Loss: 0.6184, Train Acc: 0.9598, Val Loss: 2.6599, Val Acc: 0.4157
2026-02-13 10:53:43,987 - experiment_ablation_no_chaotic_features - DEBUG - [STABILITY] lyap=0.020, max_norm=19.7, min_std=3.145
2026-02-13 10:53:44,181 - experiment_ablation_no_chaotic_features - INFO - Train Epoch 50: [0/472 (0.0%)]	Loss: 0.651374
2026-02-13 10:53:48,340 - experiment_ablation_no_chaotic_features - INFO - [SYNC DEBUG] Epoch 50: sync_weight=0.1, desync_weight=0.1, loss_sync=0.498626
2026-02-13 10:53:48,891 - experiment_ablation_no_chaotic_features - INFO - Epoch 50: Train Loss: 0.6079, Train Acc: 0.9688, Val Loss: 4.5245, Val Acc: 0.1685
2026-02-13 10:53:49,495 - experiment_ablation_no_chaotic_features - INFO - Train Epoch 51: [0/472 (0.0%)]	Loss: 0.554146
2026-02-13 10:53:53,682 - experiment_ablation_no_chaotic_features - INFO - [SYNC DEBUG] Epoch 51: sync_weight=0.1, desync_weight=0.1, loss_sync=0.497827
2026-02-13 10:53:54,228 - experiment_ablation_no_chaotic_features - INFO - Epoch 51: Train Loss: 0.5832, Train Acc: 0.9754, Val Loss: 5.9273, Val Acc: 0.1573
2026-02-13 10:53:54,760 - experiment_ablation_no_chaotic_features - INFO - Train Epoch 52: [0/472 (0.0%)]	Loss: 0.527483
2026-02-13 10:53:58,924 - experiment_ablation_no_chaotic_features - INFO - [SYNC DEBUG] Epoch 52: sync_weight=0.1, desync_weight=0.1, loss_sync=0.495331
2026-02-13 10:53:59,471 - experiment_ablation_no_chaotic_features - INFO - Epoch 52: Train Loss: 0.6001, Train Acc: 0.9576, Val Loss: 7.2963, Val Acc: 0.0899
2026-02-13 10:54:00,002 - experiment_ablation_no_chaotic_features - INFO - Train Epoch 53: [0/472 (0.0%)]	Loss: 0.523027
2026-02-13 10:54:04,164 - experiment_ablation_no_chaotic_features - INFO - [SYNC DEBUG] Epoch 53: sync_weight=0.1, desync_weight=0.1, loss_sync=0.496085
2026-02-13 10:54:04,709 - experiment_ablation_no_chaotic_features - INFO - Epoch 53: Train Loss: 0.5681, Train Acc: 0.9844, Val Loss: 6.1707, Val Acc: 0.1573
2026-02-13 10:54:05,240 - experiment_ablation_no_chaotic_features - INFO - Train Epoch 54: [0/472 (0.0%)]	Loss: 0.520746
2026-02-13 10:54:09,425 - experiment_ablation_no_chaotic_features - INFO - [SYNC DEBUG] Epoch 54: sync_weight=0.1, desync_weight=0.1, loss_sync=0.497715
2026-02-13 10:54:09,966 - experiment_ablation_no_chaotic_features - INFO - Epoch 54: Train Loss: 0.5801, Train Acc: 0.9799, Val Loss: 9.4052, Val Acc: 0.0449
2026-02-13 10:54:10,504 - experiment_ablation_no_chaotic_features - INFO - Train Epoch 55: [0/472 (0.0%)]	Loss: 0.527935
2026-02-13 10:54:14,707 - experiment_ablation_no_chaotic_features - INFO - [SYNC DEBUG] Epoch 55: sync_weight=0.1, desync_weight=0.1, loss_sync=0.496350
2026-02-13 10:54:15,246 - experiment_ablation_no_chaotic_features - INFO - Epoch 55: Train Loss: 0.5644, Train Acc: 0.9821, Val Loss: 4.3066, Val Acc: 0.2921
2026-02-13 10:54:15,777 - experiment_ablation_no_chaotic_features - INFO - Train Epoch 56: [0/472 (0.0%)]	Loss: 0.547374
2026-02-13 10:54:19,968 - experiment_ablation_no_chaotic_features - INFO - [SYNC DEBUG] Epoch 56: sync_weight=0.1, desync_weight=0.1, loss_sync=0.494706
2026-02-13 10:54:20,508 - experiment_ablation_no_chaotic_features - INFO - Epoch 56: Train Loss: 0.5694, Train Acc: 0.9799, Val Loss: 7.8157, Val Acc: 0.0562
2026-02-13 10:54:21,033 - experiment_ablation_no_chaotic_features - INFO - Train Epoch 57: [0/472 (0.0%)]	Loss: 0.615690
2026-02-13 10:54:21,474 - experiment_ablation_no_chaotic_features - DEBUG - [STABILITY] lyap=0.019, max_norm=17.5, min_std=2.590
2026-02-13 10:54:25,229 - experiment_ablation_no_chaotic_features - INFO - [SYNC DEBUG] Epoch 57: sync_weight=0.1, desync_weight=0.1, loss_sync=0.497258
2026-02-13 10:54:25,776 - experiment_ablation_no_chaotic_features - INFO - Epoch 57: Train Loss: 0.5887, Train Acc: 0.9688, Val Loss: 6.8536, Val Acc: 0.1236
2026-02-13 10:54:26,297 - experiment_ablation_no_chaotic_features - INFO - Train Epoch 58: [0/472 (0.0%)]	Loss: 0.522092
2026-02-13 10:54:30,701 - experiment_ablation_no_chaotic_features - INFO - [SYNC DEBUG] Epoch 58: sync_weight=0.1, desync_weight=0.1, loss_sync=0.496515
2026-02-13 10:54:31,253 - experiment_ablation_no_chaotic_features - INFO - Epoch 58: Train Loss: 0.5724, Train Acc: 0.9821, Val Loss: 1.9863, Val Acc: 0.5281
2026-02-13 10:54:31,780 - experiment_ablation_no_chaotic_features - INFO - Train Epoch 59: [0/472 (0.0%)]	Loss: 0.596122
2026-02-13 10:54:35,951 - experiment_ablation_no_chaotic_features - INFO - [SYNC DEBUG] Epoch 59: sync_weight=0.1, desync_weight=0.1, loss_sync=0.497277
2026-02-13 10:54:36,505 - experiment_ablation_no_chaotic_features - INFO - Epoch 59: Train Loss: 0.6090, Train Acc: 0.9598, Val Loss: 2.9975, Val Acc: 0.4831
2026-02-13 10:54:37,048 - experiment_ablation_no_chaotic_features - INFO - Train Epoch 60: [0/472 (0.0%)]	Loss: 0.522412
2026-02-13 10:54:41,266 - experiment_ablation_no_chaotic_features - INFO - [SYNC DEBUG] Epoch 60: sync_weight=0.1, desync_weight=0.1, loss_sync=0.493194
2026-02-13 10:54:41,817 - experiment_ablation_no_chaotic_features - INFO - Epoch 60: Train Loss: 0.5836, Train Acc: 0.9732, Val Loss: 3.6299, Val Acc: 0.4719
2026-02-13 10:54:42,436 - experiment_ablation_no_chaotic_features - INFO - Train Epoch 61: [0/472 (0.0%)]	Loss: 0.560097
2026-02-13 10:54:46,657 - experiment_ablation_no_chaotic_features - INFO - [SYNC DEBUG] Epoch 61: sync_weight=0.1, desync_weight=0.1, loss_sync=0.495781
2026-02-13 10:54:47,210 - experiment_ablation_no_chaotic_features - INFO - Epoch 61: Train Loss: 0.5572, Train Acc: 0.9821, Val Loss: 2.9726, Val Acc: 0.4719
2026-02-13 10:54:47,735 - experiment_ablation_no_chaotic_features - INFO - Train Epoch 62: [0/472 (0.0%)]	Loss: 0.563108
2026-02-13 10:54:51,936 - experiment_ablation_no_chaotic_features - INFO - [SYNC DEBUG] Epoch 62: sync_weight=0.1, desync_weight=0.1, loss_sync=0.494524
2026-02-13 10:54:52,482 - experiment_ablation_no_chaotic_features - INFO - Epoch 62: Train Loss: 0.5843, Train Acc: 0.9799, Val Loss: 2.7674, Val Acc: 0.4944
2026-02-13 10:54:53,012 - experiment_ablation_no_chaotic_features - INFO - Train Epoch 63: [0/472 (0.0%)]	Loss: 0.587397
2026-02-13 10:54:57,191 - experiment_ablation_no_chaotic_features - INFO - [SYNC DEBUG] Epoch 63: sync_weight=0.1, desync_weight=0.1, loss_sync=0.495428
2026-02-13 10:54:57,728 - experiment_ablation_no_chaotic_features - INFO - Epoch 63: Train Loss: 0.5843, Train Acc: 0.9777, Val Loss: 5.6956, Val Acc: 0.1798
2026-02-13 10:54:58,255 - experiment_ablation_no_chaotic_features - INFO - Train Epoch 64: [0/472 (0.0%)]	Loss: 0.654006
2026-02-13 10:54:59,331 - experiment_ablation_no_chaotic_features - DEBUG - [STABILITY] lyap=0.020, max_norm=18.9, min_std=2.827
2026-02-13 10:55:02,422 - experiment_ablation_no_chaotic_features - INFO - [SYNC DEBUG] Epoch 64: sync_weight=0.1, desync_weight=0.1, loss_sync=0.497519
2026-02-13 10:55:02,963 - experiment_ablation_no_chaotic_features - INFO - Epoch 64: Train Loss: 0.6010, Train Acc: 0.9665, Val Loss: 3.6956, Val Acc: 0.3596
2026-02-13 10:55:03,494 - experiment_ablation_no_chaotic_features - INFO - Train Epoch 65: [0/472 (0.0%)]	Loss: 0.510732
2026-02-13 10:55:07,643 - experiment_ablation_no_chaotic_features - INFO - [SYNC DEBUG] Epoch 65: sync_weight=0.1, desync_weight=0.1, loss_sync=0.495988
2026-02-13 10:55:08,193 - experiment_ablation_no_chaotic_features - INFO - Epoch 65: Train Loss: 0.5882, Train Acc: 0.9799, Val Loss: 6.1500, Val Acc: 0.1461
2026-02-13 10:55:08,727 - experiment_ablation_no_chaotic_features - INFO - Train Epoch 66: [0/472 (0.0%)]	Loss: 0.596884
2026-02-13 10:55:12,901 - experiment_ablation_no_chaotic_features - INFO - [SYNC DEBUG] Epoch 66: sync_weight=0.1, desync_weight=0.1, loss_sync=0.494266
2026-02-13 10:55:13,448 - experiment_ablation_no_chaotic_features - INFO - Epoch 66: Train Loss: 0.5416, Train Acc: 0.9888, Val Loss: 2.4739, Val Acc: 0.5281
2026-02-13 10:55:13,970 - experiment_ablation_no_chaotic_features - INFO - Train Epoch 67: [0/472 (0.0%)]	Loss: 0.583965
2026-02-13 10:55:18,121 - experiment_ablation_no_chaotic_features - INFO - [SYNC DEBUG] Epoch 67: sync_weight=0.1, desync_weight=0.1, loss_sync=0.492972
2026-02-13 10:55:18,665 - experiment_ablation_no_chaotic_features - INFO - Epoch 67: Train Loss: 0.5683, Train Acc: 0.9754, Val Loss: 4.2553, Val Acc: 0.3371
2026-02-13 10:55:19,193 - experiment_ablation_no_chaotic_features - INFO - Train Epoch 68: [0/472 (0.0%)]	Loss: 0.508388
2026-02-13 10:55:23,388 - experiment_ablation_no_chaotic_features - INFO - [SYNC DEBUG] Epoch 68: sync_weight=0.1, desync_weight=0.1, loss_sync=0.489838
2026-02-13 10:55:23,930 - experiment_ablation_no_chaotic_features - INFO - Epoch 68: Train Loss: 0.5858, Train Acc: 0.9799, Val Loss: 5.6694, Val Acc: 0.1798
2026-02-13 10:55:24,453 - experiment_ablation_no_chaotic_features - INFO - Train Epoch 69: [0/472 (0.0%)]	Loss: 0.541694
2026-02-13 10:55:28,643 - experiment_ablation_no_chaotic_features - INFO - [SYNC DEBUG] Epoch 69: sync_weight=0.1, desync_weight=0.1, loss_sync=0.495813
2026-02-13 10:55:29,189 - experiment_ablation_no_chaotic_features - INFO - Epoch 69: Train Loss: 0.5621, Train Acc: 0.9844, Val Loss: 2.6544, Val Acc: 0.4719
2026-02-13 10:55:29,713 - experiment_ablation_no_chaotic_features - INFO - Train Epoch 70: [0/472 (0.0%)]	Loss: 0.552035
2026-02-13 10:55:33,898 - experiment_ablation_no_chaotic_features - INFO - [SYNC DEBUG] Epoch 70: sync_weight=0.1, desync_weight=0.1, loss_sync=0.495742
2026-02-13 10:55:34,445 - experiment_ablation_no_chaotic_features - INFO - Epoch 70: Train Loss: 0.5567, Train Acc: 0.9821, Val Loss: 8.4970, Val Acc: 0.1236
2026-02-13 10:55:35,046 - experiment_ablation_no_chaotic_features - INFO - Train Epoch 71: [0/472 (0.0%)]	Loss: 0.524785
2026-02-13 10:55:36,775 - experiment_ablation_no_chaotic_features - DEBUG - [STABILITY] lyap=0.019, max_norm=18.4, min_std=2.766
2026-02-13 10:55:39,260 - experiment_ablation_no_chaotic_features - INFO - [SYNC DEBUG] Epoch 71: sync_weight=0.1, desync_weight=0.1, loss_sync=0.491471
2026-02-13 10:55:39,811 - experiment_ablation_no_chaotic_features - INFO - Epoch 71: Train Loss: 0.5411, Train Acc: 0.9888, Val Loss: 8.0079, Val Acc: 0.1124
2026-02-13 10:55:40,336 - experiment_ablation_no_chaotic_features - INFO - Train Epoch 72: [0/472 (0.0%)]	Loss: 0.587125
2026-02-13 10:55:44,464 - experiment_ablation_no_chaotic_features - INFO - [SYNC DEBUG] Epoch 72: sync_weight=0.1, desync_weight=0.1, loss_sync=0.491085
2026-02-13 10:55:45,002 - experiment_ablation_no_chaotic_features - INFO - Epoch 72: Train Loss: 0.5976, Train Acc: 0.9710, Val Loss: 6.4762, Val Acc: 0.1461
2026-02-13 10:55:45,525 - experiment_ablation_no_chaotic_features - INFO - Train Epoch 73: [0/472 (0.0%)]	Loss: 0.565597
2026-02-13 10:55:49,666 - experiment_ablation_no_chaotic_features - INFO - [SYNC DEBUG] Epoch 73: sync_weight=0.1, desync_weight=0.1, loss_sync=0.495756
2026-02-13 10:55:50,204 - experiment_ablation_no_chaotic_features - INFO - Epoch 73: Train Loss: 0.5505, Train Acc: 0.9799, Val Loss: 4.9430, Val Acc: 0.3146
2026-02-13 10:55:50,724 - experiment_ablation_no_chaotic_features - INFO - Train Epoch 74: [0/472 (0.0%)]	Loss: 0.530024
2026-02-13 10:55:54,860 - experiment_ablation_no_chaotic_features - INFO - [SYNC DEBUG] Epoch 74: sync_weight=0.1, desync_weight=0.1, loss_sync=0.494486
2026-02-13 10:55:55,393 - experiment_ablation_no_chaotic_features - INFO - Epoch 74: Train Loss: 0.5709, Train Acc: 0.9754, Val Loss: 4.7207, Val Acc: 0.3146
2026-02-13 10:55:55,920 - experiment_ablation_no_chaotic_features - INFO - Train Epoch 75: [0/472 (0.0%)]	Loss: 0.518293
2026-02-13 10:56:00,127 - experiment_ablation_no_chaotic_features - INFO - [SYNC DEBUG] Epoch 75: sync_weight=0.1, desync_weight=0.1, loss_sync=0.494153
2026-02-13 10:56:00,668 - experiment_ablation_no_chaotic_features - INFO - Epoch 75: Train Loss: 0.5417, Train Acc: 0.9844, Val Loss: 1.0333, Val Acc: 0.7753
2026-02-13 10:56:00,748 - experiment_ablation_no_chaotic_features - INFO - Saved new best model at epoch 75
2026-02-13 10:56:01,306 - experiment_ablation_no_chaotic_features - INFO - Train Epoch 76: [0/472 (0.0%)]	Loss: 0.509209
2026-02-13 10:56:05,503 - experiment_ablation_no_chaotic_features - INFO - [SYNC DEBUG] Epoch 76: sync_weight=0.1, desync_weight=0.1, loss_sync=0.493942
2026-02-13 10:56:06,050 - experiment_ablation_no_chaotic_features - INFO - Epoch 76: Train Loss: 0.5817, Train Acc: 0.9777, Val Loss: 2.8767, Val Acc: 0.4607
2026-02-13 10:56:06,581 - experiment_ablation_no_chaotic_features - INFO - Train Epoch 77: [0/472 (0.0%)]	Loss: 0.515326
2026-02-13 10:56:10,759 - experiment_ablation_no_chaotic_features - INFO - [SYNC DEBUG] Epoch 77: sync_weight=0.1, desync_weight=0.1, loss_sync=0.489203
2026-02-13 10:56:11,299 - experiment_ablation_no_chaotic_features - INFO - Epoch 77: Train Loss: 0.5460, Train Acc: 0.9799, Val Loss: 5.3634, Val Acc: 0.1910
2026-02-13 10:56:11,825 - experiment_ablation_no_chaotic_features - INFO - Train Epoch 78: [0/472 (0.0%)]	Loss: 0.496515
2026-02-13 10:56:14,180 - experiment_ablation_no_chaotic_features - DEBUG - [STABILITY] lyap=0.022, max_norm=20.1, min_std=2.954
2026-02-13 10:56:16,020 - experiment_ablation_no_chaotic_features - INFO - [SYNC DEBUG] Epoch 78: sync_weight=0.1, desync_weight=0.1, loss_sync=0.488657
2026-02-13 10:56:16,559 - experiment_ablation_no_chaotic_features - INFO - Epoch 78: Train Loss: 0.5426, Train Acc: 0.9844, Val Loss: 6.2360, Val Acc: 0.2022
2026-02-13 10:56:17,089 - experiment_ablation_no_chaotic_features - INFO - Train Epoch 79: [0/472 (0.0%)]	Loss: 0.598115
2026-02-13 10:56:21,229 - experiment_ablation_no_chaotic_features - INFO - [SYNC DEBUG] Epoch 79: sync_weight=0.1, desync_weight=0.1, loss_sync=0.491295
2026-02-13 10:56:21,764 - experiment_ablation_no_chaotic_features - INFO - Epoch 79: Train Loss: 0.5616, Train Acc: 0.9866, Val Loss: 2.9519, Val Acc: 0.4382
2026-02-13 10:56:22,287 - experiment_ablation_no_chaotic_features - INFO - Train Epoch 80: [0/472 (0.0%)]	Loss: 0.516118
2026-02-13 10:56:26,425 - experiment_ablation_no_chaotic_features - INFO - [SYNC DEBUG] Epoch 80: sync_weight=0.1, desync_weight=0.1, loss_sync=0.496118
2026-02-13 10:56:26,986 - experiment_ablation_no_chaotic_features - INFO - Epoch 80: Train Loss: 0.5924, Train Acc: 0.9754, Val Loss: 3.2972, Val Acc: 0.5169
2026-02-13 10:56:27,596 - experiment_ablation_no_chaotic_features - INFO - Train Epoch 81: [0/472 (0.0%)]	Loss: 0.505240
2026-02-13 10:56:31,794 - experiment_ablation_no_chaotic_features - INFO - [SYNC DEBUG] Epoch 81: sync_weight=0.1, desync_weight=0.1, loss_sync=0.487987
2026-02-13 10:56:32,336 - experiment_ablation_no_chaotic_features - INFO - Epoch 81: Train Loss: 0.5563, Train Acc: 0.9754, Val Loss: 6.7755, Val Acc: 0.1236
2026-02-13 10:56:32,865 - experiment_ablation_no_chaotic_features - INFO - Train Epoch 82: [0/472 (0.0%)]	Loss: 0.569314
2026-02-13 10:56:37,060 - experiment_ablation_no_chaotic_features - INFO - [SYNC DEBUG] Epoch 82: sync_weight=0.1, desync_weight=0.1, loss_sync=0.488555
2026-02-13 10:56:37,605 - experiment_ablation_no_chaotic_features - INFO - Epoch 82: Train Loss: 0.5427, Train Acc: 0.9777, Val Loss: 6.6018, Val Acc: 0.1461
2026-02-13 10:56:38,124 - experiment_ablation_no_chaotic_features - INFO - Train Epoch 83: [0/472 (0.0%)]	Loss: 0.584881
2026-02-13 10:56:42,285 - experiment_ablation_no_chaotic_features - INFO - [SYNC DEBUG] Epoch 83: sync_weight=0.1, desync_weight=0.1, loss_sync=0.491151
2026-02-13 10:56:42,825 - experiment_ablation_no_chaotic_features - INFO - Epoch 83: Train Loss: 0.5563, Train Acc: 0.9777, Val Loss: 6.3223, Val Acc: 0.1124
2026-02-13 10:56:43,359 - experiment_ablation_no_chaotic_features - INFO - Train Epoch 84: [0/472 (0.0%)]	Loss: 0.599157
2026-02-13 10:56:47,551 - experiment_ablation_no_chaotic_features - INFO - [SYNC DEBUG] Epoch 84: sync_weight=0.1, desync_weight=0.1, loss_sync=0.488888
2026-02-13 10:56:48,092 - experiment_ablation_no_chaotic_features - INFO - Epoch 84: Train Loss: 0.6000, Train Acc: 0.9688, Val Loss: 9.5874, Val Acc: 0.0787
2026-02-13 10:56:48,628 - experiment_ablation_no_chaotic_features - INFO - Train Epoch 85: [0/472 (0.0%)]	Loss: 0.538695
2026-02-13 10:56:51,581 - experiment_ablation_no_chaotic_features - DEBUG - [STABILITY] lyap=0.013, max_norm=12.5, min_std=1.737
2026-02-13 10:56:52,783 - experiment_ablation_no_chaotic_features - INFO - [SYNC DEBUG] Epoch 85: sync_weight=0.1, desync_weight=0.1, loss_sync=0.488325
2026-02-13 10:56:53,322 - experiment_ablation_no_chaotic_features - INFO - Epoch 85: Train Loss: 0.5743, Train Acc: 0.9732, Val Loss: 5.4410, Val Acc: 0.2022
2026-02-13 10:56:53,850 - experiment_ablation_no_chaotic_features - INFO - Train Epoch 86: [0/472 (0.0%)]	Loss: 0.821819
2026-02-13 10:56:58,035 - experiment_ablation_no_chaotic_features - INFO - [SYNC DEBUG] Epoch 86: sync_weight=0.1, desync_weight=0.1, loss_sync=0.490926
2026-02-13 10:56:58,578 - experiment_ablation_no_chaotic_features - INFO - Epoch 86: Train Loss: 0.5788, Train Acc: 0.9621, Val Loss: 9.5568, Val Acc: 0.0787
2026-02-13 10:56:59,102 - experiment_ablation_no_chaotic_features - INFO - Train Epoch 87: [0/472 (0.0%)]	Loss: 0.518614
2026-02-13 10:57:03,251 - experiment_ablation_no_chaotic_features - INFO - [SYNC DEBUG] Epoch 87: sync_weight=0.1, desync_weight=0.1, loss_sync=0.492759
2026-02-13 10:57:03,796 - experiment_ablation_no_chaotic_features - INFO - Epoch 87: Train Loss: 0.5383, Train Acc: 0.9911, Val Loss: 10.6621, Val Acc: 0.0899
2026-02-13 10:57:04,323 - experiment_ablation_no_chaotic_features - INFO - Train Epoch 88: [0/472 (0.0%)]	Loss: 0.504594
2026-02-13 10:57:08,507 - experiment_ablation_no_chaotic_features - INFO - [SYNC DEBUG] Epoch 88: sync_weight=0.1, desync_weight=0.1, loss_sync=0.491965
2026-02-13 10:57:09,050 - experiment_ablation_no_chaotic_features - INFO - Epoch 88: Train Loss: 0.5641, Train Acc: 0.9799, Val Loss: 4.8828, Val Acc: 0.3146
2026-02-13 10:57:09,584 - experiment_ablation_no_chaotic_features - INFO - Train Epoch 89: [0/472 (0.0%)]	Loss: 0.544051
2026-02-13 10:57:13,727 - experiment_ablation_no_chaotic_features - INFO - [SYNC DEBUG] Epoch 89: sync_weight=0.1, desync_weight=0.1, loss_sync=0.490669
2026-02-13 10:57:14,267 - experiment_ablation_no_chaotic_features - INFO - Epoch 89: Train Loss: 0.5448, Train Acc: 0.9799, Val Loss: 2.8395, Val Acc: 0.5843
2026-02-13 10:57:14,786 - experiment_ablation_no_chaotic_features - INFO - Train Epoch 90: [0/472 (0.0%)]	Loss: 0.573983
2026-02-13 10:57:18,914 - experiment_ablation_no_chaotic_features - INFO - [SYNC DEBUG] Epoch 90: sync_weight=0.1, desync_weight=0.1, loss_sync=0.489173
2026-02-13 10:57:19,457 - experiment_ablation_no_chaotic_features - INFO - Epoch 90: Train Loss: 0.5398, Train Acc: 0.9888, Val Loss: 4.6121, Val Acc: 0.2584
2026-02-13 10:57:20,064 - experiment_ablation_no_chaotic_features - INFO - Train Epoch 91: [0/472 (0.0%)]	Loss: 0.510740
2026-02-13 10:57:24,283 - experiment_ablation_no_chaotic_features - INFO - [SYNC DEBUG] Epoch 91: sync_weight=0.1, desync_weight=0.1, loss_sync=0.487854
2026-02-13 10:57:24,830 - experiment_ablation_no_chaotic_features - INFO - Epoch 91: Train Loss: 0.5363, Train Acc: 0.9821, Val Loss: 5.8861, Val Acc: 0.2360
2026-02-13 10:57:25,365 - experiment_ablation_no_chaotic_features - INFO - Train Epoch 92: [0/472 (0.0%)]	Loss: 0.500939
2026-02-13 10:57:28,984 - experiment_ablation_no_chaotic_features - DEBUG - [STABILITY] lyap=0.018, max_norm=15.1, min_std=2.129
2026-02-13 10:57:29,556 - experiment_ablation_no_chaotic_features - INFO - [SYNC DEBUG] Epoch 92: sync_weight=0.1, desync_weight=0.1, loss_sync=0.481361
2026-02-13 10:57:30,100 - experiment_ablation_no_chaotic_features - INFO - Epoch 92: Train Loss: 0.5135, Train Acc: 0.9933, Val Loss: 10.3907, Val Acc: 0.0449
2026-02-13 10:57:30,820 - experiment_ablation_no_chaotic_features - INFO - Train Epoch 93: [0/472 (0.0%)]	Loss: 0.496499
2026-02-13 10:57:35,030 - experiment_ablation_no_chaotic_features - INFO - [SYNC DEBUG] Epoch 93: sync_weight=0.1, desync_weight=0.1, loss_sync=0.478597
2026-02-13 10:57:35,565 - experiment_ablation_no_chaotic_features - INFO - Epoch 93: Train Loss: 0.5329, Train Acc: 0.9866, Val Loss: 8.4706, Val Acc: 0.0562
2026-02-13 10:57:36,084 - experiment_ablation_no_chaotic_features - INFO - Train Epoch 94: [0/472 (0.0%)]	Loss: 0.498515
2026-02-13 10:57:40,278 - experiment_ablation_no_chaotic_features - INFO - [SYNC DEBUG] Epoch 94: sync_weight=0.1, desync_weight=0.1, loss_sync=0.487382
2026-02-13 10:57:40,823 - experiment_ablation_no_chaotic_features - INFO - Epoch 94: Train Loss: 0.5677, Train Acc: 0.9799, Val Loss: 4.1939, Val Acc: 0.4045
2026-02-13 10:57:41,341 - experiment_ablation_no_chaotic_features - INFO - Train Epoch 95: [0/472 (0.0%)]	Loss: 0.578287
2026-02-13 10:57:45,535 - experiment_ablation_no_chaotic_features - INFO - [SYNC DEBUG] Epoch 95: sync_weight=0.1, desync_weight=0.1, loss_sync=0.488712
2026-02-13 10:57:46,078 - experiment_ablation_no_chaotic_features - INFO - Epoch 95: Train Loss: 0.5323, Train Acc: 0.9844, Val Loss: 9.6757, Val Acc: 0.0674
2026-02-13 10:57:46,598 - experiment_ablation_no_chaotic_features - INFO - Train Epoch 96: [0/472 (0.0%)]	Loss: 0.599228
2026-02-13 10:57:50,799 - experiment_ablation_no_chaotic_features - INFO - [SYNC DEBUG] Epoch 96: sync_weight=0.1, desync_weight=0.1, loss_sync=0.492283
2026-02-13 10:57:51,336 - experiment_ablation_no_chaotic_features - INFO - Epoch 96: Train Loss: 0.5745, Train Acc: 0.9732, Val Loss: 10.5743, Val Acc: 0.0787
2026-02-13 10:57:51,871 - experiment_ablation_no_chaotic_features - INFO - Train Epoch 97: [0/472 (0.0%)]	Loss: 0.796871
2026-02-13 10:57:56,072 - experiment_ablation_no_chaotic_features - INFO - [SYNC DEBUG] Epoch 97: sync_weight=0.1, desync_weight=0.1, loss_sync=0.498693
2026-02-13 10:57:56,606 - experiment_ablation_no_chaotic_features - INFO - Epoch 97: Train Loss: 0.5649, Train Acc: 0.9844, Val Loss: 11.1848, Val Acc: 0.0899
2026-02-13 10:57:57,130 - experiment_ablation_no_chaotic_features - INFO - Train Epoch 98: [0/472 (0.0%)]	Loss: 0.669223
2026-02-13 10:58:01,323 - experiment_ablation_no_chaotic_features - INFO - [SYNC DEBUG] Epoch 98: sync_weight=0.1, desync_weight=0.1, loss_sync=0.492710
2026-02-13 10:58:01,875 - experiment_ablation_no_chaotic_features - INFO - Epoch 98: Train Loss: 0.5869, Train Acc: 0.9732, Val Loss: 11.6215, Val Acc: 0.0449
2026-02-13 10:58:02,393 - experiment_ablation_no_chaotic_features - INFO - Train Epoch 99: [0/472 (0.0%)]	Loss: 0.541760
2026-02-13 10:58:06,631 - experiment_ablation_no_chaotic_features - INFO - [SYNC DEBUG] Epoch 99: sync_weight=0.1, desync_weight=0.1, loss_sync=0.490744
2026-02-13 10:58:07,171 - experiment_ablation_no_chaotic_features - INFO - Epoch 99: Train Loss: 0.5515, Train Acc: 0.9844, Val Loss: 11.7371, Val Acc: 0.0449
2026-02-13 10:58:07,175 - experiment_ablation_no_chaotic_features - INFO - Running final test evaluation...
2026-02-13 10:58:07,829 - experiment_ablation_no_chaotic_features - INFO - Test Results:
2026-02-13 10:58:07,830 - experiment_ablation_no_chaotic_features - INFO -   loss: 11.8454
2026-02-13 10:58:07,830 - experiment_ablation_no_chaotic_features - INFO -   accuracy: 0.0424
2026-02-13 10:58:07,832 - experiment_ablation_no_chaotic_features - INFO - Training completed
2026-02-13 11:14:30,430 - experiment_ablation_no_chaotic_features - INFO - Initialized experiment: ablation_no_chaotic_features
2026-02-13 11:14:30,430 - experiment_ablation_no_chaotic_features - INFO - Device: cuda
2026-02-13 11:14:30,430 - experiment_ablation_no_chaotic_features - INFO - Output directory: /scratch/project_2003370/yueyao/Model/experiments/configs/Ablation_study/no_chaotic_features/ablation_no_chaotic_features
2026-02-13 11:14:30,430 - experiment_ablation_no_chaotic_features - INFO - [SYNC LOSS] Enabled with mode: standard
2026-02-13 11:14:30,430 - experiment_ablation_no_chaotic_features - INFO - Initialized chaotic network experiment with lorenz system
2026-02-13 11:14:30,431 - experiment_ablation_no_chaotic_features - INFO - Setting up experiment components...
2026-02-13 11:14:30,431 - experiment_ablation_no_chaotic_features - INFO - Creating dataloaders...
2026-02-13 11:14:30,896 - experiment_ablation_no_chaotic_features - INFO - Detected 26 speakers in dataset
2026-02-13 11:14:30,896 - experiment_ablation_no_chaotic_features - INFO - Dataloaders created:
2026-02-13 11:14:30,897 - experiment_ablation_no_chaotic_features - INFO -   Train: 14 batches
2026-02-13 11:14:30,897 - experiment_ablation_no_chaotic_features - INFO -   Val: 3 batches
2026-02-13 11:14:30,897 - experiment_ablation_no_chaotic_features - INFO -   Test: 4 batches
2026-02-13 11:14:30,897 - experiment_ablation_no_chaotic_features - INFO - Creating model...
2026-02-13 11:14:30,897 - experiment_ablation_no_chaotic_features - INFO - Using actual num_speakers from dataset: 26
2026-02-13 11:15:37,128 - experiment_ablation_no_chaotic_features - INFO - Total parameters: 500,671
2026-02-13 11:15:37,129 - experiment_ablation_no_chaotic_features - INFO - Trainable parameters: 500,671
2026-02-13 11:15:37,129 - experiment_ablation_no_chaotic_features - INFO - Creating optimizer...
2026-02-13 11:15:37,129 - experiment_ablation_no_chaotic_features - INFO - Optimizer: AdamW
2026-02-13 11:15:37,129 - experiment_ablation_no_chaotic_features - INFO - Creating scheduler...
2026-02-13 11:15:37,129 - experiment_ablation_no_chaotic_features - INFO - Creating criterion...
2026-02-13 11:15:37,129 - experiment_ablation_no_chaotic_features - INFO - Criterion: CrossEntropyLoss
2026-02-13 11:15:37,212 - experiment_ablation_no_chaotic_features - INFO - Configuration saved to: /scratch/project_2003370/yueyao/Model/experiments/configs/Ablation_study/no_chaotic_features/ablation_no_chaotic_features/config.json
2026-02-13 11:15:37,212 - experiment_ablation_no_chaotic_features - INFO - Experiment setup completed
2026-02-13 11:15:37,212 - experiment_ablation_no_chaotic_features - INFO - Starting training for 100 epochs
2026-02-13 11:15:37,212 - experiment_ablation_no_chaotic_features - INFO - [SYNC LOSS] Warmup complete, synchronization loss activated!
2026-02-13 11:15:37,397 - experiment_ablation_no_chaotic_features - INFO - 
================================================================================
2026-02-13 11:15:37,397 - experiment_ablation_no_chaotic_features - INFO - COMPREHENSIVE DEBUG - FIRST BATCH
2026-02-13 11:15:37,397 - experiment_ablation_no_chaotic_features - INFO - ================================================================================
2026-02-13 11:15:37,397 - experiment_ablation_no_chaotic_features - INFO - Batch Info:
2026-02-13 11:15:37,397 - experiment_ablation_no_chaotic_features - INFO -   Audio shape: torch.Size([32, 48000])
2026-02-13 11:15:37,397 - experiment_ablation_no_chaotic_features - INFO -   Targets shape: torch.Size([32])
2026-02-13 11:15:37,398 - experiment_ablation_no_chaotic_features - INFO -   Targets (first 8): tensor([18, 24,  5, 21, 17, 17, 21,  7], device='cuda:0')
2026-02-13 11:15:37,537 - experiment_ablation_no_chaotic_features - INFO - ================================================================================

2026-02-13 11:15:37,659 - experiment_ablation_no_chaotic_features - INFO - [STABILITY] Initialized LyapunovStabilityLoss
2026-02-13 11:15:37,660 - experiment_ablation_no_chaotic_features - DEBUG - [STABILITY] lyap=0.066, max_norm=14.5, min_std=1.167
2026-02-13 11:15:37,859 - experiment_ablation_no_chaotic_features - INFO - Train Epoch 0: [0/472 (0.0%)]	Loss: 6.150975
2026-02-13 11:15:42,126 - experiment_ablation_no_chaotic_features - INFO - [SYNC DEBUG] Epoch 0: sync_weight=0.1, desync_weight=0.1, loss_sync=0.620214
2026-02-13 11:15:42,697 - experiment_ablation_no_chaotic_features - INFO - Epoch 0: Train Loss: 6.3189, Train Acc: 0.0513, Val Loss: 4.9980, Val Acc: 0.0449
2026-02-13 11:15:42,771 - experiment_ablation_no_chaotic_features - INFO - Saved new best model at epoch 0
2026-02-13 11:15:43,458 - experiment_ablation_no_chaotic_features - INFO - Train Epoch 1: [0/472 (0.0%)]	Loss: 6.711797
2026-02-13 11:15:47,698 - experiment_ablation_no_chaotic_features - INFO - [SYNC DEBUG] Epoch 1: sync_weight=0.1, desync_weight=0.1, loss_sync=0.539756
2026-02-13 11:15:48,261 - experiment_ablation_no_chaotic_features - INFO - Epoch 1: Train Loss: 5.4049, Train Acc: 0.0558, Val Loss: 5.0221, Val Acc: 0.0337
2026-02-13 11:15:48,803 - experiment_ablation_no_chaotic_features - INFO - Train Epoch 2: [0/472 (0.0%)]	Loss: 5.072772
2026-02-13 11:15:52,972 - experiment_ablation_no_chaotic_features - INFO - [SYNC DEBUG] Epoch 2: sync_weight=0.1, desync_weight=0.1, loss_sync=0.529287
2026-02-13 11:15:53,578 - experiment_ablation_no_chaotic_features - INFO - Epoch 2: Train Loss: 4.5629, Train Acc: 0.1473, Val Loss: 5.5040, Val Acc: 0.0337
2026-02-13 11:15:54,199 - experiment_ablation_no_chaotic_features - INFO - Train Epoch 3: [0/472 (0.0%)]	Loss: 4.783540
2026-02-13 11:15:58,469 - experiment_ablation_no_chaotic_features - INFO - [SYNC DEBUG] Epoch 3: sync_weight=0.1, desync_weight=0.1, loss_sync=0.531552
2026-02-13 11:15:59,093 - experiment_ablation_no_chaotic_features - INFO - Epoch 3: Train Loss: 4.1239, Train Acc: 0.1607, Val Loss: 7.8571, Val Acc: 0.0449
2026-02-13 11:15:59,734 - experiment_ablation_no_chaotic_features - INFO - Train Epoch 4: [0/472 (0.0%)]	Loss: 3.316877
2026-02-13 11:16:03,927 - experiment_ablation_no_chaotic_features - INFO - [SYNC DEBUG] Epoch 4: sync_weight=0.1, desync_weight=0.1, loss_sync=0.487729
2026-02-13 11:16:04,492 - experiment_ablation_no_chaotic_features - INFO - Epoch 4: Train Loss: 3.4143, Train Acc: 0.2455, Val Loss: 4.6033, Val Acc: 0.0562
2026-02-13 11:16:04,575 - experiment_ablation_no_chaotic_features - INFO - Saved new best model at epoch 4
2026-02-13 11:16:05,157 - experiment_ablation_no_chaotic_features - INFO - Train Epoch 5: [0/472 (0.0%)]	Loss: 2.111404
2026-02-13 11:16:09,348 - experiment_ablation_no_chaotic_features - INFO - [SYNC DEBUG] Epoch 5: sync_weight=0.1, desync_weight=0.1, loss_sync=0.499096
2026-02-13 11:16:09,909 - experiment_ablation_no_chaotic_features - INFO - Epoch 5: Train Loss: 2.6900, Train Acc: 0.3996, Val Loss: 5.8527, Val Acc: 0.0449
2026-02-13 11:16:10,445 - experiment_ablation_no_chaotic_features - INFO - Train Epoch 6: [0/472 (0.0%)]	Loss: 1.895575
2026-02-13 11:16:14,652 - experiment_ablation_no_chaotic_features - INFO - [SYNC DEBUG] Epoch 6: sync_weight=0.1, desync_weight=0.1, loss_sync=0.493805
2026-02-13 11:16:15,227 - experiment_ablation_no_chaotic_features - INFO - Epoch 6: Train Loss: 2.2275, Train Acc: 0.4688, Val Loss: 6.3321, Val Acc: 0.0449
2026-02-13 11:16:15,770 - experiment_ablation_no_chaotic_features - INFO - Train Epoch 7: [0/472 (0.0%)]	Loss: 2.052050
2026-02-13 11:16:16,203 - experiment_ablation_no_chaotic_features - DEBUG - [STABILITY] lyap=0.024, max_norm=21.2, min_std=3.239
2026-02-13 11:16:19,917 - experiment_ablation_no_chaotic_features - INFO - [SYNC DEBUG] Epoch 7: sync_weight=0.1, desync_weight=0.1, loss_sync=0.497101
2026-02-13 11:16:20,473 - experiment_ablation_no_chaotic_features - INFO - Epoch 7: Train Loss: 2.0839, Train Acc: 0.5156, Val Loss: 5.4841, Val Acc: 0.0787
2026-02-13 11:16:20,549 - experiment_ablation_no_chaotic_features - INFO - Saved new best model at epoch 7
2026-02-13 11:16:21,122 - experiment_ablation_no_chaotic_features - INFO - Train Epoch 8: [0/472 (0.0%)]	Loss: 1.719224
2026-02-13 11:16:25,362 - experiment_ablation_no_chaotic_features - INFO - [SYNC DEBUG] Epoch 8: sync_weight=0.1, desync_weight=0.1, loss_sync=0.497076
2026-02-13 11:16:25,937 - experiment_ablation_no_chaotic_features - INFO - Epoch 8: Train Loss: 1.7558, Train Acc: 0.5603, Val Loss: 6.8757, Val Acc: 0.0449
2026-02-13 11:16:26,478 - experiment_ablation_no_chaotic_features - INFO - Train Epoch 9: [0/472 (0.0%)]	Loss: 1.624202
2026-02-13 11:16:30,715 - experiment_ablation_no_chaotic_features - INFO - [SYNC DEBUG] Epoch 9: sync_weight=0.1, desync_weight=0.1, loss_sync=0.498872
2026-02-13 11:16:31,291 - experiment_ablation_no_chaotic_features - INFO - Epoch 9: Train Loss: 1.5639, Train Acc: 0.6562, Val Loss: 4.6424, Val Acc: 0.1573
2026-02-13 11:16:31,368 - experiment_ablation_no_chaotic_features - INFO - Saved new best model at epoch 9
2026-02-13 11:16:31,955 - experiment_ablation_no_chaotic_features - INFO - Train Epoch 10: [0/472 (0.0%)]	Loss: 1.513007
2026-02-13 11:16:36,112 - experiment_ablation_no_chaotic_features - INFO - [SYNC DEBUG] Epoch 10: sync_weight=0.1, desync_weight=0.1, loss_sync=0.497507
2026-02-13 11:16:36,678 - experiment_ablation_no_chaotic_features - INFO - Epoch 10: Train Loss: 1.4234, Train Acc: 0.7232, Val Loss: 4.4493, Val Acc: 0.1573
2026-02-13 11:16:37,284 - experiment_ablation_no_chaotic_features - INFO - Train Epoch 11: [0/472 (0.0%)]	Loss: 1.414554
2026-02-13 11:16:41,468 - experiment_ablation_no_chaotic_features - INFO - [SYNC DEBUG] Epoch 11: sync_weight=0.1, desync_weight=0.1, loss_sync=0.498068
2026-02-13 11:16:42,024 - experiment_ablation_no_chaotic_features - INFO - Epoch 11: Train Loss: 1.3065, Train Acc: 0.7121, Val Loss: 3.2348, Val Acc: 0.2472
2026-02-13 11:16:42,102 - experiment_ablation_no_chaotic_features - INFO - Saved new best model at epoch 11
2026-02-13 11:16:42,680 - experiment_ablation_no_chaotic_features - INFO - Train Epoch 12: [0/472 (0.0%)]	Loss: 1.118893
2026-02-13 11:16:46,907 - experiment_ablation_no_chaotic_features - INFO - [SYNC DEBUG] Epoch 12: sync_weight=0.1, desync_weight=0.1, loss_sync=0.497427
2026-02-13 11:16:47,465 - experiment_ablation_no_chaotic_features - INFO - Epoch 12: Train Loss: 1.1466, Train Acc: 0.7969, Val Loss: 3.9417, Val Acc: 0.1461
2026-02-13 11:16:48,000 - experiment_ablation_no_chaotic_features - INFO - Train Epoch 13: [0/472 (0.0%)]	Loss: 1.029034
2026-02-13 11:16:52,142 - experiment_ablation_no_chaotic_features - INFO - [SYNC DEBUG] Epoch 13: sync_weight=0.1, desync_weight=0.1, loss_sync=0.498285
2026-02-13 11:16:52,708 - experiment_ablation_no_chaotic_features - INFO - Epoch 13: Train Loss: 1.0633, Train Acc: 0.8147, Val Loss: 7.4442, Val Acc: 0.0449
2026-02-13 11:16:53,251 - experiment_ablation_no_chaotic_features - INFO - Train Epoch 14: [0/472 (0.0%)]	Loss: 1.059585
2026-02-13 11:16:54,334 - experiment_ablation_no_chaotic_features - DEBUG - [STABILITY] lyap=0.021, max_norm=19.2, min_std=2.978
2026-02-13 11:16:57,485 - experiment_ablation_no_chaotic_features - INFO - [SYNC DEBUG] Epoch 14: sync_weight=0.1, desync_weight=0.1, loss_sync=0.497650
2026-02-13 11:16:58,053 - experiment_ablation_no_chaotic_features - INFO - Epoch 14: Train Loss: 0.9755, Train Acc: 0.8348, Val Loss: 5.7753, Val Acc: 0.1236
2026-02-13 11:16:58,580 - experiment_ablation_no_chaotic_features - INFO - Train Epoch 15: [0/472 (0.0%)]	Loss: 0.978069
2026-02-13 11:17:02,733 - experiment_ablation_no_chaotic_features - INFO - [SYNC DEBUG] Epoch 15: sync_weight=0.1, desync_weight=0.1, loss_sync=0.497243
2026-02-13 11:17:03,286 - experiment_ablation_no_chaotic_features - INFO - Epoch 15: Train Loss: 1.0041, Train Acc: 0.8504, Val Loss: 4.9092, Val Acc: 0.1573
2026-02-13 11:17:03,816 - experiment_ablation_no_chaotic_features - INFO - Train Epoch 16: [0/472 (0.0%)]	Loss: 0.969552
2026-02-13 11:17:07,955 - experiment_ablation_no_chaotic_features - INFO - [SYNC DEBUG] Epoch 16: sync_weight=0.1, desync_weight=0.1, loss_sync=0.496706
2026-02-13 11:17:08,514 - experiment_ablation_no_chaotic_features - INFO - Epoch 16: Train Loss: 0.9253, Train Acc: 0.8616, Val Loss: 3.0336, Val Acc: 0.3820
2026-02-13 11:17:08,592 - experiment_ablation_no_chaotic_features - INFO - Saved new best model at epoch 16
2026-02-13 11:17:09,178 - experiment_ablation_no_chaotic_features - INFO - Train Epoch 17: [0/472 (0.0%)]	Loss: 1.024923
2026-02-13 11:17:13,378 - experiment_ablation_no_chaotic_features - INFO - [SYNC DEBUG] Epoch 17: sync_weight=0.1, desync_weight=0.1, loss_sync=0.497590
2026-02-13 11:17:13,963 - experiment_ablation_no_chaotic_features - INFO - Epoch 17: Train Loss: 0.9199, Train Acc: 0.8594, Val Loss: 7.4780, Val Acc: 0.0562
2026-02-13 11:17:14,495 - experiment_ablation_no_chaotic_features - INFO - Train Epoch 18: [0/472 (0.0%)]	Loss: 0.978557
2026-02-13 11:17:18,733 - experiment_ablation_no_chaotic_features - INFO - [SYNC DEBUG] Epoch 18: sync_weight=0.1, desync_weight=0.1, loss_sync=0.498648
2026-02-13 11:17:19,311 - experiment_ablation_no_chaotic_features - INFO - Epoch 18: Train Loss: 0.9195, Train Acc: 0.8594, Val Loss: 3.1102, Val Acc: 0.3596
2026-02-13 11:17:19,844 - experiment_ablation_no_chaotic_features - INFO - Train Epoch 19: [0/472 (0.0%)]	Loss: 0.979218
2026-02-13 11:17:24,106 - experiment_ablation_no_chaotic_features - INFO - [SYNC DEBUG] Epoch 19: sync_weight=0.1, desync_weight=0.1, loss_sync=0.497191
2026-02-13 11:17:24,659 - experiment_ablation_no_chaotic_features - INFO - Epoch 19: Train Loss: 0.8715, Train Acc: 0.8795, Val Loss: 7.8429, Val Acc: 0.0449
2026-02-13 11:17:25,193 - experiment_ablation_no_chaotic_features - INFO - Train Epoch 20: [0/472 (0.0%)]	Loss: 1.060294
2026-02-13 11:17:29,356 - experiment_ablation_no_chaotic_features - INFO - [SYNC DEBUG] Epoch 20: sync_weight=0.1, desync_weight=0.1, loss_sync=0.497488
2026-02-13 11:17:29,916 - experiment_ablation_no_chaotic_features - INFO - Epoch 20: Train Loss: 0.8889, Train Acc: 0.8728, Val Loss: 5.4069, Val Acc: 0.1011
2026-02-13 11:17:30,519 - experiment_ablation_no_chaotic_features - INFO - Train Epoch 21: [0/472 (0.0%)]	Loss: 0.678862
2026-02-13 11:17:32,417 - experiment_ablation_no_chaotic_features - DEBUG - [STABILITY] lyap=0.021, max_norm=20.9, min_std=3.342
2026-02-13 11:17:34,883 - experiment_ablation_no_chaotic_features - INFO - [SYNC DEBUG] Epoch 21: sync_weight=0.1, desync_weight=0.1, loss_sync=0.498888
2026-02-13 11:17:35,453 - experiment_ablation_no_chaotic_features - INFO - Epoch 21: Train Loss: 0.8223, Train Acc: 0.9107, Val Loss: 2.2413, Val Acc: 0.4382
2026-02-13 11:17:35,532 - experiment_ablation_no_chaotic_features - INFO - Saved new best model at epoch 21
2026-02-13 11:17:36,105 - experiment_ablation_no_chaotic_features - INFO - Train Epoch 22: [0/472 (0.0%)]	Loss: 0.767176
2026-02-13 11:17:40,356 - experiment_ablation_no_chaotic_features - INFO - [SYNC DEBUG] Epoch 22: sync_weight=0.1, desync_weight=0.1, loss_sync=0.499840
2026-02-13 11:17:40,918 - experiment_ablation_no_chaotic_features - INFO - Epoch 22: Train Loss: 0.7977, Train Acc: 0.9085, Val Loss: 4.8706, Val Acc: 0.1461
2026-02-13 11:17:41,462 - experiment_ablation_no_chaotic_features - INFO - Train Epoch 23: [0/472 (0.0%)]	Loss: 0.615067
2026-02-13 11:17:45,669 - experiment_ablation_no_chaotic_features - INFO - [SYNC DEBUG] Epoch 23: sync_weight=0.1, desync_weight=0.1, loss_sync=0.497753
2026-02-13 11:17:46,224 - experiment_ablation_no_chaotic_features - INFO - Epoch 23: Train Loss: 0.7381, Train Acc: 0.9308, Val Loss: 4.0824, Val Acc: 0.2022
2026-02-13 11:17:46,765 - experiment_ablation_no_chaotic_features - INFO - Train Epoch 24: [0/472 (0.0%)]	Loss: 0.740720
2026-02-13 11:17:50,916 - experiment_ablation_no_chaotic_features - INFO - [SYNC DEBUG] Epoch 24: sync_weight=0.1, desync_weight=0.1, loss_sync=0.496345
2026-02-13 11:17:51,484 - experiment_ablation_no_chaotic_features - INFO - Epoch 24: Train Loss: 0.8006, Train Acc: 0.9040, Val Loss: 8.7386, Val Acc: 0.0449
2026-02-13 11:17:52,018 - experiment_ablation_no_chaotic_features - INFO - Train Epoch 25: [0/472 (0.0%)]	Loss: 0.700577
2026-02-13 11:17:56,216 - experiment_ablation_no_chaotic_features - INFO - [SYNC DEBUG] Epoch 25: sync_weight=0.1, desync_weight=0.1, loss_sync=0.498277
2026-02-13 11:17:56,772 - experiment_ablation_no_chaotic_features - INFO - Epoch 25: Train Loss: 0.7364, Train Acc: 0.9196, Val Loss: 8.7224, Val Acc: 0.0449
2026-02-13 11:17:57,301 - experiment_ablation_no_chaotic_features - INFO - Train Epoch 26: [0/472 (0.0%)]	Loss: 0.742125
2026-02-13 11:18:01,454 - experiment_ablation_no_chaotic_features - INFO - [SYNC DEBUG] Epoch 26: sync_weight=0.1, desync_weight=0.1, loss_sync=0.495972
2026-02-13 11:18:02,008 - experiment_ablation_no_chaotic_features - INFO - Epoch 26: Train Loss: 0.7319, Train Acc: 0.9263, Val Loss: 7.8777, Val Acc: 0.0562
2026-02-13 11:18:02,546 - experiment_ablation_no_chaotic_features - INFO - Train Epoch 27: [0/472 (0.0%)]	Loss: 0.913137
2026-02-13 11:18:06,734 - experiment_ablation_no_chaotic_features - INFO - [SYNC DEBUG] Epoch 27: sync_weight=0.1, desync_weight=0.1, loss_sync=0.498738
2026-02-13 11:18:07,292 - experiment_ablation_no_chaotic_features - INFO - Epoch 27: Train Loss: 0.7194, Train Acc: 0.9241, Val Loss: 9.4778, Val Acc: 0.0449
2026-02-13 11:18:07,830 - experiment_ablation_no_chaotic_features - INFO - Train Epoch 28: [0/472 (0.0%)]	Loss: 0.659090
2026-02-13 11:18:10,216 - experiment_ablation_no_chaotic_features - DEBUG - [STABILITY] lyap=0.017, max_norm=15.8, min_std=2.307
2026-02-13 11:18:12,076 - experiment_ablation_no_chaotic_features - INFO - [SYNC DEBUG] Epoch 28: sync_weight=0.1, desync_weight=0.1, loss_sync=0.497453
2026-02-13 11:18:12,648 - experiment_ablation_no_chaotic_features - INFO - Epoch 28: Train Loss: 0.6911, Train Acc: 0.9442, Val Loss: 5.1856, Val Acc: 0.1798
2026-02-13 11:18:13,188 - experiment_ablation_no_chaotic_features - INFO - Train Epoch 29: [0/472 (0.0%)]	Loss: 0.719521
2026-02-13 11:18:17,436 - experiment_ablation_no_chaotic_features - INFO - [SYNC DEBUG] Epoch 29: sync_weight=0.1, desync_weight=0.1, loss_sync=0.497306
2026-02-13 11:18:18,005 - experiment_ablation_no_chaotic_features - INFO - Epoch 29: Train Loss: 0.6828, Train Acc: 0.9375, Val Loss: 9.4629, Val Acc: 0.0449
2026-02-13 11:18:18,536 - experiment_ablation_no_chaotic_features - INFO - Train Epoch 30: [0/472 (0.0%)]	Loss: 0.606451
2026-02-13 11:18:22,756 - experiment_ablation_no_chaotic_features - INFO - [SYNC DEBUG] Epoch 30: sync_weight=0.1, desync_weight=0.1, loss_sync=0.497055
2026-02-13 11:18:23,310 - experiment_ablation_no_chaotic_features - INFO - Epoch 30: Train Loss: 0.6887, Train Acc: 0.9330, Val Loss: 3.9880, Val Acc: 0.2584
2026-02-13 11:18:23,920 - experiment_ablation_no_chaotic_features - INFO - Train Epoch 31: [0/472 (0.0%)]	Loss: 0.565493
2026-02-13 11:18:28,130 - experiment_ablation_no_chaotic_features - INFO - [SYNC DEBUG] Epoch 31: sync_weight=0.1, desync_weight=0.1, loss_sync=0.497940
2026-02-13 11:18:28,692 - experiment_ablation_no_chaotic_features - INFO - Epoch 31: Train Loss: 0.7088, Train Acc: 0.9420, Val Loss: 4.4583, Val Acc: 0.1910
2026-02-13 11:18:29,245 - experiment_ablation_no_chaotic_features - INFO - Train Epoch 32: [0/472 (0.0%)]	Loss: 0.653386
2026-02-13 11:18:33,394 - experiment_ablation_no_chaotic_features - INFO - [SYNC DEBUG] Epoch 32: sync_weight=0.1, desync_weight=0.1, loss_sync=0.497211
2026-02-13 11:18:33,952 - experiment_ablation_no_chaotic_features - INFO - Epoch 32: Train Loss: 0.6675, Train Acc: 0.9509, Val Loss: 10.5511, Val Acc: 0.0449
2026-02-13 11:18:34,484 - experiment_ablation_no_chaotic_features - INFO - Train Epoch 33: [0/472 (0.0%)]	Loss: 0.539588
2026-02-13 11:18:38,624 - experiment_ablation_no_chaotic_features - INFO - [SYNC DEBUG] Epoch 33: sync_weight=0.1, desync_weight=0.1, loss_sync=0.497256
2026-02-13 11:18:39,184 - experiment_ablation_no_chaotic_features - INFO - Epoch 33: Train Loss: 0.7187, Train Acc: 0.9397, Val Loss: 8.6241, Val Acc: 0.0449
2026-02-13 11:18:39,724 - experiment_ablation_no_chaotic_features - INFO - Train Epoch 34: [0/472 (0.0%)]	Loss: 0.641332
2026-02-13 11:18:43,979 - experiment_ablation_no_chaotic_features - INFO - [SYNC DEBUG] Epoch 34: sync_weight=0.1, desync_weight=0.1, loss_sync=0.496078
2026-02-13 11:18:44,538 - experiment_ablation_no_chaotic_features - INFO - Epoch 34: Train Loss: 0.6200, Train Acc: 0.9621, Val Loss: 1.9339, Val Acc: 0.5393
2026-02-13 11:18:44,618 - experiment_ablation_no_chaotic_features - INFO - Saved new best model at epoch 34
2026-02-13 11:18:45,194 - experiment_ablation_no_chaotic_features - INFO - Train Epoch 35: [0/472 (0.0%)]	Loss: 0.615404
2026-02-13 11:18:48,184 - experiment_ablation_no_chaotic_features - DEBUG - [STABILITY] lyap=0.019, max_norm=18.4, min_std=2.781
2026-02-13 11:18:49,394 - experiment_ablation_no_chaotic_features - INFO - [SYNC DEBUG] Epoch 35: sync_weight=0.1, desync_weight=0.1, loss_sync=0.497749
2026-02-13 11:18:49,951 - experiment_ablation_no_chaotic_features - INFO - Epoch 35: Train Loss: 0.6881, Train Acc: 0.9464, Val Loss: 8.0474, Val Acc: 0.0787
2026-02-13 11:18:50,484 - experiment_ablation_no_chaotic_features - INFO - Train Epoch 36: [0/472 (0.0%)]	Loss: 0.602206
2026-02-13 11:18:54,614 - experiment_ablation_no_chaotic_features - INFO - [SYNC DEBUG] Epoch 36: sync_weight=0.1, desync_weight=0.1, loss_sync=0.495252
2026-02-13 11:18:55,179 - experiment_ablation_no_chaotic_features - INFO - Epoch 36: Train Loss: 0.6242, Train Acc: 0.9576, Val Loss: 5.1768, Val Acc: 0.1461
2026-02-13 11:18:55,721 - experiment_ablation_no_chaotic_features - INFO - Train Epoch 37: [0/472 (0.0%)]	Loss: 0.648240
2026-02-13 11:18:59,944 - experiment_ablation_no_chaotic_features - INFO - [SYNC DEBUG] Epoch 37: sync_weight=0.1, desync_weight=0.1, loss_sync=0.496451
2026-02-13 11:19:00,512 - experiment_ablation_no_chaotic_features - INFO - Epoch 37: Train Loss: 0.6406, Train Acc: 0.9554, Val Loss: 4.9493, Val Acc: 0.1573
2026-02-13 11:19:01,045 - experiment_ablation_no_chaotic_features - INFO - Train Epoch 38: [0/472 (0.0%)]	Loss: 0.549883
2026-02-13 11:19:05,278 - experiment_ablation_no_chaotic_features - INFO - [SYNC DEBUG] Epoch 38: sync_weight=0.1, desync_weight=0.1, loss_sync=0.496879
2026-02-13 11:19:05,838 - experiment_ablation_no_chaotic_features - INFO - Epoch 38: Train Loss: 0.6510, Train Acc: 0.9487, Val Loss: 5.4843, Val Acc: 0.1573
2026-02-13 11:19:06,382 - experiment_ablation_no_chaotic_features - INFO - Train Epoch 39: [0/472 (0.0%)]	Loss: 0.562728
2026-02-13 11:19:10,635 - experiment_ablation_no_chaotic_features - INFO - [SYNC DEBUG] Epoch 39: sync_weight=0.1, desync_weight=0.1, loss_sync=0.498046
2026-02-13 11:19:11,202 - experiment_ablation_no_chaotic_features - INFO - Epoch 39: Train Loss: 0.6306, Train Acc: 0.9643, Val Loss: 6.6699, Val Acc: 0.1461
2026-02-13 11:19:11,738 - experiment_ablation_no_chaotic_features - INFO - Train Epoch 40: [0/472 (0.0%)]	Loss: 0.649150
2026-02-13 11:19:16,033 - experiment_ablation_no_chaotic_features - INFO - [SYNC DEBUG] Epoch 40: sync_weight=0.1, desync_weight=0.1, loss_sync=0.495940
2026-02-13 11:19:16,596 - experiment_ablation_no_chaotic_features - INFO - Epoch 40: Train Loss: 0.7137, Train Acc: 0.9286, Val Loss: 9.2825, Val Acc: 0.0449
2026-02-13 11:19:17,205 - experiment_ablation_no_chaotic_features - INFO - Train Epoch 41: [0/472 (0.0%)]	Loss: 0.543524
2026-02-13 11:19:21,445 - experiment_ablation_no_chaotic_features - INFO - [SYNC DEBUG] Epoch 41: sync_weight=0.1, desync_weight=0.1, loss_sync=0.500186
2026-02-13 11:19:21,999 - experiment_ablation_no_chaotic_features - INFO - Epoch 41: Train Loss: 0.6411, Train Acc: 0.9576, Val Loss: 8.0255, Val Acc: 0.0449
2026-02-13 11:19:22,540 - experiment_ablation_no_chaotic_features - INFO - Train Epoch 42: [0/472 (0.0%)]	Loss: 0.624956
2026-02-13 11:19:26,153 - experiment_ablation_no_chaotic_features - DEBUG - [STABILITY] lyap=0.021, max_norm=20.7, min_std=3.310
2026-02-13 11:19:26,726 - experiment_ablation_no_chaotic_features - INFO - [SYNC DEBUG] Epoch 42: sync_weight=0.1, desync_weight=0.1, loss_sync=0.495711
2026-02-13 11:19:27,302 - experiment_ablation_no_chaotic_features - INFO - Epoch 42: Train Loss: 0.6071, Train Acc: 0.9688, Val Loss: 4.2474, Val Acc: 0.2921
2026-02-13 11:19:27,828 - experiment_ablation_no_chaotic_features - INFO - Train Epoch 43: [0/472 (0.0%)]	Loss: 0.566724
2026-02-13 11:19:32,017 - experiment_ablation_no_chaotic_features - INFO - [SYNC DEBUG] Epoch 43: sync_weight=0.1, desync_weight=0.1, loss_sync=0.499263
2026-02-13 11:19:32,575 - experiment_ablation_no_chaotic_features - INFO - Epoch 43: Train Loss: 0.6407, Train Acc: 0.9576, Val Loss: 2.9352, Val Acc: 0.3820
2026-02-13 11:19:33,113 - experiment_ablation_no_chaotic_features - INFO - Train Epoch 44: [0/472 (0.0%)]	Loss: 0.574902
2026-02-13 11:19:37,307 - experiment_ablation_no_chaotic_features - INFO - [SYNC DEBUG] Epoch 44: sync_weight=0.1, desync_weight=0.1, loss_sync=0.498782
2026-02-13 11:19:37,861 - experiment_ablation_no_chaotic_features - INFO - Epoch 44: Train Loss: 0.6222, Train Acc: 0.9688, Val Loss: 2.7975, Val Acc: 0.4494
2026-02-13 11:19:38,390 - experiment_ablation_no_chaotic_features - INFO - Train Epoch 45: [0/472 (0.0%)]	Loss: 0.535343
2026-02-13 11:19:42,601 - experiment_ablation_no_chaotic_features - INFO - [SYNC DEBUG] Epoch 45: sync_weight=0.1, desync_weight=0.1, loss_sync=0.497712
2026-02-13 11:19:43,166 - experiment_ablation_no_chaotic_features - INFO - Epoch 45: Train Loss: 0.6086, Train Acc: 0.9621, Val Loss: 5.6798, Val Acc: 0.1236
2026-02-13 11:19:43,718 - experiment_ablation_no_chaotic_features - INFO - Train Epoch 46: [0/472 (0.0%)]	Loss: 0.565554
2026-02-13 11:19:47,934 - experiment_ablation_no_chaotic_features - INFO - [SYNC DEBUG] Epoch 46: sync_weight=0.1, desync_weight=0.1, loss_sync=0.495218
2026-02-13 11:19:48,497 - experiment_ablation_no_chaotic_features - INFO - Epoch 46: Train Loss: 0.6137, Train Acc: 0.9598, Val Loss: 5.0604, Val Acc: 0.2472
2026-02-13 11:19:49,036 - experiment_ablation_no_chaotic_features - INFO - Train Epoch 47: [0/472 (0.0%)]	Loss: 0.729943
2026-02-13 11:19:53,297 - experiment_ablation_no_chaotic_features - INFO - [SYNC DEBUG] Epoch 47: sync_weight=0.1, desync_weight=0.1, loss_sync=0.498088
2026-02-13 11:19:53,847 - experiment_ablation_no_chaotic_features - INFO - Epoch 47: Train Loss: 0.6133, Train Acc: 0.9665, Val Loss: 3.2985, Val Acc: 0.4831
2026-02-13 11:19:54,377 - experiment_ablation_no_chaotic_features - INFO - Train Epoch 48: [0/472 (0.0%)]	Loss: 0.619080
2026-02-13 11:19:58,622 - experiment_ablation_no_chaotic_features - INFO - [SYNC DEBUG] Epoch 48: sync_weight=0.1, desync_weight=0.1, loss_sync=0.498577
2026-02-13 11:19:59,187 - experiment_ablation_no_chaotic_features - INFO - Epoch 48: Train Loss: 0.6372, Train Acc: 0.9576, Val Loss: 5.4945, Val Acc: 0.2584
2026-02-13 11:19:59,720 - experiment_ablation_no_chaotic_features - INFO - Train Epoch 49: [0/472 (0.0%)]	Loss: 0.721661
2026-02-13 11:20:03,886 - experiment_ablation_no_chaotic_features - INFO - [SYNC DEBUG] Epoch 49: sync_weight=0.1, desync_weight=0.1, loss_sync=0.497062
2026-02-13 11:20:04,432 - experiment_ablation_no_chaotic_features - INFO - Epoch 49: Train Loss: 0.6184, Train Acc: 0.9598, Val Loss: 2.6599, Val Acc: 0.4157
2026-02-13 11:20:04,769 - experiment_ablation_no_chaotic_features - DEBUG - [STABILITY] lyap=0.020, max_norm=19.7, min_std=3.145
2026-02-13 11:20:04,963 - experiment_ablation_no_chaotic_features - INFO - Train Epoch 50: [0/472 (0.0%)]	Loss: 0.651374
2026-02-13 11:20:09,123 - experiment_ablation_no_chaotic_features - INFO - [SYNC DEBUG] Epoch 50: sync_weight=0.1, desync_weight=0.1, loss_sync=0.498626
2026-02-13 11:20:09,677 - experiment_ablation_no_chaotic_features - INFO - Epoch 50: Train Loss: 0.6079, Train Acc: 0.9688, Val Loss: 4.5245, Val Acc: 0.1685
2026-02-13 11:20:10,287 - experiment_ablation_no_chaotic_features - INFO - Train Epoch 51: [0/472 (0.0%)]	Loss: 0.554146
2026-02-13 11:20:14,558 - experiment_ablation_no_chaotic_features - INFO - [SYNC DEBUG] Epoch 51: sync_weight=0.1, desync_weight=0.1, loss_sync=0.497827
2026-02-13 11:20:15,125 - experiment_ablation_no_chaotic_features - INFO - Epoch 51: Train Loss: 0.5832, Train Acc: 0.9754, Val Loss: 5.9273, Val Acc: 0.1573
2026-02-13 11:20:15,670 - experiment_ablation_no_chaotic_features - INFO - Train Epoch 52: [0/472 (0.0%)]	Loss: 0.527483
2026-02-13 11:20:19,825 - experiment_ablation_no_chaotic_features - INFO - [SYNC DEBUG] Epoch 52: sync_weight=0.1, desync_weight=0.1, loss_sync=0.495331
2026-02-13 11:20:20,381 - experiment_ablation_no_chaotic_features - INFO - Epoch 52: Train Loss: 0.6001, Train Acc: 0.9576, Val Loss: 7.2963, Val Acc: 0.0899
2026-02-13 11:20:20,925 - experiment_ablation_no_chaotic_features - INFO - Train Epoch 53: [0/472 (0.0%)]	Loss: 0.523027
2026-02-13 11:20:25,134 - experiment_ablation_no_chaotic_features - INFO - [SYNC DEBUG] Epoch 53: sync_weight=0.1, desync_weight=0.1, loss_sync=0.496085
2026-02-13 11:20:25,698 - experiment_ablation_no_chaotic_features - INFO - Epoch 53: Train Loss: 0.5681, Train Acc: 0.9844, Val Loss: 6.1707, Val Acc: 0.1573
2026-02-13 11:20:26,242 - experiment_ablation_no_chaotic_features - INFO - Train Epoch 54: [0/472 (0.0%)]	Loss: 0.520746
2026-02-13 11:20:30,667 - experiment_ablation_no_chaotic_features - INFO - [SYNC DEBUG] Epoch 54: sync_weight=0.1, desync_weight=0.1, loss_sync=0.497715
2026-02-13 11:20:31,234 - experiment_ablation_no_chaotic_features - INFO - Epoch 54: Train Loss: 0.5801, Train Acc: 0.9799, Val Loss: 9.4052, Val Acc: 0.0449
2026-02-13 11:20:31,777 - experiment_ablation_no_chaotic_features - INFO - Train Epoch 55: [0/472 (0.0%)]	Loss: 0.527935
2026-02-13 11:20:36,087 - experiment_ablation_no_chaotic_features - INFO - [SYNC DEBUG] Epoch 55: sync_weight=0.1, desync_weight=0.1, loss_sync=0.496350
2026-02-13 11:20:36,744 - experiment_ablation_no_chaotic_features - INFO - Epoch 55: Train Loss: 0.5644, Train Acc: 0.9821, Val Loss: 4.3066, Val Acc: 0.2921
2026-02-13 11:20:37,308 - experiment_ablation_no_chaotic_features - INFO - Train Epoch 56: [0/472 (0.0%)]	Loss: 0.547374
2026-02-13 11:20:41,511 - experiment_ablation_no_chaotic_features - INFO - [SYNC DEBUG] Epoch 56: sync_weight=0.1, desync_weight=0.1, loss_sync=0.494706
2026-02-13 11:20:42,078 - experiment_ablation_no_chaotic_features - INFO - Epoch 56: Train Loss: 0.5694, Train Acc: 0.9799, Val Loss: 7.8157, Val Acc: 0.0562
2026-02-13 11:20:42,659 - experiment_ablation_no_chaotic_features - INFO - Train Epoch 57: [0/472 (0.0%)]	Loss: 0.615690
2026-02-13 11:20:43,119 - experiment_ablation_no_chaotic_features - DEBUG - [STABILITY] lyap=0.019, max_norm=17.5, min_std=2.590
2026-02-13 11:20:46,880 - experiment_ablation_no_chaotic_features - INFO - [SYNC DEBUG] Epoch 57: sync_weight=0.1, desync_weight=0.1, loss_sync=0.497258
2026-02-13 11:20:47,512 - experiment_ablation_no_chaotic_features - INFO - Epoch 57: Train Loss: 0.5887, Train Acc: 0.9688, Val Loss: 6.8536, Val Acc: 0.1236
2026-02-13 11:20:48,108 - experiment_ablation_no_chaotic_features - INFO - Train Epoch 58: [0/472 (0.0%)]	Loss: 0.522092
2026-02-13 11:20:52,290 - experiment_ablation_no_chaotic_features - INFO - [SYNC DEBUG] Epoch 58: sync_weight=0.1, desync_weight=0.1, loss_sync=0.496515
2026-02-13 11:20:52,929 - experiment_ablation_no_chaotic_features - INFO - Epoch 58: Train Loss: 0.5724, Train Acc: 0.9821, Val Loss: 1.9863, Val Acc: 0.5281
2026-02-13 11:20:53,569 - experiment_ablation_no_chaotic_features - INFO - Train Epoch 59: [0/472 (0.0%)]	Loss: 0.596122
2026-02-13 11:20:57,718 - experiment_ablation_no_chaotic_features - INFO - [SYNC DEBUG] Epoch 59: sync_weight=0.1, desync_weight=0.1, loss_sync=0.497277
2026-02-13 11:20:58,274 - experiment_ablation_no_chaotic_features - INFO - Epoch 59: Train Loss: 0.6090, Train Acc: 0.9598, Val Loss: 2.9975, Val Acc: 0.4831
2026-02-13 11:20:58,808 - experiment_ablation_no_chaotic_features - INFO - Train Epoch 60: [0/472 (0.0%)]	Loss: 0.522412
2026-02-13 11:21:03,003 - experiment_ablation_no_chaotic_features - INFO - [SYNC DEBUG] Epoch 60: sync_weight=0.1, desync_weight=0.1, loss_sync=0.493194
2026-02-13 11:21:03,559 - experiment_ablation_no_chaotic_features - INFO - Epoch 60: Train Loss: 0.5836, Train Acc: 0.9732, Val Loss: 3.6299, Val Acc: 0.4719
2026-02-13 11:21:04,169 - experiment_ablation_no_chaotic_features - INFO - Train Epoch 61: [0/472 (0.0%)]	Loss: 0.560097
2026-02-13 11:21:08,404 - experiment_ablation_no_chaotic_features - INFO - [SYNC DEBUG] Epoch 61: sync_weight=0.1, desync_weight=0.1, loss_sync=0.495781
2026-02-13 11:21:08,964 - experiment_ablation_no_chaotic_features - INFO - Epoch 61: Train Loss: 0.5572, Train Acc: 0.9821, Val Loss: 2.9726, Val Acc: 0.4719
2026-02-13 11:21:09,492 - experiment_ablation_no_chaotic_features - INFO - Train Epoch 62: [0/472 (0.0%)]	Loss: 0.563108
2026-02-13 11:21:13,648 - experiment_ablation_no_chaotic_features - INFO - [SYNC DEBUG] Epoch 62: sync_weight=0.1, desync_weight=0.1, loss_sync=0.494524
2026-02-13 11:21:14,210 - experiment_ablation_no_chaotic_features - INFO - Epoch 62: Train Loss: 0.5843, Train Acc: 0.9799, Val Loss: 2.7674, Val Acc: 0.4944
2026-02-13 11:21:14,748 - experiment_ablation_no_chaotic_features - INFO - Train Epoch 63: [0/472 (0.0%)]	Loss: 0.587397
2026-02-13 11:21:18,964 - experiment_ablation_no_chaotic_features - INFO - [SYNC DEBUG] Epoch 63: sync_weight=0.1, desync_weight=0.1, loss_sync=0.495428
2026-02-13 11:21:19,522 - experiment_ablation_no_chaotic_features - INFO - Epoch 63: Train Loss: 0.5843, Train Acc: 0.9777, Val Loss: 5.6956, Val Acc: 0.1798
2026-02-13 11:21:20,059 - experiment_ablation_no_chaotic_features - INFO - Train Epoch 64: [0/472 (0.0%)]	Loss: 0.654006
2026-02-13 11:21:21,141 - experiment_ablation_no_chaotic_features - DEBUG - [STABILITY] lyap=0.020, max_norm=18.9, min_std=2.827
2026-02-13 11:21:24,261 - experiment_ablation_no_chaotic_features - INFO - [SYNC DEBUG] Epoch 64: sync_weight=0.1, desync_weight=0.1, loss_sync=0.497519
2026-02-13 11:21:24,818 - experiment_ablation_no_chaotic_features - INFO - Epoch 64: Train Loss: 0.6010, Train Acc: 0.9665, Val Loss: 3.6956, Val Acc: 0.3596
2026-02-13 11:21:25,348 - experiment_ablation_no_chaotic_features - INFO - Train Epoch 65: [0/472 (0.0%)]	Loss: 0.510732
2026-02-13 11:21:29,578 - experiment_ablation_no_chaotic_features - INFO - [SYNC DEBUG] Epoch 65: sync_weight=0.1, desync_weight=0.1, loss_sync=0.495988
2026-02-13 11:21:30,142 - experiment_ablation_no_chaotic_features - INFO - Epoch 65: Train Loss: 0.5882, Train Acc: 0.9799, Val Loss: 6.1500, Val Acc: 0.1461
2026-02-13 11:21:30,685 - experiment_ablation_no_chaotic_features - INFO - Train Epoch 66: [0/472 (0.0%)]	Loss: 0.596884
2026-02-13 11:21:34,892 - experiment_ablation_no_chaotic_features - INFO - [SYNC DEBUG] Epoch 66: sync_weight=0.1, desync_weight=0.1, loss_sync=0.494266
2026-02-13 11:21:35,437 - experiment_ablation_no_chaotic_features - INFO - Epoch 66: Train Loss: 0.5416, Train Acc: 0.9888, Val Loss: 2.4739, Val Acc: 0.5281
2026-02-13 11:21:35,970 - experiment_ablation_no_chaotic_features - INFO - Train Epoch 67: [0/472 (0.0%)]	Loss: 0.583965
2026-02-13 11:21:40,130 - experiment_ablation_no_chaotic_features - INFO - [SYNC DEBUG] Epoch 67: sync_weight=0.1, desync_weight=0.1, loss_sync=0.492972
2026-02-13 11:21:40,687 - experiment_ablation_no_chaotic_features - INFO - Epoch 67: Train Loss: 0.5683, Train Acc: 0.9754, Val Loss: 4.2553, Val Acc: 0.3371
2026-02-13 11:21:41,228 - experiment_ablation_no_chaotic_features - INFO - Train Epoch 68: [0/472 (0.0%)]	Loss: 0.508388
2026-02-13 11:21:45,521 - experiment_ablation_no_chaotic_features - INFO - [SYNC DEBUG] Epoch 68: sync_weight=0.1, desync_weight=0.1, loss_sync=0.489838
2026-02-13 11:21:46,092 - experiment_ablation_no_chaotic_features - INFO - Epoch 68: Train Loss: 0.5858, Train Acc: 0.9799, Val Loss: 5.6694, Val Acc: 0.1798
2026-02-13 11:21:46,646 - experiment_ablation_no_chaotic_features - INFO - Train Epoch 69: [0/472 (0.0%)]	Loss: 0.541694
2026-02-13 11:21:50,887 - experiment_ablation_no_chaotic_features - INFO - [SYNC DEBUG] Epoch 69: sync_weight=0.1, desync_weight=0.1, loss_sync=0.495813
2026-02-13 11:21:51,454 - experiment_ablation_no_chaotic_features - INFO - Epoch 69: Train Loss: 0.5621, Train Acc: 0.9844, Val Loss: 2.6544, Val Acc: 0.4719
2026-02-13 11:21:51,998 - experiment_ablation_no_chaotic_features - INFO - Train Epoch 70: [0/472 (0.0%)]	Loss: 0.552035
2026-02-13 11:21:56,252 - experiment_ablation_no_chaotic_features - INFO - [SYNC DEBUG] Epoch 70: sync_weight=0.1, desync_weight=0.1, loss_sync=0.495742
2026-02-13 11:21:56,808 - experiment_ablation_no_chaotic_features - INFO - Epoch 70: Train Loss: 0.5567, Train Acc: 0.9821, Val Loss: 8.4970, Val Acc: 0.1236
2026-02-13 11:21:57,432 - experiment_ablation_no_chaotic_features - INFO - Train Epoch 71: [0/472 (0.0%)]	Loss: 0.524785
2026-02-13 11:21:59,168 - experiment_ablation_no_chaotic_features - DEBUG - [STABILITY] lyap=0.019, max_norm=18.4, min_std=2.766
2026-02-13 11:22:01,660 - experiment_ablation_no_chaotic_features - INFO - [SYNC DEBUG] Epoch 71: sync_weight=0.1, desync_weight=0.1, loss_sync=0.491471
2026-02-13 11:22:02,214 - experiment_ablation_no_chaotic_features - INFO - Epoch 71: Train Loss: 0.5411, Train Acc: 0.9888, Val Loss: 8.0079, Val Acc: 0.1124
2026-02-13 11:22:02,754 - experiment_ablation_no_chaotic_features - INFO - Train Epoch 72: [0/472 (0.0%)]	Loss: 0.587125
2026-02-13 11:22:06,939 - experiment_ablation_no_chaotic_features - INFO - [SYNC DEBUG] Epoch 72: sync_weight=0.1, desync_weight=0.1, loss_sync=0.491085
2026-02-13 11:22:07,496 - experiment_ablation_no_chaotic_features - INFO - Epoch 72: Train Loss: 0.5976, Train Acc: 0.9710, Val Loss: 6.4762, Val Acc: 0.1461
2026-02-13 11:22:08,033 - experiment_ablation_no_chaotic_features - INFO - Train Epoch 73: [0/472 (0.0%)]	Loss: 0.565597
2026-02-13 11:22:12,233 - experiment_ablation_no_chaotic_features - INFO - [SYNC DEBUG] Epoch 73: sync_weight=0.1, desync_weight=0.1, loss_sync=0.495756
2026-02-13 11:22:12,782 - experiment_ablation_no_chaotic_features - INFO - Epoch 73: Train Loss: 0.5505, Train Acc: 0.9799, Val Loss: 4.9430, Val Acc: 0.3146
2026-02-13 11:22:13,312 - experiment_ablation_no_chaotic_features - INFO - Train Epoch 74: [0/472 (0.0%)]	Loss: 0.530024
2026-02-13 11:22:17,535 - experiment_ablation_no_chaotic_features - INFO - [SYNC DEBUG] Epoch 74: sync_weight=0.1, desync_weight=0.1, loss_sync=0.494486
2026-02-13 11:22:18,091 - experiment_ablation_no_chaotic_features - INFO - Epoch 74: Train Loss: 0.5709, Train Acc: 0.9754, Val Loss: 4.7207, Val Acc: 0.3146
2026-02-13 11:22:18,635 - experiment_ablation_no_chaotic_features - INFO - Train Epoch 75: [0/472 (0.0%)]	Loss: 0.518293
2026-02-13 11:22:22,852 - experiment_ablation_no_chaotic_features - INFO - [SYNC DEBUG] Epoch 75: sync_weight=0.1, desync_weight=0.1, loss_sync=0.494153
2026-02-13 11:22:23,499 - experiment_ablation_no_chaotic_features - INFO - Epoch 75: Train Loss: 0.5417, Train Acc: 0.9844, Val Loss: 1.0333, Val Acc: 0.7753
2026-02-13 11:22:23,591 - experiment_ablation_no_chaotic_features - INFO - Saved new best model at epoch 75
2026-02-13 11:22:24,177 - experiment_ablation_no_chaotic_features - INFO - Train Epoch 76: [0/472 (0.0%)]	Loss: 0.509209
2026-02-13 11:22:28,426 - experiment_ablation_no_chaotic_features - INFO - [SYNC DEBUG] Epoch 76: sync_weight=0.1, desync_weight=0.1, loss_sync=0.493942
2026-02-13 11:22:28,985 - experiment_ablation_no_chaotic_features - INFO - Epoch 76: Train Loss: 0.5817, Train Acc: 0.9777, Val Loss: 2.8767, Val Acc: 0.4607
2026-02-13 11:22:29,530 - experiment_ablation_no_chaotic_features - INFO - Train Epoch 77: [0/472 (0.0%)]	Loss: 0.515326
2026-02-13 11:22:33,767 - experiment_ablation_no_chaotic_features - INFO - [SYNC DEBUG] Epoch 77: sync_weight=0.1, desync_weight=0.1, loss_sync=0.489203
2026-02-13 11:22:34,320 - experiment_ablation_no_chaotic_features - INFO - Epoch 77: Train Loss: 0.5460, Train Acc: 0.9799, Val Loss: 5.3634, Val Acc: 0.1910
2026-02-13 11:22:34,853 - experiment_ablation_no_chaotic_features - INFO - Train Epoch 78: [0/472 (0.0%)]	Loss: 0.496515
2026-02-13 11:22:37,219 - experiment_ablation_no_chaotic_features - DEBUG - [STABILITY] lyap=0.022, max_norm=20.1, min_std=2.954
2026-02-13 11:22:39,085 - experiment_ablation_no_chaotic_features - INFO - [SYNC DEBUG] Epoch 78: sync_weight=0.1, desync_weight=0.1, loss_sync=0.488657
2026-02-13 11:22:39,636 - experiment_ablation_no_chaotic_features - INFO - Epoch 78: Train Loss: 0.5426, Train Acc: 0.9844, Val Loss: 6.2360, Val Acc: 0.2022
2026-02-13 11:22:40,179 - experiment_ablation_no_chaotic_features - INFO - Train Epoch 79: [0/472 (0.0%)]	Loss: 0.598115
2026-02-13 11:22:44,437 - experiment_ablation_no_chaotic_features - INFO - [SYNC DEBUG] Epoch 79: sync_weight=0.1, desync_weight=0.1, loss_sync=0.491295
2026-02-13 11:22:44,997 - experiment_ablation_no_chaotic_features - INFO - Epoch 79: Train Loss: 0.5616, Train Acc: 0.9866, Val Loss: 2.9519, Val Acc: 0.4382
2026-02-13 11:22:45,537 - experiment_ablation_no_chaotic_features - INFO - Train Epoch 80: [0/472 (0.0%)]	Loss: 0.516118
2026-02-13 11:22:49,794 - experiment_ablation_no_chaotic_features - INFO - [SYNC DEBUG] Epoch 80: sync_weight=0.1, desync_weight=0.1, loss_sync=0.496118
2026-02-13 11:22:50,350 - experiment_ablation_no_chaotic_features - INFO - Epoch 80: Train Loss: 0.5924, Train Acc: 0.9754, Val Loss: 3.2972, Val Acc: 0.5169
2026-02-13 11:22:50,973 - experiment_ablation_no_chaotic_features - INFO - Train Epoch 81: [0/472 (0.0%)]	Loss: 0.505240
2026-02-13 11:22:55,265 - experiment_ablation_no_chaotic_features - INFO - [SYNC DEBUG] Epoch 81: sync_weight=0.1, desync_weight=0.1, loss_sync=0.487987
2026-02-13 11:22:55,834 - experiment_ablation_no_chaotic_features - INFO - Epoch 81: Train Loss: 0.5563, Train Acc: 0.9754, Val Loss: 6.7755, Val Acc: 0.1236
2026-02-13 11:22:56,376 - experiment_ablation_no_chaotic_features - INFO - Train Epoch 82: [0/472 (0.0%)]	Loss: 0.569314
2026-02-13 11:23:00,644 - experiment_ablation_no_chaotic_features - INFO - [SYNC DEBUG] Epoch 82: sync_weight=0.1, desync_weight=0.1, loss_sync=0.488555
2026-02-13 11:23:01,205 - experiment_ablation_no_chaotic_features - INFO - Epoch 82: Train Loss: 0.5427, Train Acc: 0.9777, Val Loss: 6.6018, Val Acc: 0.1461
2026-02-13 11:23:01,738 - experiment_ablation_no_chaotic_features - INFO - Train Epoch 83: [0/472 (0.0%)]	Loss: 0.584881
2026-02-13 11:23:05,998 - experiment_ablation_no_chaotic_features - INFO - [SYNC DEBUG] Epoch 83: sync_weight=0.1, desync_weight=0.1, loss_sync=0.491151
2026-02-13 11:23:06,563 - experiment_ablation_no_chaotic_features - INFO - Epoch 83: Train Loss: 0.5563, Train Acc: 0.9777, Val Loss: 6.3223, Val Acc: 0.1124
2026-02-13 11:23:07,109 - experiment_ablation_no_chaotic_features - INFO - Train Epoch 84: [0/472 (0.0%)]	Loss: 0.599157
2026-02-13 11:23:11,292 - experiment_ablation_no_chaotic_features - INFO - [SYNC DEBUG] Epoch 84: sync_weight=0.1, desync_weight=0.1, loss_sync=0.488888
2026-02-13 11:23:11,851 - experiment_ablation_no_chaotic_features - INFO - Epoch 84: Train Loss: 0.6000, Train Acc: 0.9688, Val Loss: 9.5874, Val Acc: 0.0787
2026-02-13 11:23:12,383 - experiment_ablation_no_chaotic_features - INFO - Train Epoch 85: [0/472 (0.0%)]	Loss: 0.538695
2026-02-13 11:23:15,430 - experiment_ablation_no_chaotic_features - DEBUG - [STABILITY] lyap=0.013, max_norm=12.5, min_std=1.737
2026-02-13 11:23:16,655 - experiment_ablation_no_chaotic_features - INFO - [SYNC DEBUG] Epoch 85: sync_weight=0.1, desync_weight=0.1, loss_sync=0.488325
2026-02-13 11:23:17,212 - experiment_ablation_no_chaotic_features - INFO - Epoch 85: Train Loss: 0.5743, Train Acc: 0.9732, Val Loss: 5.4410, Val Acc: 0.2022
2026-02-13 11:23:17,747 - experiment_ablation_no_chaotic_features - INFO - Train Epoch 86: [0/472 (0.0%)]	Loss: 0.821819
2026-02-13 11:23:22,013 - experiment_ablation_no_chaotic_features - INFO - [SYNC DEBUG] Epoch 86: sync_weight=0.1, desync_weight=0.1, loss_sync=0.490926
2026-02-13 11:23:22,570 - experiment_ablation_no_chaotic_features - INFO - Epoch 86: Train Loss: 0.5788, Train Acc: 0.9621, Val Loss: 9.5568, Val Acc: 0.0787
2026-02-13 11:23:23,102 - experiment_ablation_no_chaotic_features - INFO - Train Epoch 87: [0/472 (0.0%)]	Loss: 0.518614
2026-02-13 11:23:27,331 - experiment_ablation_no_chaotic_features - INFO - [SYNC DEBUG] Epoch 87: sync_weight=0.1, desync_weight=0.1, loss_sync=0.492759
2026-02-13 11:23:27,882 - experiment_ablation_no_chaotic_features - INFO - Epoch 87: Train Loss: 0.5383, Train Acc: 0.9911, Val Loss: 10.6621, Val Acc: 0.0899
2026-02-13 11:23:28,410 - experiment_ablation_no_chaotic_features - INFO - Train Epoch 88: [0/472 (0.0%)]	Loss: 0.504594
2026-02-13 11:23:32,628 - experiment_ablation_no_chaotic_features - INFO - [SYNC DEBUG] Epoch 88: sync_weight=0.1, desync_weight=0.1, loss_sync=0.491965
2026-02-13 11:23:33,189 - experiment_ablation_no_chaotic_features - INFO - Epoch 88: Train Loss: 0.5641, Train Acc: 0.9799, Val Loss: 4.8828, Val Acc: 0.3146
2026-02-13 11:23:33,734 - experiment_ablation_no_chaotic_features - INFO - Train Epoch 89: [0/472 (0.0%)]	Loss: 0.544051
2026-02-13 11:23:37,931 - experiment_ablation_no_chaotic_features - INFO - [SYNC DEBUG] Epoch 89: sync_weight=0.1, desync_weight=0.1, loss_sync=0.490669
2026-02-13 11:23:38,489 - experiment_ablation_no_chaotic_features - INFO - Epoch 89: Train Loss: 0.5448, Train Acc: 0.9799, Val Loss: 2.8395, Val Acc: 0.5843
2026-02-13 11:23:39,048 - experiment_ablation_no_chaotic_features - INFO - Train Epoch 90: [0/472 (0.0%)]	Loss: 0.573983
2026-02-13 11:23:43,293 - experiment_ablation_no_chaotic_features - INFO - [SYNC DEBUG] Epoch 90: sync_weight=0.1, desync_weight=0.1, loss_sync=0.489173
2026-02-13 11:23:43,850 - experiment_ablation_no_chaotic_features - INFO - Epoch 90: Train Loss: 0.5398, Train Acc: 0.9888, Val Loss: 4.6121, Val Acc: 0.2584
2026-02-13 11:23:44,449 - experiment_ablation_no_chaotic_features - INFO - Train Epoch 91: [0/472 (0.0%)]	Loss: 0.510740
2026-02-13 11:23:48,718 - experiment_ablation_no_chaotic_features - INFO - [SYNC DEBUG] Epoch 91: sync_weight=0.1, desync_weight=0.1, loss_sync=0.487854
2026-02-13 11:23:49,269 - experiment_ablation_no_chaotic_features - INFO - Epoch 91: Train Loss: 0.5363, Train Acc: 0.9821, Val Loss: 5.8861, Val Acc: 0.2360
2026-02-13 11:23:49,798 - experiment_ablation_no_chaotic_features - INFO - Train Epoch 92: [0/472 (0.0%)]	Loss: 0.500939
2026-02-13 11:23:53,387 - experiment_ablation_no_chaotic_features - DEBUG - [STABILITY] lyap=0.018, max_norm=15.1, min_std=2.129
2026-02-13 11:23:53,954 - experiment_ablation_no_chaotic_features - INFO - [SYNC DEBUG] Epoch 92: sync_weight=0.1, desync_weight=0.1, loss_sync=0.481361
2026-02-13 11:23:54,497 - experiment_ablation_no_chaotic_features - INFO - Epoch 92: Train Loss: 0.5135, Train Acc: 0.9933, Val Loss: 10.3907, Val Acc: 0.0449
2026-02-13 11:23:55,037 - experiment_ablation_no_chaotic_features - INFO - Train Epoch 93: [0/472 (0.0%)]	Loss: 0.496499
2026-02-13 11:23:59,187 - experiment_ablation_no_chaotic_features - INFO - [SYNC DEBUG] Epoch 93: sync_weight=0.1, desync_weight=0.1, loss_sync=0.478597
2026-02-13 11:23:59,737 - experiment_ablation_no_chaotic_features - INFO - Epoch 93: Train Loss: 0.5329, Train Acc: 0.9866, Val Loss: 8.4706, Val Acc: 0.0562
2026-02-13 11:24:00,282 - experiment_ablation_no_chaotic_features - INFO - Train Epoch 94: [0/472 (0.0%)]	Loss: 0.498515
2026-02-13 11:24:04,542 - experiment_ablation_no_chaotic_features - INFO - [SYNC DEBUG] Epoch 94: sync_weight=0.1, desync_weight=0.1, loss_sync=0.487382
2026-02-13 11:24:05,106 - experiment_ablation_no_chaotic_features - INFO - Epoch 94: Train Loss: 0.5677, Train Acc: 0.9799, Val Loss: 4.1939, Val Acc: 0.4045
2026-02-13 11:24:05,650 - experiment_ablation_no_chaotic_features - INFO - Train Epoch 95: [0/472 (0.0%)]	Loss: 0.578287
2026-02-13 11:24:09,936 - experiment_ablation_no_chaotic_features - INFO - [SYNC DEBUG] Epoch 95: sync_weight=0.1, desync_weight=0.1, loss_sync=0.488712
2026-02-13 11:24:10,495 - experiment_ablation_no_chaotic_features - INFO - Epoch 95: Train Loss: 0.5323, Train Acc: 0.9844, Val Loss: 9.6757, Val Acc: 0.0674
2026-02-13 11:24:11,029 - experiment_ablation_no_chaotic_features - INFO - Train Epoch 96: [0/472 (0.0%)]	Loss: 0.599228
2026-02-13 11:24:15,169 - experiment_ablation_no_chaotic_features - INFO - [SYNC DEBUG] Epoch 96: sync_weight=0.1, desync_weight=0.1, loss_sync=0.492283
2026-02-13 11:24:15,731 - experiment_ablation_no_chaotic_features - INFO - Epoch 96: Train Loss: 0.5745, Train Acc: 0.9732, Val Loss: 10.5743, Val Acc: 0.0787
2026-02-13 11:24:16,262 - experiment_ablation_no_chaotic_features - INFO - Train Epoch 97: [0/472 (0.0%)]	Loss: 0.796871
2026-02-13 11:24:20,510 - experiment_ablation_no_chaotic_features - INFO - [SYNC DEBUG] Epoch 97: sync_weight=0.1, desync_weight=0.1, loss_sync=0.498693
2026-02-13 11:24:21,078 - experiment_ablation_no_chaotic_features - INFO - Epoch 97: Train Loss: 0.5649, Train Acc: 0.9844, Val Loss: 11.1848, Val Acc: 0.0899
2026-02-13 11:24:21,612 - experiment_ablation_no_chaotic_features - INFO - Train Epoch 98: [0/472 (0.0%)]	Loss: 0.669223
2026-02-13 11:24:25,744 - experiment_ablation_no_chaotic_features - INFO - [SYNC DEBUG] Epoch 98: sync_weight=0.1, desync_weight=0.1, loss_sync=0.492710
2026-02-13 11:24:26,304 - experiment_ablation_no_chaotic_features - INFO - Epoch 98: Train Loss: 0.5869, Train Acc: 0.9732, Val Loss: 11.6215, Val Acc: 0.0449
2026-02-13 11:24:26,836 - experiment_ablation_no_chaotic_features - INFO - Train Epoch 99: [0/472 (0.0%)]	Loss: 0.541760
2026-02-13 11:24:30,986 - experiment_ablation_no_chaotic_features - INFO - [SYNC DEBUG] Epoch 99: sync_weight=0.1, desync_weight=0.1, loss_sync=0.490744
2026-02-13 11:24:31,542 - experiment_ablation_no_chaotic_features - INFO - Epoch 99: Train Loss: 0.5515, Train Acc: 0.9844, Val Loss: 11.7371, Val Acc: 0.0449
2026-02-13 11:24:31,545 - experiment_ablation_no_chaotic_features - INFO - Running final test evaluation...
2026-02-13 11:24:32,199 - experiment_ablation_no_chaotic_features - INFO - Test Results:
2026-02-13 11:24:32,200 - experiment_ablation_no_chaotic_features - INFO -   loss: 11.8454
2026-02-13 11:24:32,200 - experiment_ablation_no_chaotic_features - INFO -   accuracy: 0.0424
2026-02-13 11:24:32,202 - experiment_ablation_no_chaotic_features - INFO - Training completed
2026-02-13 11:45:15,218 - experiment_ablation_no_chaotic_features - INFO - Initialized experiment: ablation_no_chaotic_features
2026-02-13 11:45:15,218 - experiment_ablation_no_chaotic_features - INFO - Device: cuda
2026-02-13 11:45:15,218 - experiment_ablation_no_chaotic_features - INFO - Output directory: /scratch/project_2003370/yueyao/Model/experiments/configs/Ablation_study/no_chaotic_features/ablation_no_chaotic_features
2026-02-13 11:45:15,218 - experiment_ablation_no_chaotic_features - INFO - [SYNC LOSS] Enabled with mode: standard
2026-02-13 11:45:15,218 - experiment_ablation_no_chaotic_features - INFO - Initialized chaotic network experiment with lorenz system
2026-02-13 11:45:15,218 - experiment_ablation_no_chaotic_features - INFO - Setting up experiment components...
2026-02-13 11:45:15,219 - experiment_ablation_no_chaotic_features - INFO - Creating dataloaders...
2026-02-13 11:45:15,655 - experiment_ablation_no_chaotic_features - INFO - Detected 26 speakers in dataset
2026-02-13 11:45:15,655 - experiment_ablation_no_chaotic_features - INFO - Dataloaders created:
2026-02-13 11:45:15,655 - experiment_ablation_no_chaotic_features - INFO -   Train: 14 batches
2026-02-13 11:45:15,655 - experiment_ablation_no_chaotic_features - INFO -   Val: 3 batches
2026-02-13 11:45:15,655 - experiment_ablation_no_chaotic_features - INFO -   Test: 4 batches
2026-02-13 11:45:15,655 - experiment_ablation_no_chaotic_features - INFO - Creating model...
2026-02-13 11:45:15,655 - experiment_ablation_no_chaotic_features - INFO - Using actual num_speakers from dataset: 26
2026-02-13 11:46:20,739 - experiment_ablation_no_chaotic_features - INFO - Total parameters: 500,671
2026-02-13 11:46:20,739 - experiment_ablation_no_chaotic_features - INFO - Trainable parameters: 500,671
2026-02-13 11:46:20,739 - experiment_ablation_no_chaotic_features - INFO - Creating optimizer...
2026-02-13 11:46:20,739 - experiment_ablation_no_chaotic_features - INFO - Optimizer: AdamW
2026-02-13 11:46:20,739 - experiment_ablation_no_chaotic_features - INFO - Creating scheduler...
2026-02-13 11:46:20,739 - experiment_ablation_no_chaotic_features - INFO - Creating criterion...
2026-02-13 11:46:20,740 - experiment_ablation_no_chaotic_features - INFO - Criterion: CrossEntropyLoss
2026-02-13 11:46:20,816 - experiment_ablation_no_chaotic_features - INFO - Configuration saved to: /scratch/project_2003370/yueyao/Model/experiments/configs/Ablation_study/no_chaotic_features/ablation_no_chaotic_features/config.json
2026-02-13 11:46:20,816 - experiment_ablation_no_chaotic_features - INFO - Experiment setup completed
2026-02-13 11:46:20,817 - experiment_ablation_no_chaotic_features - INFO - Starting training for 100 epochs
2026-02-13 11:46:20,817 - experiment_ablation_no_chaotic_features - INFO - [SYNC LOSS] Warmup complete, synchronization loss activated!
2026-02-13 11:46:21,012 - experiment_ablation_no_chaotic_features - INFO - 
================================================================================
2026-02-13 11:46:21,012 - experiment_ablation_no_chaotic_features - INFO - COMPREHENSIVE DEBUG - FIRST BATCH
2026-02-13 11:46:21,012 - experiment_ablation_no_chaotic_features - INFO - ================================================================================
2026-02-13 11:46:21,012 - experiment_ablation_no_chaotic_features - INFO - Batch Info:
2026-02-13 11:46:21,012 - experiment_ablation_no_chaotic_features - INFO -   Audio shape: torch.Size([32, 48000])
2026-02-13 11:46:21,012 - experiment_ablation_no_chaotic_features - INFO -   Targets shape: torch.Size([32])
2026-02-13 11:46:21,013 - experiment_ablation_no_chaotic_features - INFO -   Targets (first 8): tensor([18, 24,  5, 21, 17, 17, 21,  7], device='cuda:0')
2026-02-13 11:46:21,146 - experiment_ablation_no_chaotic_features - INFO - ================================================================================

2026-02-13 11:46:21,290 - experiment_ablation_no_chaotic_features - INFO - [STABILITY] Initialized LyapunovStabilityLoss
2026-02-13 11:46:21,292 - experiment_ablation_no_chaotic_features - DEBUG - [STABILITY] lyap=0.066, max_norm=14.5, min_std=1.167
2026-02-13 11:46:21,488 - experiment_ablation_no_chaotic_features - INFO - Train Epoch 0: [0/472 (0.0%)]	Loss: 6.150975
2026-02-13 11:46:25,724 - experiment_ablation_no_chaotic_features - INFO - [SYNC DEBUG] Epoch 0: sync_weight=0.1, desync_weight=0.1, loss_sync=0.620214
2026-02-13 11:46:26,303 - experiment_ablation_no_chaotic_features - INFO - Epoch 0: Train Loss: 6.3189, Train Acc: 0.0513, Val Loss: 4.9980, Val Acc: 0.0449
2026-02-13 11:46:26,375 - experiment_ablation_no_chaotic_features - INFO - Saved new best model at epoch 0
2026-02-13 11:46:27,038 - experiment_ablation_no_chaotic_features - INFO - Train Epoch 1: [0/472 (0.0%)]	Loss: 6.711797
2026-02-13 11:46:31,180 - experiment_ablation_no_chaotic_features - INFO - [SYNC DEBUG] Epoch 1: sync_weight=0.1, desync_weight=0.1, loss_sync=0.539756
2026-02-13 11:46:31,763 - experiment_ablation_no_chaotic_features - INFO - Epoch 1: Train Loss: 5.4049, Train Acc: 0.0558, Val Loss: 5.0221, Val Acc: 0.0337
2026-02-13 11:46:32,333 - experiment_ablation_no_chaotic_features - INFO - Train Epoch 2: [0/472 (0.0%)]	Loss: 5.072772
2026-02-13 11:46:36,592 - experiment_ablation_no_chaotic_features - INFO - [SYNC DEBUG] Epoch 2: sync_weight=0.1, desync_weight=0.1, loss_sync=0.529287
2026-02-13 11:46:37,171 - experiment_ablation_no_chaotic_features - INFO - Epoch 2: Train Loss: 4.5629, Train Acc: 0.1473, Val Loss: 5.5040, Val Acc: 0.0337
2026-02-13 11:46:37,731 - experiment_ablation_no_chaotic_features - INFO - Train Epoch 3: [0/472 (0.0%)]	Loss: 4.783540
2026-02-13 11:46:41,886 - experiment_ablation_no_chaotic_features - INFO - [SYNC DEBUG] Epoch 3: sync_weight=0.1, desync_weight=0.1, loss_sync=0.531552
2026-02-13 11:46:42,466 - experiment_ablation_no_chaotic_features - INFO - Epoch 3: Train Loss: 4.1239, Train Acc: 0.1607, Val Loss: 7.8571, Val Acc: 0.0449
2026-02-13 11:46:43,027 - experiment_ablation_no_chaotic_features - INFO - Train Epoch 4: [0/472 (0.0%)]	Loss: 3.316877
2026-02-13 11:46:47,193 - experiment_ablation_no_chaotic_features - INFO - [SYNC DEBUG] Epoch 4: sync_weight=0.1, desync_weight=0.1, loss_sync=0.487729
2026-02-13 11:46:47,772 - experiment_ablation_no_chaotic_features - INFO - Epoch 4: Train Loss: 3.4143, Train Acc: 0.2455, Val Loss: 4.6033, Val Acc: 0.0562
2026-02-13 11:46:47,854 - experiment_ablation_no_chaotic_features - INFO - Saved new best model at epoch 4
2026-02-13 11:46:48,465 - experiment_ablation_no_chaotic_features - INFO - Train Epoch 5: [0/472 (0.0%)]	Loss: 2.111404
2026-02-13 11:46:52,615 - experiment_ablation_no_chaotic_features - INFO - [SYNC DEBUG] Epoch 5: sync_weight=0.1, desync_weight=0.1, loss_sync=0.499096
2026-02-13 11:46:53,195 - experiment_ablation_no_chaotic_features - INFO - Epoch 5: Train Loss: 2.6900, Train Acc: 0.3996, Val Loss: 5.8527, Val Acc: 0.0449
2026-02-13 11:46:53,763 - experiment_ablation_no_chaotic_features - INFO - Train Epoch 6: [0/472 (0.0%)]	Loss: 1.895575
2026-02-13 11:46:57,926 - experiment_ablation_no_chaotic_features - INFO - [SYNC DEBUG] Epoch 6: sync_weight=0.1, desync_weight=0.1, loss_sync=0.493805
2026-02-13 11:46:58,504 - experiment_ablation_no_chaotic_features - INFO - Epoch 6: Train Loss: 2.2275, Train Acc: 0.4688, Val Loss: 6.3321, Val Acc: 0.0449
2026-02-13 11:46:59,063 - experiment_ablation_no_chaotic_features - INFO - Train Epoch 7: [0/472 (0.0%)]	Loss: 2.052050
2026-02-13 11:46:59,502 - experiment_ablation_no_chaotic_features - DEBUG - [STABILITY] lyap=0.024, max_norm=21.2, min_std=3.239
2026-02-13 11:47:03,287 - experiment_ablation_no_chaotic_features - INFO - [SYNC DEBUG] Epoch 7: sync_weight=0.1, desync_weight=0.1, loss_sync=0.497101
2026-02-13 11:47:03,869 - experiment_ablation_no_chaotic_features - INFO - Epoch 7: Train Loss: 2.0839, Train Acc: 0.5156, Val Loss: 5.4841, Val Acc: 0.0787
2026-02-13 11:47:03,944 - experiment_ablation_no_chaotic_features - INFO - Saved new best model at epoch 7
2026-02-13 11:47:04,549 - experiment_ablation_no_chaotic_features - INFO - Train Epoch 8: [0/472 (0.0%)]	Loss: 1.719224
2026-02-13 11:47:08,785 - experiment_ablation_no_chaotic_features - INFO - [SYNC DEBUG] Epoch 8: sync_weight=0.1, desync_weight=0.1, loss_sync=0.497076
2026-02-13 11:47:09,358 - experiment_ablation_no_chaotic_features - INFO - Epoch 8: Train Loss: 1.7558, Train Acc: 0.5603, Val Loss: 6.8757, Val Acc: 0.0449
2026-02-13 11:47:09,929 - experiment_ablation_no_chaotic_features - INFO - Train Epoch 9: [0/472 (0.0%)]	Loss: 1.624202
2026-02-13 11:47:14,160 - experiment_ablation_no_chaotic_features - INFO - [SYNC DEBUG] Epoch 9: sync_weight=0.1, desync_weight=0.1, loss_sync=0.498872
2026-02-13 11:47:14,744 - experiment_ablation_no_chaotic_features - INFO - Epoch 9: Train Loss: 1.5639, Train Acc: 0.6562, Val Loss: 4.6424, Val Acc: 0.1573
2026-02-13 11:47:14,827 - experiment_ablation_no_chaotic_features - INFO - Saved new best model at epoch 9
2026-02-13 11:47:15,428 - experiment_ablation_no_chaotic_features - INFO - Train Epoch 10: [0/472 (0.0%)]	Loss: 1.513007
2026-02-13 11:47:19,664 - experiment_ablation_no_chaotic_features - INFO - [SYNC DEBUG] Epoch 10: sync_weight=0.1, desync_weight=0.1, loss_sync=0.497507
2026-02-13 11:47:20,252 - experiment_ablation_no_chaotic_features - INFO - Epoch 10: Train Loss: 1.4234, Train Acc: 0.7232, Val Loss: 4.4493, Val Acc: 0.1573
2026-02-13 11:47:20,890 - experiment_ablation_no_chaotic_features - INFO - Train Epoch 11: [0/472 (0.0%)]	Loss: 1.414554
2026-02-13 11:47:25,027 - experiment_ablation_no_chaotic_features - INFO - [SYNC DEBUG] Epoch 11: sync_weight=0.1, desync_weight=0.1, loss_sync=0.498068
2026-02-13 11:47:25,604 - experiment_ablation_no_chaotic_features - INFO - Epoch 11: Train Loss: 1.3065, Train Acc: 0.7121, Val Loss: 3.2348, Val Acc: 0.2472
2026-02-13 11:47:25,684 - experiment_ablation_no_chaotic_features - INFO - Saved new best model at epoch 11
2026-02-13 11:47:26,297 - experiment_ablation_no_chaotic_features - INFO - Train Epoch 12: [0/472 (0.0%)]	Loss: 1.118893
2026-02-13 11:47:30,539 - experiment_ablation_no_chaotic_features - INFO - [SYNC DEBUG] Epoch 12: sync_weight=0.1, desync_weight=0.1, loss_sync=0.497427
2026-02-13 11:47:31,121 - experiment_ablation_no_chaotic_features - INFO - Epoch 12: Train Loss: 1.1466, Train Acc: 0.7969, Val Loss: 3.9417, Val Acc: 0.1461
2026-02-13 11:47:31,678 - experiment_ablation_no_chaotic_features - INFO - Train Epoch 13: [0/472 (0.0%)]	Loss: 1.029034
2026-02-13 11:47:35,936 - experiment_ablation_no_chaotic_features - INFO - [SYNC DEBUG] Epoch 13: sync_weight=0.1, desync_weight=0.1, loss_sync=0.498285
2026-02-13 11:47:36,536 - experiment_ablation_no_chaotic_features - INFO - Epoch 13: Train Loss: 1.0633, Train Acc: 0.8147, Val Loss: 7.4442, Val Acc: 0.0449
2026-02-13 11:47:37,098 - experiment_ablation_no_chaotic_features - INFO - Train Epoch 14: [0/472 (0.0%)]	Loss: 1.059585
2026-02-13 11:47:38,176 - experiment_ablation_no_chaotic_features - DEBUG - [STABILITY] lyap=0.021, max_norm=19.2, min_std=2.978
2026-02-13 11:47:41,285 - experiment_ablation_no_chaotic_features - INFO - [SYNC DEBUG] Epoch 14: sync_weight=0.1, desync_weight=0.1, loss_sync=0.497650
2026-02-13 11:47:41,871 - experiment_ablation_no_chaotic_features - INFO - Epoch 14: Train Loss: 0.9755, Train Acc: 0.8348, Val Loss: 5.7753, Val Acc: 0.1236
2026-02-13 11:47:42,441 - experiment_ablation_no_chaotic_features - INFO - Train Epoch 15: [0/472 (0.0%)]	Loss: 0.978069
2026-02-13 11:47:46,709 - experiment_ablation_no_chaotic_features - INFO - [SYNC DEBUG] Epoch 15: sync_weight=0.1, desync_weight=0.1, loss_sync=0.497243
2026-02-13 11:47:47,289 - experiment_ablation_no_chaotic_features - INFO - Epoch 15: Train Loss: 1.0041, Train Acc: 0.8504, Val Loss: 4.9092, Val Acc: 0.1573
2026-02-13 11:47:47,838 - experiment_ablation_no_chaotic_features - INFO - Train Epoch 16: [0/472 (0.0%)]	Loss: 0.969552
2026-02-13 11:47:52,080 - experiment_ablation_no_chaotic_features - INFO - [SYNC DEBUG] Epoch 16: sync_weight=0.1, desync_weight=0.1, loss_sync=0.496706
2026-02-13 11:47:52,656 - experiment_ablation_no_chaotic_features - INFO - Epoch 16: Train Loss: 0.9253, Train Acc: 0.8616, Val Loss: 3.0336, Val Acc: 0.3820
2026-02-13 11:47:52,735 - experiment_ablation_no_chaotic_features - INFO - Saved new best model at epoch 16
2026-02-13 11:47:53,344 - experiment_ablation_no_chaotic_features - INFO - Train Epoch 17: [0/472 (0.0%)]	Loss: 1.024923
2026-02-13 11:47:57,593 - experiment_ablation_no_chaotic_features - INFO - [SYNC DEBUG] Epoch 17: sync_weight=0.1, desync_weight=0.1, loss_sync=0.497590
2026-02-13 11:47:58,175 - experiment_ablation_no_chaotic_features - INFO - Epoch 17: Train Loss: 0.9199, Train Acc: 0.8594, Val Loss: 7.4780, Val Acc: 0.0562
2026-02-13 11:47:58,732 - experiment_ablation_no_chaotic_features - INFO - Train Epoch 18: [0/472 (0.0%)]	Loss: 0.978557
2026-02-13 11:48:02,970 - experiment_ablation_no_chaotic_features - INFO - [SYNC DEBUG] Epoch 18: sync_weight=0.1, desync_weight=0.1, loss_sync=0.498648
2026-02-13 11:48:03,549 - experiment_ablation_no_chaotic_features - INFO - Epoch 18: Train Loss: 0.9195, Train Acc: 0.8594, Val Loss: 3.1102, Val Acc: 0.3596
2026-02-13 11:48:04,101 - experiment_ablation_no_chaotic_features - INFO - Train Epoch 19: [0/472 (0.0%)]	Loss: 0.979218
2026-02-13 11:48:08,344 - experiment_ablation_no_chaotic_features - INFO - [SYNC DEBUG] Epoch 19: sync_weight=0.1, desync_weight=0.1, loss_sync=0.497191
2026-02-13 11:48:08,937 - experiment_ablation_no_chaotic_features - INFO - Epoch 19: Train Loss: 0.8715, Train Acc: 0.8795, Val Loss: 7.8429, Val Acc: 0.0449
2026-02-13 11:48:09,510 - experiment_ablation_no_chaotic_features - INFO - Train Epoch 20: [0/472 (0.0%)]	Loss: 1.060294
2026-02-13 11:48:13,756 - experiment_ablation_no_chaotic_features - INFO - [SYNC DEBUG] Epoch 20: sync_weight=0.1, desync_weight=0.1, loss_sync=0.497488
2026-02-13 11:48:14,349 - experiment_ablation_no_chaotic_features - INFO - Epoch 20: Train Loss: 0.8889, Train Acc: 0.8728, Val Loss: 5.4069, Val Acc: 0.1011
2026-02-13 11:48:14,977 - experiment_ablation_no_chaotic_features - INFO - Train Epoch 21: [0/472 (0.0%)]	Loss: 0.678862
2026-02-13 11:48:16,716 - experiment_ablation_no_chaotic_features - DEBUG - [STABILITY] lyap=0.021, max_norm=20.9, min_std=3.342
2026-02-13 11:48:19,216 - experiment_ablation_no_chaotic_features - INFO - [SYNC DEBUG] Epoch 21: sync_weight=0.1, desync_weight=0.1, loss_sync=0.498888
2026-02-13 11:48:19,804 - experiment_ablation_no_chaotic_features - INFO - Epoch 21: Train Loss: 0.8223, Train Acc: 0.9107, Val Loss: 2.2413, Val Acc: 0.4382
2026-02-13 11:48:19,883 - experiment_ablation_no_chaotic_features - INFO - Saved new best model at epoch 21
2026-02-13 11:48:20,480 - experiment_ablation_no_chaotic_features - INFO - Train Epoch 22: [0/472 (0.0%)]	Loss: 0.767176
2026-02-13 11:48:24,620 - experiment_ablation_no_chaotic_features - INFO - [SYNC DEBUG] Epoch 22: sync_weight=0.1, desync_weight=0.1, loss_sync=0.499840
2026-02-13 11:48:25,207 - experiment_ablation_no_chaotic_features - INFO - Epoch 22: Train Loss: 0.7977, Train Acc: 0.9085, Val Loss: 4.8706, Val Acc: 0.1461
2026-02-13 11:48:25,768 - experiment_ablation_no_chaotic_features - INFO - Train Epoch 23: [0/472 (0.0%)]	Loss: 0.615067
2026-02-13 11:48:29,987 - experiment_ablation_no_chaotic_features - INFO - [SYNC DEBUG] Epoch 23: sync_weight=0.1, desync_weight=0.1, loss_sync=0.497753
2026-02-13 11:48:30,576 - experiment_ablation_no_chaotic_features - INFO - Epoch 23: Train Loss: 0.7381, Train Acc: 0.9308, Val Loss: 4.0824, Val Acc: 0.2022
2026-02-13 11:48:31,141 - experiment_ablation_no_chaotic_features - INFO - Train Epoch 24: [0/472 (0.0%)]	Loss: 0.740720
2026-02-13 11:48:35,290 - experiment_ablation_no_chaotic_features - INFO - [SYNC DEBUG] Epoch 24: sync_weight=0.1, desync_weight=0.1, loss_sync=0.496345
2026-02-13 11:48:35,881 - experiment_ablation_no_chaotic_features - INFO - Epoch 24: Train Loss: 0.8006, Train Acc: 0.9040, Val Loss: 8.7386, Val Acc: 0.0449
2026-02-13 11:48:36,434 - experiment_ablation_no_chaotic_features - INFO - Train Epoch 25: [0/472 (0.0%)]	Loss: 0.700577
2026-02-13 11:48:40,606 - experiment_ablation_no_chaotic_features - INFO - [SYNC DEBUG] Epoch 25: sync_weight=0.1, desync_weight=0.1, loss_sync=0.498277
2026-02-13 11:48:41,187 - experiment_ablation_no_chaotic_features - INFO - Epoch 25: Train Loss: 0.7364, Train Acc: 0.9196, Val Loss: 8.7224, Val Acc: 0.0449
2026-02-13 11:48:41,750 - experiment_ablation_no_chaotic_features - INFO - Train Epoch 26: [0/472 (0.0%)]	Loss: 0.742125
2026-02-13 11:48:45,930 - experiment_ablation_no_chaotic_features - INFO - [SYNC DEBUG] Epoch 26: sync_weight=0.1, desync_weight=0.1, loss_sync=0.495972
2026-02-13 11:48:46,511 - experiment_ablation_no_chaotic_features - INFO - Epoch 26: Train Loss: 0.7319, Train Acc: 0.9263, Val Loss: 7.8777, Val Acc: 0.0562
2026-02-13 11:48:47,059 - experiment_ablation_no_chaotic_features - INFO - Train Epoch 27: [0/472 (0.0%)]	Loss: 0.913137
2026-02-13 11:48:51,420 - experiment_ablation_no_chaotic_features - INFO - [SYNC DEBUG] Epoch 27: sync_weight=0.1, desync_weight=0.1, loss_sync=0.498738
2026-02-13 11:48:51,996 - experiment_ablation_no_chaotic_features - INFO - Epoch 27: Train Loss: 0.7194, Train Acc: 0.9241, Val Loss: 9.4778, Val Acc: 0.0449
2026-02-13 11:48:52,563 - experiment_ablation_no_chaotic_features - INFO - Train Epoch 28: [0/472 (0.0%)]	Loss: 0.659090
2026-02-13 11:48:54,893 - experiment_ablation_no_chaotic_features - DEBUG - [STABILITY] lyap=0.017, max_norm=15.8, min_std=2.307
2026-02-13 11:48:56,722 - experiment_ablation_no_chaotic_features - INFO - [SYNC DEBUG] Epoch 28: sync_weight=0.1, desync_weight=0.1, loss_sync=0.497453
2026-02-13 11:48:57,310 - experiment_ablation_no_chaotic_features - INFO - Epoch 28: Train Loss: 0.6911, Train Acc: 0.9442, Val Loss: 5.1856, Val Acc: 0.1798
2026-02-13 11:48:57,861 - experiment_ablation_no_chaotic_features - INFO - Train Epoch 29: [0/472 (0.0%)]	Loss: 0.719521
2026-02-13 11:49:02,115 - experiment_ablation_no_chaotic_features - INFO - [SYNC DEBUG] Epoch 29: sync_weight=0.1, desync_weight=0.1, loss_sync=0.497306
2026-02-13 11:49:02,695 - experiment_ablation_no_chaotic_features - INFO - Epoch 29: Train Loss: 0.6828, Train Acc: 0.9375, Val Loss: 9.4629, Val Acc: 0.0449
2026-02-13 11:49:03,256 - experiment_ablation_no_chaotic_features - INFO - Train Epoch 30: [0/472 (0.0%)]	Loss: 0.606451
2026-02-13 11:49:07,488 - experiment_ablation_no_chaotic_features - INFO - [SYNC DEBUG] Epoch 30: sync_weight=0.1, desync_weight=0.1, loss_sync=0.497055
2026-02-13 11:49:08,077 - experiment_ablation_no_chaotic_features - INFO - Epoch 30: Train Loss: 0.6887, Train Acc: 0.9330, Val Loss: 3.9880, Val Acc: 0.2584
2026-02-13 11:49:08,719 - experiment_ablation_no_chaotic_features - INFO - Train Epoch 31: [0/472 (0.0%)]	Loss: 0.565493
2026-02-13 11:49:12,948 - experiment_ablation_no_chaotic_features - INFO - [SYNC DEBUG] Epoch 31: sync_weight=0.1, desync_weight=0.1, loss_sync=0.497940
2026-02-13 11:49:13,531 - experiment_ablation_no_chaotic_features - INFO - Epoch 31: Train Loss: 0.7088, Train Acc: 0.9420, Val Loss: 4.4583, Val Acc: 0.1910
2026-02-13 11:49:14,088 - experiment_ablation_no_chaotic_features - INFO - Train Epoch 32: [0/472 (0.0%)]	Loss: 0.653386
2026-02-13 11:49:18,239 - experiment_ablation_no_chaotic_features - INFO - [SYNC DEBUG] Epoch 32: sync_weight=0.1, desync_weight=0.1, loss_sync=0.497211
2026-02-13 11:49:18,820 - experiment_ablation_no_chaotic_features - INFO - Epoch 32: Train Loss: 0.6675, Train Acc: 0.9509, Val Loss: 10.5511, Val Acc: 0.0449
2026-02-13 11:49:19,382 - experiment_ablation_no_chaotic_features - INFO - Train Epoch 33: [0/472 (0.0%)]	Loss: 0.539588
2026-02-13 11:49:23,657 - experiment_ablation_no_chaotic_features - INFO - [SYNC DEBUG] Epoch 33: sync_weight=0.1, desync_weight=0.1, loss_sync=0.497256
2026-02-13 11:49:24,241 - experiment_ablation_no_chaotic_features - INFO - Epoch 33: Train Loss: 0.7187, Train Acc: 0.9397, Val Loss: 8.6241, Val Acc: 0.0449
2026-02-13 11:49:24,805 - experiment_ablation_no_chaotic_features - INFO - Train Epoch 34: [0/472 (0.0%)]	Loss: 0.641332
2026-02-13 11:49:28,983 - experiment_ablation_no_chaotic_features - INFO - [SYNC DEBUG] Epoch 34: sync_weight=0.1, desync_weight=0.1, loss_sync=0.496078
2026-02-13 11:49:29,567 - experiment_ablation_no_chaotic_features - INFO - Epoch 34: Train Loss: 0.6200, Train Acc: 0.9621, Val Loss: 1.9339, Val Acc: 0.5393
2026-02-13 11:49:29,646 - experiment_ablation_no_chaotic_features - INFO - Saved new best model at epoch 34
2026-02-13 11:49:30,248 - experiment_ablation_no_chaotic_features - INFO - Train Epoch 35: [0/472 (0.0%)]	Loss: 0.615404
2026-02-13 11:49:33,233 - experiment_ablation_no_chaotic_features - DEBUG - [STABILITY] lyap=0.019, max_norm=18.4, min_std=2.781
2026-02-13 11:49:34,442 - experiment_ablation_no_chaotic_features - INFO - [SYNC DEBUG] Epoch 35: sync_weight=0.1, desync_weight=0.1, loss_sync=0.497749
2026-02-13 11:49:35,023 - experiment_ablation_no_chaotic_features - INFO - Epoch 35: Train Loss: 0.6881, Train Acc: 0.9464, Val Loss: 8.0474, Val Acc: 0.0787
2026-02-13 11:49:35,580 - experiment_ablation_no_chaotic_features - INFO - Train Epoch 36: [0/472 (0.0%)]	Loss: 0.602206
2026-02-13 11:49:39,759 - experiment_ablation_no_chaotic_features - INFO - [SYNC DEBUG] Epoch 36: sync_weight=0.1, desync_weight=0.1, loss_sync=0.495252
2026-02-13 11:49:40,343 - experiment_ablation_no_chaotic_features - INFO - Epoch 36: Train Loss: 0.6242, Train Acc: 0.9576, Val Loss: 5.1768, Val Acc: 0.1461
2026-02-13 11:49:40,895 - experiment_ablation_no_chaotic_features - INFO - Train Epoch 37: [0/472 (0.0%)]	Loss: 0.648240
2026-02-13 11:49:45,074 - experiment_ablation_no_chaotic_features - INFO - [SYNC DEBUG] Epoch 37: sync_weight=0.1, desync_weight=0.1, loss_sync=0.496451
2026-02-13 11:49:45,663 - experiment_ablation_no_chaotic_features - INFO - Epoch 37: Train Loss: 0.6406, Train Acc: 0.9554, Val Loss: 4.9493, Val Acc: 0.1573
2026-02-13 11:49:46,221 - experiment_ablation_no_chaotic_features - INFO - Train Epoch 38: [0/472 (0.0%)]	Loss: 0.549883
2026-02-13 11:49:50,415 - experiment_ablation_no_chaotic_features - INFO - [SYNC DEBUG] Epoch 38: sync_weight=0.1, desync_weight=0.1, loss_sync=0.496879
2026-02-13 11:49:50,989 - experiment_ablation_no_chaotic_features - INFO - Epoch 38: Train Loss: 0.6510, Train Acc: 0.9487, Val Loss: 5.4843, Val Acc: 0.1573
2026-02-13 11:49:51,552 - experiment_ablation_no_chaotic_features - INFO - Train Epoch 39: [0/472 (0.0%)]	Loss: 0.562728
2026-02-13 11:49:55,757 - experiment_ablation_no_chaotic_features - INFO - [SYNC DEBUG] Epoch 39: sync_weight=0.1, desync_weight=0.1, loss_sync=0.498046
2026-02-13 11:49:56,330 - experiment_ablation_no_chaotic_features - INFO - Epoch 39: Train Loss: 0.6306, Train Acc: 0.9643, Val Loss: 6.6699, Val Acc: 0.1461
2026-02-13 11:49:56,892 - experiment_ablation_no_chaotic_features - INFO - Train Epoch 40: [0/472 (0.0%)]	Loss: 0.649150
2026-02-13 11:50:01,056 - experiment_ablation_no_chaotic_features - INFO - [SYNC DEBUG] Epoch 40: sync_weight=0.1, desync_weight=0.1, loss_sync=0.495940
2026-02-13 11:50:01,637 - experiment_ablation_no_chaotic_features - INFO - Epoch 40: Train Loss: 0.7137, Train Acc: 0.9286, Val Loss: 9.2825, Val Acc: 0.0449
2026-02-13 11:50:02,278 - experiment_ablation_no_chaotic_features - INFO - Train Epoch 41: [0/472 (0.0%)]	Loss: 0.543524
2026-02-13 11:50:06,510 - experiment_ablation_no_chaotic_features - INFO - [SYNC DEBUG] Epoch 41: sync_weight=0.1, desync_weight=0.1, loss_sync=0.500186
2026-02-13 11:50:07,118 - experiment_ablation_no_chaotic_features - INFO - Epoch 41: Train Loss: 0.6411, Train Acc: 0.9576, Val Loss: 8.0255, Val Acc: 0.0449
2026-02-13 11:50:07,679 - experiment_ablation_no_chaotic_features - INFO - Train Epoch 42: [0/472 (0.0%)]	Loss: 0.624956
2026-02-13 11:50:11,354 - experiment_ablation_no_chaotic_features - DEBUG - [STABILITY] lyap=0.021, max_norm=20.7, min_std=3.310
2026-02-13 11:50:11,941 - experiment_ablation_no_chaotic_features - INFO - [SYNC DEBUG] Epoch 42: sync_weight=0.1, desync_weight=0.1, loss_sync=0.495711
2026-02-13 11:50:12,527 - experiment_ablation_no_chaotic_features - INFO - Epoch 42: Train Loss: 0.6071, Train Acc: 0.9688, Val Loss: 4.2474, Val Acc: 0.2921
2026-02-13 11:50:13,085 - experiment_ablation_no_chaotic_features - INFO - Train Epoch 43: [0/472 (0.0%)]	Loss: 0.566724
2026-02-13 11:50:17,249 - experiment_ablation_no_chaotic_features - INFO - [SYNC DEBUG] Epoch 43: sync_weight=0.1, desync_weight=0.1, loss_sync=0.499263
2026-02-13 11:50:17,827 - experiment_ablation_no_chaotic_features - INFO - Epoch 43: Train Loss: 0.6407, Train Acc: 0.9576, Val Loss: 2.9352, Val Acc: 0.3820
2026-02-13 11:50:18,391 - experiment_ablation_no_chaotic_features - INFO - Train Epoch 44: [0/472 (0.0%)]	Loss: 0.574902
2026-02-13 11:50:22,551 - experiment_ablation_no_chaotic_features - INFO - [SYNC DEBUG] Epoch 44: sync_weight=0.1, desync_weight=0.1, loss_sync=0.498782
2026-02-13 11:50:23,146 - experiment_ablation_no_chaotic_features - INFO - Epoch 44: Train Loss: 0.6222, Train Acc: 0.9688, Val Loss: 2.7975, Val Acc: 0.4494
2026-02-13 11:50:23,710 - experiment_ablation_no_chaotic_features - INFO - Train Epoch 45: [0/472 (0.0%)]	Loss: 0.535343
2026-02-13 11:50:27,954 - experiment_ablation_no_chaotic_features - INFO - [SYNC DEBUG] Epoch 45: sync_weight=0.1, desync_weight=0.1, loss_sync=0.497712
2026-02-13 11:50:28,540 - experiment_ablation_no_chaotic_features - INFO - Epoch 45: Train Loss: 0.6086, Train Acc: 0.9621, Val Loss: 5.6798, Val Acc: 0.1236
2026-02-13 11:50:29,094 - experiment_ablation_no_chaotic_features - INFO - Train Epoch 46: [0/472 (0.0%)]	Loss: 0.565554
2026-02-13 11:50:33,281 - experiment_ablation_no_chaotic_features - INFO - [SYNC DEBUG] Epoch 46: sync_weight=0.1, desync_weight=0.1, loss_sync=0.495218
2026-02-13 11:50:33,877 - experiment_ablation_no_chaotic_features - INFO - Epoch 46: Train Loss: 0.6137, Train Acc: 0.9598, Val Loss: 5.0604, Val Acc: 0.2472
2026-02-13 11:50:34,442 - experiment_ablation_no_chaotic_features - INFO - Train Epoch 47: [0/472 (0.0%)]	Loss: 0.729943
2026-02-13 11:50:38,636 - experiment_ablation_no_chaotic_features - INFO - [SYNC DEBUG] Epoch 47: sync_weight=0.1, desync_weight=0.1, loss_sync=0.498088
2026-02-13 11:50:39,228 - experiment_ablation_no_chaotic_features - INFO - Epoch 47: Train Loss: 0.6133, Train Acc: 0.9665, Val Loss: 3.2985, Val Acc: 0.4831
2026-02-13 11:50:39,805 - experiment_ablation_no_chaotic_features - INFO - Train Epoch 48: [0/472 (0.0%)]	Loss: 0.619080
2026-02-13 11:50:44,028 - experiment_ablation_no_chaotic_features - INFO - [SYNC DEBUG] Epoch 48: sync_weight=0.1, desync_weight=0.1, loss_sync=0.498577
2026-02-13 11:50:44,620 - experiment_ablation_no_chaotic_features - INFO - Epoch 48: Train Loss: 0.6372, Train Acc: 0.9576, Val Loss: 5.4945, Val Acc: 0.2584
2026-02-13 11:50:45,176 - experiment_ablation_no_chaotic_features - INFO - Train Epoch 49: [0/472 (0.0%)]	Loss: 0.721661
2026-02-13 11:50:49,420 - experiment_ablation_no_chaotic_features - INFO - [SYNC DEBUG] Epoch 49: sync_weight=0.1, desync_weight=0.1, loss_sync=0.497062
2026-02-13 11:50:50,010 - experiment_ablation_no_chaotic_features - INFO - Epoch 49: Train Loss: 0.6184, Train Acc: 0.9598, Val Loss: 2.6599, Val Acc: 0.4157
2026-02-13 11:50:50,372 - experiment_ablation_no_chaotic_features - DEBUG - [STABILITY] lyap=0.020, max_norm=19.7, min_std=3.145
2026-02-13 11:50:50,570 - experiment_ablation_no_chaotic_features - INFO - Train Epoch 50: [0/472 (0.0%)]	Loss: 0.651374
2026-02-13 11:50:54,828 - experiment_ablation_no_chaotic_features - INFO - [SYNC DEBUG] Epoch 50: sync_weight=0.1, desync_weight=0.1, loss_sync=0.498626
2026-02-13 11:50:55,425 - experiment_ablation_no_chaotic_features - INFO - Epoch 50: Train Loss: 0.6079, Train Acc: 0.9688, Val Loss: 4.5245, Val Acc: 0.1685
2026-02-13 11:50:56,066 - experiment_ablation_no_chaotic_features - INFO - Train Epoch 51: [0/472 (0.0%)]	Loss: 0.554146
2026-02-13 11:51:00,279 - experiment_ablation_no_chaotic_features - INFO - [SYNC DEBUG] Epoch 51: sync_weight=0.1, desync_weight=0.1, loss_sync=0.497827
2026-02-13 11:51:00,861 - experiment_ablation_no_chaotic_features - INFO - Epoch 51: Train Loss: 0.5832, Train Acc: 0.9754, Val Loss: 5.9273, Val Acc: 0.1573
2026-02-13 11:51:01,419 - experiment_ablation_no_chaotic_features - INFO - Train Epoch 52: [0/472 (0.0%)]	Loss: 0.527483
2026-02-13 11:51:05,573 - experiment_ablation_no_chaotic_features - INFO - [SYNC DEBUG] Epoch 52: sync_weight=0.1, desync_weight=0.1, loss_sync=0.495331
2026-02-13 11:51:06,154 - experiment_ablation_no_chaotic_features - INFO - Epoch 52: Train Loss: 0.6001, Train Acc: 0.9576, Val Loss: 7.2963, Val Acc: 0.0899
2026-02-13 11:51:06,712 - experiment_ablation_no_chaotic_features - INFO - Train Epoch 53: [0/472 (0.0%)]	Loss: 0.523027
2026-02-13 11:51:10,869 - experiment_ablation_no_chaotic_features - INFO - [SYNC DEBUG] Epoch 53: sync_weight=0.1, desync_weight=0.1, loss_sync=0.496085
2026-02-13 11:51:11,451 - experiment_ablation_no_chaotic_features - INFO - Epoch 53: Train Loss: 0.5681, Train Acc: 0.9844, Val Loss: 6.1707, Val Acc: 0.1573
2026-02-13 11:51:12,007 - experiment_ablation_no_chaotic_features - INFO - Train Epoch 54: [0/472 (0.0%)]	Loss: 0.520746
2026-02-13 11:51:16,176 - experiment_ablation_no_chaotic_features - INFO - [SYNC DEBUG] Epoch 54: sync_weight=0.1, desync_weight=0.1, loss_sync=0.497715
2026-02-13 11:51:16,775 - experiment_ablation_no_chaotic_features - INFO - Epoch 54: Train Loss: 0.5801, Train Acc: 0.9799, Val Loss: 9.4052, Val Acc: 0.0449
2026-02-13 11:51:17,321 - experiment_ablation_no_chaotic_features - INFO - Train Epoch 55: [0/472 (0.0%)]	Loss: 0.527935
2026-02-13 11:51:21,478 - experiment_ablation_no_chaotic_features - INFO - [SYNC DEBUG] Epoch 55: sync_weight=0.1, desync_weight=0.1, loss_sync=0.496350
2026-02-13 11:51:22,064 - experiment_ablation_no_chaotic_features - INFO - Epoch 55: Train Loss: 0.5644, Train Acc: 0.9821, Val Loss: 4.3066, Val Acc: 0.2921
2026-02-13 11:51:22,622 - experiment_ablation_no_chaotic_features - INFO - Train Epoch 56: [0/472 (0.0%)]	Loss: 0.547374
2026-02-13 11:51:26,835 - experiment_ablation_no_chaotic_features - INFO - [SYNC DEBUG] Epoch 56: sync_weight=0.1, desync_weight=0.1, loss_sync=0.494706
2026-02-13 11:51:27,426 - experiment_ablation_no_chaotic_features - INFO - Epoch 56: Train Loss: 0.5694, Train Acc: 0.9799, Val Loss: 7.8157, Val Acc: 0.0562
2026-02-13 11:51:27,983 - experiment_ablation_no_chaotic_features - INFO - Train Epoch 57: [0/472 (0.0%)]	Loss: 0.615690
2026-02-13 11:51:28,427 - experiment_ablation_no_chaotic_features - DEBUG - [STABILITY] lyap=0.019, max_norm=17.5, min_std=2.590
2026-02-13 11:51:32,214 - experiment_ablation_no_chaotic_features - INFO - [SYNC DEBUG] Epoch 57: sync_weight=0.1, desync_weight=0.1, loss_sync=0.497258
2026-02-13 11:51:32,804 - experiment_ablation_no_chaotic_features - INFO - Epoch 57: Train Loss: 0.5887, Train Acc: 0.9688, Val Loss: 6.8536, Val Acc: 0.1236
2026-02-13 11:51:33,353 - experiment_ablation_no_chaotic_features - INFO - Train Epoch 58: [0/472 (0.0%)]	Loss: 0.522092
2026-02-13 11:51:37,569 - experiment_ablation_no_chaotic_features - INFO - [SYNC DEBUG] Epoch 58: sync_weight=0.1, desync_weight=0.1, loss_sync=0.496515
2026-02-13 11:51:38,160 - experiment_ablation_no_chaotic_features - INFO - Epoch 58: Train Loss: 0.5724, Train Acc: 0.9821, Val Loss: 1.9863, Val Acc: 0.5281
2026-02-13 11:51:38,729 - experiment_ablation_no_chaotic_features - INFO - Train Epoch 59: [0/472 (0.0%)]	Loss: 0.596122
2026-02-13 11:51:42,933 - experiment_ablation_no_chaotic_features - INFO - [SYNC DEBUG] Epoch 59: sync_weight=0.1, desync_weight=0.1, loss_sync=0.497277
2026-02-13 11:51:43,513 - experiment_ablation_no_chaotic_features - INFO - Epoch 59: Train Loss: 0.6090, Train Acc: 0.9598, Val Loss: 2.9975, Val Acc: 0.4831
2026-02-13 11:51:44,073 - experiment_ablation_no_chaotic_features - INFO - Train Epoch 60: [0/472 (0.0%)]	Loss: 0.522412
2026-02-13 11:51:48,221 - experiment_ablation_no_chaotic_features - INFO - [SYNC DEBUG] Epoch 60: sync_weight=0.1, desync_weight=0.1, loss_sync=0.493194
2026-02-13 11:51:48,806 - experiment_ablation_no_chaotic_features - INFO - Epoch 60: Train Loss: 0.5836, Train Acc: 0.9732, Val Loss: 3.6299, Val Acc: 0.4719
2026-02-13 11:51:49,432 - experiment_ablation_no_chaotic_features - INFO - Train Epoch 61: [0/472 (0.0%)]	Loss: 0.560097
2026-02-13 11:51:53,644 - experiment_ablation_no_chaotic_features - INFO - [SYNC DEBUG] Epoch 61: sync_weight=0.1, desync_weight=0.1, loss_sync=0.495781
2026-02-13 11:51:54,221 - experiment_ablation_no_chaotic_features - INFO - Epoch 61: Train Loss: 0.5572, Train Acc: 0.9821, Val Loss: 2.9726, Val Acc: 0.4719
2026-02-13 11:51:54,777 - experiment_ablation_no_chaotic_features - INFO - Train Epoch 62: [0/472 (0.0%)]	Loss: 0.563108
2026-02-13 11:51:58,985 - experiment_ablation_no_chaotic_features - INFO - [SYNC DEBUG] Epoch 62: sync_weight=0.1, desync_weight=0.1, loss_sync=0.494524
2026-02-13 11:51:59,568 - experiment_ablation_no_chaotic_features - INFO - Epoch 62: Train Loss: 0.5843, Train Acc: 0.9799, Val Loss: 2.7674, Val Acc: 0.4944
2026-02-13 11:52:00,126 - experiment_ablation_no_chaotic_features - INFO - Train Epoch 63: [0/472 (0.0%)]	Loss: 0.587397
2026-02-13 11:52:04,295 - experiment_ablation_no_chaotic_features - INFO - [SYNC DEBUG] Epoch 63: sync_weight=0.1, desync_weight=0.1, loss_sync=0.495428
2026-02-13 11:52:04,879 - experiment_ablation_no_chaotic_features - INFO - Epoch 63: Train Loss: 0.5843, Train Acc: 0.9777, Val Loss: 5.6956, Val Acc: 0.1798
2026-02-13 11:52:05,438 - experiment_ablation_no_chaotic_features - INFO - Train Epoch 64: [0/472 (0.0%)]	Loss: 0.654006
2026-02-13 11:52:06,524 - experiment_ablation_no_chaotic_features - DEBUG - [STABILITY] lyap=0.020, max_norm=18.9, min_std=2.827
2026-02-13 11:52:09,652 - experiment_ablation_no_chaotic_features - INFO - [SYNC DEBUG] Epoch 64: sync_weight=0.1, desync_weight=0.1, loss_sync=0.497519
2026-02-13 11:52:10,240 - experiment_ablation_no_chaotic_features - INFO - Epoch 64: Train Loss: 0.6010, Train Acc: 0.9665, Val Loss: 3.6956, Val Acc: 0.3596
2026-02-13 11:52:10,795 - experiment_ablation_no_chaotic_features - INFO - Train Epoch 65: [0/472 (0.0%)]	Loss: 0.510732
2026-02-13 11:52:14,963 - experiment_ablation_no_chaotic_features - INFO - [SYNC DEBUG] Epoch 65: sync_weight=0.1, desync_weight=0.1, loss_sync=0.495988
2026-02-13 11:52:15,543 - experiment_ablation_no_chaotic_features - INFO - Epoch 65: Train Loss: 0.5882, Train Acc: 0.9799, Val Loss: 6.1500, Val Acc: 0.1461
2026-02-13 11:52:16,100 - experiment_ablation_no_chaotic_features - INFO - Train Epoch 66: [0/472 (0.0%)]	Loss: 0.596884
2026-02-13 11:52:20,311 - experiment_ablation_no_chaotic_features - INFO - [SYNC DEBUG] Epoch 66: sync_weight=0.1, desync_weight=0.1, loss_sync=0.494266
2026-02-13 11:52:20,895 - experiment_ablation_no_chaotic_features - INFO - Epoch 66: Train Loss: 0.5416, Train Acc: 0.9888, Val Loss: 2.4739, Val Acc: 0.5281
2026-02-13 11:52:21,452 - experiment_ablation_no_chaotic_features - INFO - Train Epoch 67: [0/472 (0.0%)]	Loss: 0.583965
2026-02-13 11:52:25,603 - experiment_ablation_no_chaotic_features - INFO - [SYNC DEBUG] Epoch 67: sync_weight=0.1, desync_weight=0.1, loss_sync=0.492972
2026-02-13 11:52:26,187 - experiment_ablation_no_chaotic_features - INFO - Epoch 67: Train Loss: 0.5683, Train Acc: 0.9754, Val Loss: 4.2553, Val Acc: 0.3371
2026-02-13 11:52:26,745 - experiment_ablation_no_chaotic_features - INFO - Train Epoch 68: [0/472 (0.0%)]	Loss: 0.508388
2026-02-13 11:52:30,952 - experiment_ablation_no_chaotic_features - INFO - [SYNC DEBUG] Epoch 68: sync_weight=0.1, desync_weight=0.1, loss_sync=0.489838
2026-02-13 11:52:31,545 - experiment_ablation_no_chaotic_features - INFO - Epoch 68: Train Loss: 0.5858, Train Acc: 0.9799, Val Loss: 5.6694, Val Acc: 0.1798
2026-02-13 11:52:32,103 - experiment_ablation_no_chaotic_features - INFO - Train Epoch 69: [0/472 (0.0%)]	Loss: 0.541694
2026-02-13 11:52:36,325 - experiment_ablation_no_chaotic_features - INFO - [SYNC DEBUG] Epoch 69: sync_weight=0.1, desync_weight=0.1, loss_sync=0.495813
2026-02-13 11:52:36,900 - experiment_ablation_no_chaotic_features - INFO - Epoch 69: Train Loss: 0.5621, Train Acc: 0.9844, Val Loss: 2.6544, Val Acc: 0.4719
2026-02-13 11:52:37,462 - experiment_ablation_no_chaotic_features - INFO - Train Epoch 70: [0/472 (0.0%)]	Loss: 0.552035
2026-02-13 11:52:41,684 - experiment_ablation_no_chaotic_features - INFO - [SYNC DEBUG] Epoch 70: sync_weight=0.1, desync_weight=0.1, loss_sync=0.495742
2026-02-13 11:52:42,266 - experiment_ablation_no_chaotic_features - INFO - Epoch 70: Train Loss: 0.5567, Train Acc: 0.9821, Val Loss: 8.4970, Val Acc: 0.1236
2026-02-13 11:52:42,904 - experiment_ablation_no_chaotic_features - INFO - Train Epoch 71: [0/472 (0.0%)]	Loss: 0.524785
2026-02-13 11:52:44,631 - experiment_ablation_no_chaotic_features - DEBUG - [STABILITY] lyap=0.019, max_norm=18.4, min_std=2.766
2026-02-13 11:52:47,120 - experiment_ablation_no_chaotic_features - INFO - [SYNC DEBUG] Epoch 71: sync_weight=0.1, desync_weight=0.1, loss_sync=0.491471
2026-02-13 11:52:47,702 - experiment_ablation_no_chaotic_features - INFO - Epoch 71: Train Loss: 0.5411, Train Acc: 0.9888, Val Loss: 8.0079, Val Acc: 0.1124
2026-02-13 11:52:48,271 - experiment_ablation_no_chaotic_features - INFO - Train Epoch 72: [0/472 (0.0%)]	Loss: 0.587125
2026-02-13 11:52:52,467 - experiment_ablation_no_chaotic_features - INFO - [SYNC DEBUG] Epoch 72: sync_weight=0.1, desync_weight=0.1, loss_sync=0.491085
2026-02-13 11:52:53,050 - experiment_ablation_no_chaotic_features - INFO - Epoch 72: Train Loss: 0.5976, Train Acc: 0.9710, Val Loss: 6.4762, Val Acc: 0.1461
2026-02-13 11:52:53,612 - experiment_ablation_no_chaotic_features - INFO - Train Epoch 73: [0/472 (0.0%)]	Loss: 0.565597
2026-02-13 11:52:57,974 - experiment_ablation_no_chaotic_features - INFO - [SYNC DEBUG] Epoch 73: sync_weight=0.1, desync_weight=0.1, loss_sync=0.495756
2026-02-13 11:52:58,562 - experiment_ablation_no_chaotic_features - INFO - Epoch 73: Train Loss: 0.5505, Train Acc: 0.9799, Val Loss: 4.9430, Val Acc: 0.3146
2026-02-13 11:52:59,140 - experiment_ablation_no_chaotic_features - INFO - Train Epoch 74: [0/472 (0.0%)]	Loss: 0.530024
2026-02-13 11:53:03,307 - experiment_ablation_no_chaotic_features - INFO - [SYNC DEBUG] Epoch 74: sync_weight=0.1, desync_weight=0.1, loss_sync=0.494486
2026-02-13 11:53:03,892 - experiment_ablation_no_chaotic_features - INFO - Epoch 74: Train Loss: 0.5709, Train Acc: 0.9754, Val Loss: 4.7207, Val Acc: 0.3146
2026-02-13 11:53:04,459 - experiment_ablation_no_chaotic_features - INFO - Train Epoch 75: [0/472 (0.0%)]	Loss: 0.518293
2026-02-13 11:53:08,621 - experiment_ablation_no_chaotic_features - INFO - [SYNC DEBUG] Epoch 75: sync_weight=0.1, desync_weight=0.1, loss_sync=0.494153
2026-02-13 11:53:09,204 - experiment_ablation_no_chaotic_features - INFO - Epoch 75: Train Loss: 0.5417, Train Acc: 0.9844, Val Loss: 1.0333, Val Acc: 0.7753
2026-02-13 11:53:09,284 - experiment_ablation_no_chaotic_features - INFO - Saved new best model at epoch 75
2026-02-13 11:53:09,897 - experiment_ablation_no_chaotic_features - INFO - Train Epoch 76: [0/472 (0.0%)]	Loss: 0.509209
2026-02-13 11:53:14,111 - experiment_ablation_no_chaotic_features - INFO - [SYNC DEBUG] Epoch 76: sync_weight=0.1, desync_weight=0.1, loss_sync=0.493942
2026-02-13 11:53:14,694 - experiment_ablation_no_chaotic_features - INFO - Epoch 76: Train Loss: 0.5817, Train Acc: 0.9777, Val Loss: 2.8767, Val Acc: 0.4607
2026-02-13 11:53:15,259 - experiment_ablation_no_chaotic_features - INFO - Train Epoch 77: [0/472 (0.0%)]	Loss: 0.515326
2026-02-13 11:53:19,470 - experiment_ablation_no_chaotic_features - INFO - [SYNC DEBUG] Epoch 77: sync_weight=0.1, desync_weight=0.1, loss_sync=0.489203
2026-02-13 11:53:20,053 - experiment_ablation_no_chaotic_features - INFO - Epoch 77: Train Loss: 0.5460, Train Acc: 0.9799, Val Loss: 5.3634, Val Acc: 0.1910
2026-02-13 11:53:20,612 - experiment_ablation_no_chaotic_features - INFO - Train Epoch 78: [0/472 (0.0%)]	Loss: 0.496515
2026-02-13 11:53:22,938 - experiment_ablation_no_chaotic_features - DEBUG - [STABILITY] lyap=0.022, max_norm=20.1, min_std=2.954
2026-02-13 11:53:24,770 - experiment_ablation_no_chaotic_features - INFO - [SYNC DEBUG] Epoch 78: sync_weight=0.1, desync_weight=0.1, loss_sync=0.488657
2026-02-13 11:53:25,360 - experiment_ablation_no_chaotic_features - INFO - Epoch 78: Train Loss: 0.5426, Train Acc: 0.9844, Val Loss: 6.2360, Val Acc: 0.2022
2026-02-13 11:53:25,923 - experiment_ablation_no_chaotic_features - INFO - Train Epoch 79: [0/472 (0.0%)]	Loss: 0.598115
2026-02-13 11:53:30,142 - experiment_ablation_no_chaotic_features - INFO - [SYNC DEBUG] Epoch 79: sync_weight=0.1, desync_weight=0.1, loss_sync=0.491295
2026-02-13 11:53:30,731 - experiment_ablation_no_chaotic_features - INFO - Epoch 79: Train Loss: 0.5616, Train Acc: 0.9866, Val Loss: 2.9519, Val Acc: 0.4382
2026-02-13 11:53:31,288 - experiment_ablation_no_chaotic_features - INFO - Train Epoch 80: [0/472 (0.0%)]	Loss: 0.516118
2026-02-13 11:53:35,444 - experiment_ablation_no_chaotic_features - INFO - [SYNC DEBUG] Epoch 80: sync_weight=0.1, desync_weight=0.1, loss_sync=0.496118
2026-02-13 11:53:36,038 - experiment_ablation_no_chaotic_features - INFO - Epoch 80: Train Loss: 0.5924, Train Acc: 0.9754, Val Loss: 3.2972, Val Acc: 0.5169
2026-02-13 11:53:36,673 - experiment_ablation_no_chaotic_features - INFO - Train Epoch 81: [0/472 (0.0%)]	Loss: 0.505240
2026-02-13 11:53:40,839 - experiment_ablation_no_chaotic_features - INFO - [SYNC DEBUG] Epoch 81: sync_weight=0.1, desync_weight=0.1, loss_sync=0.487987
2026-02-13 11:53:41,429 - experiment_ablation_no_chaotic_features - INFO - Epoch 81: Train Loss: 0.5563, Train Acc: 0.9754, Val Loss: 6.7755, Val Acc: 0.1236
2026-02-13 11:53:41,992 - experiment_ablation_no_chaotic_features - INFO - Train Epoch 82: [0/472 (0.0%)]	Loss: 0.569314
2026-02-13 11:53:46,136 - experiment_ablation_no_chaotic_features - INFO - [SYNC DEBUG] Epoch 82: sync_weight=0.1, desync_weight=0.1, loss_sync=0.488555
2026-02-13 11:53:46,731 - experiment_ablation_no_chaotic_features - INFO - Epoch 82: Train Loss: 0.5427, Train Acc: 0.9777, Val Loss: 6.6018, Val Acc: 0.1461
2026-02-13 11:53:47,291 - experiment_ablation_no_chaotic_features - INFO - Train Epoch 83: [0/472 (0.0%)]	Loss: 0.584881
2026-02-13 11:53:51,481 - experiment_ablation_no_chaotic_features - INFO - [SYNC DEBUG] Epoch 83: sync_weight=0.1, desync_weight=0.1, loss_sync=0.491151
2026-02-13 11:53:52,066 - experiment_ablation_no_chaotic_features - INFO - Epoch 83: Train Loss: 0.5563, Train Acc: 0.9777, Val Loss: 6.3223, Val Acc: 0.1124
2026-02-13 11:53:52,632 - experiment_ablation_no_chaotic_features - INFO - Train Epoch 84: [0/472 (0.0%)]	Loss: 0.599157
2026-02-13 11:53:56,783 - experiment_ablation_no_chaotic_features - INFO - [SYNC DEBUG] Epoch 84: sync_weight=0.1, desync_weight=0.1, loss_sync=0.488888
2026-02-13 11:53:57,373 - experiment_ablation_no_chaotic_features - INFO - Epoch 84: Train Loss: 0.6000, Train Acc: 0.9688, Val Loss: 9.5874, Val Acc: 0.0787
2026-02-13 11:53:57,927 - experiment_ablation_no_chaotic_features - INFO - Train Epoch 85: [0/472 (0.0%)]	Loss: 0.538695
2026-02-13 11:54:00,904 - experiment_ablation_no_chaotic_features - DEBUG - [STABILITY] lyap=0.013, max_norm=12.5, min_std=1.737
2026-02-13 11:54:02,118 - experiment_ablation_no_chaotic_features - INFO - [SYNC DEBUG] Epoch 85: sync_weight=0.1, desync_weight=0.1, loss_sync=0.488325
2026-02-13 11:54:02,708 - experiment_ablation_no_chaotic_features - INFO - Epoch 85: Train Loss: 0.5743, Train Acc: 0.9732, Val Loss: 5.4410, Val Acc: 0.2022
2026-02-13 11:54:03,280 - experiment_ablation_no_chaotic_features - INFO - Train Epoch 86: [0/472 (0.0%)]	Loss: 0.821819
2026-02-13 11:54:07,433 - experiment_ablation_no_chaotic_features - INFO - [SYNC DEBUG] Epoch 86: sync_weight=0.1, desync_weight=0.1, loss_sync=0.490926
2026-02-13 11:54:08,021 - experiment_ablation_no_chaotic_features - INFO - Epoch 86: Train Loss: 0.5788, Train Acc: 0.9621, Val Loss: 9.5568, Val Acc: 0.0787
2026-02-13 11:54:08,581 - experiment_ablation_no_chaotic_features - INFO - Train Epoch 87: [0/472 (0.0%)]	Loss: 0.518614
2026-02-13 11:54:12,770 - experiment_ablation_no_chaotic_features - INFO - [SYNC DEBUG] Epoch 87: sync_weight=0.1, desync_weight=0.1, loss_sync=0.492759
2026-02-13 11:54:13,357 - experiment_ablation_no_chaotic_features - INFO - Epoch 87: Train Loss: 0.5383, Train Acc: 0.9911, Val Loss: 10.6621, Val Acc: 0.0899
2026-02-13 11:54:13,926 - experiment_ablation_no_chaotic_features - INFO - Train Epoch 88: [0/472 (0.0%)]	Loss: 0.504594
2026-02-13 11:54:18,174 - experiment_ablation_no_chaotic_features - INFO - [SYNC DEBUG] Epoch 88: sync_weight=0.1, desync_weight=0.1, loss_sync=0.491965
2026-02-13 11:54:18,763 - experiment_ablation_no_chaotic_features - INFO - Epoch 88: Train Loss: 0.5641, Train Acc: 0.9799, Val Loss: 4.8828, Val Acc: 0.3146
2026-02-13 11:54:19,332 - experiment_ablation_no_chaotic_features - INFO - Train Epoch 89: [0/472 (0.0%)]	Loss: 0.544051
2026-02-13 11:54:23,487 - experiment_ablation_no_chaotic_features - INFO - [SYNC DEBUG] Epoch 89: sync_weight=0.1, desync_weight=0.1, loss_sync=0.490669
2026-02-13 11:54:24,084 - experiment_ablation_no_chaotic_features - INFO - Epoch 89: Train Loss: 0.5448, Train Acc: 0.9799, Val Loss: 2.8395, Val Acc: 0.5843
2026-02-13 11:54:24,647 - experiment_ablation_no_chaotic_features - INFO - Train Epoch 90: [0/472 (0.0%)]	Loss: 0.573983
2026-02-13 11:54:28,877 - experiment_ablation_no_chaotic_features - INFO - [SYNC DEBUG] Epoch 90: sync_weight=0.1, desync_weight=0.1, loss_sync=0.489173
2026-02-13 11:54:29,478 - experiment_ablation_no_chaotic_features - INFO - Epoch 90: Train Loss: 0.5398, Train Acc: 0.9888, Val Loss: 4.6121, Val Acc: 0.2584
2026-02-13 11:54:30,121 - experiment_ablation_no_chaotic_features - INFO - Train Epoch 91: [0/472 (0.0%)]	Loss: 0.510740
2026-02-13 11:54:34,300 - experiment_ablation_no_chaotic_features - INFO - [SYNC DEBUG] Epoch 91: sync_weight=0.1, desync_weight=0.1, loss_sync=0.487854
2026-02-13 11:54:34,882 - experiment_ablation_no_chaotic_features - INFO - Epoch 91: Train Loss: 0.5363, Train Acc: 0.9821, Val Loss: 5.8861, Val Acc: 0.2360
2026-02-13 11:54:35,459 - experiment_ablation_no_chaotic_features - INFO - Train Epoch 92: [0/472 (0.0%)]	Loss: 0.500939
2026-02-13 11:54:39,039 - experiment_ablation_no_chaotic_features - DEBUG - [STABILITY] lyap=0.018, max_norm=15.1, min_std=2.129
2026-02-13 11:54:39,610 - experiment_ablation_no_chaotic_features - INFO - [SYNC DEBUG] Epoch 92: sync_weight=0.1, desync_weight=0.1, loss_sync=0.481361
2026-02-13 11:54:40,195 - experiment_ablation_no_chaotic_features - INFO - Epoch 92: Train Loss: 0.5135, Train Acc: 0.9933, Val Loss: 10.3907, Val Acc: 0.0449
2026-02-13 11:54:40,759 - experiment_ablation_no_chaotic_features - INFO - Train Epoch 93: [0/472 (0.0%)]	Loss: 0.496499
2026-02-13 11:54:44,917 - experiment_ablation_no_chaotic_features - INFO - [SYNC DEBUG] Epoch 93: sync_weight=0.1, desync_weight=0.1, loss_sync=0.478597
2026-02-13 11:54:45,507 - experiment_ablation_no_chaotic_features - INFO - Epoch 93: Train Loss: 0.5329, Train Acc: 0.9866, Val Loss: 8.4706, Val Acc: 0.0562
2026-02-13 11:54:46,075 - experiment_ablation_no_chaotic_features - INFO - Train Epoch 94: [0/472 (0.0%)]	Loss: 0.498515
2026-02-13 11:54:50,215 - experiment_ablation_no_chaotic_features - INFO - [SYNC DEBUG] Epoch 94: sync_weight=0.1, desync_weight=0.1, loss_sync=0.487382
2026-02-13 11:54:50,806 - experiment_ablation_no_chaotic_features - INFO - Epoch 94: Train Loss: 0.5677, Train Acc: 0.9799, Val Loss: 4.1939, Val Acc: 0.4045
2026-02-13 11:54:51,373 - experiment_ablation_no_chaotic_features - INFO - Train Epoch 95: [0/472 (0.0%)]	Loss: 0.578287
2026-02-13 11:54:55,530 - experiment_ablation_no_chaotic_features - INFO - [SYNC DEBUG] Epoch 95: sync_weight=0.1, desync_weight=0.1, loss_sync=0.488712
2026-02-13 11:54:56,116 - experiment_ablation_no_chaotic_features - INFO - Epoch 95: Train Loss: 0.5323, Train Acc: 0.9844, Val Loss: 9.6757, Val Acc: 0.0674
2026-02-13 11:54:56,674 - experiment_ablation_no_chaotic_features - INFO - Train Epoch 96: [0/472 (0.0%)]	Loss: 0.599228
2026-02-13 11:55:00,886 - experiment_ablation_no_chaotic_features - INFO - [SYNC DEBUG] Epoch 96: sync_weight=0.1, desync_weight=0.1, loss_sync=0.492283
2026-02-13 11:55:01,473 - experiment_ablation_no_chaotic_features - INFO - Epoch 96: Train Loss: 0.5745, Train Acc: 0.9732, Val Loss: 10.5743, Val Acc: 0.0787
2026-02-13 11:55:02,034 - experiment_ablation_no_chaotic_features - INFO - Train Epoch 97: [0/472 (0.0%)]	Loss: 0.796871
2026-02-13 11:55:06,241 - experiment_ablation_no_chaotic_features - INFO - [SYNC DEBUG] Epoch 97: sync_weight=0.1, desync_weight=0.1, loss_sync=0.498693
2026-02-13 11:55:06,825 - experiment_ablation_no_chaotic_features - INFO - Epoch 97: Train Loss: 0.5649, Train Acc: 0.9844, Val Loss: 11.1848, Val Acc: 0.0899
2026-02-13 11:55:07,387 - experiment_ablation_no_chaotic_features - INFO - Train Epoch 98: [0/472 (0.0%)]	Loss: 0.669223
2026-02-13 11:55:11,623 - experiment_ablation_no_chaotic_features - INFO - [SYNC DEBUG] Epoch 98: sync_weight=0.1, desync_weight=0.1, loss_sync=0.492710
2026-02-13 11:55:12,221 - experiment_ablation_no_chaotic_features - INFO - Epoch 98: Train Loss: 0.5869, Train Acc: 0.9732, Val Loss: 11.6215, Val Acc: 0.0449
2026-02-13 11:55:12,791 - experiment_ablation_no_chaotic_features - INFO - Train Epoch 99: [0/472 (0.0%)]	Loss: 0.541760
2026-02-13 11:55:16,944 - experiment_ablation_no_chaotic_features - INFO - [SYNC DEBUG] Epoch 99: sync_weight=0.1, desync_weight=0.1, loss_sync=0.490744
2026-02-13 11:55:17,529 - experiment_ablation_no_chaotic_features - INFO - Epoch 99: Train Loss: 0.5515, Train Acc: 0.9844, Val Loss: 11.7371, Val Acc: 0.0449
2026-02-13 11:55:17,532 - experiment_ablation_no_chaotic_features - INFO - Running final test evaluation...
2026-02-13 11:55:18,225 - experiment_ablation_no_chaotic_features - INFO - Test Results:
2026-02-13 11:55:18,226 - experiment_ablation_no_chaotic_features - INFO -   loss: 11.8454
2026-02-13 11:55:18,226 - experiment_ablation_no_chaotic_features - INFO -   accuracy: 0.0424
2026-02-13 11:55:18,228 - experiment_ablation_no_chaotic_features - INFO - Training completed
2026-02-13 12:22:44,791 - experiment_ablation_no_chaotic_features - INFO - Initialized experiment: ablation_no_chaotic_features
2026-02-13 12:22:44,791 - experiment_ablation_no_chaotic_features - INFO - Device: cuda
2026-02-13 12:22:44,791 - experiment_ablation_no_chaotic_features - INFO - Output directory: /scratch/project_2003370/yueyao/Model/experiments/configs/Ablation_study/no_chaotic_features/ablation_no_chaotic_features
2026-02-13 12:22:44,791 - experiment_ablation_no_chaotic_features - INFO - [SYNC LOSS] Enabled with mode: standard
2026-02-13 12:22:44,791 - experiment_ablation_no_chaotic_features - INFO - Initialized chaotic network experiment with lorenz system
2026-02-13 12:22:44,792 - experiment_ablation_no_chaotic_features - INFO - Setting up experiment components...
2026-02-13 12:22:44,792 - experiment_ablation_no_chaotic_features - INFO - Creating dataloaders...
2026-02-13 12:22:45,248 - experiment_ablation_no_chaotic_features - INFO - Detected 26 speakers in dataset
2026-02-13 12:22:45,248 - experiment_ablation_no_chaotic_features - INFO - Dataloaders created:
2026-02-13 12:22:45,248 - experiment_ablation_no_chaotic_features - INFO -   Train: 14 batches
2026-02-13 12:22:45,248 - experiment_ablation_no_chaotic_features - INFO -   Val: 3 batches
2026-02-13 12:22:45,248 - experiment_ablation_no_chaotic_features - INFO -   Test: 4 batches
2026-02-13 12:22:45,248 - experiment_ablation_no_chaotic_features - INFO - Creating model...
2026-02-13 12:22:45,248 - experiment_ablation_no_chaotic_features - INFO - Using actual num_speakers from dataset: 26
2026-02-13 12:23:50,556 - experiment_ablation_no_chaotic_features - INFO - Total parameters: 500,671
2026-02-13 12:23:50,556 - experiment_ablation_no_chaotic_features - INFO - Trainable parameters: 500,671
2026-02-13 12:23:50,556 - experiment_ablation_no_chaotic_features - INFO - Creating optimizer...
2026-02-13 12:23:50,556 - experiment_ablation_no_chaotic_features - INFO - Optimizer: AdamW
2026-02-13 12:23:50,556 - experiment_ablation_no_chaotic_features - INFO - Creating scheduler...
2026-02-13 12:23:50,557 - experiment_ablation_no_chaotic_features - INFO - Creating criterion...
2026-02-13 12:23:50,557 - experiment_ablation_no_chaotic_features - INFO - Criterion: CrossEntropyLoss
2026-02-13 12:23:50,638 - experiment_ablation_no_chaotic_features - INFO - Configuration saved to: /scratch/project_2003370/yueyao/Model/experiments/configs/Ablation_study/no_chaotic_features/ablation_no_chaotic_features/config.json
2026-02-13 12:23:50,638 - experiment_ablation_no_chaotic_features - INFO - Experiment setup completed
2026-02-13 12:23:50,638 - experiment_ablation_no_chaotic_features - INFO - Starting training for 100 epochs
2026-02-13 12:23:50,638 - experiment_ablation_no_chaotic_features - INFO - [SYNC LOSS] Warmup complete, synchronization loss activated!
2026-02-13 12:23:50,848 - experiment_ablation_no_chaotic_features - INFO - 
================================================================================
2026-02-13 12:23:50,849 - experiment_ablation_no_chaotic_features - INFO - COMPREHENSIVE DEBUG - FIRST BATCH
2026-02-13 12:23:50,849 - experiment_ablation_no_chaotic_features - INFO - ================================================================================
2026-02-13 12:23:50,849 - experiment_ablation_no_chaotic_features - INFO - Batch Info:
2026-02-13 12:23:50,849 - experiment_ablation_no_chaotic_features - INFO -   Audio shape: torch.Size([32, 48000])
2026-02-13 12:23:50,849 - experiment_ablation_no_chaotic_features - INFO -   Targets shape: torch.Size([32])
2026-02-13 12:23:50,850 - experiment_ablation_no_chaotic_features - INFO -   Targets (first 8): tensor([18, 24,  5, 21, 17, 17, 21,  7], device='cuda:0')
2026-02-13 12:23:50,990 - experiment_ablation_no_chaotic_features - INFO - ================================================================================

2026-02-13 12:23:51,127 - experiment_ablation_no_chaotic_features - INFO - [STABILITY] Initialized LyapunovStabilityLoss
2026-02-13 12:23:51,129 - experiment_ablation_no_chaotic_features - DEBUG - [STABILITY] lyap=0.066, max_norm=14.5, min_std=1.167
2026-02-13 12:23:51,325 - experiment_ablation_no_chaotic_features - INFO - Train Epoch 0: [0/472 (0.0%)]	Loss: 6.150975
2026-02-13 12:23:55,563 - experiment_ablation_no_chaotic_features - INFO - [SYNC DEBUG] Epoch 0: sync_weight=0.1, desync_weight=0.1, loss_sync=0.620214
2026-02-13 12:23:56,200 - experiment_ablation_no_chaotic_features - INFO - Epoch 0: Train Loss: 6.3189, Train Acc: 0.0513, Val Loss: 4.9980, Val Acc: 0.0449
2026-02-13 12:23:56,274 - experiment_ablation_no_chaotic_features - INFO - Saved new best model at epoch 0
2026-02-13 12:23:56,975 - experiment_ablation_no_chaotic_features - INFO - Train Epoch 1: [0/472 (0.0%)]	Loss: 6.711797
2026-02-13 12:24:01,199 - experiment_ablation_no_chaotic_features - INFO - [SYNC DEBUG] Epoch 1: sync_weight=0.1, desync_weight=0.1, loss_sync=0.539756
2026-02-13 12:24:01,791 - experiment_ablation_no_chaotic_features - INFO - Epoch 1: Train Loss: 5.4049, Train Acc: 0.0558, Val Loss: 5.0221, Val Acc: 0.0337
2026-02-13 12:24:02,361 - experiment_ablation_no_chaotic_features - INFO - Train Epoch 2: [0/472 (0.0%)]	Loss: 5.072772
2026-02-13 12:24:06,548 - experiment_ablation_no_chaotic_features - INFO - [SYNC DEBUG] Epoch 2: sync_weight=0.1, desync_weight=0.1, loss_sync=0.529287
2026-02-13 12:24:07,147 - experiment_ablation_no_chaotic_features - INFO - Epoch 2: Train Loss: 4.5629, Train Acc: 0.1473, Val Loss: 5.5040, Val Acc: 0.0337
2026-02-13 12:24:07,717 - experiment_ablation_no_chaotic_features - INFO - Train Epoch 3: [0/472 (0.0%)]	Loss: 4.783540
2026-02-13 12:24:11,939 - experiment_ablation_no_chaotic_features - INFO - [SYNC DEBUG] Epoch 3: sync_weight=0.1, desync_weight=0.1, loss_sync=0.531552
2026-02-13 12:24:12,553 - experiment_ablation_no_chaotic_features - INFO - Epoch 3: Train Loss: 4.1239, Train Acc: 0.1607, Val Loss: 7.8571, Val Acc: 0.0449
2026-02-13 12:24:13,152 - experiment_ablation_no_chaotic_features - INFO - Train Epoch 4: [0/472 (0.0%)]	Loss: 3.316877
2026-02-13 12:24:17,372 - experiment_ablation_no_chaotic_features - INFO - [SYNC DEBUG] Epoch 4: sync_weight=0.1, desync_weight=0.1, loss_sync=0.487729
2026-02-13 12:24:17,969 - experiment_ablation_no_chaotic_features - INFO - Epoch 4: Train Loss: 3.4143, Train Acc: 0.2455, Val Loss: 4.6033, Val Acc: 0.0562
2026-02-13 12:24:18,048 - experiment_ablation_no_chaotic_features - INFO - Saved new best model at epoch 4
2026-02-13 12:24:18,661 - experiment_ablation_no_chaotic_features - INFO - Train Epoch 5: [0/472 (0.0%)]	Loss: 2.111404
2026-02-13 12:24:22,887 - experiment_ablation_no_chaotic_features - INFO - [SYNC DEBUG] Epoch 5: sync_weight=0.1, desync_weight=0.1, loss_sync=0.499096
2026-02-13 12:24:23,492 - experiment_ablation_no_chaotic_features - INFO - Epoch 5: Train Loss: 2.6900, Train Acc: 0.3996, Val Loss: 5.8527, Val Acc: 0.0449
2026-02-13 12:24:24,070 - experiment_ablation_no_chaotic_features - INFO - Train Epoch 6: [0/472 (0.0%)]	Loss: 1.895575
2026-02-13 12:24:28,247 - experiment_ablation_no_chaotic_features - INFO - [SYNC DEBUG] Epoch 6: sync_weight=0.1, desync_weight=0.1, loss_sync=0.493805
2026-02-13 12:24:28,848 - experiment_ablation_no_chaotic_features - INFO - Epoch 6: Train Loss: 2.2275, Train Acc: 0.4688, Val Loss: 6.3321, Val Acc: 0.0449
2026-02-13 12:24:29,421 - experiment_ablation_no_chaotic_features - INFO - Train Epoch 7: [0/472 (0.0%)]	Loss: 2.052050
2026-02-13 12:24:29,859 - experiment_ablation_no_chaotic_features - DEBUG - [STABILITY] lyap=0.024, max_norm=21.2, min_std=3.239
2026-02-13 12:24:33,592 - experiment_ablation_no_chaotic_features - INFO - [SYNC DEBUG] Epoch 7: sync_weight=0.1, desync_weight=0.1, loss_sync=0.497101
2026-02-13 12:24:34,196 - experiment_ablation_no_chaotic_features - INFO - Epoch 7: Train Loss: 2.0839, Train Acc: 0.5156, Val Loss: 5.4841, Val Acc: 0.0787
2026-02-13 12:24:34,270 - experiment_ablation_no_chaotic_features - INFO - Saved new best model at epoch 7
2026-02-13 12:24:34,878 - experiment_ablation_no_chaotic_features - INFO - Train Epoch 8: [0/472 (0.0%)]	Loss: 1.719224
2026-02-13 12:24:39,046 - experiment_ablation_no_chaotic_features - INFO - [SYNC DEBUG] Epoch 8: sync_weight=0.1, desync_weight=0.1, loss_sync=0.497076
2026-02-13 12:24:39,647 - experiment_ablation_no_chaotic_features - INFO - Epoch 8: Train Loss: 1.7558, Train Acc: 0.5603, Val Loss: 6.8757, Val Acc: 0.0449
2026-02-13 12:24:40,219 - experiment_ablation_no_chaotic_features - INFO - Train Epoch 9: [0/472 (0.0%)]	Loss: 1.624202
2026-02-13 12:24:44,388 - experiment_ablation_no_chaotic_features - INFO - [SYNC DEBUG] Epoch 9: sync_weight=0.1, desync_weight=0.1, loss_sync=0.498872
2026-02-13 12:24:44,996 - experiment_ablation_no_chaotic_features - INFO - Epoch 9: Train Loss: 1.5639, Train Acc: 0.6562, Val Loss: 4.6424, Val Acc: 0.1573
2026-02-13 12:24:45,073 - experiment_ablation_no_chaotic_features - INFO - Saved new best model at epoch 9
2026-02-13 12:24:45,696 - experiment_ablation_no_chaotic_features - INFO - Train Epoch 10: [0/472 (0.0%)]	Loss: 1.513007
2026-02-13 12:24:49,925 - experiment_ablation_no_chaotic_features - INFO - [SYNC DEBUG] Epoch 10: sync_weight=0.1, desync_weight=0.1, loss_sync=0.497507
2026-02-13 12:24:50,538 - experiment_ablation_no_chaotic_features - INFO - Epoch 10: Train Loss: 1.4234, Train Acc: 0.7232, Val Loss: 4.4493, Val Acc: 0.1573
2026-02-13 12:24:51,182 - experiment_ablation_no_chaotic_features - INFO - Train Epoch 11: [0/472 (0.0%)]	Loss: 1.414554
2026-02-13 12:24:55,408 - experiment_ablation_no_chaotic_features - INFO - [SYNC DEBUG] Epoch 11: sync_weight=0.1, desync_weight=0.1, loss_sync=0.498068
2026-02-13 12:24:56,023 - experiment_ablation_no_chaotic_features - INFO - Epoch 11: Train Loss: 1.3065, Train Acc: 0.7121, Val Loss: 3.2348, Val Acc: 0.2472
2026-02-13 12:24:56,102 - experiment_ablation_no_chaotic_features - INFO - Saved new best model at epoch 11
2026-02-13 12:24:56,731 - experiment_ablation_no_chaotic_features - INFO - Train Epoch 12: [0/472 (0.0%)]	Loss: 1.118893
2026-02-13 12:25:00,969 - experiment_ablation_no_chaotic_features - INFO - [SYNC DEBUG] Epoch 12: sync_weight=0.1, desync_weight=0.1, loss_sync=0.497427
2026-02-13 12:25:01,583 - experiment_ablation_no_chaotic_features - INFO - Epoch 12: Train Loss: 1.1466, Train Acc: 0.7969, Val Loss: 3.9417, Val Acc: 0.1461
2026-02-13 12:25:02,169 - experiment_ablation_no_chaotic_features - INFO - Train Epoch 13: [0/472 (0.0%)]	Loss: 1.029034
2026-02-13 12:25:06,361 - experiment_ablation_no_chaotic_features - INFO - [SYNC DEBUG] Epoch 13: sync_weight=0.1, desync_weight=0.1, loss_sync=0.498285
2026-02-13 12:25:06,980 - experiment_ablation_no_chaotic_features - INFO - Epoch 13: Train Loss: 1.0633, Train Acc: 0.8147, Val Loss: 7.4442, Val Acc: 0.0449
2026-02-13 12:25:07,584 - experiment_ablation_no_chaotic_features - INFO - Train Epoch 14: [0/472 (0.0%)]	Loss: 1.059585
2026-02-13 12:25:08,688 - experiment_ablation_no_chaotic_features - DEBUG - [STABILITY] lyap=0.021, max_norm=19.2, min_std=2.978
2026-02-13 12:25:11,833 - experiment_ablation_no_chaotic_features - INFO - [SYNC DEBUG] Epoch 14: sync_weight=0.1, desync_weight=0.1, loss_sync=0.497650
2026-02-13 12:25:12,448 - experiment_ablation_no_chaotic_features - INFO - Epoch 14: Train Loss: 0.9755, Train Acc: 0.8348, Val Loss: 5.7753, Val Acc: 0.1236
2026-02-13 12:25:13,034 - experiment_ablation_no_chaotic_features - INFO - Train Epoch 15: [0/472 (0.0%)]	Loss: 0.978069
2026-02-13 12:25:17,228 - experiment_ablation_no_chaotic_features - INFO - [SYNC DEBUG] Epoch 15: sync_weight=0.1, desync_weight=0.1, loss_sync=0.497243
2026-02-13 12:25:17,846 - experiment_ablation_no_chaotic_features - INFO - Epoch 15: Train Loss: 1.0041, Train Acc: 0.8504, Val Loss: 4.9092, Val Acc: 0.1573
2026-02-13 12:25:18,425 - experiment_ablation_no_chaotic_features - INFO - Train Epoch 16: [0/472 (0.0%)]	Loss: 0.969552
2026-02-13 12:25:22,655 - experiment_ablation_no_chaotic_features - INFO - [SYNC DEBUG] Epoch 16: sync_weight=0.1, desync_weight=0.1, loss_sync=0.496706
2026-02-13 12:25:23,277 - experiment_ablation_no_chaotic_features - INFO - Epoch 16: Train Loss: 0.9253, Train Acc: 0.8616, Val Loss: 3.0336, Val Acc: 0.3820
2026-02-13 12:25:23,357 - experiment_ablation_no_chaotic_features - INFO - Saved new best model at epoch 16
2026-02-13 12:25:23,979 - experiment_ablation_no_chaotic_features - INFO - Train Epoch 17: [0/472 (0.0%)]	Loss: 1.024923
2026-02-13 12:25:28,213 - experiment_ablation_no_chaotic_features - INFO - [SYNC DEBUG] Epoch 17: sync_weight=0.1, desync_weight=0.1, loss_sync=0.497590
2026-02-13 12:25:28,829 - experiment_ablation_no_chaotic_features - INFO - Epoch 17: Train Loss: 0.9199, Train Acc: 0.8594, Val Loss: 7.4780, Val Acc: 0.0562
2026-02-13 12:25:29,405 - experiment_ablation_no_chaotic_features - INFO - Train Epoch 18: [0/472 (0.0%)]	Loss: 0.978557
2026-02-13 12:25:33,576 - experiment_ablation_no_chaotic_features - INFO - [SYNC DEBUG] Epoch 18: sync_weight=0.1, desync_weight=0.1, loss_sync=0.498648
2026-02-13 12:25:34,180 - experiment_ablation_no_chaotic_features - INFO - Epoch 18: Train Loss: 0.9195, Train Acc: 0.8594, Val Loss: 3.1102, Val Acc: 0.3596
2026-02-13 12:25:34,769 - experiment_ablation_no_chaotic_features - INFO - Train Epoch 19: [0/472 (0.0%)]	Loss: 0.979218
2026-02-13 12:25:38,949 - experiment_ablation_no_chaotic_features - INFO - [SYNC DEBUG] Epoch 19: sync_weight=0.1, desync_weight=0.1, loss_sync=0.497191
2026-02-13 12:25:39,552 - experiment_ablation_no_chaotic_features - INFO - Epoch 19: Train Loss: 0.8715, Train Acc: 0.8795, Val Loss: 7.8429, Val Acc: 0.0449
2026-02-13 12:25:40,121 - experiment_ablation_no_chaotic_features - INFO - Train Epoch 20: [0/472 (0.0%)]	Loss: 1.060294
2026-02-13 12:25:44,346 - experiment_ablation_no_chaotic_features - INFO - [SYNC DEBUG] Epoch 20: sync_weight=0.1, desync_weight=0.1, loss_sync=0.497488
2026-02-13 12:25:44,936 - experiment_ablation_no_chaotic_features - INFO - Epoch 20: Train Loss: 0.8889, Train Acc: 0.8728, Val Loss: 5.4069, Val Acc: 0.1011
2026-02-13 12:25:45,570 - experiment_ablation_no_chaotic_features - INFO - Train Epoch 21: [0/472 (0.0%)]	Loss: 0.678862
2026-02-13 12:25:47,468 - experiment_ablation_no_chaotic_features - DEBUG - [STABILITY] lyap=0.021, max_norm=20.9, min_std=3.342
2026-02-13 12:25:49,943 - experiment_ablation_no_chaotic_features - INFO - [SYNC DEBUG] Epoch 21: sync_weight=0.1, desync_weight=0.1, loss_sync=0.498888
2026-02-13 12:25:50,534 - experiment_ablation_no_chaotic_features - INFO - Epoch 21: Train Loss: 0.8223, Train Acc: 0.9107, Val Loss: 2.2413, Val Acc: 0.4382
2026-02-13 12:25:50,616 - experiment_ablation_no_chaotic_features - INFO - Saved new best model at epoch 21
2026-02-13 12:25:51,217 - experiment_ablation_no_chaotic_features - INFO - Train Epoch 22: [0/472 (0.0%)]	Loss: 0.767176
2026-02-13 12:25:55,447 - experiment_ablation_no_chaotic_features - INFO - [SYNC DEBUG] Epoch 22: sync_weight=0.1, desync_weight=0.1, loss_sync=0.499840
2026-02-13 12:25:56,041 - experiment_ablation_no_chaotic_features - INFO - Epoch 22: Train Loss: 0.7977, Train Acc: 0.9085, Val Loss: 4.8706, Val Acc: 0.1461
2026-02-13 12:25:56,622 - experiment_ablation_no_chaotic_features - INFO - Train Epoch 23: [0/472 (0.0%)]	Loss: 0.615067
2026-02-13 12:26:00,847 - experiment_ablation_no_chaotic_features - INFO - [SYNC DEBUG] Epoch 23: sync_weight=0.1, desync_weight=0.1, loss_sync=0.497753
2026-02-13 12:26:01,438 - experiment_ablation_no_chaotic_features - INFO - Epoch 23: Train Loss: 0.7381, Train Acc: 0.9308, Val Loss: 4.0824, Val Acc: 0.2022
2026-02-13 12:26:02,010 - experiment_ablation_no_chaotic_features - INFO - Train Epoch 24: [0/472 (0.0%)]	Loss: 0.740720
2026-02-13 12:26:06,177 - experiment_ablation_no_chaotic_features - INFO - [SYNC DEBUG] Epoch 24: sync_weight=0.1, desync_weight=0.1, loss_sync=0.496345
2026-02-13 12:26:06,767 - experiment_ablation_no_chaotic_features - INFO - Epoch 24: Train Loss: 0.8006, Train Acc: 0.9040, Val Loss: 8.7386, Val Acc: 0.0449
2026-02-13 12:26:07,326 - experiment_ablation_no_chaotic_features - INFO - Train Epoch 25: [0/472 (0.0%)]	Loss: 0.700577
2026-02-13 12:26:11,545 - experiment_ablation_no_chaotic_features - INFO - [SYNC DEBUG] Epoch 25: sync_weight=0.1, desync_weight=0.1, loss_sync=0.498277
2026-02-13 12:26:12,147 - experiment_ablation_no_chaotic_features - INFO - Epoch 25: Train Loss: 0.7364, Train Acc: 0.9196, Val Loss: 8.7224, Val Acc: 0.0449
2026-02-13 12:26:12,707 - experiment_ablation_no_chaotic_features - INFO - Train Epoch 26: [0/472 (0.0%)]	Loss: 0.742125
2026-02-13 12:26:16,869 - experiment_ablation_no_chaotic_features - INFO - [SYNC DEBUG] Epoch 26: sync_weight=0.1, desync_weight=0.1, loss_sync=0.495972
2026-02-13 12:26:17,452 - experiment_ablation_no_chaotic_features - INFO - Epoch 26: Train Loss: 0.7319, Train Acc: 0.9263, Val Loss: 7.8777, Val Acc: 0.0562
2026-02-13 12:26:18,010 - experiment_ablation_no_chaotic_features - INFO - Train Epoch 27: [0/472 (0.0%)]	Loss: 0.913137
2026-02-13 12:26:22,232 - experiment_ablation_no_chaotic_features - INFO - [SYNC DEBUG] Epoch 27: sync_weight=0.1, desync_weight=0.1, loss_sync=0.498738
2026-02-13 12:26:22,807 - experiment_ablation_no_chaotic_features - INFO - Epoch 27: Train Loss: 0.7194, Train Acc: 0.9241, Val Loss: 9.4778, Val Acc: 0.0449
2026-02-13 12:26:23,370 - experiment_ablation_no_chaotic_features - INFO - Train Epoch 28: [0/472 (0.0%)]	Loss: 0.659090
2026-02-13 12:26:25,755 - experiment_ablation_no_chaotic_features - DEBUG - [STABILITY] lyap=0.017, max_norm=15.8, min_std=2.307
2026-02-13 12:26:27,617 - experiment_ablation_no_chaotic_features - INFO - [SYNC DEBUG] Epoch 28: sync_weight=0.1, desync_weight=0.1, loss_sync=0.497453
2026-02-13 12:26:28,197 - experiment_ablation_no_chaotic_features - INFO - Epoch 28: Train Loss: 0.6911, Train Acc: 0.9442, Val Loss: 5.1856, Val Acc: 0.1798
2026-02-13 12:26:28,755 - experiment_ablation_no_chaotic_features - INFO - Train Epoch 29: [0/472 (0.0%)]	Loss: 0.719521
2026-02-13 12:26:32,966 - experiment_ablation_no_chaotic_features - INFO - [SYNC DEBUG] Epoch 29: sync_weight=0.1, desync_weight=0.1, loss_sync=0.497306
2026-02-13 12:26:33,555 - experiment_ablation_no_chaotic_features - INFO - Epoch 29: Train Loss: 0.6828, Train Acc: 0.9375, Val Loss: 9.4629, Val Acc: 0.0449
2026-02-13 12:26:34,116 - experiment_ablation_no_chaotic_features - INFO - Train Epoch 30: [0/472 (0.0%)]	Loss: 0.606451
2026-02-13 12:26:38,339 - experiment_ablation_no_chaotic_features - INFO - [SYNC DEBUG] Epoch 30: sync_weight=0.1, desync_weight=0.1, loss_sync=0.497055
2026-02-13 12:26:38,932 - experiment_ablation_no_chaotic_features - INFO - Epoch 30: Train Loss: 0.6887, Train Acc: 0.9330, Val Loss: 3.9880, Val Acc: 0.2584
2026-02-13 12:26:39,567 - experiment_ablation_no_chaotic_features - INFO - Train Epoch 31: [0/472 (0.0%)]	Loss: 0.565493
2026-02-13 12:26:43,791 - experiment_ablation_no_chaotic_features - INFO - [SYNC DEBUG] Epoch 31: sync_weight=0.1, desync_weight=0.1, loss_sync=0.497940
2026-02-13 12:26:44,373 - experiment_ablation_no_chaotic_features - INFO - Epoch 31: Train Loss: 0.7088, Train Acc: 0.9420, Val Loss: 4.4583, Val Acc: 0.1910
2026-02-13 12:26:44,932 - experiment_ablation_no_chaotic_features - INFO - Train Epoch 32: [0/472 (0.0%)]	Loss: 0.653386
2026-02-13 12:26:49,157 - experiment_ablation_no_chaotic_features - INFO - [SYNC DEBUG] Epoch 32: sync_weight=0.1, desync_weight=0.1, loss_sync=0.497211
2026-02-13 12:26:49,750 - experiment_ablation_no_chaotic_features - INFO - Epoch 32: Train Loss: 0.6675, Train Acc: 0.9509, Val Loss: 10.5511, Val Acc: 0.0449
2026-02-13 12:26:50,306 - experiment_ablation_no_chaotic_features - INFO - Train Epoch 33: [0/472 (0.0%)]	Loss: 0.539588
2026-02-13 12:26:54,548 - experiment_ablation_no_chaotic_features - INFO - [SYNC DEBUG] Epoch 33: sync_weight=0.1, desync_weight=0.1, loss_sync=0.497256
2026-02-13 12:26:55,139 - experiment_ablation_no_chaotic_features - INFO - Epoch 33: Train Loss: 0.7187, Train Acc: 0.9397, Val Loss: 8.6241, Val Acc: 0.0449
2026-02-13 12:26:55,691 - experiment_ablation_no_chaotic_features - INFO - Train Epoch 34: [0/472 (0.0%)]	Loss: 0.641332
2026-02-13 12:26:59,848 - experiment_ablation_no_chaotic_features - INFO - [SYNC DEBUG] Epoch 34: sync_weight=0.1, desync_weight=0.1, loss_sync=0.496078
2026-02-13 12:27:00,428 - experiment_ablation_no_chaotic_features - INFO - Epoch 34: Train Loss: 0.6200, Train Acc: 0.9621, Val Loss: 1.9339, Val Acc: 0.5393
2026-02-13 12:27:00,508 - experiment_ablation_no_chaotic_features - INFO - Saved new best model at epoch 34
2026-02-13 12:27:01,108 - experiment_ablation_no_chaotic_features - INFO - Train Epoch 35: [0/472 (0.0%)]	Loss: 0.615404
2026-02-13 12:27:04,062 - experiment_ablation_no_chaotic_features - DEBUG - [STABILITY] lyap=0.019, max_norm=18.4, min_std=2.781
2026-02-13 12:27:05,260 - experiment_ablation_no_chaotic_features - INFO - [SYNC DEBUG] Epoch 35: sync_weight=0.1, desync_weight=0.1, loss_sync=0.497749
2026-02-13 12:27:05,832 - experiment_ablation_no_chaotic_features - INFO - Epoch 35: Train Loss: 0.6881, Train Acc: 0.9464, Val Loss: 8.0474, Val Acc: 0.0787
2026-02-13 12:27:06,378 - experiment_ablation_no_chaotic_features - INFO - Train Epoch 36: [0/472 (0.0%)]	Loss: 0.602206
2026-02-13 12:27:10,595 - experiment_ablation_no_chaotic_features - INFO - [SYNC DEBUG] Epoch 36: sync_weight=0.1, desync_weight=0.1, loss_sync=0.495252
2026-02-13 12:27:11,165 - experiment_ablation_no_chaotic_features - INFO - Epoch 36: Train Loss: 0.6242, Train Acc: 0.9576, Val Loss: 5.1768, Val Acc: 0.1461
2026-02-13 12:27:11,722 - experiment_ablation_no_chaotic_features - INFO - Train Epoch 37: [0/472 (0.0%)]	Loss: 0.648240
2026-02-13 12:27:15,950 - experiment_ablation_no_chaotic_features - INFO - [SYNC DEBUG] Epoch 37: sync_weight=0.1, desync_weight=0.1, loss_sync=0.496451
2026-02-13 12:27:16,528 - experiment_ablation_no_chaotic_features - INFO - Epoch 37: Train Loss: 0.6406, Train Acc: 0.9554, Val Loss: 4.9493, Val Acc: 0.1573
2026-02-13 12:27:17,082 - experiment_ablation_no_chaotic_features - INFO - Train Epoch 38: [0/472 (0.0%)]	Loss: 0.549883
2026-02-13 12:27:21,237 - experiment_ablation_no_chaotic_features - INFO - [SYNC DEBUG] Epoch 38: sync_weight=0.1, desync_weight=0.1, loss_sync=0.496879
2026-02-13 12:27:21,815 - experiment_ablation_no_chaotic_features - INFO - Epoch 38: Train Loss: 0.6510, Train Acc: 0.9487, Val Loss: 5.4843, Val Acc: 0.1573
2026-02-13 12:27:22,361 - experiment_ablation_no_chaotic_features - INFO - Train Epoch 39: [0/472 (0.0%)]	Loss: 0.562728
2026-02-13 12:27:26,528 - experiment_ablation_no_chaotic_features - INFO - [SYNC DEBUG] Epoch 39: sync_weight=0.1, desync_weight=0.1, loss_sync=0.498046
2026-02-13 12:27:27,106 - experiment_ablation_no_chaotic_features - INFO - Epoch 39: Train Loss: 0.6306, Train Acc: 0.9643, Val Loss: 6.6699, Val Acc: 0.1461
2026-02-13 12:27:27,644 - experiment_ablation_no_chaotic_features - INFO - Train Epoch 40: [0/472 (0.0%)]	Loss: 0.649150
2026-02-13 12:27:31,861 - experiment_ablation_no_chaotic_features - INFO - [SYNC DEBUG] Epoch 40: sync_weight=0.1, desync_weight=0.1, loss_sync=0.495940
2026-02-13 12:27:32,498 - experiment_ablation_no_chaotic_features - INFO - Epoch 40: Train Loss: 0.7137, Train Acc: 0.9286, Val Loss: 9.2825, Val Acc: 0.0449
2026-02-13 12:27:33,130 - experiment_ablation_no_chaotic_features - INFO - Train Epoch 41: [0/472 (0.0%)]	Loss: 0.543524
2026-02-13 12:27:37,301 - experiment_ablation_no_chaotic_features - INFO - [SYNC DEBUG] Epoch 41: sync_weight=0.1, desync_weight=0.1, loss_sync=0.500186
2026-02-13 12:27:37,881 - experiment_ablation_no_chaotic_features - INFO - Epoch 41: Train Loss: 0.6411, Train Acc: 0.9576, Val Loss: 8.0255, Val Acc: 0.0449
2026-02-13 12:27:38,441 - experiment_ablation_no_chaotic_features - INFO - Train Epoch 42: [0/472 (0.0%)]	Loss: 0.624956
2026-02-13 12:27:42,083 - experiment_ablation_no_chaotic_features - DEBUG - [STABILITY] lyap=0.021, max_norm=20.7, min_std=3.310
2026-02-13 12:27:42,660 - experiment_ablation_no_chaotic_features - INFO - [SYNC DEBUG] Epoch 42: sync_weight=0.1, desync_weight=0.1, loss_sync=0.495711
2026-02-13 12:27:43,237 - experiment_ablation_no_chaotic_features - INFO - Epoch 42: Train Loss: 0.6071, Train Acc: 0.9688, Val Loss: 4.2474, Val Acc: 0.2921
2026-02-13 12:27:43,796 - experiment_ablation_no_chaotic_features - INFO - Train Epoch 43: [0/472 (0.0%)]	Loss: 0.566724
2026-02-13 12:27:48,022 - experiment_ablation_no_chaotic_features - INFO - [SYNC DEBUG] Epoch 43: sync_weight=0.1, desync_weight=0.1, loss_sync=0.499263
2026-02-13 12:27:48,610 - experiment_ablation_no_chaotic_features - INFO - Epoch 43: Train Loss: 0.6407, Train Acc: 0.9576, Val Loss: 2.9352, Val Acc: 0.3820
2026-02-13 12:27:49,149 - experiment_ablation_no_chaotic_features - INFO - Train Epoch 44: [0/472 (0.0%)]	Loss: 0.574902
2026-02-13 12:27:53,328 - experiment_ablation_no_chaotic_features - INFO - [SYNC DEBUG] Epoch 44: sync_weight=0.1, desync_weight=0.1, loss_sync=0.498782
2026-02-13 12:27:53,892 - experiment_ablation_no_chaotic_features - INFO - Epoch 44: Train Loss: 0.6222, Train Acc: 0.9688, Val Loss: 2.7975, Val Acc: 0.4494
2026-02-13 12:27:54,431 - experiment_ablation_no_chaotic_features - INFO - Train Epoch 45: [0/472 (0.0%)]	Loss: 0.535343
2026-02-13 12:27:58,580 - experiment_ablation_no_chaotic_features - INFO - [SYNC DEBUG] Epoch 45: sync_weight=0.1, desync_weight=0.1, loss_sync=0.497712
2026-02-13 12:27:59,158 - experiment_ablation_no_chaotic_features - INFO - Epoch 45: Train Loss: 0.6086, Train Acc: 0.9621, Val Loss: 5.6798, Val Acc: 0.1236
2026-02-13 12:27:59,704 - experiment_ablation_no_chaotic_features - INFO - Train Epoch 46: [0/472 (0.0%)]	Loss: 0.565554
2026-02-13 12:28:03,931 - experiment_ablation_no_chaotic_features - INFO - [SYNC DEBUG] Epoch 46: sync_weight=0.1, desync_weight=0.1, loss_sync=0.495218
2026-02-13 12:28:04,502 - experiment_ablation_no_chaotic_features - INFO - Epoch 46: Train Loss: 0.6137, Train Acc: 0.9598, Val Loss: 5.0604, Val Acc: 0.2472
2026-02-13 12:28:05,057 - experiment_ablation_no_chaotic_features - INFO - Train Epoch 47: [0/472 (0.0%)]	Loss: 0.729943
2026-02-13 12:28:09,292 - experiment_ablation_no_chaotic_features - INFO - [SYNC DEBUG] Epoch 47: sync_weight=0.1, desync_weight=0.1, loss_sync=0.498088
2026-02-13 12:28:09,884 - experiment_ablation_no_chaotic_features - INFO - Epoch 47: Train Loss: 0.6133, Train Acc: 0.9665, Val Loss: 3.2985, Val Acc: 0.4831
2026-02-13 12:28:10,424 - experiment_ablation_no_chaotic_features - INFO - Train Epoch 48: [0/472 (0.0%)]	Loss: 0.619080
2026-02-13 12:28:14,594 - experiment_ablation_no_chaotic_features - INFO - [SYNC DEBUG] Epoch 48: sync_weight=0.1, desync_weight=0.1, loss_sync=0.498577
2026-02-13 12:28:15,165 - experiment_ablation_no_chaotic_features - INFO - Epoch 48: Train Loss: 0.6372, Train Acc: 0.9576, Val Loss: 5.4945, Val Acc: 0.2584
2026-02-13 12:28:15,721 - experiment_ablation_no_chaotic_features - INFO - Train Epoch 49: [0/472 (0.0%)]	Loss: 0.721661
2026-02-13 12:28:19,934 - experiment_ablation_no_chaotic_features - INFO - [SYNC DEBUG] Epoch 49: sync_weight=0.1, desync_weight=0.1, loss_sync=0.497062
2026-02-13 12:28:20,502 - experiment_ablation_no_chaotic_features - INFO - Epoch 49: Train Loss: 0.6184, Train Acc: 0.9598, Val Loss: 2.6599, Val Acc: 0.4157
2026-02-13 12:28:20,849 - experiment_ablation_no_chaotic_features - DEBUG - [STABILITY] lyap=0.020, max_norm=19.7, min_std=3.145
2026-02-13 12:28:21,046 - experiment_ablation_no_chaotic_features - INFO - Train Epoch 50: [0/472 (0.0%)]	Loss: 0.651374
2026-02-13 12:28:25,254 - experiment_ablation_no_chaotic_features - INFO - [SYNC DEBUG] Epoch 50: sync_weight=0.1, desync_weight=0.1, loss_sync=0.498626
2026-02-13 12:28:25,829 - experiment_ablation_no_chaotic_features - INFO - Epoch 50: Train Loss: 0.6079, Train Acc: 0.9688, Val Loss: 4.5245, Val Acc: 0.1685
2026-02-13 12:28:26,460 - experiment_ablation_no_chaotic_features - INFO - Train Epoch 51: [0/472 (0.0%)]	Loss: 0.554146
2026-02-13 12:28:30,623 - experiment_ablation_no_chaotic_features - INFO - [SYNC DEBUG] Epoch 51: sync_weight=0.1, desync_weight=0.1, loss_sync=0.497827
2026-02-13 12:28:31,201 - experiment_ablation_no_chaotic_features - INFO - Epoch 51: Train Loss: 0.5832, Train Acc: 0.9754, Val Loss: 5.9273, Val Acc: 0.1573
2026-02-13 12:28:31,751 - experiment_ablation_no_chaotic_features - INFO - Train Epoch 52: [0/472 (0.0%)]	Loss: 0.527483
2026-02-13 12:28:35,985 - experiment_ablation_no_chaotic_features - INFO - [SYNC DEBUG] Epoch 52: sync_weight=0.1, desync_weight=0.1, loss_sync=0.495331
2026-02-13 12:28:36,565 - experiment_ablation_no_chaotic_features - INFO - Epoch 52: Train Loss: 0.6001, Train Acc: 0.9576, Val Loss: 7.2963, Val Acc: 0.0899
2026-02-13 12:28:37,110 - experiment_ablation_no_chaotic_features - INFO - Train Epoch 53: [0/472 (0.0%)]	Loss: 0.523027
2026-02-13 12:28:41,263 - experiment_ablation_no_chaotic_features - INFO - [SYNC DEBUG] Epoch 53: sync_weight=0.1, desync_weight=0.1, loss_sync=0.496085
2026-02-13 12:28:41,835 - experiment_ablation_no_chaotic_features - INFO - Epoch 53: Train Loss: 0.5681, Train Acc: 0.9844, Val Loss: 6.1707, Val Acc: 0.1573
2026-02-13 12:28:42,378 - experiment_ablation_no_chaotic_features - INFO - Train Epoch 54: [0/472 (0.0%)]	Loss: 0.520746
2026-02-13 12:28:46,736 - experiment_ablation_no_chaotic_features - INFO - [SYNC DEBUG] Epoch 54: sync_weight=0.1, desync_weight=0.1, loss_sync=0.497715
2026-02-13 12:28:47,305 - experiment_ablation_no_chaotic_features - INFO - Epoch 54: Train Loss: 0.5801, Train Acc: 0.9799, Val Loss: 9.4052, Val Acc: 0.0449
2026-02-13 12:28:47,850 - experiment_ablation_no_chaotic_features - INFO - Train Epoch 55: [0/472 (0.0%)]	Loss: 0.527935
2026-02-13 12:28:51,996 - experiment_ablation_no_chaotic_features - INFO - [SYNC DEBUG] Epoch 55: sync_weight=0.1, desync_weight=0.1, loss_sync=0.496350
2026-02-13 12:28:52,566 - experiment_ablation_no_chaotic_features - INFO - Epoch 55: Train Loss: 0.5644, Train Acc: 0.9821, Val Loss: 4.3066, Val Acc: 0.2921
2026-02-13 12:28:53,103 - experiment_ablation_no_chaotic_features - INFO - Train Epoch 56: [0/472 (0.0%)]	Loss: 0.547374
2026-02-13 12:28:57,258 - experiment_ablation_no_chaotic_features - INFO - [SYNC DEBUG] Epoch 56: sync_weight=0.1, desync_weight=0.1, loss_sync=0.494706
2026-02-13 12:28:57,829 - experiment_ablation_no_chaotic_features - INFO - Epoch 56: Train Loss: 0.5694, Train Acc: 0.9799, Val Loss: 7.8157, Val Acc: 0.0562
2026-02-13 12:28:58,375 - experiment_ablation_no_chaotic_features - INFO - Train Epoch 57: [0/472 (0.0%)]	Loss: 0.615690
2026-02-13 12:28:58,819 - experiment_ablation_no_chaotic_features - DEBUG - [STABILITY] lyap=0.019, max_norm=17.5, min_std=2.590
2026-02-13 12:29:02,600 - experiment_ablation_no_chaotic_features - INFO - [SYNC DEBUG] Epoch 57: sync_weight=0.1, desync_weight=0.1, loss_sync=0.497258
2026-02-13 12:29:03,183 - experiment_ablation_no_chaotic_features - INFO - Epoch 57: Train Loss: 0.5887, Train Acc: 0.9688, Val Loss: 6.8536, Val Acc: 0.1236
2026-02-13 12:29:03,732 - experiment_ablation_no_chaotic_features - INFO - Train Epoch 58: [0/472 (0.0%)]	Loss: 0.522092
2026-02-13 12:29:07,898 - experiment_ablation_no_chaotic_features - INFO - [SYNC DEBUG] Epoch 58: sync_weight=0.1, desync_weight=0.1, loss_sync=0.496515
2026-02-13 12:29:08,473 - experiment_ablation_no_chaotic_features - INFO - Epoch 58: Train Loss: 0.5724, Train Acc: 0.9821, Val Loss: 1.9863, Val Acc: 0.5281
2026-02-13 12:29:09,023 - experiment_ablation_no_chaotic_features - INFO - Train Epoch 59: [0/472 (0.0%)]	Loss: 0.596122
2026-02-13 12:29:13,239 - experiment_ablation_no_chaotic_features - INFO - [SYNC DEBUG] Epoch 59: sync_weight=0.1, desync_weight=0.1, loss_sync=0.497277
2026-02-13 12:29:13,807 - experiment_ablation_no_chaotic_features - INFO - Epoch 59: Train Loss: 0.6090, Train Acc: 0.9598, Val Loss: 2.9975, Val Acc: 0.4831
2026-02-13 12:29:14,354 - experiment_ablation_no_chaotic_features - INFO - Train Epoch 60: [0/472 (0.0%)]	Loss: 0.522412
2026-02-13 12:29:18,594 - experiment_ablation_no_chaotic_features - INFO - [SYNC DEBUG] Epoch 60: sync_weight=0.1, desync_weight=0.1, loss_sync=0.493194
2026-02-13 12:29:19,157 - experiment_ablation_no_chaotic_features - INFO - Epoch 60: Train Loss: 0.5836, Train Acc: 0.9732, Val Loss: 3.6299, Val Acc: 0.4719
2026-02-13 12:29:19,772 - experiment_ablation_no_chaotic_features - INFO - Train Epoch 61: [0/472 (0.0%)]	Loss: 0.560097
2026-02-13 12:29:23,995 - experiment_ablation_no_chaotic_features - INFO - [SYNC DEBUG] Epoch 61: sync_weight=0.1, desync_weight=0.1, loss_sync=0.495781
2026-02-13 12:29:24,564 - experiment_ablation_no_chaotic_features - INFO - Epoch 61: Train Loss: 0.5572, Train Acc: 0.9821, Val Loss: 2.9726, Val Acc: 0.4719
2026-02-13 12:29:25,104 - experiment_ablation_no_chaotic_features - INFO - Train Epoch 62: [0/472 (0.0%)]	Loss: 0.563108
2026-02-13 12:29:29,256 - experiment_ablation_no_chaotic_features - INFO - [SYNC DEBUG] Epoch 62: sync_weight=0.1, desync_weight=0.1, loss_sync=0.494524
2026-02-13 12:29:29,820 - experiment_ablation_no_chaotic_features - INFO - Epoch 62: Train Loss: 0.5843, Train Acc: 0.9799, Val Loss: 2.7674, Val Acc: 0.4944
2026-02-13 12:29:30,356 - experiment_ablation_no_chaotic_features - INFO - Train Epoch 63: [0/472 (0.0%)]	Loss: 0.587397
2026-02-13 12:29:34,525 - experiment_ablation_no_chaotic_features - INFO - [SYNC DEBUG] Epoch 63: sync_weight=0.1, desync_weight=0.1, loss_sync=0.495428
2026-02-13 12:29:35,098 - experiment_ablation_no_chaotic_features - INFO - Epoch 63: Train Loss: 0.5843, Train Acc: 0.9777, Val Loss: 5.6956, Val Acc: 0.1798
2026-02-13 12:29:35,646 - experiment_ablation_no_chaotic_features - INFO - Train Epoch 64: [0/472 (0.0%)]	Loss: 0.654006
2026-02-13 12:29:36,749 - experiment_ablation_no_chaotic_features - DEBUG - [STABILITY] lyap=0.020, max_norm=18.9, min_std=2.827
2026-02-13 12:29:39,898 - experiment_ablation_no_chaotic_features - INFO - [SYNC DEBUG] Epoch 64: sync_weight=0.1, desync_weight=0.1, loss_sync=0.497519
2026-02-13 12:29:40,485 - experiment_ablation_no_chaotic_features - INFO - Epoch 64: Train Loss: 0.6010, Train Acc: 0.9665, Val Loss: 3.6956, Val Acc: 0.3596
2026-02-13 12:29:41,038 - experiment_ablation_no_chaotic_features - INFO - Train Epoch 65: [0/472 (0.0%)]	Loss: 0.510732
2026-02-13 12:29:45,199 - experiment_ablation_no_chaotic_features - INFO - [SYNC DEBUG] Epoch 65: sync_weight=0.1, desync_weight=0.1, loss_sync=0.495988
2026-02-13 12:29:45,769 - experiment_ablation_no_chaotic_features - INFO - Epoch 65: Train Loss: 0.5882, Train Acc: 0.9799, Val Loss: 6.1500, Val Acc: 0.1461
2026-02-13 12:29:46,310 - experiment_ablation_no_chaotic_features - INFO - Train Epoch 66: [0/472 (0.0%)]	Loss: 0.596884
2026-02-13 12:29:50,461 - experiment_ablation_no_chaotic_features - INFO - [SYNC DEBUG] Epoch 66: sync_weight=0.1, desync_weight=0.1, loss_sync=0.494266
2026-02-13 12:29:51,028 - experiment_ablation_no_chaotic_features - INFO - Epoch 66: Train Loss: 0.5416, Train Acc: 0.9888, Val Loss: 2.4739, Val Acc: 0.5281
2026-02-13 12:29:51,570 - experiment_ablation_no_chaotic_features - INFO - Train Epoch 67: [0/472 (0.0%)]	Loss: 0.583965
2026-02-13 12:29:55,822 - experiment_ablation_no_chaotic_features - INFO - [SYNC DEBUG] Epoch 67: sync_weight=0.1, desync_weight=0.1, loss_sync=0.492972
2026-02-13 12:29:56,390 - experiment_ablation_no_chaotic_features - INFO - Epoch 67: Train Loss: 0.5683, Train Acc: 0.9754, Val Loss: 4.2553, Val Acc: 0.3371
2026-02-13 12:29:56,943 - experiment_ablation_no_chaotic_features - INFO - Train Epoch 68: [0/472 (0.0%)]	Loss: 0.508388
2026-02-13 12:30:01,169 - experiment_ablation_no_chaotic_features - INFO - [SYNC DEBUG] Epoch 68: sync_weight=0.1, desync_weight=0.1, loss_sync=0.489838
2026-02-13 12:30:01,735 - experiment_ablation_no_chaotic_features - INFO - Epoch 68: Train Loss: 0.5858, Train Acc: 0.9799, Val Loss: 5.6694, Val Acc: 0.1798
2026-02-13 12:30:02,276 - experiment_ablation_no_chaotic_features - INFO - Train Epoch 69: [0/472 (0.0%)]	Loss: 0.541694
2026-02-13 12:30:06,440 - experiment_ablation_no_chaotic_features - INFO - [SYNC DEBUG] Epoch 69: sync_weight=0.1, desync_weight=0.1, loss_sync=0.495813
2026-02-13 12:30:07,011 - experiment_ablation_no_chaotic_features - INFO - Epoch 69: Train Loss: 0.5621, Train Acc: 0.9844, Val Loss: 2.6544, Val Acc: 0.4719
2026-02-13 12:30:07,556 - experiment_ablation_no_chaotic_features - INFO - Train Epoch 70: [0/472 (0.0%)]	Loss: 0.552035
2026-02-13 12:30:11,783 - experiment_ablation_no_chaotic_features - INFO - [SYNC DEBUG] Epoch 70: sync_weight=0.1, desync_weight=0.1, loss_sync=0.495742
2026-02-13 12:30:12,350 - experiment_ablation_no_chaotic_features - INFO - Epoch 70: Train Loss: 0.5567, Train Acc: 0.9821, Val Loss: 8.4970, Val Acc: 0.1236
2026-02-13 12:30:12,995 - experiment_ablation_no_chaotic_features - INFO - Train Epoch 71: [0/472 (0.0%)]	Loss: 0.524785
2026-02-13 12:30:14,683 - experiment_ablation_no_chaotic_features - DEBUG - [STABILITY] lyap=0.019, max_norm=18.4, min_std=2.766
2026-02-13 12:30:17,141 - experiment_ablation_no_chaotic_features - INFO - [SYNC DEBUG] Epoch 71: sync_weight=0.1, desync_weight=0.1, loss_sync=0.491471
2026-02-13 12:30:17,706 - experiment_ablation_no_chaotic_features - INFO - Epoch 71: Train Loss: 0.5411, Train Acc: 0.9888, Val Loss: 8.0079, Val Acc: 0.1124
2026-02-13 12:30:18,250 - experiment_ablation_no_chaotic_features - INFO - Train Epoch 72: [0/472 (0.0%)]	Loss: 0.587125
2026-02-13 12:30:22,386 - experiment_ablation_no_chaotic_features - INFO - [SYNC DEBUG] Epoch 72: sync_weight=0.1, desync_weight=0.1, loss_sync=0.491085
2026-02-13 12:30:22,955 - experiment_ablation_no_chaotic_features - INFO - Epoch 72: Train Loss: 0.5976, Train Acc: 0.9710, Val Loss: 6.4762, Val Acc: 0.1461
2026-02-13 12:30:23,511 - experiment_ablation_no_chaotic_features - INFO - Train Epoch 73: [0/472 (0.0%)]	Loss: 0.565597
2026-02-13 12:30:27,740 - experiment_ablation_no_chaotic_features - INFO - [SYNC DEBUG] Epoch 73: sync_weight=0.1, desync_weight=0.1, loss_sync=0.495756
2026-02-13 12:30:28,307 - experiment_ablation_no_chaotic_features - INFO - Epoch 73: Train Loss: 0.5505, Train Acc: 0.9799, Val Loss: 4.9430, Val Acc: 0.3146
2026-02-13 12:30:28,870 - experiment_ablation_no_chaotic_features - INFO - Train Epoch 74: [0/472 (0.0%)]	Loss: 0.530024
2026-02-13 12:30:33,100 - experiment_ablation_no_chaotic_features - INFO - [SYNC DEBUG] Epoch 74: sync_weight=0.1, desync_weight=0.1, loss_sync=0.494486
2026-02-13 12:30:33,675 - experiment_ablation_no_chaotic_features - INFO - Epoch 74: Train Loss: 0.5709, Train Acc: 0.9754, Val Loss: 4.7207, Val Acc: 0.3146
2026-02-13 12:30:34,229 - experiment_ablation_no_chaotic_features - INFO - Train Epoch 75: [0/472 (0.0%)]	Loss: 0.518293
2026-02-13 12:30:38,447 - experiment_ablation_no_chaotic_features - INFO - [SYNC DEBUG] Epoch 75: sync_weight=0.1, desync_weight=0.1, loss_sync=0.494153
2026-02-13 12:30:39,020 - experiment_ablation_no_chaotic_features - INFO - Epoch 75: Train Loss: 0.5417, Train Acc: 0.9844, Val Loss: 1.0333, Val Acc: 0.7753
2026-02-13 12:30:39,098 - experiment_ablation_no_chaotic_features - INFO - Saved new best model at epoch 75
2026-02-13 12:30:39,695 - experiment_ablation_no_chaotic_features - INFO - Train Epoch 76: [0/472 (0.0%)]	Loss: 0.509209
2026-02-13 12:30:43,850 - experiment_ablation_no_chaotic_features - INFO - [SYNC DEBUG] Epoch 76: sync_weight=0.1, desync_weight=0.1, loss_sync=0.493942
2026-02-13 12:30:44,424 - experiment_ablation_no_chaotic_features - INFO - Epoch 76: Train Loss: 0.5817, Train Acc: 0.9777, Val Loss: 2.8767, Val Acc: 0.4607
2026-02-13 12:30:44,975 - experiment_ablation_no_chaotic_features - INFO - Train Epoch 77: [0/472 (0.0%)]	Loss: 0.515326
2026-02-13 12:30:49,199 - experiment_ablation_no_chaotic_features - INFO - [SYNC DEBUG] Epoch 77: sync_weight=0.1, desync_weight=0.1, loss_sync=0.489203
2026-02-13 12:30:49,781 - experiment_ablation_no_chaotic_features - INFO - Epoch 77: Train Loss: 0.5460, Train Acc: 0.9799, Val Loss: 5.3634, Val Acc: 0.1910
2026-02-13 12:30:50,327 - experiment_ablation_no_chaotic_features - INFO - Train Epoch 78: [0/472 (0.0%)]	Loss: 0.496515
2026-02-13 12:30:52,694 - experiment_ablation_no_chaotic_features - DEBUG - [STABILITY] lyap=0.022, max_norm=20.1, min_std=2.954
2026-02-13 12:30:54,551 - experiment_ablation_no_chaotic_features - INFO - [SYNC DEBUG] Epoch 78: sync_weight=0.1, desync_weight=0.1, loss_sync=0.488657
2026-02-13 12:30:55,123 - experiment_ablation_no_chaotic_features - INFO - Epoch 78: Train Loss: 0.5426, Train Acc: 0.9844, Val Loss: 6.2360, Val Acc: 0.2022
2026-02-13 12:30:55,667 - experiment_ablation_no_chaotic_features - INFO - Train Epoch 79: [0/472 (0.0%)]	Loss: 0.598115
2026-02-13 12:30:59,887 - experiment_ablation_no_chaotic_features - INFO - [SYNC DEBUG] Epoch 79: sync_weight=0.1, desync_weight=0.1, loss_sync=0.491295
2026-02-13 12:31:00,466 - experiment_ablation_no_chaotic_features - INFO - Epoch 79: Train Loss: 0.5616, Train Acc: 0.9866, Val Loss: 2.9519, Val Acc: 0.4382
2026-02-13 12:31:01,023 - experiment_ablation_no_chaotic_features - INFO - Train Epoch 80: [0/472 (0.0%)]	Loss: 0.516118
2026-02-13 12:31:05,247 - experiment_ablation_no_chaotic_features - INFO - [SYNC DEBUG] Epoch 80: sync_weight=0.1, desync_weight=0.1, loss_sync=0.496118
2026-02-13 12:31:05,819 - experiment_ablation_no_chaotic_features - INFO - Epoch 80: Train Loss: 0.5924, Train Acc: 0.9754, Val Loss: 3.2972, Val Acc: 0.5169
2026-02-13 12:31:06,437 - experiment_ablation_no_chaotic_features - INFO - Train Epoch 81: [0/472 (0.0%)]	Loss: 0.505240
2026-02-13 12:31:10,606 - experiment_ablation_no_chaotic_features - INFO - [SYNC DEBUG] Epoch 81: sync_weight=0.1, desync_weight=0.1, loss_sync=0.487987
2026-02-13 12:31:11,178 - experiment_ablation_no_chaotic_features - INFO - Epoch 81: Train Loss: 0.5563, Train Acc: 0.9754, Val Loss: 6.7755, Val Acc: 0.1236
2026-02-13 12:31:11,732 - experiment_ablation_no_chaotic_features - INFO - Train Epoch 82: [0/472 (0.0%)]	Loss: 0.569314
2026-02-13 12:31:15,954 - experiment_ablation_no_chaotic_features - INFO - [SYNC DEBUG] Epoch 82: sync_weight=0.1, desync_weight=0.1, loss_sync=0.488555
2026-02-13 12:31:16,526 - experiment_ablation_no_chaotic_features - INFO - Epoch 82: Train Loss: 0.5427, Train Acc: 0.9777, Val Loss: 6.6018, Val Acc: 0.1461
2026-02-13 12:31:17,078 - experiment_ablation_no_chaotic_features - INFO - Train Epoch 83: [0/472 (0.0%)]	Loss: 0.584881
2026-02-13 12:31:21,232 - experiment_ablation_no_chaotic_features - INFO - [SYNC DEBUG] Epoch 83: sync_weight=0.1, desync_weight=0.1, loss_sync=0.491151
2026-02-13 12:31:21,804 - experiment_ablation_no_chaotic_features - INFO - Epoch 83: Train Loss: 0.5563, Train Acc: 0.9777, Val Loss: 6.3223, Val Acc: 0.1124
2026-02-13 12:31:22,358 - experiment_ablation_no_chaotic_features - INFO - Train Epoch 84: [0/472 (0.0%)]	Loss: 0.599157
2026-02-13 12:31:26,515 - experiment_ablation_no_chaotic_features - INFO - [SYNC DEBUG] Epoch 84: sync_weight=0.1, desync_weight=0.1, loss_sync=0.488888
2026-02-13 12:31:27,086 - experiment_ablation_no_chaotic_features - INFO - Epoch 84: Train Loss: 0.6000, Train Acc: 0.9688, Val Loss: 9.5874, Val Acc: 0.0787
2026-02-13 12:31:27,634 - experiment_ablation_no_chaotic_features - INFO - Train Epoch 85: [0/472 (0.0%)]	Loss: 0.538695
2026-02-13 12:31:30,594 - experiment_ablation_no_chaotic_features - DEBUG - [STABILITY] lyap=0.013, max_norm=12.5, min_std=1.737
2026-02-13 12:31:31,790 - experiment_ablation_no_chaotic_features - INFO - [SYNC DEBUG] Epoch 85: sync_weight=0.1, desync_weight=0.1, loss_sync=0.488325
2026-02-13 12:31:32,362 - experiment_ablation_no_chaotic_features - INFO - Epoch 85: Train Loss: 0.5743, Train Acc: 0.9732, Val Loss: 5.4410, Val Acc: 0.2022
2026-02-13 12:31:32,911 - experiment_ablation_no_chaotic_features - INFO - Train Epoch 86: [0/472 (0.0%)]	Loss: 0.821819
2026-02-13 12:31:37,121 - experiment_ablation_no_chaotic_features - INFO - [SYNC DEBUG] Epoch 86: sync_weight=0.1, desync_weight=0.1, loss_sync=0.490926
2026-02-13 12:31:37,686 - experiment_ablation_no_chaotic_features - INFO - Epoch 86: Train Loss: 0.5788, Train Acc: 0.9621, Val Loss: 9.5568, Val Acc: 0.0787
2026-02-13 12:31:38,237 - experiment_ablation_no_chaotic_features - INFO - Train Epoch 87: [0/472 (0.0%)]	Loss: 0.518614
2026-02-13 12:31:42,457 - experiment_ablation_no_chaotic_features - INFO - [SYNC DEBUG] Epoch 87: sync_weight=0.1, desync_weight=0.1, loss_sync=0.492759
2026-02-13 12:31:43,025 - experiment_ablation_no_chaotic_features - INFO - Epoch 87: Train Loss: 0.5383, Train Acc: 0.9911, Val Loss: 10.6621, Val Acc: 0.0899
2026-02-13 12:31:43,573 - experiment_ablation_no_chaotic_features - INFO - Train Epoch 88: [0/472 (0.0%)]	Loss: 0.504594
2026-02-13 12:31:47,790 - experiment_ablation_no_chaotic_features - INFO - [SYNC DEBUG] Epoch 88: sync_weight=0.1, desync_weight=0.1, loss_sync=0.491965
2026-02-13 12:31:48,355 - experiment_ablation_no_chaotic_features - INFO - Epoch 88: Train Loss: 0.5641, Train Acc: 0.9799, Val Loss: 4.8828, Val Acc: 0.3146
2026-02-13 12:31:48,900 - experiment_ablation_no_chaotic_features - INFO - Train Epoch 89: [0/472 (0.0%)]	Loss: 0.544051
2026-02-13 12:31:53,060 - experiment_ablation_no_chaotic_features - INFO - [SYNC DEBUG] Epoch 89: sync_weight=0.1, desync_weight=0.1, loss_sync=0.490669
2026-02-13 12:31:53,630 - experiment_ablation_no_chaotic_features - INFO - Epoch 89: Train Loss: 0.5448, Train Acc: 0.9799, Val Loss: 2.8395, Val Acc: 0.5843
2026-02-13 12:31:54,176 - experiment_ablation_no_chaotic_features - INFO - Train Epoch 90: [0/472 (0.0%)]	Loss: 0.573983
2026-02-13 12:31:58,394 - experiment_ablation_no_chaotic_features - INFO - [SYNC DEBUG] Epoch 90: sync_weight=0.1, desync_weight=0.1, loss_sync=0.489173
2026-02-13 12:31:58,964 - experiment_ablation_no_chaotic_features - INFO - Epoch 90: Train Loss: 0.5398, Train Acc: 0.9888, Val Loss: 4.6121, Val Acc: 0.2584
2026-02-13 12:31:59,586 - experiment_ablation_no_chaotic_features - INFO - Train Epoch 91: [0/472 (0.0%)]	Loss: 0.510740
2026-02-13 12:32:04,026 - experiment_ablation_no_chaotic_features - INFO - [SYNC DEBUG] Epoch 91: sync_weight=0.1, desync_weight=0.1, loss_sync=0.487854
2026-02-13 12:32:04,607 - experiment_ablation_no_chaotic_features - INFO - Epoch 91: Train Loss: 0.5363, Train Acc: 0.9821, Val Loss: 5.8861, Val Acc: 0.2360
2026-02-13 12:32:05,175 - experiment_ablation_no_chaotic_features - INFO - Train Epoch 92: [0/472 (0.0%)]	Loss: 0.500939
2026-02-13 12:32:08,833 - experiment_ablation_no_chaotic_features - DEBUG - [STABILITY] lyap=0.018, max_norm=15.1, min_std=2.129
2026-02-13 12:32:09,412 - experiment_ablation_no_chaotic_features - INFO - [SYNC DEBUG] Epoch 92: sync_weight=0.1, desync_weight=0.1, loss_sync=0.481361
2026-02-13 12:32:09,989 - experiment_ablation_no_chaotic_features - INFO - Epoch 92: Train Loss: 0.5135, Train Acc: 0.9933, Val Loss: 10.3907, Val Acc: 0.0449
2026-02-13 12:32:10,551 - experiment_ablation_no_chaotic_features - INFO - Train Epoch 93: [0/472 (0.0%)]	Loss: 0.496499
2026-02-13 12:32:14,767 - experiment_ablation_no_chaotic_features - INFO - [SYNC DEBUG] Epoch 93: sync_weight=0.1, desync_weight=0.1, loss_sync=0.478597
2026-02-13 12:32:15,349 - experiment_ablation_no_chaotic_features - INFO - Epoch 93: Train Loss: 0.5329, Train Acc: 0.9866, Val Loss: 8.4706, Val Acc: 0.0562
2026-02-13 12:32:15,902 - experiment_ablation_no_chaotic_features - INFO - Train Epoch 94: [0/472 (0.0%)]	Loss: 0.498515
2026-02-13 12:32:20,123 - experiment_ablation_no_chaotic_features - INFO - [SYNC DEBUG] Epoch 94: sync_weight=0.1, desync_weight=0.1, loss_sync=0.487382
2026-02-13 12:32:20,701 - experiment_ablation_no_chaotic_features - INFO - Epoch 94: Train Loss: 0.5677, Train Acc: 0.9799, Val Loss: 4.1939, Val Acc: 0.4045
2026-02-13 12:32:21,252 - experiment_ablation_no_chaotic_features - INFO - Train Epoch 95: [0/472 (0.0%)]	Loss: 0.578287
2026-02-13 12:32:25,489 - experiment_ablation_no_chaotic_features - INFO - [SYNC DEBUG] Epoch 95: sync_weight=0.1, desync_weight=0.1, loss_sync=0.488712
2026-02-13 12:32:26,055 - experiment_ablation_no_chaotic_features - INFO - Epoch 95: Train Loss: 0.5323, Train Acc: 0.9844, Val Loss: 9.6757, Val Acc: 0.0674
2026-02-13 12:32:26,612 - experiment_ablation_no_chaotic_features - INFO - Train Epoch 96: [0/472 (0.0%)]	Loss: 0.599228
2026-02-13 12:32:30,838 - experiment_ablation_no_chaotic_features - INFO - [SYNC DEBUG] Epoch 96: sync_weight=0.1, desync_weight=0.1, loss_sync=0.492283
2026-02-13 12:32:31,419 - experiment_ablation_no_chaotic_features - INFO - Epoch 96: Train Loss: 0.5745, Train Acc: 0.9732, Val Loss: 10.5743, Val Acc: 0.0787
2026-02-13 12:32:31,969 - experiment_ablation_no_chaotic_features - INFO - Train Epoch 97: [0/472 (0.0%)]	Loss: 0.796871
2026-02-13 12:32:36,119 - experiment_ablation_no_chaotic_features - INFO - [SYNC DEBUG] Epoch 97: sync_weight=0.1, desync_weight=0.1, loss_sync=0.498693
2026-02-13 12:32:36,693 - experiment_ablation_no_chaotic_features - INFO - Epoch 97: Train Loss: 0.5649, Train Acc: 0.9844, Val Loss: 11.1848, Val Acc: 0.0899
2026-02-13 12:32:37,238 - experiment_ablation_no_chaotic_features - INFO - Train Epoch 98: [0/472 (0.0%)]	Loss: 0.669223
2026-02-13 12:32:41,401 - experiment_ablation_no_chaotic_features - INFO - [SYNC DEBUG] Epoch 98: sync_weight=0.1, desync_weight=0.1, loss_sync=0.492710
2026-02-13 12:32:41,965 - experiment_ablation_no_chaotic_features - INFO - Epoch 98: Train Loss: 0.5869, Train Acc: 0.9732, Val Loss: 11.6215, Val Acc: 0.0449
2026-02-13 12:32:42,508 - experiment_ablation_no_chaotic_features - INFO - Train Epoch 99: [0/472 (0.0%)]	Loss: 0.541760
2026-02-13 12:32:46,730 - experiment_ablation_no_chaotic_features - INFO - [SYNC DEBUG] Epoch 99: sync_weight=0.1, desync_weight=0.1, loss_sync=0.490744
2026-02-13 12:32:47,299 - experiment_ablation_no_chaotic_features - INFO - Epoch 99: Train Loss: 0.5515, Train Acc: 0.9844, Val Loss: 11.7371, Val Acc: 0.0449
2026-02-13 12:32:47,302 - experiment_ablation_no_chaotic_features - INFO - Running final test evaluation...
2026-02-13 12:32:48,005 - experiment_ablation_no_chaotic_features - INFO - Test Results:
2026-02-13 12:32:48,005 - experiment_ablation_no_chaotic_features - INFO -   loss: 11.8454
2026-02-13 12:32:48,005 - experiment_ablation_no_chaotic_features - INFO -   accuracy: 0.0424
2026-02-13 12:32:48,007 - experiment_ablation_no_chaotic_features - INFO - Training completed
2026-02-15 02:55:14,882 - experiment_ablation_no_chaotic_features - INFO - Initialized experiment: ablation_no_chaotic_features
2026-02-15 02:55:14,891 - experiment_ablation_no_chaotic_features - INFO - Device: cuda
2026-02-15 02:55:14,891 - experiment_ablation_no_chaotic_features - INFO - Output directory: /scratch/project_2003370/yueyao/Model/experiments/configs/Ablation_study/no_chaotic_features/ablation_no_chaotic_features
2026-02-15 02:55:14,892 - experiment_ablation_no_chaotic_features - INFO - [SYNC LOSS] Enabled with mode: standard
2026-02-15 02:55:14,892 - experiment_ablation_no_chaotic_features - INFO - Initialized chaotic network experiment with lorenz system
2026-02-15 02:55:14,892 - experiment_ablation_no_chaotic_features - INFO - Setting up experiment components...
2026-02-15 02:55:14,892 - experiment_ablation_no_chaotic_features - INFO - Creating dataloaders...
2026-02-15 02:55:15,287 - experiment_ablation_no_chaotic_features - INFO - Detected 26 speakers in dataset
2026-02-15 02:55:15,287 - experiment_ablation_no_chaotic_features - INFO - Dataloaders created:
2026-02-15 02:55:15,287 - experiment_ablation_no_chaotic_features - INFO -   Train: 14 batches
2026-02-15 02:55:15,287 - experiment_ablation_no_chaotic_features - INFO -   Val: 3 batches
2026-02-15 02:55:15,287 - experiment_ablation_no_chaotic_features - INFO -   Test: 4 batches
2026-02-15 02:55:15,287 - experiment_ablation_no_chaotic_features - INFO - Creating model...
2026-02-15 02:55:15,287 - experiment_ablation_no_chaotic_features - INFO - Using actual num_speakers from dataset: 26
2026-02-15 02:56:20,473 - experiment_ablation_no_chaotic_features - INFO - Total parameters: 500,671
2026-02-15 02:56:20,474 - experiment_ablation_no_chaotic_features - INFO - Trainable parameters: 500,671
2026-02-15 02:56:20,474 - experiment_ablation_no_chaotic_features - INFO - Creating optimizer...
2026-02-15 02:56:20,474 - experiment_ablation_no_chaotic_features - INFO - Optimizer: AdamW
2026-02-15 02:56:20,474 - experiment_ablation_no_chaotic_features - INFO - Creating scheduler...
2026-02-15 02:56:20,474 - experiment_ablation_no_chaotic_features - INFO - Creating criterion...
2026-02-15 02:56:20,474 - experiment_ablation_no_chaotic_features - INFO - Criterion: CrossEntropyLoss
2026-02-15 02:56:20,592 - experiment_ablation_no_chaotic_features - INFO - Configuration saved to: /scratch/project_2003370/yueyao/Model/experiments/configs/Ablation_study/no_chaotic_features/ablation_no_chaotic_features/config.json
2026-02-15 02:56:20,592 - experiment_ablation_no_chaotic_features - INFO - Experiment setup completed
2026-02-15 02:56:20,594 - experiment_ablation_no_chaotic_features - INFO - Starting training for 100 epochs
2026-02-15 02:56:20,594 - experiment_ablation_no_chaotic_features - INFO - [SYNC LOSS] Warmup complete, synchronization loss activated!
2026-02-15 02:56:20,780 - experiment_ablation_no_chaotic_features - INFO - 
================================================================================
2026-02-15 02:56:20,781 - experiment_ablation_no_chaotic_features - INFO - COMPREHENSIVE DEBUG - FIRST BATCH
2026-02-15 02:56:20,781 - experiment_ablation_no_chaotic_features - INFO - ================================================================================
2026-02-15 02:56:20,781 - experiment_ablation_no_chaotic_features - INFO - Batch Info:
2026-02-15 02:56:20,781 - experiment_ablation_no_chaotic_features - INFO -   Audio shape: torch.Size([32, 48000])
2026-02-15 02:56:20,781 - experiment_ablation_no_chaotic_features - INFO -   Targets shape: torch.Size([32])
2026-02-15 02:56:20,782 - experiment_ablation_no_chaotic_features - INFO -   Targets (first 8): tensor([18, 24,  5, 21, 17, 17, 21,  7], device='cuda:0')
2026-02-15 02:56:20,918 - experiment_ablation_no_chaotic_features - INFO - ================================================================================

2026-02-15 02:56:21,240 - experiment_ablation_no_chaotic_features - INFO - [STABILITY] Initialized LyapunovStabilityLoss
2026-02-15 02:56:21,242 - experiment_ablation_no_chaotic_features - DEBUG - [STABILITY] lyap=0.066, max_norm=14.5, min_std=1.167
2026-02-15 02:56:21,638 - experiment_ablation_no_chaotic_features - INFO - Train Epoch 0: [0/472 (0.0%)]	Loss: 6.160213
2026-02-15 02:56:31,386 - experiment_ablation_no_chaotic_features - INFO - [SYNC DEBUG] Epoch 0: sync_weight=0.1, desync_weight=0.1, loss_sync=0.502449
2026-02-15 02:56:32,106 - experiment_ablation_no_chaotic_features - INFO - Epoch 0: Train Loss: 5.8385, Train Acc: 0.0848, Val Loss: 6.4729, Val Acc: 0.0449
2026-02-15 02:56:32,194 - experiment_ablation_no_chaotic_features - INFO - Saved new best model at epoch 0
2026-02-15 02:56:33,334 - experiment_ablation_no_chaotic_features - INFO - Train Epoch 1: [0/472 (0.0%)]	Loss: 4.781476
2026-02-15 02:56:42,886 - experiment_ablation_no_chaotic_features - INFO - [SYNC DEBUG] Epoch 1: sync_weight=0.1, desync_weight=0.1, loss_sync=0.500492
2026-02-15 02:56:43,644 - experiment_ablation_no_chaotic_features - INFO - Epoch 1: Train Loss: 3.8844, Train Acc: 0.2165, Val Loss: 6.3534, Val Acc: 0.0449
2026-02-15 02:56:44,652 - experiment_ablation_no_chaotic_features - INFO - Train Epoch 2: [0/472 (0.0%)]	Loss: 3.037604
2026-02-15 02:56:54,051 - experiment_ablation_no_chaotic_features - INFO - [SYNC DEBUG] Epoch 2: sync_weight=0.1, desync_weight=0.1, loss_sync=0.499462
2026-02-15 02:56:54,615 - experiment_ablation_no_chaotic_features - INFO - Epoch 2: Train Loss: 2.9736, Train Acc: 0.3482, Val Loss: 6.6481, Val Acc: 0.0449
2026-02-15 02:56:55,457 - experiment_ablation_no_chaotic_features - INFO - Train Epoch 3: [0/472 (0.0%)]	Loss: 2.262659
2026-02-15 02:57:03,835 - experiment_ablation_no_chaotic_features - INFO - [SYNC DEBUG] Epoch 3: sync_weight=0.1, desync_weight=0.1, loss_sync=0.499768
2026-02-15 02:57:04,413 - experiment_ablation_no_chaotic_features - INFO - Epoch 3: Train Loss: 2.3951, Train Acc: 0.4621, Val Loss: 5.1437, Val Acc: 0.0674
2026-02-15 02:57:04,490 - experiment_ablation_no_chaotic_features - INFO - Saved new best model at epoch 3
2026-02-15 02:57:05,395 - experiment_ablation_no_chaotic_features - INFO - Train Epoch 4: [0/472 (0.0%)]	Loss: 2.267839
2026-02-15 02:57:13,516 - experiment_ablation_no_chaotic_features - INFO - [SYNC DEBUG] Epoch 4: sync_weight=0.1, desync_weight=0.1, loss_sync=0.500617
2026-02-15 02:57:14,095 - experiment_ablation_no_chaotic_features - INFO - Epoch 4: Train Loss: 1.9988, Train Acc: 0.5536, Val Loss: 6.1066, Val Acc: 0.0449
2026-02-15 02:57:14,945 - experiment_ablation_no_chaotic_features - INFO - Train Epoch 5: [0/472 (0.0%)]	Loss: 1.890193
2026-02-15 02:57:23,042 - experiment_ablation_no_chaotic_features - INFO - [SYNC DEBUG] Epoch 5: sync_weight=0.1, desync_weight=0.1, loss_sync=0.499835
2026-02-15 02:57:23,611 - experiment_ablation_no_chaotic_features - INFO - Epoch 5: Train Loss: 1.7056, Train Acc: 0.6205, Val Loss: 6.3612, Val Acc: 0.0225
2026-02-15 02:57:24,446 - experiment_ablation_no_chaotic_features - INFO - Train Epoch 6: [0/472 (0.0%)]	Loss: 1.867136
2026-02-15 02:57:32,588 - experiment_ablation_no_chaotic_features - INFO - [SYNC DEBUG] Epoch 6: sync_weight=0.1, desync_weight=0.1, loss_sync=0.500116
2026-02-15 02:57:33,160 - experiment_ablation_no_chaotic_features - INFO - Epoch 6: Train Loss: 1.4520, Train Acc: 0.6719, Val Loss: 4.8696, Val Acc: 0.0787
2026-02-15 02:57:33,233 - experiment_ablation_no_chaotic_features - INFO - Saved new best model at epoch 6
2026-02-15 02:57:34,157 - experiment_ablation_no_chaotic_features - INFO - Train Epoch 7: [0/472 (0.0%)]	Loss: 1.562186
2026-02-15 02:57:35,016 - experiment_ablation_no_chaotic_features - DEBUG - [STABILITY] lyap=0.015, max_norm=50.0, min_std=11.312
2026-02-15 02:57:42,271 - experiment_ablation_no_chaotic_features - INFO - [SYNC DEBUG] Epoch 7: sync_weight=0.1, desync_weight=0.1, loss_sync=0.500452
2026-02-15 02:57:42,850 - experiment_ablation_no_chaotic_features - INFO - Epoch 7: Train Loss: 1.3664, Train Acc: 0.7321, Val Loss: 5.0732, Val Acc: 0.1011
2026-02-15 02:57:42,925 - experiment_ablation_no_chaotic_features - INFO - Saved new best model at epoch 7
2026-02-15 02:57:43,816 - experiment_ablation_no_chaotic_features - INFO - Train Epoch 8: [0/472 (0.0%)]	Loss: 1.073330
2026-02-15 02:57:51,966 - experiment_ablation_no_chaotic_features - INFO - [SYNC DEBUG] Epoch 8: sync_weight=0.1, desync_weight=0.1, loss_sync=0.499573
2026-02-15 02:57:52,558 - experiment_ablation_no_chaotic_features - INFO - Epoch 8: Train Loss: 1.2771, Train Acc: 0.7455, Val Loss: 3.9733, Val Acc: 0.1011
2026-02-15 02:57:53,416 - experiment_ablation_no_chaotic_features - INFO - Train Epoch 9: [0/472 (0.0%)]	Loss: 1.209714
2026-02-15 02:58:01,524 - experiment_ablation_no_chaotic_features - INFO - [SYNC DEBUG] Epoch 9: sync_weight=0.1, desync_weight=0.1, loss_sync=0.500282
2026-02-15 02:58:02,109 - experiment_ablation_no_chaotic_features - INFO - Epoch 9: Train Loss: 1.1608, Train Acc: 0.7835, Val Loss: 5.1844, Val Acc: 0.0562
2026-02-15 02:58:02,966 - experiment_ablation_no_chaotic_features - INFO - Train Epoch 10: [0/472 (0.0%)]	Loss: 1.141947
2026-02-15 02:58:11,814 - experiment_ablation_no_chaotic_features - INFO - [SYNC DEBUG] Epoch 10: sync_weight=0.1, desync_weight=0.1, loss_sync=0.499867
2026-02-15 02:58:12,563 - experiment_ablation_no_chaotic_features - INFO - Epoch 10: Train Loss: 1.0991, Train Acc: 0.8125, Val Loss: 5.0624, Val Acc: 0.1011
2026-02-15 02:58:13,655 - experiment_ablation_no_chaotic_features - INFO - Train Epoch 11: [0/472 (0.0%)]	Loss: 1.021304
2026-02-15 02:58:23,574 - experiment_ablation_no_chaotic_features - INFO - [SYNC DEBUG] Epoch 11: sync_weight=0.1, desync_weight=0.1, loss_sync=0.499754
2026-02-15 02:58:24,318 - experiment_ablation_no_chaotic_features - INFO - Epoch 11: Train Loss: 0.9917, Train Acc: 0.8304, Val Loss: 6.0296, Val Acc: 0.0899
2026-02-15 02:58:25,394 - experiment_ablation_no_chaotic_features - INFO - Train Epoch 12: [0/472 (0.0%)]	Loss: 1.128667
2026-02-15 02:58:35,604 - experiment_ablation_no_chaotic_features - INFO - [SYNC DEBUG] Epoch 12: sync_weight=0.1, desync_weight=0.1, loss_sync=0.499692
2026-02-15 02:58:36,338 - experiment_ablation_no_chaotic_features - INFO - Epoch 12: Train Loss: 0.9991, Train Acc: 0.8237, Val Loss: 5.9639, Val Acc: 0.0899
2026-02-15 02:58:37,393 - experiment_ablation_no_chaotic_features - INFO - Train Epoch 13: [0/472 (0.0%)]	Loss: 1.025917
2026-02-15 02:58:47,295 - experiment_ablation_no_chaotic_features - INFO - [SYNC DEBUG] Epoch 13: sync_weight=0.1, desync_weight=0.1, loss_sync=0.499472
2026-02-15 02:58:48,036 - experiment_ablation_no_chaotic_features - INFO - Epoch 13: Train Loss: 0.9899, Train Acc: 0.8415, Val Loss: 3.9631, Val Acc: 0.2022
2026-02-15 02:58:48,114 - experiment_ablation_no_chaotic_features - INFO - Saved new best model at epoch 13
2026-02-15 02:58:49,177 - experiment_ablation_no_chaotic_features - INFO - Train Epoch 14: [0/472 (0.0%)]	Loss: 0.689848
2026-02-15 02:58:51,721 - experiment_ablation_no_chaotic_features - DEBUG - [STABILITY] lyap=0.015, max_norm=49.9, min_std=11.292
2026-02-15 02:58:58,533 - experiment_ablation_no_chaotic_features - INFO - [SYNC DEBUG] Epoch 14: sync_weight=0.1, desync_weight=0.1, loss_sync=0.500434
2026-02-15 02:58:59,268 - experiment_ablation_no_chaotic_features - INFO - Epoch 14: Train Loss: 0.9087, Train Acc: 0.8750, Val Loss: 5.4261, Val Acc: 0.1348
2026-02-15 02:59:00,299 - experiment_ablation_no_chaotic_features - INFO - Train Epoch 15: [0/472 (0.0%)]	Loss: 0.718150
2026-02-15 02:59:10,193 - experiment_ablation_no_chaotic_features - INFO - [SYNC DEBUG] Epoch 15: sync_weight=0.1, desync_weight=0.1, loss_sync=0.499554
2026-02-15 02:59:10,847 - experiment_ablation_no_chaotic_features - INFO - Epoch 15: Train Loss: 0.9735, Train Acc: 0.8304, Val Loss: 4.6456, Val Acc: 0.1685
2026-02-15 02:59:11,814 - experiment_ablation_no_chaotic_features - INFO - Train Epoch 16: [0/472 (0.0%)]	Loss: 0.847683
2026-02-15 02:59:21,580 - experiment_ablation_no_chaotic_features - INFO - [SYNC DEBUG] Epoch 16: sync_weight=0.1, desync_weight=0.1, loss_sync=0.499977
2026-02-15 02:59:22,309 - experiment_ablation_no_chaotic_features - INFO - Epoch 16: Train Loss: 0.8957, Train Acc: 0.8683, Val Loss: 4.0721, Val Acc: 0.2809
2026-02-15 02:59:22,386 - experiment_ablation_no_chaotic_features - INFO - Saved new best model at epoch 16
2026-02-15 02:59:23,488 - experiment_ablation_no_chaotic_features - INFO - Train Epoch 17: [0/472 (0.0%)]	Loss: 0.938959
2026-02-15 02:59:33,281 - experiment_ablation_no_chaotic_features - INFO - [SYNC DEBUG] Epoch 17: sync_weight=0.1, desync_weight=0.1, loss_sync=0.501204
2026-02-15 02:59:34,029 - experiment_ablation_no_chaotic_features - INFO - Epoch 17: Train Loss: 0.8906, Train Acc: 0.8661, Val Loss: 3.8998, Val Acc: 0.2472
2026-02-15 02:59:34,952 - experiment_ablation_no_chaotic_features - INFO - Train Epoch 18: [0/472 (0.0%)]	Loss: 0.994113
2026-02-15 02:59:44,687 - experiment_ablation_no_chaotic_features - INFO - [SYNC DEBUG] Epoch 18: sync_weight=0.1, desync_weight=0.1, loss_sync=0.499355
2026-02-15 02:59:45,439 - experiment_ablation_no_chaotic_features - INFO - Epoch 18: Train Loss: 0.9441, Train Acc: 0.8638, Val Loss: 5.7576, Val Acc: 0.2022
2026-02-15 02:59:46,343 - experiment_ablation_no_chaotic_features - INFO - Train Epoch 19: [0/472 (0.0%)]	Loss: 1.095148
2026-02-15 02:59:55,688 - experiment_ablation_no_chaotic_features - INFO - [SYNC DEBUG] Epoch 19: sync_weight=0.1, desync_weight=0.1, loss_sync=0.499880
2026-02-15 02:59:56,391 - experiment_ablation_no_chaotic_features - INFO - Epoch 19: Train Loss: 0.8714, Train Acc: 0.8705, Val Loss: 6.2192, Val Acc: 0.0899
2026-02-15 02:59:57,392 - experiment_ablation_no_chaotic_features - INFO - Train Epoch 20: [0/472 (0.0%)]	Loss: 1.033070
2026-02-15 03:00:06,994 - experiment_ablation_no_chaotic_features - INFO - [SYNC DEBUG] Epoch 20: sync_weight=0.1, desync_weight=0.1, loss_sync=0.499496
2026-02-15 03:00:07,804 - experiment_ablation_no_chaotic_features - INFO - Epoch 20: Train Loss: 0.7761, Train Acc: 0.9174, Val Loss: 5.6129, Val Acc: 0.1236
2026-02-15 03:00:08,944 - experiment_ablation_no_chaotic_features - INFO - Train Epoch 21: [0/472 (0.0%)]	Loss: 0.702767
2026-02-15 03:00:12,917 - experiment_ablation_no_chaotic_features - DEBUG - [STABILITY] lyap=0.015, max_norm=49.9, min_std=11.288
2026-02-15 03:00:18,658 - experiment_ablation_no_chaotic_features - INFO - [SYNC DEBUG] Epoch 21: sync_weight=0.1, desync_weight=0.1, loss_sync=0.499401
2026-02-15 03:00:19,477 - experiment_ablation_no_chaotic_features - INFO - Epoch 21: Train Loss: 0.7724, Train Acc: 0.9062, Val Loss: 6.3661, Val Acc: 0.1236
2026-02-15 03:00:20,392 - experiment_ablation_no_chaotic_features - INFO - Train Epoch 22: [0/472 (0.0%)]	Loss: 0.701220
2026-02-15 03:00:30,068 - experiment_ablation_no_chaotic_features - INFO - [SYNC DEBUG] Epoch 22: sync_weight=0.1, desync_weight=0.1, loss_sync=0.499231
2026-02-15 03:00:30,806 - experiment_ablation_no_chaotic_features - INFO - Epoch 22: Train Loss: 0.7981, Train Acc: 0.9129, Val Loss: 5.2191, Val Acc: 0.2697
2026-02-15 03:00:31,831 - experiment_ablation_no_chaotic_features - INFO - Train Epoch 23: [0/472 (0.0%)]	Loss: 0.767652
2026-02-15 03:00:41,410 - experiment_ablation_no_chaotic_features - INFO - [SYNC DEBUG] Epoch 23: sync_weight=0.1, desync_weight=0.1, loss_sync=0.500024
2026-02-15 03:00:42,124 - experiment_ablation_no_chaotic_features - INFO - Epoch 23: Train Loss: 0.7617, Train Acc: 0.9107, Val Loss: 4.2019, Val Acc: 0.2360
2026-02-15 03:00:43,049 - experiment_ablation_no_chaotic_features - INFO - Train Epoch 24: [0/472 (0.0%)]	Loss: 0.584505
2026-02-15 03:00:52,798 - experiment_ablation_no_chaotic_features - INFO - [SYNC DEBUG] Epoch 24: sync_weight=0.1, desync_weight=0.1, loss_sync=0.500246
2026-02-15 03:00:53,525 - experiment_ablation_no_chaotic_features - INFO - Epoch 24: Train Loss: 0.7969, Train Acc: 0.9040, Val Loss: 6.4166, Val Acc: 0.1236
2026-02-15 03:00:54,422 - experiment_ablation_no_chaotic_features - INFO - Train Epoch 25: [0/472 (0.0%)]	Loss: 0.943631
2026-02-15 03:01:04,009 - experiment_ablation_no_chaotic_features - INFO - [SYNC DEBUG] Epoch 25: sync_weight=0.1, desync_weight=0.1, loss_sync=0.499253
2026-02-15 03:01:04,707 - experiment_ablation_no_chaotic_features - INFO - Epoch 25: Train Loss: 0.8512, Train Acc: 0.8884, Val Loss: 3.9130, Val Acc: 0.3258
2026-02-15 03:01:04,783 - experiment_ablation_no_chaotic_features - INFO - Saved new best model at epoch 25
2026-02-15 03:01:05,870 - experiment_ablation_no_chaotic_features - INFO - Train Epoch 26: [0/472 (0.0%)]	Loss: 0.708483
2026-02-15 03:01:15,539 - experiment_ablation_no_chaotic_features - INFO - [SYNC DEBUG] Epoch 26: sync_weight=0.1, desync_weight=0.1, loss_sync=0.497081
2026-02-15 03:01:16,292 - experiment_ablation_no_chaotic_features - INFO - Epoch 26: Train Loss: 0.7349, Train Acc: 0.9308, Val Loss: 5.6406, Val Acc: 0.1685
2026-02-15 03:01:17,318 - experiment_ablation_no_chaotic_features - INFO - Train Epoch 27: [0/472 (0.0%)]	Loss: 0.971212
2026-02-15 03:01:27,119 - experiment_ablation_no_chaotic_features - INFO - [SYNC DEBUG] Epoch 27: sync_weight=0.1, desync_weight=0.1, loss_sync=0.501137
2026-02-15 03:01:27,897 - experiment_ablation_no_chaotic_features - INFO - Epoch 27: Train Loss: 0.7490, Train Acc: 0.9263, Val Loss: 5.7376, Val Acc: 0.2584
2026-02-15 03:01:28,814 - experiment_ablation_no_chaotic_features - INFO - Train Epoch 28: [0/472 (0.0%)]	Loss: 0.857573
2026-02-15 03:01:34,229 - experiment_ablation_no_chaotic_features - DEBUG - [STABILITY] lyap=0.018, max_norm=49.7, min_std=11.208
2026-02-15 03:01:38,206 - experiment_ablation_no_chaotic_features - INFO - [SYNC DEBUG] Epoch 28: sync_weight=0.1, desync_weight=0.1, loss_sync=0.497093
2026-02-15 03:01:38,859 - experiment_ablation_no_chaotic_features - INFO - Epoch 28: Train Loss: 0.7353, Train Acc: 0.9062, Val Loss: 5.8957, Val Acc: 0.0899
2026-02-15 03:01:39,900 - experiment_ablation_no_chaotic_features - INFO - Train Epoch 29: [0/472 (0.0%)]	Loss: 0.643546
2026-02-15 03:01:49,601 - experiment_ablation_no_chaotic_features - INFO - [SYNC DEBUG] Epoch 29: sync_weight=0.1, desync_weight=0.1, loss_sync=0.496987
2026-02-15 03:01:50,383 - experiment_ablation_no_chaotic_features - INFO - Epoch 29: Train Loss: 0.6937, Train Acc: 0.9286, Val Loss: 12.1114, Val Acc: 0.0449
2026-02-15 03:01:51,378 - experiment_ablation_no_chaotic_features - INFO - Train Epoch 30: [0/472 (0.0%)]	Loss: 0.648629
2026-02-15 03:02:01,099 - experiment_ablation_no_chaotic_features - INFO - [SYNC DEBUG] Epoch 30: sync_weight=0.1, desync_weight=0.1, loss_sync=0.500284
2026-02-15 03:02:01,837 - experiment_ablation_no_chaotic_features - INFO - Epoch 30: Train Loss: 0.7161, Train Acc: 0.9330, Val Loss: 3.6211, Val Acc: 0.3258
2026-02-15 03:02:02,867 - experiment_ablation_no_chaotic_features - INFO - Train Epoch 31: [0/472 (0.0%)]	Loss: 0.622687
2026-02-15 03:02:13,058 - experiment_ablation_no_chaotic_features - INFO - [SYNC DEBUG] Epoch 31: sync_weight=0.1, desync_weight=0.1, loss_sync=0.495707
2026-02-15 03:02:13,821 - experiment_ablation_no_chaotic_features - INFO - Epoch 31: Train Loss: 0.7597, Train Acc: 0.9219, Val Loss: 5.8089, Val Acc: 0.2135
2026-02-15 03:02:14,843 - experiment_ablation_no_chaotic_features - INFO - Train Epoch 32: [0/472 (0.0%)]	Loss: 0.622897
2026-02-15 03:02:24,383 - experiment_ablation_no_chaotic_features - INFO - [SYNC DEBUG] Epoch 32: sync_weight=0.1, desync_weight=0.1, loss_sync=0.498733
2026-02-15 03:02:25,140 - experiment_ablation_no_chaotic_features - INFO - Epoch 32: Train Loss: 0.7015, Train Acc: 0.9375, Val Loss: 8.7793, Val Acc: 0.1461
2026-02-15 03:02:26,164 - experiment_ablation_no_chaotic_features - INFO - Train Epoch 33: [0/472 (0.0%)]	Loss: 0.693683
2026-02-15 03:02:36,118 - experiment_ablation_no_chaotic_features - INFO - [SYNC DEBUG] Epoch 33: sync_weight=0.1, desync_weight=0.1, loss_sync=0.495878
2026-02-15 03:02:36,850 - experiment_ablation_no_chaotic_features - INFO - Epoch 33: Train Loss: 0.6973, Train Acc: 0.9442, Val Loss: 8.4712, Val Acc: 0.1124
2026-02-15 03:02:37,851 - experiment_ablation_no_chaotic_features - INFO - Train Epoch 34: [0/472 (0.0%)]	Loss: 0.770070
2026-02-15 03:02:47,684 - experiment_ablation_no_chaotic_features - INFO - [SYNC DEBUG] Epoch 34: sync_weight=0.1, desync_weight=0.1, loss_sync=0.495274
2026-02-15 03:02:48,395 - experiment_ablation_no_chaotic_features - INFO - Epoch 34: Train Loss: 0.7357, Train Acc: 0.9241, Val Loss: 5.2344, Val Acc: 0.2697
2026-02-15 03:02:49,392 - experiment_ablation_no_chaotic_features - INFO - Train Epoch 35: [0/472 (0.0%)]	Loss: 0.698198
2026-02-15 03:02:56,399 - experiment_ablation_no_chaotic_features - DEBUG - [STABILITY] lyap=0.017, max_norm=49.6, min_std=11.192
2026-02-15 03:02:59,118 - experiment_ablation_no_chaotic_features - INFO - [SYNC DEBUG] Epoch 35: sync_weight=0.1, desync_weight=0.1, loss_sync=0.496820
2026-02-15 03:02:59,847 - experiment_ablation_no_chaotic_features - INFO - Epoch 35: Train Loss: 0.7355, Train Acc: 0.9330, Val Loss: 5.0668, Val Acc: 0.3034
2026-02-15 03:03:00,866 - experiment_ablation_no_chaotic_features - INFO - Train Epoch 36: [0/472 (0.0%)]	Loss: 0.663639
2026-02-15 03:03:10,773 - experiment_ablation_no_chaotic_features - INFO - [SYNC DEBUG] Epoch 36: sync_weight=0.1, desync_weight=0.1, loss_sync=0.497212
2026-02-15 03:03:11,457 - experiment_ablation_no_chaotic_features - INFO - Epoch 36: Train Loss: 0.6708, Train Acc: 0.9286, Val Loss: 4.5414, Val Acc: 0.2584
2026-02-15 03:03:12,390 - experiment_ablation_no_chaotic_features - INFO - Train Epoch 37: [0/472 (0.0%)]	Loss: 0.688215
2026-02-15 03:03:22,431 - experiment_ablation_no_chaotic_features - INFO - [SYNC DEBUG] Epoch 37: sync_weight=0.1, desync_weight=0.1, loss_sync=0.498787
2026-02-15 03:03:23,161 - experiment_ablation_no_chaotic_features - INFO - Epoch 37: Train Loss: 0.6779, Train Acc: 0.9442, Val Loss: 4.8474, Val Acc: 0.3034
2026-02-15 03:03:24,178 - experiment_ablation_no_chaotic_features - INFO - Train Epoch 38: [0/472 (0.0%)]	Loss: 0.538238
2026-02-15 03:03:34,792 - experiment_ablation_no_chaotic_features - INFO - [SYNC DEBUG] Epoch 38: sync_weight=0.1, desync_weight=0.1, loss_sync=0.494935
2026-02-15 03:03:35,589 - experiment_ablation_no_chaotic_features - INFO - Epoch 38: Train Loss: 0.6952, Train Acc: 0.9353, Val Loss: 5.6429, Val Acc: 0.2472
2026-02-15 03:03:36,727 - experiment_ablation_no_chaotic_features - INFO - Train Epoch 39: [0/472 (0.0%)]	Loss: 0.620609
2026-02-15 03:03:46,607 - experiment_ablation_no_chaotic_features - INFO - [SYNC DEBUG] Epoch 39: sync_weight=0.1, desync_weight=0.1, loss_sync=0.497057
2026-02-15 03:03:47,309 - experiment_ablation_no_chaotic_features - INFO - Epoch 39: Train Loss: 0.6651, Train Acc: 0.9397, Val Loss: 6.0815, Val Acc: 0.1910
2026-02-15 03:03:48,256 - experiment_ablation_no_chaotic_features - INFO - Train Epoch 40: [0/472 (0.0%)]	Loss: 0.854287
2026-02-15 03:03:58,178 - experiment_ablation_no_chaotic_features - INFO - [SYNC DEBUG] Epoch 40: sync_weight=0.1, desync_weight=0.1, loss_sync=0.492373
2026-02-15 03:03:58,948 - experiment_ablation_no_chaotic_features - INFO - Epoch 40: Train Loss: 0.7361, Train Acc: 0.9308, Val Loss: 6.5753, Val Acc: 0.1910
2026-02-15 03:04:00,001 - experiment_ablation_no_chaotic_features - INFO - Train Epoch 41: [0/472 (0.0%)]	Loss: 0.701857
2026-02-15 03:04:09,496 - experiment_ablation_no_chaotic_features - INFO - [SYNC DEBUG] Epoch 41: sync_weight=0.1, desync_weight=0.1, loss_sync=0.498721
2026-02-15 03:04:10,287 - experiment_ablation_no_chaotic_features - INFO - Epoch 41: Train Loss: 0.6583, Train Acc: 0.9509, Val Loss: 5.7345, Val Acc: 0.3146
2026-02-15 03:04:11,243 - experiment_ablation_no_chaotic_features - INFO - Train Epoch 42: [0/472 (0.0%)]	Loss: 0.517890
2026-02-15 03:04:19,672 - experiment_ablation_no_chaotic_features - DEBUG - [STABILITY] lyap=0.020, max_norm=49.5, min_std=11.139
2026-02-15 03:04:20,907 - experiment_ablation_no_chaotic_features - INFO - [SYNC DEBUG] Epoch 42: sync_weight=0.1, desync_weight=0.1, loss_sync=0.494910
2026-02-15 03:04:21,701 - experiment_ablation_no_chaotic_features - INFO - Epoch 42: Train Loss: 0.5877, Train Acc: 0.9732, Val Loss: 4.0866, Val Acc: 0.4494
2026-02-15 03:04:21,776 - experiment_ablation_no_chaotic_features - INFO - Saved new best model at epoch 42
2026-02-15 03:04:22,885 - experiment_ablation_no_chaotic_features - INFO - Train Epoch 43: [0/472 (0.0%)]	Loss: 0.664351
2026-02-15 03:04:32,243 - experiment_ablation_no_chaotic_features - INFO - [SYNC DEBUG] Epoch 43: sync_weight=0.1, desync_weight=0.1, loss_sync=0.489703
2026-02-15 03:04:32,974 - experiment_ablation_no_chaotic_features - INFO - Epoch 43: Train Loss: 0.6521, Train Acc: 0.9531, Val Loss: 3.7319, Val Acc: 0.3820
2026-02-15 03:04:34,013 - experiment_ablation_no_chaotic_features - INFO - Train Epoch 44: [0/472 (0.0%)]	Loss: 0.821281
2026-02-15 03:04:43,796 - experiment_ablation_no_chaotic_features - INFO - [SYNC DEBUG] Epoch 44: sync_weight=0.1, desync_weight=0.1, loss_sync=0.493270
2026-02-15 03:04:44,538 - experiment_ablation_no_chaotic_features - INFO - Epoch 44: Train Loss: 0.6259, Train Acc: 0.9554, Val Loss: 8.0824, Val Acc: 0.1124
2026-02-15 03:04:45,471 - experiment_ablation_no_chaotic_features - INFO - Train Epoch 45: [0/472 (0.0%)]	Loss: 0.583162
2026-02-15 03:04:55,238 - experiment_ablation_no_chaotic_features - INFO - [SYNC DEBUG] Epoch 45: sync_weight=0.1, desync_weight=0.1, loss_sync=0.493085
2026-02-15 03:04:55,969 - experiment_ablation_no_chaotic_features - INFO - Epoch 45: Train Loss: 0.6515, Train Acc: 0.9397, Val Loss: 3.3576, Val Acc: 0.4607
2026-02-15 03:04:56,047 - experiment_ablation_no_chaotic_features - INFO - Saved new best model at epoch 45
2026-02-15 03:04:57,167 - experiment_ablation_no_chaotic_features - INFO - Train Epoch 46: [0/472 (0.0%)]	Loss: 0.499562
2026-02-15 03:05:07,319 - experiment_ablation_no_chaotic_features - INFO - [SYNC DEBUG] Epoch 46: sync_weight=0.1, desync_weight=0.1, loss_sync=0.486104
2026-02-15 03:05:08,106 - experiment_ablation_no_chaotic_features - INFO - Epoch 46: Train Loss: 0.6459, Train Acc: 0.9531, Val Loss: 7.6171, Val Acc: 0.1348
2026-02-15 03:05:09,117 - experiment_ablation_no_chaotic_features - INFO - Train Epoch 47: [0/472 (0.0%)]	Loss: 0.734738
2026-02-15 03:05:18,739 - experiment_ablation_no_chaotic_features - INFO - [SYNC DEBUG] Epoch 47: sync_weight=0.1, desync_weight=0.1, loss_sync=0.493670
2026-02-15 03:05:19,450 - experiment_ablation_no_chaotic_features - INFO - Epoch 47: Train Loss: 0.6799, Train Acc: 0.9554, Val Loss: 4.6798, Val Acc: 0.2697
2026-02-15 03:05:20,374 - experiment_ablation_no_chaotic_features - INFO - Train Epoch 48: [0/472 (0.0%)]	Loss: 0.776093
2026-02-15 03:05:30,001 - experiment_ablation_no_chaotic_features - INFO - [SYNC DEBUG] Epoch 48: sync_weight=0.1, desync_weight=0.1, loss_sync=0.499248
2026-02-15 03:05:30,669 - experiment_ablation_no_chaotic_features - INFO - Epoch 48: Train Loss: 0.6562, Train Acc: 0.9464, Val Loss: 3.8190, Val Acc: 0.3820
2026-02-15 03:05:31,683 - experiment_ablation_no_chaotic_features - INFO - Train Epoch 49: [0/472 (0.0%)]	Loss: 0.521322
2026-02-15 03:05:41,131 - experiment_ablation_no_chaotic_features - INFO - [SYNC DEBUG] Epoch 49: sync_weight=0.1, desync_weight=0.1, loss_sync=0.471756
2026-02-15 03:05:41,862 - experiment_ablation_no_chaotic_features - INFO - Epoch 49: Train Loss: 0.6233, Train Acc: 0.9531, Val Loss: 5.3128, Val Acc: 0.2697
2026-02-15 03:05:42,397 - experiment_ablation_no_chaotic_features - DEBUG - [STABILITY] lyap=0.027, max_norm=49.3, min_std=10.969
2026-02-15 03:05:42,789 - experiment_ablation_no_chaotic_features - INFO - Train Epoch 50: [0/472 (0.0%)]	Loss: 0.675263
2026-02-15 03:05:52,552 - experiment_ablation_no_chaotic_features - INFO - [SYNC DEBUG] Epoch 50: sync_weight=0.1, desync_weight=0.1, loss_sync=0.490975
2026-02-15 03:05:53,273 - experiment_ablation_no_chaotic_features - INFO - Epoch 50: Train Loss: 0.6251, Train Acc: 0.9621, Val Loss: 7.7487, Val Acc: 0.1685
2026-02-15 03:05:54,432 - experiment_ablation_no_chaotic_features - INFO - Train Epoch 51: [0/472 (0.0%)]	Loss: 0.757952
2026-02-15 03:06:04,078 - experiment_ablation_no_chaotic_features - INFO - [SYNC DEBUG] Epoch 51: sync_weight=0.1, desync_weight=0.1, loss_sync=0.491253
2026-02-15 03:06:04,715 - experiment_ablation_no_chaotic_features - INFO - Epoch 51: Train Loss: 0.6835, Train Acc: 0.9531, Val Loss: 3.9686, Val Acc: 0.4270
2026-02-15 03:06:05,742 - experiment_ablation_no_chaotic_features - INFO - Train Epoch 52: [0/472 (0.0%)]	Loss: 0.567281
2026-02-15 03:06:15,017 - experiment_ablation_no_chaotic_features - INFO - [SYNC DEBUG] Epoch 52: sync_weight=0.1, desync_weight=0.1, loss_sync=0.483602
2026-02-15 03:06:15,737 - experiment_ablation_no_chaotic_features - INFO - Epoch 52: Train Loss: 0.6034, Train Acc: 0.9509, Val Loss: 2.2770, Val Acc: 0.4944
2026-02-15 03:06:15,816 - experiment_ablation_no_chaotic_features - INFO - Saved new best model at epoch 52
2026-02-15 03:06:16,863 - experiment_ablation_no_chaotic_features - INFO - Train Epoch 53: [0/472 (0.0%)]	Loss: 0.525804
2026-02-15 03:06:26,537 - experiment_ablation_no_chaotic_features - INFO - [SYNC DEBUG] Epoch 53: sync_weight=0.1, desync_weight=0.1, loss_sync=0.492749
2026-02-15 03:06:27,382 - experiment_ablation_no_chaotic_features - INFO - Epoch 53: Train Loss: 0.6097, Train Acc: 0.9621, Val Loss: 4.2949, Val Acc: 0.4045
2026-02-15 03:06:28,395 - experiment_ablation_no_chaotic_features - INFO - Train Epoch 54: [0/472 (0.0%)]	Loss: 0.513462
2026-02-15 03:06:38,219 - experiment_ablation_no_chaotic_features - INFO - [SYNC DEBUG] Epoch 54: sync_weight=0.1, desync_weight=0.1, loss_sync=0.492466
2026-02-15 03:06:38,892 - experiment_ablation_no_chaotic_features - INFO - Epoch 54: Train Loss: 0.6062, Train Acc: 0.9710, Val Loss: 3.5067, Val Acc: 0.4382
2026-02-15 03:06:39,773 - experiment_ablation_no_chaotic_features - INFO - Train Epoch 55: [0/472 (0.0%)]	Loss: 0.551900
2026-02-15 03:06:49,405 - experiment_ablation_no_chaotic_features - INFO - [SYNC DEBUG] Epoch 55: sync_weight=0.1, desync_weight=0.1, loss_sync=0.491440
2026-02-15 03:06:50,209 - experiment_ablation_no_chaotic_features - INFO - Epoch 55: Train Loss: 0.7397, Train Acc: 0.9353, Val Loss: 5.8891, Val Acc: 0.1573
2026-02-15 03:06:51,240 - experiment_ablation_no_chaotic_features - INFO - Train Epoch 56: [0/472 (0.0%)]	Loss: 0.615569
2026-02-15 03:07:00,635 - experiment_ablation_no_chaotic_features - INFO - [SYNC DEBUG] Epoch 56: sync_weight=0.1, desync_weight=0.1, loss_sync=0.454328
2026-02-15 03:07:01,385 - experiment_ablation_no_chaotic_features - INFO - Epoch 56: Train Loss: 0.6709, Train Acc: 0.9420, Val Loss: 8.0882, Val Acc: 0.0674
2026-02-15 03:07:02,411 - experiment_ablation_no_chaotic_features - INFO - Train Epoch 57: [0/472 (0.0%)]	Loss: 0.762440
2026-02-15 03:07:03,421 - experiment_ablation_no_chaotic_features - DEBUG - [STABILITY] lyap=0.034, max_norm=49.3, min_std=10.531
2026-02-15 03:07:12,047 - experiment_ablation_no_chaotic_features - INFO - [SYNC DEBUG] Epoch 57: sync_weight=0.1, desync_weight=0.1, loss_sync=0.508450
2026-02-15 03:07:12,637 - experiment_ablation_no_chaotic_features - INFO - Epoch 57: Train Loss: 0.6529, Train Acc: 0.9576, Val Loss: 7.5706, Val Acc: 0.0562
2026-02-15 03:07:13,636 - experiment_ablation_no_chaotic_features - INFO - Train Epoch 58: [0/472 (0.0%)]	Loss: 0.586693
2026-02-15 03:07:23,300 - experiment_ablation_no_chaotic_features - INFO - [SYNC DEBUG] Epoch 58: sync_weight=0.1, desync_weight=0.1, loss_sync=0.497498
2026-02-15 03:07:24,038 - experiment_ablation_no_chaotic_features - INFO - Epoch 58: Train Loss: 0.6346, Train Acc: 0.9487, Val Loss: 9.5091, Val Acc: 0.0674
2026-02-15 03:07:25,001 - experiment_ablation_no_chaotic_features - INFO - Train Epoch 59: [0/472 (0.0%)]	Loss: 0.543703
2026-02-15 03:07:34,599 - experiment_ablation_no_chaotic_features - INFO - [SYNC DEBUG] Epoch 59: sync_weight=0.1, desync_weight=0.1, loss_sync=0.498348
2026-02-15 03:07:35,317 - experiment_ablation_no_chaotic_features - INFO - Epoch 59: Train Loss: 0.7433, Train Acc: 0.9152, Val Loss: 7.6854, Val Acc: 0.1573
2026-02-15 03:07:36,271 - experiment_ablation_no_chaotic_features - INFO - Train Epoch 60: [0/472 (0.0%)]	Loss: 0.586444
2026-02-15 03:07:46,065 - experiment_ablation_no_chaotic_features - INFO - [SYNC DEBUG] Epoch 60: sync_weight=0.1, desync_weight=0.1, loss_sync=0.494763
2026-02-15 03:07:46,818 - experiment_ablation_no_chaotic_features - INFO - Epoch 60: Train Loss: 0.5944, Train Acc: 0.9665, Val Loss: 6.0976, Val Acc: 0.2135
2026-02-15 03:07:47,883 - experiment_ablation_no_chaotic_features - INFO - Train Epoch 61: [0/472 (0.0%)]	Loss: 0.582870
2026-02-15 03:07:57,581 - experiment_ablation_no_chaotic_features - INFO - [SYNC DEBUG] Epoch 61: sync_weight=0.1, desync_weight=0.1, loss_sync=0.500241
2026-02-15 03:07:58,303 - experiment_ablation_no_chaotic_features - INFO - Epoch 61: Train Loss: 0.6580, Train Acc: 0.9554, Val Loss: 2.7496, Val Acc: 0.5506
2026-02-15 03:07:58,383 - experiment_ablation_no_chaotic_features - INFO - Saved new best model at epoch 61
2026-02-15 03:07:59,496 - experiment_ablation_no_chaotic_features - INFO - Train Epoch 62: [0/472 (0.0%)]	Loss: 0.511674
2026-02-15 03:08:09,145 - experiment_ablation_no_chaotic_features - INFO - [SYNC DEBUG] Epoch 62: sync_weight=0.1, desync_weight=0.1, loss_sync=0.498418
2026-02-15 03:08:09,938 - experiment_ablation_no_chaotic_features - INFO - Epoch 62: Train Loss: 0.6077, Train Acc: 0.9688, Val Loss: 1.2637, Val Acc: 0.7528
2026-02-15 03:08:10,019 - experiment_ablation_no_chaotic_features - INFO - Saved new best model at epoch 62
2026-02-15 03:08:11,011 - experiment_ablation_no_chaotic_features - INFO - Train Epoch 63: [0/472 (0.0%)]	Loss: 0.898514
2026-02-15 03:08:20,423 - experiment_ablation_no_chaotic_features - INFO - [SYNC DEBUG] Epoch 63: sync_weight=0.1, desync_weight=0.1, loss_sync=0.496117
2026-02-15 03:08:21,140 - experiment_ablation_no_chaotic_features - INFO - Epoch 63: Train Loss: 0.6507, Train Acc: 0.9509, Val Loss: 3.0974, Val Acc: 0.4494
2026-02-15 03:08:22,087 - experiment_ablation_no_chaotic_features - INFO - Train Epoch 64: [0/472 (0.0%)]	Loss: 0.674668
2026-02-15 03:08:24,868 - experiment_ablation_no_chaotic_features - DEBUG - [STABILITY] lyap=0.031, max_norm=27.0, min_std=3.692
2026-02-15 03:08:31,915 - experiment_ablation_no_chaotic_features - INFO - [SYNC DEBUG] Epoch 64: sync_weight=0.1, desync_weight=0.1, loss_sync=0.497512
2026-02-15 03:08:32,637 - experiment_ablation_no_chaotic_features - INFO - Epoch 64: Train Loss: 0.6359, Train Acc: 0.9665, Val Loss: 3.0420, Val Acc: 0.5393
2026-02-15 03:08:33,595 - experiment_ablation_no_chaotic_features - INFO - Train Epoch 65: [0/472 (0.0%)]	Loss: 0.769793
2026-02-15 03:08:43,129 - experiment_ablation_no_chaotic_features - INFO - [SYNC DEBUG] Epoch 65: sync_weight=0.1, desync_weight=0.1, loss_sync=0.497576
2026-02-15 03:08:43,865 - experiment_ablation_no_chaotic_features - INFO - Epoch 65: Train Loss: 0.6231, Train Acc: 0.9688, Val Loss: 2.4742, Val Acc: 0.5056
2026-02-15 03:08:44,871 - experiment_ablation_no_chaotic_features - INFO - Train Epoch 66: [0/472 (0.0%)]	Loss: 0.652957
2026-02-15 03:08:54,608 - experiment_ablation_no_chaotic_features - INFO - [SYNC DEBUG] Epoch 66: sync_weight=0.1, desync_weight=0.1, loss_sync=0.491254
2026-02-15 03:08:55,261 - experiment_ablation_no_chaotic_features - INFO - Epoch 66: Train Loss: 0.6438, Train Acc: 0.9531, Val Loss: 7.5638, Val Acc: 0.1910
2026-02-15 03:08:56,286 - experiment_ablation_no_chaotic_features - INFO - Train Epoch 67: [0/472 (0.0%)]	Loss: 0.680636
2026-02-15 03:09:05,880 - experiment_ablation_no_chaotic_features - INFO - [SYNC DEBUG] Epoch 67: sync_weight=0.1, desync_weight=0.1, loss_sync=0.498729
2026-02-15 03:09:06,601 - experiment_ablation_no_chaotic_features - INFO - Epoch 67: Train Loss: 0.6557, Train Acc: 0.9598, Val Loss: 2.7374, Val Acc: 0.4831
2026-02-15 03:09:07,620 - experiment_ablation_no_chaotic_features - INFO - Train Epoch 68: [0/472 (0.0%)]	Loss: 0.516306
2026-02-15 03:09:17,459 - experiment_ablation_no_chaotic_features - INFO - [SYNC DEBUG] Epoch 68: sync_weight=0.1, desync_weight=0.1, loss_sync=0.496400
2026-02-15 03:09:18,180 - experiment_ablation_no_chaotic_features - INFO - Epoch 68: Train Loss: 0.6024, Train Acc: 0.9621, Val Loss: 6.1290, Val Acc: 0.2022
2026-02-15 03:09:19,143 - experiment_ablation_no_chaotic_features - INFO - Train Epoch 69: [0/472 (0.0%)]	Loss: 0.507348
2026-02-15 03:09:28,441 - experiment_ablation_no_chaotic_features - INFO - [SYNC DEBUG] Epoch 69: sync_weight=0.1, desync_weight=0.1, loss_sync=0.498425
2026-02-15 03:09:29,183 - experiment_ablation_no_chaotic_features - INFO - Epoch 69: Train Loss: 0.6274, Train Acc: 0.9598, Val Loss: 4.1458, Val Acc: 0.3258
2026-02-15 03:09:30,151 - experiment_ablation_no_chaotic_features - INFO - Train Epoch 70: [0/472 (0.0%)]	Loss: 0.570965
2026-02-15 03:09:39,635 - experiment_ablation_no_chaotic_features - INFO - [SYNC DEBUG] Epoch 70: sync_weight=0.1, desync_weight=0.1, loss_sync=0.499741
2026-02-15 03:09:40,433 - experiment_ablation_no_chaotic_features - INFO - Epoch 70: Train Loss: 0.6533, Train Acc: 0.9554, Val Loss: 2.9431, Val Acc: 0.5955
2026-02-15 03:09:41,527 - experiment_ablation_no_chaotic_features - INFO - Train Epoch 71: [0/472 (0.0%)]	Loss: 0.572000
2026-02-15 03:09:45,577 - experiment_ablation_no_chaotic_features - DEBUG - [STABILITY] lyap=0.032, max_norm=28.0, min_std=3.932
2026-02-15 03:09:51,396 - experiment_ablation_no_chaotic_features - INFO - [SYNC DEBUG] Epoch 71: sync_weight=0.1, desync_weight=0.1, loss_sync=0.498204
2026-02-15 03:09:52,217 - experiment_ablation_no_chaotic_features - INFO - Epoch 71: Train Loss: 0.6122, Train Acc: 0.9598, Val Loss: 2.5764, Val Acc: 0.6067
2026-02-15 03:09:53,316 - experiment_ablation_no_chaotic_features - INFO - Train Epoch 72: [0/472 (0.0%)]	Loss: 0.740089
2026-02-15 03:10:02,876 - experiment_ablation_no_chaotic_features - INFO - [SYNC DEBUG] Epoch 72: sync_weight=0.1, desync_weight=0.1, loss_sync=0.485637
2026-02-15 03:10:03,700 - experiment_ablation_no_chaotic_features - INFO - Epoch 72: Train Loss: 0.6862, Train Acc: 0.9420, Val Loss: 6.4246, Val Acc: 0.1685
2026-02-15 03:10:04,657 - experiment_ablation_no_chaotic_features - INFO - Train Epoch 73: [0/472 (0.0%)]	Loss: 0.557161
2026-02-15 03:10:14,114 - experiment_ablation_no_chaotic_features - INFO - [SYNC DEBUG] Epoch 73: sync_weight=0.1, desync_weight=0.1, loss_sync=0.497781
2026-02-15 03:10:14,869 - experiment_ablation_no_chaotic_features - INFO - Epoch 73: Train Loss: 0.5639, Train Acc: 0.9777, Val Loss: 2.6014, Val Acc: 0.4944
2026-02-15 03:10:15,888 - experiment_ablation_no_chaotic_features - INFO - Train Epoch 74: [0/472 (0.0%)]	Loss: 0.534392
2026-02-15 03:10:25,506 - experiment_ablation_no_chaotic_features - INFO - [SYNC DEBUG] Epoch 74: sync_weight=0.1, desync_weight=0.1, loss_sync=0.498236
2026-02-15 03:10:26,230 - experiment_ablation_no_chaotic_features - INFO - Epoch 74: Train Loss: 0.5689, Train Acc: 0.9844, Val Loss: 0.2519, Val Acc: 0.9438
2026-02-15 03:10:26,308 - experiment_ablation_no_chaotic_features - INFO - Saved new best model at epoch 74
2026-02-15 03:10:27,359 - experiment_ablation_no_chaotic_features - INFO - Train Epoch 75: [0/472 (0.0%)]	Loss: 0.842327
2026-02-15 03:10:36,972 - experiment_ablation_no_chaotic_features - INFO - [SYNC DEBUG] Epoch 75: sync_weight=0.1, desync_weight=0.1, loss_sync=0.490108
2026-02-15 03:10:37,651 - experiment_ablation_no_chaotic_features - INFO - Epoch 75: Train Loss: 0.6400, Train Acc: 0.9509, Val Loss: 6.1567, Val Acc: 0.1910
2026-02-15 03:10:38,587 - experiment_ablation_no_chaotic_features - INFO - Train Epoch 76: [0/472 (0.0%)]	Loss: 0.501441
2026-02-15 03:10:48,211 - experiment_ablation_no_chaotic_features - INFO - [SYNC DEBUG] Epoch 76: sync_weight=0.1, desync_weight=0.1, loss_sync=0.495618
2026-02-15 03:10:48,978 - experiment_ablation_no_chaotic_features - INFO - Epoch 76: Train Loss: 0.6265, Train Acc: 0.9576, Val Loss: 10.9695, Val Acc: 0.0449
2026-02-15 03:10:49,983 - experiment_ablation_no_chaotic_features - INFO - Train Epoch 77: [0/472 (0.0%)]	Loss: 0.590716
2026-02-15 03:10:59,758 - experiment_ablation_no_chaotic_features - INFO - [SYNC DEBUG] Epoch 77: sync_weight=0.1, desync_weight=0.1, loss_sync=0.499126
2026-02-15 03:11:00,510 - experiment_ablation_no_chaotic_features - INFO - Epoch 77: Train Loss: 0.5939, Train Acc: 0.9710, Val Loss: 3.1106, Val Acc: 0.5056
2026-02-15 03:11:01,544 - experiment_ablation_no_chaotic_features - INFO - Train Epoch 78: [0/472 (0.0%)]	Loss: 0.514251
2026-02-15 03:11:06,755 - experiment_ablation_no_chaotic_features - DEBUG - [STABILITY] lyap=0.032, max_norm=28.5, min_std=3.992
2026-02-15 03:11:11,012 - experiment_ablation_no_chaotic_features - INFO - [SYNC DEBUG] Epoch 78: sync_weight=0.1, desync_weight=0.1, loss_sync=0.498617
2026-02-15 03:11:11,661 - experiment_ablation_no_chaotic_features - INFO - Epoch 78: Train Loss: 0.5783, Train Acc: 0.9799, Val Loss: 0.9005, Val Acc: 0.8202
2026-02-15 03:11:12,606 - experiment_ablation_no_chaotic_features - INFO - Train Epoch 79: [0/472 (0.0%)]	Loss: 0.658238
2026-02-15 03:11:23,078 - experiment_ablation_no_chaotic_features - INFO - [SYNC DEBUG] Epoch 79: sync_weight=0.1, desync_weight=0.1, loss_sync=0.496820
2026-02-15 03:11:23,828 - experiment_ablation_no_chaotic_features - INFO - Epoch 79: Train Loss: 0.5954, Train Acc: 0.9710, Val Loss: 0.7684, Val Acc: 0.8090
2026-02-15 03:11:24,852 - experiment_ablation_no_chaotic_features - INFO - Train Epoch 80: [0/472 (0.0%)]	Loss: 0.510064
2026-02-15 03:11:34,343 - experiment_ablation_no_chaotic_features - INFO - [SYNC DEBUG] Epoch 80: sync_weight=0.1, desync_weight=0.1, loss_sync=0.498530
2026-02-15 03:11:35,068 - experiment_ablation_no_chaotic_features - INFO - Epoch 80: Train Loss: 0.5901, Train Acc: 0.9710, Val Loss: 1.8587, Val Acc: 0.6517
2026-02-15 03:11:36,172 - experiment_ablation_no_chaotic_features - INFO - Train Epoch 81: [0/472 (0.0%)]	Loss: 0.727100
2026-02-15 03:11:45,944 - experiment_ablation_no_chaotic_features - INFO - [SYNC DEBUG] Epoch 81: sync_weight=0.1, desync_weight=0.1, loss_sync=0.494621
2026-02-15 03:11:46,570 - experiment_ablation_no_chaotic_features - INFO - Epoch 81: Train Loss: 0.5646, Train Acc: 0.9799, Val Loss: 3.7029, Val Acc: 0.4494
2026-02-15 03:11:47,519 - experiment_ablation_no_chaotic_features - INFO - Train Epoch 82: [0/472 (0.0%)]	Loss: 0.637248
2026-02-15 03:11:57,301 - experiment_ablation_no_chaotic_features - INFO - [SYNC DEBUG] Epoch 82: sync_weight=0.1, desync_weight=0.1, loss_sync=0.494155
2026-02-15 03:11:58,019 - experiment_ablation_no_chaotic_features - INFO - Epoch 82: Train Loss: 0.5946, Train Acc: 0.9754, Val Loss: 5.4031, Val Acc: 0.2809
2026-02-15 03:11:59,086 - experiment_ablation_no_chaotic_features - INFO - Train Epoch 83: [0/472 (0.0%)]	Loss: 0.519871
2026-02-15 03:12:08,677 - experiment_ablation_no_chaotic_features - INFO - [SYNC DEBUG] Epoch 83: sync_weight=0.1, desync_weight=0.1, loss_sync=0.492269
2026-02-15 03:12:09,409 - experiment_ablation_no_chaotic_features - INFO - Epoch 83: Train Loss: 0.5733, Train Acc: 0.9821, Val Loss: 4.6361, Val Acc: 0.3708
2026-02-15 03:12:10,423 - experiment_ablation_no_chaotic_features - INFO - Train Epoch 84: [0/472 (0.0%)]	Loss: 0.559165
2026-02-15 03:12:20,197 - experiment_ablation_no_chaotic_features - INFO - [SYNC DEBUG] Epoch 84: sync_weight=0.1, desync_weight=0.1, loss_sync=0.488378
2026-02-15 03:12:20,817 - experiment_ablation_no_chaotic_features - INFO - Epoch 84: Train Loss: 0.6142, Train Acc: 0.9576, Val Loss: 5.0219, Val Acc: 0.3708
2026-02-15 03:12:21,767 - experiment_ablation_no_chaotic_features - INFO - Train Epoch 85: [0/472 (0.0%)]	Loss: 0.482053
2026-02-15 03:12:28,092 - experiment_ablation_no_chaotic_features - DEBUG - [STABILITY] lyap=0.033, max_norm=30.7, min_std=4.300
2026-02-15 03:12:30,438 - experiment_ablation_no_chaotic_features - INFO - [SYNC DEBUG] Epoch 85: sync_weight=0.1, desync_weight=0.1, loss_sync=0.489160
2026-02-15 03:12:31,017 - experiment_ablation_no_chaotic_features - INFO - Epoch 85: Train Loss: 0.5429, Train Acc: 0.9844, Val Loss: 7.0690, Val Acc: 0.1685
2026-02-15 03:12:31,886 - experiment_ablation_no_chaotic_features - INFO - Train Epoch 86: [0/472 (0.0%)]	Loss: 0.601131
2026-02-15 03:12:40,118 - experiment_ablation_no_chaotic_features - INFO - [SYNC DEBUG] Epoch 86: sync_weight=0.1, desync_weight=0.1, loss_sync=0.489910
2026-02-15 03:12:40,696 - experiment_ablation_no_chaotic_features - INFO - Epoch 86: Train Loss: 0.5793, Train Acc: 0.9777, Val Loss: 3.9801, Val Acc: 0.4831
2026-02-15 03:12:41,534 - experiment_ablation_no_chaotic_features - INFO - Train Epoch 87: [0/472 (0.0%)]	Loss: 0.527094
2026-02-15 03:12:49,645 - experiment_ablation_no_chaotic_features - INFO - [SYNC DEBUG] Epoch 87: sync_weight=0.1, desync_weight=0.1, loss_sync=0.483511
2026-02-15 03:12:50,213 - experiment_ablation_no_chaotic_features - INFO - Epoch 87: Train Loss: 0.5251, Train Acc: 0.9933, Val Loss: 4.7726, Val Acc: 0.3371
2026-02-15 03:12:51,065 - experiment_ablation_no_chaotic_features - INFO - Train Epoch 88: [0/472 (0.0%)]	Loss: 0.582409
2026-02-15 03:12:59,197 - experiment_ablation_no_chaotic_features - INFO - [SYNC DEBUG] Epoch 88: sync_weight=0.1, desync_weight=0.1, loss_sync=0.497576
2026-02-15 03:12:59,766 - experiment_ablation_no_chaotic_features - INFO - Epoch 88: Train Loss: 0.5706, Train Acc: 0.9799, Val Loss: 6.0520, Val Acc: 0.2697
2026-02-15 03:13:00,616 - experiment_ablation_no_chaotic_features - INFO - Train Epoch 89: [0/472 (0.0%)]	Loss: 0.625293
2026-02-15 03:13:08,735 - experiment_ablation_no_chaotic_features - INFO - [SYNC DEBUG] Epoch 89: sync_weight=0.1, desync_weight=0.1, loss_sync=0.499923
2026-02-15 03:13:09,299 - experiment_ablation_no_chaotic_features - INFO - Epoch 89: Train Loss: 0.5618, Train Acc: 0.9821, Val Loss: 1.7605, Val Acc: 0.7079
2026-02-15 03:13:10,145 - experiment_ablation_no_chaotic_features - INFO - Train Epoch 90: [0/472 (0.0%)]	Loss: 0.515889
2026-02-15 03:13:18,473 - experiment_ablation_no_chaotic_features - INFO - [SYNC DEBUG] Epoch 90: sync_weight=0.1, desync_weight=0.1, loss_sync=0.500017
2026-02-15 03:13:19,045 - experiment_ablation_no_chaotic_features - INFO - Epoch 90: Train Loss: 0.5834, Train Acc: 0.9799, Val Loss: 0.5090, Val Acc: 0.8539
2026-02-15 03:13:19,962 - experiment_ablation_no_chaotic_features - INFO - Train Epoch 91: [0/472 (0.0%)]	Loss: 0.658763
2026-02-15 03:13:28,118 - experiment_ablation_no_chaotic_features - INFO - [SYNC DEBUG] Epoch 91: sync_weight=0.1, desync_weight=0.1, loss_sync=0.499946
2026-02-15 03:13:28,708 - experiment_ablation_no_chaotic_features - INFO - Epoch 91: Train Loss: 0.6169, Train Acc: 0.9710, Val Loss: 0.7644, Val Acc: 0.8652
2026-02-15 03:13:29,547 - experiment_ablation_no_chaotic_features - INFO - Train Epoch 92: [0/472 (0.0%)]	Loss: 0.572152
2026-02-15 03:13:36,580 - experiment_ablation_no_chaotic_features - DEBUG - [STABILITY] lyap=0.034, max_norm=32.2, min_std=4.674
2026-02-15 03:13:37,703 - experiment_ablation_no_chaotic_features - INFO - [SYNC DEBUG] Epoch 92: sync_weight=0.1, desync_weight=0.1, loss_sync=0.499541
2026-02-15 03:13:38,276 - experiment_ablation_no_chaotic_features - INFO - Epoch 92: Train Loss: 0.5805, Train Acc: 0.9754, Val Loss: 0.2061, Val Acc: 0.9326
2026-02-15 03:13:39,128 - experiment_ablation_no_chaotic_features - INFO - Train Epoch 93: [0/472 (0.0%)]	Loss: 0.709026
2026-02-15 03:13:48,024 - experiment_ablation_no_chaotic_features - INFO - [SYNC DEBUG] Epoch 93: sync_weight=0.1, desync_weight=0.1, loss_sync=0.499092
2026-02-15 03:13:48,783 - experiment_ablation_no_chaotic_features - INFO - Epoch 93: Train Loss: 0.5746, Train Acc: 0.9710, Val Loss: 0.8108, Val Acc: 0.8652
2026-02-15 03:13:49,772 - experiment_ablation_no_chaotic_features - INFO - Train Epoch 94: [0/472 (0.0%)]	Loss: 0.517167
2026-02-15 03:13:59,535 - experiment_ablation_no_chaotic_features - INFO - [SYNC DEBUG] Epoch 94: sync_weight=0.1, desync_weight=0.1, loss_sync=0.499725
2026-02-15 03:14:00,101 - experiment_ablation_no_chaotic_features - INFO - Epoch 94: Train Loss: 0.5556, Train Acc: 0.9844, Val Loss: 2.1521, Val Acc: 0.6292
2026-02-15 03:14:01,165 - experiment_ablation_no_chaotic_features - INFO - Train Epoch 95: [0/472 (0.0%)]	Loss: 0.531271
2026-02-15 03:14:11,183 - experiment_ablation_no_chaotic_features - INFO - [SYNC DEBUG] Epoch 95: sync_weight=0.1, desync_weight=0.1, loss_sync=0.499388
2026-02-15 03:14:11,959 - experiment_ablation_no_chaotic_features - INFO - Epoch 95: Train Loss: 0.5602, Train Acc: 0.9821, Val Loss: 0.3703, Val Acc: 0.9101
2026-02-15 03:14:12,912 - experiment_ablation_no_chaotic_features - INFO - Train Epoch 96: [0/472 (0.0%)]	Loss: 0.600686
2026-02-15 03:14:22,719 - experiment_ablation_no_chaotic_features - INFO - [SYNC DEBUG] Epoch 96: sync_weight=0.1, desync_weight=0.1, loss_sync=0.490417
2026-02-15 03:14:23,480 - experiment_ablation_no_chaotic_features - INFO - Epoch 96: Train Loss: 0.5744, Train Acc: 0.9844, Val Loss: 7.3850, Val Acc: 0.1124
2026-02-15 03:14:24,480 - experiment_ablation_no_chaotic_features - INFO - Train Epoch 97: [0/472 (0.0%)]	Loss: 1.181227
2026-02-15 03:14:34,149 - experiment_ablation_no_chaotic_features - INFO - [SYNC DEBUG] Epoch 97: sync_weight=0.1, desync_weight=0.1, loss_sync=0.488751
2026-02-15 03:14:34,877 - experiment_ablation_no_chaotic_features - INFO - Epoch 97: Train Loss: 0.5909, Train Acc: 0.9732, Val Loss: 6.0632, Val Acc: 0.2809
2026-02-15 03:14:35,810 - experiment_ablation_no_chaotic_features - INFO - Train Epoch 98: [0/472 (0.0%)]	Loss: 0.619698
2026-02-15 03:14:45,203 - experiment_ablation_no_chaotic_features - INFO - [SYNC DEBUG] Epoch 98: sync_weight=0.1, desync_weight=0.1, loss_sync=0.488997
2026-02-15 03:14:45,940 - experiment_ablation_no_chaotic_features - INFO - Epoch 98: Train Loss: 0.5669, Train Acc: 0.9821, Val Loss: 7.4815, Val Acc: 0.1011
2026-02-15 03:14:46,909 - experiment_ablation_no_chaotic_features - INFO - Train Epoch 99: [0/472 (0.0%)]	Loss: 0.585620
2026-02-15 03:14:56,722 - experiment_ablation_no_chaotic_features - INFO - [SYNC DEBUG] Epoch 99: sync_weight=0.1, desync_weight=0.1, loss_sync=0.493597
2026-02-15 03:14:57,460 - experiment_ablation_no_chaotic_features - INFO - Epoch 99: Train Loss: 0.5548, Train Acc: 0.9799, Val Loss: 2.9268, Val Acc: 0.4831
2026-02-15 03:14:57,463 - experiment_ablation_no_chaotic_features - INFO - Running final test evaluation...
2026-02-15 03:14:58,288 - experiment_ablation_no_chaotic_features - INFO - Test Results:
2026-02-15 03:14:58,288 - experiment_ablation_no_chaotic_features - INFO -   loss: 3.4270
2026-02-15 03:14:58,288 - experiment_ablation_no_chaotic_features - INFO -   accuracy: 0.3983
2026-02-15 03:14:58,290 - experiment_ablation_no_chaotic_features - INFO - Training completed
2026-02-15 04:00:14,806 - experiment_ablation_no_chaotic_features - INFO - Initialized experiment: ablation_no_chaotic_features
2026-02-15 04:00:14,806 - experiment_ablation_no_chaotic_features - INFO - Device: cuda
2026-02-15 04:00:14,806 - experiment_ablation_no_chaotic_features - INFO - Output directory: /scratch/project_2003370/yueyao/Model/experiments/configs/Ablation_study/no_chaotic_features/ablation_no_chaotic_features
2026-02-15 04:00:14,806 - experiment_ablation_no_chaotic_features - INFO - [SYNC LOSS] Enabled with mode: standard
2026-02-15 04:00:14,806 - experiment_ablation_no_chaotic_features - INFO - Initialized chaotic network experiment with lorenz system
2026-02-15 04:00:14,806 - experiment_ablation_no_chaotic_features - INFO - Setting up experiment components...
2026-02-15 04:00:14,806 - experiment_ablation_no_chaotic_features - INFO - Creating dataloaders...
2026-02-15 04:00:15,388 - experiment_ablation_no_chaotic_features - INFO - Detected 26 speakers in dataset
2026-02-15 04:00:15,388 - experiment_ablation_no_chaotic_features - INFO - Dataloaders created:
2026-02-15 04:00:15,388 - experiment_ablation_no_chaotic_features - INFO -   Train: 14 batches
2026-02-15 04:00:15,388 - experiment_ablation_no_chaotic_features - INFO -   Val: 3 batches
2026-02-15 04:00:15,388 - experiment_ablation_no_chaotic_features - INFO -   Test: 4 batches
2026-02-15 04:00:15,388 - experiment_ablation_no_chaotic_features - INFO - Creating model...
2026-02-15 04:00:15,388 - experiment_ablation_no_chaotic_features - INFO - Using actual num_speakers from dataset: 26
2026-02-15 04:01:22,106 - experiment_ablation_no_chaotic_features - INFO - Total parameters: 500,671
2026-02-15 04:01:22,106 - experiment_ablation_no_chaotic_features - INFO - Trainable parameters: 500,671
2026-02-15 04:01:22,106 - experiment_ablation_no_chaotic_features - INFO - Creating optimizer...
2026-02-15 04:01:22,106 - experiment_ablation_no_chaotic_features - INFO - Optimizer: AdamW
2026-02-15 04:01:22,106 - experiment_ablation_no_chaotic_features - INFO - Creating scheduler...
2026-02-15 04:01:22,106 - experiment_ablation_no_chaotic_features - INFO - Creating criterion...
2026-02-15 04:01:22,107 - experiment_ablation_no_chaotic_features - INFO - Criterion: CrossEntropyLoss
2026-02-15 04:01:22,223 - experiment_ablation_no_chaotic_features - INFO - Configuration saved to: /scratch/project_2003370/yueyao/Model/experiments/configs/Ablation_study/no_chaotic_features/ablation_no_chaotic_features/config.json
2026-02-15 04:01:22,224 - experiment_ablation_no_chaotic_features - INFO - Experiment setup completed
2026-02-15 04:01:22,226 - experiment_ablation_no_chaotic_features - INFO - Starting training for 100 epochs
2026-02-15 04:01:22,226 - experiment_ablation_no_chaotic_features - INFO - [SYNC LOSS] Warmup complete, synchronization loss activated!
2026-02-15 04:01:22,507 - experiment_ablation_no_chaotic_features - INFO - 
================================================================================
2026-02-15 04:01:22,507 - experiment_ablation_no_chaotic_features - INFO - COMPREHENSIVE DEBUG - FIRST BATCH
2026-02-15 04:01:22,507 - experiment_ablation_no_chaotic_features - INFO - ================================================================================
2026-02-15 04:01:22,507 - experiment_ablation_no_chaotic_features - INFO - Batch Info:
2026-02-15 04:01:22,507 - experiment_ablation_no_chaotic_features - INFO -   Audio shape: torch.Size([32, 48000])
2026-02-15 04:01:22,507 - experiment_ablation_no_chaotic_features - INFO -   Targets shape: torch.Size([32])
2026-02-15 04:01:22,509 - experiment_ablation_no_chaotic_features - INFO -   Targets (first 8): tensor([18, 24,  5, 21, 17, 17, 21,  7], device='cuda:0')
2026-02-15 04:01:22,713 - experiment_ablation_no_chaotic_features - INFO - ================================================================================

2026-02-15 04:01:23,125 - experiment_ablation_no_chaotic_features - INFO - [STABILITY] Initialized LyapunovStabilityLoss
2026-02-15 04:01:23,127 - experiment_ablation_no_chaotic_features - DEBUG - [STABILITY] lyap=0.066, max_norm=14.5, min_std=1.167
2026-02-15 04:01:23,538 - experiment_ablation_no_chaotic_features - INFO - Train Epoch 0: [0/472 (0.0%)]	Loss: 6.160213
2026-02-15 04:01:33,405 - experiment_ablation_no_chaotic_features - INFO - [SYNC DEBUG] Epoch 0: sync_weight=0.1, desync_weight=0.1, loss_sync=0.505840
2026-02-15 04:01:34,293 - experiment_ablation_no_chaotic_features - INFO - Epoch 0: Train Loss: 6.2946, Train Acc: 0.0558, Val Loss: 6.6995, Val Acc: 0.0449
2026-02-15 04:01:34,387 - experiment_ablation_no_chaotic_features - INFO - Saved new best model at epoch 0
2026-02-15 04:01:35,552 - experiment_ablation_no_chaotic_features - INFO - Train Epoch 1: [0/472 (0.0%)]	Loss: 5.582089
2026-02-15 04:01:45,317 - experiment_ablation_no_chaotic_features - INFO - [SYNC DEBUG] Epoch 1: sync_weight=0.1, desync_weight=0.1, loss_sync=0.497145
2026-02-15 04:01:46,126 - experiment_ablation_no_chaotic_features - INFO - Epoch 1: Train Loss: 4.5060, Train Acc: 0.1362, Val Loss: 5.4601, Val Acc: 0.0449
2026-02-15 04:01:47,141 - experiment_ablation_no_chaotic_features - INFO - Train Epoch 2: [0/472 (0.0%)]	Loss: 3.797297
2026-02-15 04:01:56,690 - experiment_ablation_no_chaotic_features - INFO - [SYNC DEBUG] Epoch 2: sync_weight=0.1, desync_weight=0.1, loss_sync=0.498931
2026-02-15 04:01:57,462 - experiment_ablation_no_chaotic_features - INFO - Epoch 2: Train Loss: 3.4365, Train Acc: 0.2589, Val Loss: 5.4987, Val Acc: 0.0899
2026-02-15 04:01:57,550 - experiment_ablation_no_chaotic_features - INFO - Saved new best model at epoch 2
2026-02-15 04:01:58,622 - experiment_ablation_no_chaotic_features - INFO - Train Epoch 3: [0/472 (0.0%)]	Loss: 2.882975
2026-02-15 04:02:08,064 - experiment_ablation_no_chaotic_features - INFO - [SYNC DEBUG] Epoch 3: sync_weight=0.1, desync_weight=0.1, loss_sync=0.497170
2026-02-15 04:02:08,792 - experiment_ablation_no_chaotic_features - INFO - Epoch 3: Train Loss: 3.0166, Train Acc: 0.3415, Val Loss: 5.4826, Val Acc: 0.0449
2026-02-15 04:02:10,001 - experiment_ablation_no_chaotic_features - INFO - Train Epoch 4: [0/472 (0.0%)]	Loss: 2.234851
2026-02-15 04:02:20,287 - experiment_ablation_no_chaotic_features - INFO - [SYNC DEBUG] Epoch 4: sync_weight=0.1, desync_weight=0.1, loss_sync=0.499368
2026-02-15 04:02:21,052 - experiment_ablation_no_chaotic_features - INFO - Epoch 4: Train Loss: 2.6257, Train Acc: 0.4018, Val Loss: 5.9400, Val Acc: 0.0449
2026-02-15 04:02:22,289 - experiment_ablation_no_chaotic_features - INFO - Train Epoch 5: [0/472 (0.0%)]	Loss: 2.551359
2026-02-15 04:02:35,146 - experiment_ablation_no_chaotic_features - INFO - [SYNC DEBUG] Epoch 5: sync_weight=0.1, desync_weight=0.1, loss_sync=0.495903
2026-02-15 04:02:36,049 - experiment_ablation_no_chaotic_features - INFO - Epoch 5: Train Loss: 2.2361, Train Acc: 0.4821, Val Loss: 4.9179, Val Acc: 0.0562
2026-02-15 04:02:37,298 - experiment_ablation_no_chaotic_features - INFO - Train Epoch 6: [0/472 (0.0%)]	Loss: 2.188035
2026-02-15 04:02:49,846 - experiment_ablation_no_chaotic_features - INFO - [SYNC DEBUG] Epoch 6: sync_weight=0.1, desync_weight=0.1, loss_sync=0.495879
2026-02-15 04:02:50,917 - experiment_ablation_no_chaotic_features - INFO - Epoch 6: Train Loss: 1.9843, Train Acc: 0.5781, Val Loss: 4.6540, Val Acc: 0.1124
2026-02-15 04:02:50,994 - experiment_ablation_no_chaotic_features - INFO - Saved new best model at epoch 6
2026-02-15 04:02:52,307 - experiment_ablation_no_chaotic_features - INFO - Train Epoch 7: [0/472 (0.0%)]	Loss: 1.464207
2026-02-15 04:02:53,841 - experiment_ablation_no_chaotic_features - DEBUG - [STABILITY] lyap=0.030, max_norm=36.1, min_std=7.679
2026-02-15 04:03:06,223 - experiment_ablation_no_chaotic_features - INFO - [SYNC DEBUG] Epoch 7: sync_weight=0.1, desync_weight=0.1, loss_sync=0.497337
2026-02-15 04:03:07,323 - experiment_ablation_no_chaotic_features - INFO - Epoch 7: Train Loss: 1.7597, Train Acc: 0.6004, Val Loss: 4.4322, Val Acc: 0.2022
2026-02-15 04:03:07,405 - experiment_ablation_no_chaotic_features - INFO - Saved new best model at epoch 7
2026-02-15 04:03:08,887 - experiment_ablation_no_chaotic_features - INFO - Train Epoch 8: [0/472 (0.0%)]	Loss: 1.573469
2026-02-15 04:03:23,146 - experiment_ablation_no_chaotic_features - INFO - [SYNC DEBUG] Epoch 8: sync_weight=0.1, desync_weight=0.1, loss_sync=0.498184
2026-02-15 04:03:24,201 - experiment_ablation_no_chaotic_features - INFO - Epoch 8: Train Loss: 1.5228, Train Acc: 0.6853, Val Loss: 4.8389, Val Acc: 0.0562
2026-02-15 04:32:35,254 - experiment_ablation_no_chaotic_features - INFO - Initialized experiment: ablation_no_chaotic_features
2026-02-15 04:32:35,264 - experiment_ablation_no_chaotic_features - INFO - Device: cuda
2026-02-15 04:32:35,264 - experiment_ablation_no_chaotic_features - INFO - Output directory: /scratch/project_2003370/yueyao/Model/experiments/configs/Ablation_study/no_chaotic_features/ablation_no_chaotic_features
2026-02-15 04:32:35,265 - experiment_ablation_no_chaotic_features - INFO - [SYNC LOSS] Enabled with mode: standard
2026-02-15 04:32:35,265 - experiment_ablation_no_chaotic_features - INFO - Initialized chaotic network experiment with lorenz system
2026-02-15 04:32:35,265 - experiment_ablation_no_chaotic_features - INFO - Setting up experiment components...
2026-02-15 04:32:35,265 - experiment_ablation_no_chaotic_features - INFO - Creating dataloaders...
2026-02-15 04:32:35,656 - experiment_ablation_no_chaotic_features - INFO - Detected 26 speakers in dataset
2026-02-15 04:32:35,656 - experiment_ablation_no_chaotic_features - INFO - Dataloaders created:
2026-02-15 04:32:35,656 - experiment_ablation_no_chaotic_features - INFO -   Train: 14 batches
2026-02-15 04:32:35,656 - experiment_ablation_no_chaotic_features - INFO -   Val: 3 batches
2026-02-15 04:32:35,656 - experiment_ablation_no_chaotic_features - INFO -   Test: 4 batches
2026-02-15 04:32:35,656 - experiment_ablation_no_chaotic_features - INFO - Creating model...
2026-02-15 04:32:35,656 - experiment_ablation_no_chaotic_features - INFO - Using actual num_speakers from dataset: 26
2026-02-15 04:33:41,420 - experiment_ablation_no_chaotic_features - INFO - Total parameters: 500,671
2026-02-15 04:33:41,420 - experiment_ablation_no_chaotic_features - INFO - Trainable parameters: 500,671
2026-02-15 04:33:41,420 - experiment_ablation_no_chaotic_features - INFO - Creating optimizer...
2026-02-15 04:33:41,421 - experiment_ablation_no_chaotic_features - INFO - Optimizer: AdamW
2026-02-15 04:33:41,421 - experiment_ablation_no_chaotic_features - INFO - Creating scheduler...
2026-02-15 04:33:41,421 - experiment_ablation_no_chaotic_features - INFO - Creating criterion...
2026-02-15 04:33:41,421 - experiment_ablation_no_chaotic_features - INFO - Criterion: CrossEntropyLoss
2026-02-15 04:33:41,507 - experiment_ablation_no_chaotic_features - INFO - Configuration saved to: /scratch/project_2003370/yueyao/Model/experiments/configs/Ablation_study/no_chaotic_features/ablation_no_chaotic_features/config.json
2026-02-15 04:33:41,507 - experiment_ablation_no_chaotic_features - INFO - Experiment setup completed
2026-02-15 04:33:41,508 - experiment_ablation_no_chaotic_features - INFO - Starting training for 100 epochs
2026-02-15 04:33:41,508 - experiment_ablation_no_chaotic_features - INFO - [SYNC LOSS] Warmup complete, synchronization loss activated!
2026-02-15 04:33:41,731 - experiment_ablation_no_chaotic_features - INFO - 
================================================================================
2026-02-15 04:33:41,732 - experiment_ablation_no_chaotic_features - INFO - COMPREHENSIVE DEBUG - FIRST BATCH
2026-02-15 04:33:41,732 - experiment_ablation_no_chaotic_features - INFO - ================================================================================
2026-02-15 04:33:41,732 - experiment_ablation_no_chaotic_features - INFO - Batch Info:
2026-02-15 04:33:41,732 - experiment_ablation_no_chaotic_features - INFO -   Audio shape: torch.Size([32, 48000])
2026-02-15 04:33:41,732 - experiment_ablation_no_chaotic_features - INFO -   Targets shape: torch.Size([32])
2026-02-15 04:33:41,733 - experiment_ablation_no_chaotic_features - INFO -   Targets (first 8): tensor([18, 24,  5, 21, 17, 17, 21,  7], device='cuda:0')
2026-02-15 04:33:41,887 - experiment_ablation_no_chaotic_features - INFO - ================================================================================

2026-02-15 04:33:42,124 - experiment_ablation_no_chaotic_features - INFO - [STABILITY] Initialized LyapunovStabilityLoss
2026-02-15 04:33:42,125 - experiment_ablation_no_chaotic_features - DEBUG - [STABILITY] lyap=0.066, max_norm=14.5, min_std=1.167
2026-02-15 04:33:42,503 - experiment_ablation_no_chaotic_features - INFO - Train Epoch 0: [0/472 (0.0%)]	Loss: 6.160213
2026-02-15 04:33:50,860 - experiment_ablation_no_chaotic_features - INFO - [SYNC DEBUG] Epoch 0: sync_weight=0.1, desync_weight=0.1, loss_sync=0.502841
2026-02-15 04:33:51,487 - experiment_ablation_no_chaotic_features - INFO - Epoch 0: Train Loss: 6.3122, Train Acc: 0.0692, Val Loss: 5.3719, Val Acc: 0.0449
2026-02-15 04:33:51,559 - experiment_ablation_no_chaotic_features - INFO - Saved new best model at epoch 0
2026-02-15 04:33:52,570 - experiment_ablation_no_chaotic_features - INFO - Train Epoch 1: [0/472 (0.0%)]	Loss: 5.688534
2026-02-15 04:34:00,645 - experiment_ablation_no_chaotic_features - INFO - [SYNC DEBUG] Epoch 1: sync_weight=0.1, desync_weight=0.1, loss_sync=0.488697
2026-02-15 04:34:01,268 - experiment_ablation_no_chaotic_features - INFO - Epoch 1: Train Loss: 4.6444, Train Acc: 0.2165, Val Loss: 4.8801, Val Acc: 0.0449
2026-02-15 04:34:02,159 - experiment_ablation_no_chaotic_features - INFO - Train Epoch 2: [0/472 (0.0%)]	Loss: 3.566821
2026-02-15 04:34:10,274 - experiment_ablation_no_chaotic_features - INFO - [SYNC DEBUG] Epoch 2: sync_weight=0.1, desync_weight=0.1, loss_sync=0.499477
2026-02-15 04:34:10,911 - experiment_ablation_no_chaotic_features - INFO - Epoch 2: Train Loss: 2.9732, Train Acc: 0.3616, Val Loss: 5.4863, Val Acc: 0.0899
2026-02-15 04:34:10,990 - experiment_ablation_no_chaotic_features - INFO - Saved new best model at epoch 2
2026-02-15 04:34:11,923 - experiment_ablation_no_chaotic_features - INFO - Train Epoch 3: [0/472 (0.0%)]	Loss: 2.546064
2026-02-15 04:34:19,988 - experiment_ablation_no_chaotic_features - INFO - [SYNC DEBUG] Epoch 3: sync_weight=0.1, desync_weight=0.1, loss_sync=0.500324
2026-02-15 04:34:20,611 - experiment_ablation_no_chaotic_features - INFO - Epoch 3: Train Loss: 2.4564, Train Acc: 0.4598, Val Loss: 4.8061, Val Acc: 0.0674
2026-02-15 04:34:21,503 - experiment_ablation_no_chaotic_features - INFO - Train Epoch 4: [0/472 (0.0%)]	Loss: 2.113643
2026-02-15 04:34:29,542 - experiment_ablation_no_chaotic_features - INFO - [SYNC DEBUG] Epoch 4: sync_weight=0.1, desync_weight=0.1, loss_sync=0.499867
2026-02-15 04:34:30,191 - experiment_ablation_no_chaotic_features - INFO - Epoch 4: Train Loss: 2.0743, Train Acc: 0.5647, Val Loss: 6.0592, Val Acc: 0.0674
2026-02-15 04:34:31,129 - experiment_ablation_no_chaotic_features - INFO - Train Epoch 5: [0/472 (0.0%)]	Loss: 1.684221
2026-02-15 04:34:39,236 - experiment_ablation_no_chaotic_features - INFO - [SYNC DEBUG] Epoch 5: sync_weight=0.1, desync_weight=0.1, loss_sync=0.499413
2026-02-15 04:34:39,869 - experiment_ablation_no_chaotic_features - INFO - Epoch 5: Train Loss: 1.7159, Train Acc: 0.6183, Val Loss: 6.9877, Val Acc: 0.0449
2026-02-15 04:34:40,785 - experiment_ablation_no_chaotic_features - INFO - Train Epoch 6: [0/472 (0.0%)]	Loss: 1.353673
2026-02-15 04:34:48,845 - experiment_ablation_no_chaotic_features - INFO - [SYNC DEBUG] Epoch 6: sync_weight=0.1, desync_weight=0.1, loss_sync=0.498914
2026-02-15 04:34:49,472 - experiment_ablation_no_chaotic_features - INFO - Epoch 6: Train Loss: 1.4579, Train Acc: 0.7076, Val Loss: 5.2576, Val Acc: 0.0787
2026-02-15 04:34:50,396 - experiment_ablation_no_chaotic_features - INFO - Train Epoch 7: [0/472 (0.0%)]	Loss: 1.340943
2026-02-15 04:34:51,252 - experiment_ablation_no_chaotic_features - DEBUG - [STABILITY] lyap=0.015, max_norm=50.2, min_std=11.393
2026-02-15 04:34:58,520 - experiment_ablation_no_chaotic_features - INFO - [SYNC DEBUG] Epoch 7: sync_weight=0.1, desync_weight=0.1, loss_sync=0.499960
2026-02-15 04:34:59,141 - experiment_ablation_no_chaotic_features - INFO - Epoch 7: Train Loss: 1.4582, Train Acc: 0.6786, Val Loss: 4.5637, Val Acc: 0.0899
2026-02-15 04:35:00,031 - experiment_ablation_no_chaotic_features - INFO - Train Epoch 8: [0/472 (0.0%)]	Loss: 1.077032
2026-02-15 04:35:08,080 - experiment_ablation_no_chaotic_features - INFO - [SYNC DEBUG] Epoch 8: sync_weight=0.1, desync_weight=0.1, loss_sync=0.500708
2026-02-15 04:35:08,722 - experiment_ablation_no_chaotic_features - INFO - Epoch 8: Train Loss: 1.1774, Train Acc: 0.7790, Val Loss: 3.6392, Val Acc: 0.1910
2026-02-15 04:35:08,796 - experiment_ablation_no_chaotic_features - INFO - Saved new best model at epoch 8
2026-02-15 04:35:09,744 - experiment_ablation_no_chaotic_features - INFO - Train Epoch 9: [0/472 (0.0%)]	Loss: 0.925429
2026-02-15 04:35:17,829 - experiment_ablation_no_chaotic_features - INFO - [SYNC DEBUG] Epoch 9: sync_weight=0.1, desync_weight=0.1, loss_sync=0.499768
2026-02-15 04:35:18,474 - experiment_ablation_no_chaotic_features - INFO - Epoch 9: Train Loss: 1.1826, Train Acc: 0.7812, Val Loss: 4.5127, Val Acc: 0.0674
2026-02-15 04:35:19,370 - experiment_ablation_no_chaotic_features - INFO - Train Epoch 10: [0/472 (0.0%)]	Loss: 0.860479
2026-02-15 04:35:27,464 - experiment_ablation_no_chaotic_features - INFO - [SYNC DEBUG] Epoch 10: sync_weight=0.1, desync_weight=0.1, loss_sync=0.500148
2026-02-15 04:35:28,101 - experiment_ablation_no_chaotic_features - INFO - Epoch 10: Train Loss: 1.0541, Train Acc: 0.8237, Val Loss: 5.1043, Val Acc: 0.1573
2026-02-15 04:35:29,070 - experiment_ablation_no_chaotic_features - INFO - Train Epoch 11: [0/472 (0.0%)]	Loss: 1.134533
2026-02-15 04:35:37,175 - experiment_ablation_no_chaotic_features - INFO - [SYNC DEBUG] Epoch 11: sync_weight=0.1, desync_weight=0.1, loss_sync=0.499857
2026-02-15 04:35:37,807 - experiment_ablation_no_chaotic_features - INFO - Epoch 11: Train Loss: 1.0166, Train Acc: 0.8348, Val Loss: 5.0807, Val Acc: 0.1348
2026-02-15 04:35:38,749 - experiment_ablation_no_chaotic_features - INFO - Train Epoch 12: [0/472 (0.0%)]	Loss: 0.884812
2026-02-15 04:35:46,801 - experiment_ablation_no_chaotic_features - INFO - [SYNC DEBUG] Epoch 12: sync_weight=0.1, desync_weight=0.1, loss_sync=0.499826
2026-02-15 04:35:47,430 - experiment_ablation_no_chaotic_features - INFO - Epoch 12: Train Loss: 1.0225, Train Acc: 0.8304, Val Loss: 5.9713, Val Acc: 0.1236
2026-02-15 04:35:48,337 - experiment_ablation_no_chaotic_features - INFO - Train Epoch 13: [0/472 (0.0%)]	Loss: 1.000391
2026-02-15 04:35:56,466 - experiment_ablation_no_chaotic_features - INFO - [SYNC DEBUG] Epoch 13: sync_weight=0.1, desync_weight=0.1, loss_sync=0.499935
2026-02-15 04:35:57,092 - experiment_ablation_no_chaotic_features - INFO - Epoch 13: Train Loss: 1.0048, Train Acc: 0.8571, Val Loss: 4.4001, Val Acc: 0.2135
2026-02-15 04:35:57,333 - experiment_ablation_no_chaotic_features - INFO - Saved new best model at epoch 13
2026-02-15 04:35:58,291 - experiment_ablation_no_chaotic_features - INFO - Train Epoch 14: [0/472 (0.0%)]	Loss: 0.793859
2026-02-15 04:36:00,380 - experiment_ablation_no_chaotic_features - DEBUG - [STABILITY] lyap=0.015, max_norm=49.8, min_std=11.289
2026-02-15 04:36:06,418 - experiment_ablation_no_chaotic_features - INFO - [SYNC DEBUG] Epoch 14: sync_weight=0.1, desync_weight=0.1, loss_sync=0.499761
2026-02-15 04:36:07,073 - experiment_ablation_no_chaotic_features - INFO - Epoch 14: Train Loss: 0.8805, Train Acc: 0.8817, Val Loss: 4.9224, Val Acc: 0.1348
2026-02-15 04:36:07,967 - experiment_ablation_no_chaotic_features - INFO - Train Epoch 15: [0/472 (0.0%)]	Loss: 0.716602
2026-02-15 04:36:16,022 - experiment_ablation_no_chaotic_features - INFO - [SYNC DEBUG] Epoch 15: sync_weight=0.1, desync_weight=0.1, loss_sync=0.498951
2026-02-15 04:36:16,650 - experiment_ablation_no_chaotic_features - INFO - Epoch 15: Train Loss: 0.8440, Train Acc: 0.8951, Val Loss: 5.2444, Val Acc: 0.1124
2026-02-15 04:36:17,568 - experiment_ablation_no_chaotic_features - INFO - Train Epoch 16: [0/472 (0.0%)]	Loss: 0.738493
2026-02-15 04:36:25,724 - experiment_ablation_no_chaotic_features - INFO - [SYNC DEBUG] Epoch 16: sync_weight=0.1, desync_weight=0.1, loss_sync=0.499987
2026-02-15 04:36:26,354 - experiment_ablation_no_chaotic_features - INFO - Epoch 16: Train Loss: 0.8428, Train Acc: 0.8906, Val Loss: 4.9264, Val Acc: 0.1685
2026-02-15 04:36:27,248 - experiment_ablation_no_chaotic_features - INFO - Train Epoch 17: [0/472 (0.0%)]	Loss: 1.103864
2026-02-15 04:36:35,289 - experiment_ablation_no_chaotic_features - INFO - [SYNC DEBUG] Epoch 17: sync_weight=0.1, desync_weight=0.1, loss_sync=0.500846
2026-02-15 04:36:35,923 - experiment_ablation_no_chaotic_features - INFO - Epoch 17: Train Loss: 0.9114, Train Acc: 0.8549, Val Loss: 5.9936, Val Acc: 0.1348
2026-02-15 04:36:36,860 - experiment_ablation_no_chaotic_features - INFO - Train Epoch 18: [0/472 (0.0%)]	Loss: 1.020699
2026-02-15 04:36:45,005 - experiment_ablation_no_chaotic_features - INFO - [SYNC DEBUG] Epoch 18: sync_weight=0.1, desync_weight=0.1, loss_sync=0.499292
2026-02-15 04:36:45,628 - experiment_ablation_no_chaotic_features - INFO - Epoch 18: Train Loss: 0.8407, Train Acc: 0.8795, Val Loss: 3.3849, Val Acc: 0.3371
2026-02-15 04:36:45,706 - experiment_ablation_no_chaotic_features - INFO - Saved new best model at epoch 18
2026-02-15 04:36:46,649 - experiment_ablation_no_chaotic_features - INFO - Train Epoch 19: [0/472 (0.0%)]	Loss: 1.118964
2026-02-15 04:36:54,722 - experiment_ablation_no_chaotic_features - INFO - [SYNC DEBUG] Epoch 19: sync_weight=0.1, desync_weight=0.1, loss_sync=0.500250
2026-02-15 04:36:55,372 - experiment_ablation_no_chaotic_features - INFO - Epoch 19: Train Loss: 0.9199, Train Acc: 0.8683, Val Loss: 6.4546, Val Acc: 0.1236
2026-02-15 04:36:56,273 - experiment_ablation_no_chaotic_features - INFO - Train Epoch 20: [0/472 (0.0%)]	Loss: 1.157069
2026-02-15 04:37:04,415 - experiment_ablation_no_chaotic_features - INFO - [SYNC DEBUG] Epoch 20: sync_weight=0.1, desync_weight=0.1, loss_sync=0.498185
2026-02-15 04:37:05,048 - experiment_ablation_no_chaotic_features - INFO - Epoch 20: Train Loss: 0.8794, Train Acc: 0.8750, Val Loss: 5.0169, Val Acc: 0.2247
2026-02-15 04:37:06,022 - experiment_ablation_no_chaotic_features - INFO - Train Epoch 21: [0/472 (0.0%)]	Loss: 0.695374
2026-02-15 04:37:09,336 - experiment_ablation_no_chaotic_features - DEBUG - [STABILITY] lyap=0.014, max_norm=49.9, min_std=11.321
2026-02-15 04:37:14,084 - experiment_ablation_no_chaotic_features - INFO - [SYNC DEBUG] Epoch 21: sync_weight=0.1, desync_weight=0.1, loss_sync=0.497731
2026-02-15 04:37:14,727 - experiment_ablation_no_chaotic_features - INFO - Epoch 21: Train Loss: 0.7885, Train Acc: 0.9018, Val Loss: 4.8472, Val Acc: 0.1910
2026-02-15 04:37:15,658 - experiment_ablation_no_chaotic_features - INFO - Train Epoch 22: [0/472 (0.0%)]	Loss: 0.681639
2026-02-15 04:37:23,814 - experiment_ablation_no_chaotic_features - INFO - [SYNC DEBUG] Epoch 22: sync_weight=0.1, desync_weight=0.1, loss_sync=0.499556
2026-02-15 04:37:24,453 - experiment_ablation_no_chaotic_features - INFO - Epoch 22: Train Loss: 0.8068, Train Acc: 0.8906, Val Loss: 4.6564, Val Acc: 0.1798
2026-02-15 04:37:25,364 - experiment_ablation_no_chaotic_features - INFO - Train Epoch 23: [0/472 (0.0%)]	Loss: 0.714320
2026-02-15 04:37:33,434 - experiment_ablation_no_chaotic_features - INFO - [SYNC DEBUG] Epoch 23: sync_weight=0.1, desync_weight=0.1, loss_sync=0.500371
2026-02-15 04:37:34,068 - experiment_ablation_no_chaotic_features - INFO - Epoch 23: Train Loss: 0.7285, Train Acc: 0.9196, Val Loss: 6.0229, Val Acc: 0.1011
2026-02-15 04:37:34,975 - experiment_ablation_no_chaotic_features - INFO - Train Epoch 24: [0/472 (0.0%)]	Loss: 0.630508
2026-02-15 04:37:43,124 - experiment_ablation_no_chaotic_features - INFO - [SYNC DEBUG] Epoch 24: sync_weight=0.1, desync_weight=0.1, loss_sync=0.499098
2026-02-15 04:37:43,759 - experiment_ablation_no_chaotic_features - INFO - Epoch 24: Train Loss: 0.7309, Train Acc: 0.9152, Val Loss: 6.8237, Val Acc: 0.0899
2026-02-15 04:37:44,684 - experiment_ablation_no_chaotic_features - INFO - Train Epoch 25: [0/472 (0.0%)]	Loss: 0.701790
2026-02-15 04:37:52,824 - experiment_ablation_no_chaotic_features - INFO - [SYNC DEBUG] Epoch 25: sync_weight=0.1, desync_weight=0.1, loss_sync=0.497385
2026-02-15 04:37:53,451 - experiment_ablation_no_chaotic_features - INFO - Epoch 25: Train Loss: 0.7576, Train Acc: 0.9330, Val Loss: 4.2047, Val Acc: 0.1685
2026-02-15 04:37:54,408 - experiment_ablation_no_chaotic_features - INFO - Train Epoch 26: [0/472 (0.0%)]	Loss: 0.686891
2026-02-15 04:38:02,768 - experiment_ablation_no_chaotic_features - INFO - [SYNC DEBUG] Epoch 26: sync_weight=0.1, desync_weight=0.1, loss_sync=0.495729
2026-02-15 04:38:03,399 - experiment_ablation_no_chaotic_features - INFO - Epoch 26: Train Loss: 0.7521, Train Acc: 0.9040, Val Loss: 4.4971, Val Acc: 0.2584
2026-02-15 04:38:04,313 - experiment_ablation_no_chaotic_features - INFO - Train Epoch 27: [0/472 (0.0%)]	Loss: 0.926821
2026-02-15 04:38:12,382 - experiment_ablation_no_chaotic_features - INFO - [SYNC DEBUG] Epoch 27: sync_weight=0.1, desync_weight=0.1, loss_sync=0.500853
2026-02-15 04:38:13,019 - experiment_ablation_no_chaotic_features - INFO - Epoch 27: Train Loss: 0.6760, Train Acc: 0.9397, Val Loss: 9.0166, Val Acc: 0.0449
2026-02-15 04:38:13,923 - experiment_ablation_no_chaotic_features - INFO - Train Epoch 28: [0/472 (0.0%)]	Loss: 0.701815
2026-02-15 04:38:18,464 - experiment_ablation_no_chaotic_features - DEBUG - [STABILITY] lyap=0.015, max_norm=49.7, min_std=11.254
2026-02-15 04:38:21,994 - experiment_ablation_no_chaotic_features - INFO - [SYNC DEBUG] Epoch 28: sync_weight=0.1, desync_weight=0.1, loss_sync=0.498549
2026-02-15 04:38:22,638 - experiment_ablation_no_chaotic_features - INFO - Epoch 28: Train Loss: 0.7249, Train Acc: 0.9442, Val Loss: 4.2936, Val Acc: 0.3371
2026-02-15 04:38:23,536 - experiment_ablation_no_chaotic_features - INFO - Train Epoch 29: [0/472 (0.0%)]	Loss: 0.581596
2026-02-15 04:38:31,692 - experiment_ablation_no_chaotic_features - INFO - [SYNC DEBUG] Epoch 29: sync_weight=0.1, desync_weight=0.1, loss_sync=0.498877
2026-02-15 04:38:32,333 - experiment_ablation_no_chaotic_features - INFO - Epoch 29: Train Loss: 0.7648, Train Acc: 0.9219, Val Loss: 3.7394, Val Acc: 0.3820
2026-02-15 04:38:32,413 - experiment_ablation_no_chaotic_features - INFO - Saved new best model at epoch 29
2026-02-15 04:38:33,351 - experiment_ablation_no_chaotic_features - INFO - Train Epoch 30: [0/472 (0.0%)]	Loss: 0.617418
2026-02-15 04:38:41,487 - experiment_ablation_no_chaotic_features - INFO - [SYNC DEBUG] Epoch 30: sync_weight=0.1, desync_weight=0.1, loss_sync=0.499375
2026-02-15 04:38:42,122 - experiment_ablation_no_chaotic_features - INFO - Epoch 30: Train Loss: 0.6526, Train Acc: 0.9487, Val Loss: 6.9019, Val Acc: 0.0674
2026-02-15 04:38:43,104 - experiment_ablation_no_chaotic_features - INFO - Train Epoch 31: [0/472 (0.0%)]	Loss: 0.598683
2026-02-15 04:38:51,186 - experiment_ablation_no_chaotic_features - INFO - [SYNC DEBUG] Epoch 31: sync_weight=0.1, desync_weight=0.1, loss_sync=0.498098
2026-02-15 04:38:51,833 - experiment_ablation_no_chaotic_features - INFO - Epoch 31: Train Loss: 0.7085, Train Acc: 0.9219, Val Loss: 5.6384, Val Acc: 0.1573
2026-02-15 04:38:52,780 - experiment_ablation_no_chaotic_features - INFO - Train Epoch 32: [0/472 (0.0%)]	Loss: 0.617285
2026-02-15 04:39:00,920 - experiment_ablation_no_chaotic_features - INFO - [SYNC DEBUG] Epoch 32: sync_weight=0.1, desync_weight=0.1, loss_sync=0.498088
2026-02-15 04:39:01,569 - experiment_ablation_no_chaotic_features - INFO - Epoch 32: Train Loss: 0.7094, Train Acc: 0.9219, Val Loss: 6.3450, Val Acc: 0.0449
2026-02-15 04:39:02,471 - experiment_ablation_no_chaotic_features - INFO - Train Epoch 33: [0/472 (0.0%)]	Loss: 0.841811
2026-02-15 04:39:10,620 - experiment_ablation_no_chaotic_features - INFO - [SYNC DEBUG] Epoch 33: sync_weight=0.1, desync_weight=0.1, loss_sync=0.494808
2026-02-15 04:39:11,255 - experiment_ablation_no_chaotic_features - INFO - Epoch 33: Train Loss: 0.7645, Train Acc: 0.9263, Val Loss: 7.2202, Val Acc: 0.1011
2026-02-15 04:39:12,179 - experiment_ablation_no_chaotic_features - INFO - Train Epoch 34: [0/472 (0.0%)]	Loss: 0.633214
2026-02-15 04:39:20,351 - experiment_ablation_no_chaotic_features - INFO - [SYNC DEBUG] Epoch 34: sync_weight=0.1, desync_weight=0.1, loss_sync=0.498746
2026-02-15 04:39:20,974 - experiment_ablation_no_chaotic_features - INFO - Epoch 34: Train Loss: 0.6536, Train Acc: 0.9621, Val Loss: 3.8418, Val Acc: 0.2472
2026-02-15 04:39:21,875 - experiment_ablation_no_chaotic_features - INFO - Train Epoch 35: [0/472 (0.0%)]	Loss: 0.571294
2026-02-15 04:39:27,648 - experiment_ablation_no_chaotic_features - DEBUG - [STABILITY] lyap=0.016, max_norm=49.8, min_std=11.263
2026-02-15 04:39:29,955 - experiment_ablation_no_chaotic_features - INFO - [SYNC DEBUG] Epoch 35: sync_weight=0.1, desync_weight=0.1, loss_sync=0.496596
2026-02-15 04:39:30,601 - experiment_ablation_no_chaotic_features - INFO - Epoch 35: Train Loss: 0.7500, Train Acc: 0.9152, Val Loss: 2.7228, Val Acc: 0.4607
2026-02-15 04:39:30,680 - experiment_ablation_no_chaotic_features - INFO - Saved new best model at epoch 35
2026-02-15 04:39:31,642 - experiment_ablation_no_chaotic_features - INFO - Train Epoch 36: [0/472 (0.0%)]	Loss: 0.672035
2026-02-15 04:39:39,733 - experiment_ablation_no_chaotic_features - INFO - [SYNC DEBUG] Epoch 36: sync_weight=0.1, desync_weight=0.1, loss_sync=0.489492
2026-02-15 04:39:40,361 - experiment_ablation_no_chaotic_features - INFO - Epoch 36: Train Loss: 0.6956, Train Acc: 0.9353, Val Loss: 4.1135, Val Acc: 0.2472
2026-02-15 04:39:41,257 - experiment_ablation_no_chaotic_features - INFO - Train Epoch 37: [0/472 (0.0%)]	Loss: 0.656678
2026-02-15 04:39:49,339 - experiment_ablation_no_chaotic_features - INFO - [SYNC DEBUG] Epoch 37: sync_weight=0.1, desync_weight=0.1, loss_sync=0.494328
2026-02-15 04:39:49,971 - experiment_ablation_no_chaotic_features - INFO - Epoch 37: Train Loss: 0.7062, Train Acc: 0.9263, Val Loss: 5.7377, Val Acc: 0.2135
2026-02-15 04:39:50,866 - experiment_ablation_no_chaotic_features - INFO - Train Epoch 38: [0/472 (0.0%)]	Loss: 0.541877
2026-02-15 04:39:59,164 - experiment_ablation_no_chaotic_features - INFO - [SYNC DEBUG] Epoch 38: sync_weight=0.1, desync_weight=0.1, loss_sync=0.496135
2026-02-15 04:39:59,802 - experiment_ablation_no_chaotic_features - INFO - Epoch 38: Train Loss: 0.6501, Train Acc: 0.9487, Val Loss: 5.5216, Val Acc: 0.2247
2026-02-15 04:40:00,710 - experiment_ablation_no_chaotic_features - INFO - Train Epoch 39: [0/472 (0.0%)]	Loss: 0.662094
2026-02-15 04:40:08,883 - experiment_ablation_no_chaotic_features - INFO - [SYNC DEBUG] Epoch 39: sync_weight=0.1, desync_weight=0.1, loss_sync=0.496522
2026-02-15 04:40:09,504 - experiment_ablation_no_chaotic_features - INFO - Epoch 39: Train Loss: 0.6843, Train Acc: 0.9375, Val Loss: 5.0759, Val Acc: 0.2360
2026-02-15 04:40:10,423 - experiment_ablation_no_chaotic_features - INFO - Train Epoch 40: [0/472 (0.0%)]	Loss: 0.857314
2026-02-15 04:40:18,508 - experiment_ablation_no_chaotic_features - INFO - [SYNC DEBUG] Epoch 40: sync_weight=0.1, desync_weight=0.1, loss_sync=0.494150
2026-02-15 04:40:19,133 - experiment_ablation_no_chaotic_features - INFO - Epoch 40: Train Loss: 0.6868, Train Acc: 0.9420, Val Loss: 5.8817, Val Acc: 0.2135
2026-02-15 04:40:20,110 - experiment_ablation_no_chaotic_features - INFO - Train Epoch 41: [0/472 (0.0%)]	Loss: 0.662202
2026-02-15 04:40:28,162 - experiment_ablation_no_chaotic_features - INFO - [SYNC DEBUG] Epoch 41: sync_weight=0.1, desync_weight=0.1, loss_sync=0.495742
2026-02-15 04:40:28,809 - experiment_ablation_no_chaotic_features - INFO - Epoch 41: Train Loss: 0.6359, Train Acc: 0.9688, Val Loss: 4.6877, Val Acc: 0.2022
2026-02-15 04:40:29,710 - experiment_ablation_no_chaotic_features - INFO - Train Epoch 42: [0/472 (0.0%)]	Loss: 0.528669
2026-02-15 04:40:36,768 - experiment_ablation_no_chaotic_features - DEBUG - [STABILITY] lyap=0.018, max_norm=49.5, min_std=11.178
2026-02-15 04:40:37,845 - experiment_ablation_no_chaotic_features - INFO - [SYNC DEBUG] Epoch 42: sync_weight=0.1, desync_weight=0.1, loss_sync=0.494408
2026-02-15 04:40:38,477 - experiment_ablation_no_chaotic_features - INFO - Epoch 42: Train Loss: 0.6453, Train Acc: 0.9665, Val Loss: 6.0435, Val Acc: 0.1910
2026-02-15 04:40:39,394 - experiment_ablation_no_chaotic_features - INFO - Train Epoch 43: [0/472 (0.0%)]	Loss: 0.533191
2026-02-15 04:40:47,524 - experiment_ablation_no_chaotic_features - INFO - [SYNC DEBUG] Epoch 43: sync_weight=0.1, desync_weight=0.1, loss_sync=0.491486
2026-02-15 04:40:48,154 - experiment_ablation_no_chaotic_features - INFO - Epoch 43: Train Loss: 0.6198, Train Acc: 0.9621, Val Loss: 3.6119, Val Acc: 0.4719
2026-02-15 04:40:48,233 - experiment_ablation_no_chaotic_features - INFO - Saved new best model at epoch 43
2026-02-15 04:40:49,186 - experiment_ablation_no_chaotic_features - INFO - Train Epoch 44: [0/472 (0.0%)]	Loss: 0.713804
2026-02-15 04:40:57,319 - experiment_ablation_no_chaotic_features - INFO - [SYNC DEBUG] Epoch 44: sync_weight=0.1, desync_weight=0.1, loss_sync=0.494648
2026-02-15 04:40:57,954 - experiment_ablation_no_chaotic_features - INFO - Epoch 44: Train Loss: 0.6693, Train Acc: 0.9442, Val Loss: 4.2987, Val Acc: 0.3034
2026-02-15 04:40:58,852 - experiment_ablation_no_chaotic_features - INFO - Train Epoch 45: [0/472 (0.0%)]	Loss: 0.601904
2026-02-15 04:41:06,999 - experiment_ablation_no_chaotic_features - INFO - [SYNC DEBUG] Epoch 45: sync_weight=0.1, desync_weight=0.1, loss_sync=0.486011
2026-02-15 04:41:07,637 - experiment_ablation_no_chaotic_features - INFO - Epoch 45: Train Loss: 0.6467, Train Acc: 0.9531, Val Loss: 7.4169, Val Acc: 0.2022
2026-02-15 04:41:08,565 - experiment_ablation_no_chaotic_features - INFO - Train Epoch 46: [0/472 (0.0%)]	Loss: 0.502821
2026-02-15 04:41:16,720 - experiment_ablation_no_chaotic_features - INFO - [SYNC DEBUG] Epoch 46: sync_weight=0.1, desync_weight=0.1, loss_sync=0.484724
2026-02-15 04:41:17,351 - experiment_ablation_no_chaotic_features - INFO - Epoch 46: Train Loss: 0.6392, Train Acc: 0.9554, Val Loss: 5.3261, Val Acc: 0.2360
2026-02-15 04:41:18,257 - experiment_ablation_no_chaotic_features - INFO - Train Epoch 47: [0/472 (0.0%)]	Loss: 0.922938
2026-02-15 04:41:26,386 - experiment_ablation_no_chaotic_features - INFO - [SYNC DEBUG] Epoch 47: sync_weight=0.1, desync_weight=0.1, loss_sync=0.497170
2026-02-15 04:41:27,006 - experiment_ablation_no_chaotic_features - INFO - Epoch 47: Train Loss: 0.6713, Train Acc: 0.9375, Val Loss: 5.9168, Val Acc: 0.1685
2026-02-15 04:41:27,914 - experiment_ablation_no_chaotic_features - INFO - Train Epoch 48: [0/472 (0.0%)]	Loss: 0.614213
2026-02-15 04:41:36,055 - experiment_ablation_no_chaotic_features - INFO - [SYNC DEBUG] Epoch 48: sync_weight=0.1, desync_weight=0.1, loss_sync=0.499826
2026-02-15 04:41:36,689 - experiment_ablation_no_chaotic_features - INFO - Epoch 48: Train Loss: 0.6495, Train Acc: 0.9531, Val Loss: 7.1119, Val Acc: 0.1236
2026-02-15 04:41:37,583 - experiment_ablation_no_chaotic_features - INFO - Train Epoch 49: [0/472 (0.0%)]	Loss: 0.510783
2026-02-15 04:41:45,636 - experiment_ablation_no_chaotic_features - INFO - [SYNC DEBUG] Epoch 49: sync_weight=0.1, desync_weight=0.1, loss_sync=0.493383
2026-02-15 04:41:46,261 - experiment_ablation_no_chaotic_features - INFO - Epoch 49: Train Loss: 0.6617, Train Acc: 0.9531, Val Loss: 6.5354, Val Acc: 0.1124
2026-02-15 04:41:46,778 - experiment_ablation_no_chaotic_features - DEBUG - [STABILITY] lyap=0.018, max_norm=49.4, min_std=11.126
2026-02-15 04:41:47,156 - experiment_ablation_no_chaotic_features - INFO - Train Epoch 50: [0/472 (0.0%)]	Loss: 0.589396
2026-02-15 04:41:55,501 - experiment_ablation_no_chaotic_features - INFO - [SYNC DEBUG] Epoch 50: sync_weight=0.1, desync_weight=0.1, loss_sync=0.496789
2026-02-15 04:41:56,149 - experiment_ablation_no_chaotic_features - INFO - Epoch 50: Train Loss: 0.6521, Train Acc: 0.9509, Val Loss: 5.1276, Val Acc: 0.2360
2026-02-15 04:41:57,125 - experiment_ablation_no_chaotic_features - INFO - Train Epoch 51: [0/472 (0.0%)]	Loss: 0.552338
2026-02-15 04:42:05,246 - experiment_ablation_no_chaotic_features - INFO - [SYNC DEBUG] Epoch 51: sync_weight=0.1, desync_weight=0.1, loss_sync=0.497138
2026-02-15 04:42:05,882 - experiment_ablation_no_chaotic_features - INFO - Epoch 51: Train Loss: 0.6291, Train Acc: 0.9554, Val Loss: 6.8151, Val Acc: 0.1461
2026-02-15 04:42:06,782 - experiment_ablation_no_chaotic_features - INFO - Train Epoch 52: [0/472 (0.0%)]	Loss: 0.511092
2026-02-15 04:42:14,913 - experiment_ablation_no_chaotic_features - INFO - [SYNC DEBUG] Epoch 52: sync_weight=0.1, desync_weight=0.1, loss_sync=0.493781
2026-02-15 04:42:15,543 - experiment_ablation_no_chaotic_features - INFO - Epoch 52: Train Loss: 0.6673, Train Acc: 0.9576, Val Loss: 7.0811, Val Acc: 0.2360
2026-02-15 04:42:16,453 - experiment_ablation_no_chaotic_features - INFO - Train Epoch 53: [0/472 (0.0%)]	Loss: 0.533893
2026-02-15 04:42:24,583 - experiment_ablation_no_chaotic_features - INFO - [SYNC DEBUG] Epoch 53: sync_weight=0.1, desync_weight=0.1, loss_sync=0.496385
2026-02-15 04:42:25,216 - experiment_ablation_no_chaotic_features - INFO - Epoch 53: Train Loss: 0.6080, Train Acc: 0.9554, Val Loss: 8.1484, Val Acc: 0.1798
2026-02-15 04:42:26,117 - experiment_ablation_no_chaotic_features - INFO - Train Epoch 54: [0/472 (0.0%)]	Loss: 0.567229
2026-02-15 04:42:34,261 - experiment_ablation_no_chaotic_features - INFO - [SYNC DEBUG] Epoch 54: sync_weight=0.1, desync_weight=0.1, loss_sync=0.494524
2026-02-15 04:42:34,884 - experiment_ablation_no_chaotic_features - INFO - Epoch 54: Train Loss: 0.5906, Train Acc: 0.9665, Val Loss: 6.0799, Val Acc: 0.2697
2026-02-15 04:42:35,784 - experiment_ablation_no_chaotic_features - INFO - Train Epoch 55: [0/472 (0.0%)]	Loss: 0.624534
2026-02-15 04:42:43,904 - experiment_ablation_no_chaotic_features - INFO - [SYNC DEBUG] Epoch 55: sync_weight=0.1, desync_weight=0.1, loss_sync=0.491152
2026-02-15 04:42:44,533 - experiment_ablation_no_chaotic_features - INFO - Epoch 55: Train Loss: 0.6379, Train Acc: 0.9420, Val Loss: 6.3814, Val Acc: 0.2247
2026-02-15 04:42:45,431 - experiment_ablation_no_chaotic_features - INFO - Train Epoch 56: [0/472 (0.0%)]	Loss: 0.557383
2026-02-15 04:42:53,558 - experiment_ablation_no_chaotic_features - INFO - [SYNC DEBUG] Epoch 56: sync_weight=0.1, desync_weight=0.1, loss_sync=0.486014
2026-02-15 04:42:54,235 - experiment_ablation_no_chaotic_features - INFO - Epoch 56: Train Loss: 0.5674, Train Acc: 0.9754, Val Loss: 7.2410, Val Acc: 0.1910
2026-02-15 04:42:55,141 - experiment_ablation_no_chaotic_features - INFO - Train Epoch 57: [0/472 (0.0%)]	Loss: 0.629212
2026-02-15 04:42:55,987 - experiment_ablation_no_chaotic_features - DEBUG - [STABILITY] lyap=0.017, max_norm=49.3, min_std=11.128
2026-02-15 04:43:03,203 - experiment_ablation_no_chaotic_features - INFO - [SYNC DEBUG] Epoch 57: sync_weight=0.1, desync_weight=0.1, loss_sync=0.497666
2026-02-15 04:43:03,832 - experiment_ablation_no_chaotic_features - INFO - Epoch 57: Train Loss: 0.6114, Train Acc: 0.9643, Val Loss: 9.4945, Val Acc: 0.1011
2026-02-15 04:43:04,747 - experiment_ablation_no_chaotic_features - INFO - Train Epoch 58: [0/472 (0.0%)]	Loss: 0.522341
2026-02-15 04:43:12,802 - experiment_ablation_no_chaotic_features - INFO - [SYNC DEBUG] Epoch 58: sync_weight=0.1, desync_weight=0.1, loss_sync=0.495941
2026-02-15 04:43:13,432 - experiment_ablation_no_chaotic_features - INFO - Epoch 58: Train Loss: 0.6183, Train Acc: 0.9621, Val Loss: 12.1747, Val Acc: 0.0449
2026-02-15 04:43:14,334 - experiment_ablation_no_chaotic_features - INFO - Train Epoch 59: [0/472 (0.0%)]	Loss: 0.669144
2026-02-15 04:43:22,469 - experiment_ablation_no_chaotic_features - INFO - [SYNC DEBUG] Epoch 59: sync_weight=0.1, desync_weight=0.1, loss_sync=0.494515
2026-02-15 04:43:23,107 - experiment_ablation_no_chaotic_features - INFO - Epoch 59: Train Loss: 0.6675, Train Acc: 0.9509, Val Loss: 4.6430, Val Acc: 0.2921
2026-02-15 04:43:24,020 - experiment_ablation_no_chaotic_features - INFO - Train Epoch 60: [0/472 (0.0%)]	Loss: 0.601557
2026-02-15 04:43:32,137 - experiment_ablation_no_chaotic_features - INFO - [SYNC DEBUG] Epoch 60: sync_weight=0.1, desync_weight=0.1, loss_sync=0.490407
2026-02-15 04:43:32,768 - experiment_ablation_no_chaotic_features - INFO - Epoch 60: Train Loss: 0.6420, Train Acc: 0.9576, Val Loss: 3.9397, Val Acc: 0.3596
2026-02-15 04:43:33,749 - experiment_ablation_no_chaotic_features - INFO - Train Epoch 61: [0/472 (0.0%)]	Loss: 0.570788
2026-02-15 04:43:41,915 - experiment_ablation_no_chaotic_features - INFO - [SYNC DEBUG] Epoch 61: sync_weight=0.1, desync_weight=0.1, loss_sync=0.495883
2026-02-15 04:43:42,570 - experiment_ablation_no_chaotic_features - INFO - Epoch 61: Train Loss: 0.5917, Train Acc: 0.9754, Val Loss: 4.6809, Val Acc: 0.3146
2026-02-15 04:43:43,475 - experiment_ablation_no_chaotic_features - INFO - Train Epoch 62: [0/472 (0.0%)]	Loss: 0.520347
2026-02-15 04:43:51,815 - experiment_ablation_no_chaotic_features - INFO - [SYNC DEBUG] Epoch 62: sync_weight=0.1, desync_weight=0.1, loss_sync=0.494577
2026-02-15 04:43:52,453 - experiment_ablation_no_chaotic_features - INFO - Epoch 62: Train Loss: 0.6095, Train Acc: 0.9777, Val Loss: 5.3374, Val Acc: 0.3483
2026-02-15 04:43:53,366 - experiment_ablation_no_chaotic_features - INFO - Train Epoch 63: [0/472 (0.0%)]	Loss: 0.696784
2026-02-15 04:44:01,500 - experiment_ablation_no_chaotic_features - INFO - [SYNC DEBUG] Epoch 63: sync_weight=0.1, desync_weight=0.1, loss_sync=0.488329
2026-02-15 04:44:02,136 - experiment_ablation_no_chaotic_features - INFO - Epoch 63: Train Loss: 0.5822, Train Acc: 0.9732, Val Loss: 6.2468, Val Acc: 0.2360
2026-02-15 04:44:03,056 - experiment_ablation_no_chaotic_features - INFO - Train Epoch 64: [0/472 (0.0%)]	Loss: 0.713747
2026-02-15 04:44:05,141 - experiment_ablation_no_chaotic_features - DEBUG - [STABILITY] lyap=0.016, max_norm=49.3, min_std=11.109
2026-02-15 04:44:11,163 - experiment_ablation_no_chaotic_features - INFO - [SYNC DEBUG] Epoch 64: sync_weight=0.1, desync_weight=0.1, loss_sync=0.484328
2026-02-15 04:44:11,795 - experiment_ablation_no_chaotic_features - INFO - Epoch 64: Train Loss: 0.6065, Train Acc: 0.9665, Val Loss: 3.4070, Val Acc: 0.4045
2026-02-15 04:44:12,712 - experiment_ablation_no_chaotic_features - INFO - Train Epoch 65: [0/472 (0.0%)]	Loss: 0.467755
2026-02-15 04:44:20,855 - experiment_ablation_no_chaotic_features - INFO - [SYNC DEBUG] Epoch 65: sync_weight=0.1, desync_weight=0.1, loss_sync=0.481996
2026-02-15 04:44:21,492 - experiment_ablation_no_chaotic_features - INFO - Epoch 65: Train Loss: 0.5382, Train Acc: 0.9866, Val Loss: 5.1287, Val Acc: 0.2584
2026-02-15 04:44:22,402 - experiment_ablation_no_chaotic_features - INFO - Train Epoch 66: [0/472 (0.0%)]	Loss: 0.600149
2026-02-15 04:44:30,443 - experiment_ablation_no_chaotic_features - INFO - [SYNC DEBUG] Epoch 66: sync_weight=0.1, desync_weight=0.1, loss_sync=0.478263
2026-02-15 04:44:31,086 - experiment_ablation_no_chaotic_features - INFO - Epoch 66: Train Loss: 0.5724, Train Acc: 0.9710, Val Loss: 6.5089, Val Acc: 0.2135
2026-02-15 04:44:32,017 - experiment_ablation_no_chaotic_features - INFO - Train Epoch 67: [0/472 (0.0%)]	Loss: 0.563116
2026-02-15 04:44:40,054 - experiment_ablation_no_chaotic_features - INFO - [SYNC DEBUG] Epoch 67: sync_weight=0.1, desync_weight=0.1, loss_sync=0.494303
2026-02-15 04:44:40,690 - experiment_ablation_no_chaotic_features - INFO - Epoch 67: Train Loss: 0.5976, Train Acc: 0.9688, Val Loss: 5.4096, Val Acc: 0.2809
2026-02-15 04:44:41,603 - experiment_ablation_no_chaotic_features - INFO - Train Epoch 68: [0/472 (0.0%)]	Loss: 0.560984
2026-02-15 04:44:49,722 - experiment_ablation_no_chaotic_features - INFO - [SYNC DEBUG] Epoch 68: sync_weight=0.1, desync_weight=0.1, loss_sync=0.491227
2026-02-15 04:44:50,356 - experiment_ablation_no_chaotic_features - INFO - Epoch 68: Train Loss: 0.6199, Train Acc: 0.9598, Val Loss: 5.5925, Val Acc: 0.2135
2026-02-15 04:44:51,265 - experiment_ablation_no_chaotic_features - INFO - Train Epoch 69: [0/472 (0.0%)]	Loss: 0.509612
2026-02-15 04:44:59,316 - experiment_ablation_no_chaotic_features - INFO - [SYNC DEBUG] Epoch 69: sync_weight=0.1, desync_weight=0.1, loss_sync=0.492484
2026-02-15 04:44:59,947 - experiment_ablation_no_chaotic_features - INFO - Epoch 69: Train Loss: 0.6065, Train Acc: 0.9688, Val Loss: 5.6513, Val Acc: 0.2584
2026-02-15 04:45:00,852 - experiment_ablation_no_chaotic_features - INFO - Train Epoch 70: [0/472 (0.0%)]	Loss: 0.584751
2026-02-15 04:59:57,081 - experiment_ablation_no_chaotic_features - INFO - Initialized experiment: ablation_no_chaotic_features
2026-02-15 04:59:57,081 - experiment_ablation_no_chaotic_features - INFO - Device: cuda
2026-02-15 04:59:57,081 - experiment_ablation_no_chaotic_features - INFO - Output directory: /scratch/project_2003370/yueyao/Model/experiments/configs/Ablation_study/no_chaotic_features/ablation_no_chaotic_features
2026-02-15 04:59:57,081 - experiment_ablation_no_chaotic_features - INFO - [SYNC LOSS] Enabled with mode: standard
2026-02-15 04:59:57,081 - experiment_ablation_no_chaotic_features - INFO - Initialized chaotic network experiment with lorenz system
2026-02-15 04:59:57,081 - experiment_ablation_no_chaotic_features - INFO - Setting up experiment components...
2026-02-15 04:59:57,081 - experiment_ablation_no_chaotic_features - INFO - Creating dataloaders...
2026-02-15 04:59:57,491 - experiment_ablation_no_chaotic_features - INFO - Detected 26 speakers in dataset
2026-02-15 04:59:57,492 - experiment_ablation_no_chaotic_features - INFO - Dataloaders created:
2026-02-15 04:59:57,492 - experiment_ablation_no_chaotic_features - INFO -   Train: 14 batches
2026-02-15 04:59:57,492 - experiment_ablation_no_chaotic_features - INFO -   Val: 3 batches
2026-02-15 04:59:57,492 - experiment_ablation_no_chaotic_features - INFO -   Test: 4 batches
2026-02-15 04:59:57,492 - experiment_ablation_no_chaotic_features - INFO - Creating model...
2026-02-15 04:59:57,492 - experiment_ablation_no_chaotic_features - INFO - Using actual num_speakers from dataset: 26
2026-02-15 05:01:02,996 - experiment_ablation_no_chaotic_features - INFO - Total parameters: 500,671
2026-02-15 05:01:02,996 - experiment_ablation_no_chaotic_features - INFO - Trainable parameters: 500,671
2026-02-15 05:01:02,996 - experiment_ablation_no_chaotic_features - INFO - Creating optimizer...
2026-02-15 05:01:02,996 - experiment_ablation_no_chaotic_features - INFO - Optimizer: AdamW
2026-02-15 05:01:02,997 - experiment_ablation_no_chaotic_features - INFO - Creating scheduler...
2026-02-15 05:01:02,997 - experiment_ablation_no_chaotic_features - INFO - Creating criterion...
2026-02-15 05:01:02,997 - experiment_ablation_no_chaotic_features - INFO - Criterion: CrossEntropyLoss
2026-02-15 05:01:03,082 - experiment_ablation_no_chaotic_features - INFO - Configuration saved to: /scratch/project_2003370/yueyao/Model/experiments/configs/Ablation_study/no_chaotic_features/ablation_no_chaotic_features/config.json
2026-02-15 05:01:03,083 - experiment_ablation_no_chaotic_features - INFO - Experiment setup completed
2026-02-15 05:01:03,083 - experiment_ablation_no_chaotic_features - INFO - Starting training for 100 epochs
2026-02-15 05:01:03,083 - experiment_ablation_no_chaotic_features - INFO - [SYNC LOSS] Warmup complete, synchronization loss activated!
2026-02-15 05:01:03,318 - experiment_ablation_no_chaotic_features - INFO - 
================================================================================
2026-02-15 05:01:03,319 - experiment_ablation_no_chaotic_features - INFO - COMPREHENSIVE DEBUG - FIRST BATCH
2026-02-15 05:01:03,319 - experiment_ablation_no_chaotic_features - INFO - ================================================================================
2026-02-15 05:01:03,319 - experiment_ablation_no_chaotic_features - INFO - Batch Info:
2026-02-15 05:01:03,319 - experiment_ablation_no_chaotic_features - INFO -   Audio shape: torch.Size([32, 48000])
2026-02-15 05:01:03,319 - experiment_ablation_no_chaotic_features - INFO -   Targets shape: torch.Size([32])
2026-02-15 05:01:03,320 - experiment_ablation_no_chaotic_features - INFO -   Targets (first 8): tensor([18, 24,  5, 21, 17, 17, 21,  7], device='cuda:0')
2026-02-15 05:01:03,455 - experiment_ablation_no_chaotic_features - INFO - ================================================================================

2026-02-15 05:01:03,587 - experiment_ablation_no_chaotic_features - INFO - [STABILITY] Initialized LyapunovStabilityLoss
2026-02-15 05:01:03,589 - experiment_ablation_no_chaotic_features - DEBUG - [STABILITY] lyap=0.066, max_norm=14.5, min_std=1.167
2026-02-15 05:01:03,783 - experiment_ablation_no_chaotic_features - INFO - Train Epoch 0: [0/472 (0.0%)]	Loss: 6.150975
2026-02-15 05:01:08,018 - experiment_ablation_no_chaotic_features - INFO - [SYNC DEBUG] Epoch 0: sync_weight=0.1, desync_weight=0.1, loss_sync=0.620214
2026-02-15 05:01:08,633 - experiment_ablation_no_chaotic_features - INFO - Epoch 0: Train Loss: 6.3189, Train Acc: 0.0513, Val Loss: 4.9980, Val Acc: 0.0449
2026-02-15 05:01:08,697 - experiment_ablation_no_chaotic_features - INFO - Saved new best model at epoch 0
2026-02-15 05:01:08,727 - experiment_ablation_no_chaotic_features - ERROR - Training failed with error: name 'checkpoint_state' is not defined
2026-02-15 05:53:08,769 - experiment_ablation_no_chaotic_features - INFO - Initialized experiment: ablation_no_chaotic_features
2026-02-15 05:53:08,781 - experiment_ablation_no_chaotic_features - INFO - Device: cuda
2026-02-15 05:53:08,781 - experiment_ablation_no_chaotic_features - INFO - Output directory: /scratch/project_2003370/yueyao/Model/experiments/configs/Ablation_study/no_chaotic_features/ablation_no_chaotic_features
2026-02-15 05:53:08,781 - experiment_ablation_no_chaotic_features - INFO - [SYNC LOSS] Enabled with mode: standard
2026-02-15 05:53:08,781 - experiment_ablation_no_chaotic_features - INFO - Initialized chaotic network experiment with lorenz system
2026-02-15 05:53:08,781 - experiment_ablation_no_chaotic_features - INFO - Setting up experiment components...
2026-02-15 05:53:08,781 - experiment_ablation_no_chaotic_features - INFO - Creating dataloaders...
2026-02-15 05:53:09,184 - experiment_ablation_no_chaotic_features - INFO - Detected 26 speakers in dataset
2026-02-15 05:53:09,185 - experiment_ablation_no_chaotic_features - INFO - Dataloaders created:
2026-02-15 05:53:09,185 - experiment_ablation_no_chaotic_features - INFO -   Train: 14 batches
2026-02-15 05:53:09,185 - experiment_ablation_no_chaotic_features - INFO -   Val: 3 batches
2026-02-15 05:53:09,185 - experiment_ablation_no_chaotic_features - INFO -   Test: 4 batches
2026-02-15 05:53:09,185 - experiment_ablation_no_chaotic_features - INFO - Creating model...
2026-02-15 05:53:09,185 - experiment_ablation_no_chaotic_features - INFO - Using actual num_speakers from dataset: 26
2026-02-15 05:54:15,227 - experiment_ablation_no_chaotic_features - INFO - Total parameters: 500,671
2026-02-15 05:54:15,227 - experiment_ablation_no_chaotic_features - INFO - Trainable parameters: 500,671
2026-02-15 05:54:15,227 - experiment_ablation_no_chaotic_features - INFO - Creating optimizer...
2026-02-15 05:54:15,227 - experiment_ablation_no_chaotic_features - INFO - Optimizer: AdamW
2026-02-15 05:54:15,227 - experiment_ablation_no_chaotic_features - INFO - Creating scheduler...
2026-02-15 05:54:15,227 - experiment_ablation_no_chaotic_features - INFO - Creating criterion...
2026-02-15 05:54:15,228 - experiment_ablation_no_chaotic_features - INFO - Criterion: CrossEntropyLoss
2026-02-15 05:54:15,312 - experiment_ablation_no_chaotic_features - INFO - Configuration saved to: /scratch/project_2003370/yueyao/Model/experiments/configs/Ablation_study/no_chaotic_features/ablation_no_chaotic_features/config.json
2026-02-15 05:54:15,312 - experiment_ablation_no_chaotic_features - INFO - Experiment setup completed
2026-02-15 05:54:15,313 - experiment_ablation_no_chaotic_features - INFO - Starting training for 100 epochs
2026-02-15 05:54:15,313 - experiment_ablation_no_chaotic_features - INFO - [SYNC LOSS] Warmup complete, synchronization loss activated!
2026-02-15 05:54:15,536 - experiment_ablation_no_chaotic_features - INFO - 
================================================================================
2026-02-15 05:54:15,536 - experiment_ablation_no_chaotic_features - INFO - COMPREHENSIVE DEBUG - FIRST BATCH
2026-02-15 05:54:15,537 - experiment_ablation_no_chaotic_features - INFO - ================================================================================
2026-02-15 05:54:15,537 - experiment_ablation_no_chaotic_features - INFO - Batch Info:
2026-02-15 05:54:15,537 - experiment_ablation_no_chaotic_features - INFO -   Audio shape: torch.Size([32, 48000])
2026-02-15 05:54:15,537 - experiment_ablation_no_chaotic_features - INFO -   Targets shape: torch.Size([32])
2026-02-15 05:54:15,538 - experiment_ablation_no_chaotic_features - INFO -   Targets (first 8): tensor([18, 24,  5, 21, 17, 17, 21,  7], device='cuda:0')
2026-02-15 05:54:15,678 - experiment_ablation_no_chaotic_features - INFO - ================================================================================

2026-02-15 05:54:15,798 - experiment_ablation_no_chaotic_features - INFO - [STABILITY] Initialized LyapunovStabilityLoss
2026-02-15 05:54:15,799 - experiment_ablation_no_chaotic_features - DEBUG - [STABILITY] lyap=0.066, max_norm=14.5, min_std=1.167
2026-02-15 05:54:15,993 - experiment_ablation_no_chaotic_features - INFO - Train Epoch 0: [0/472 (0.0%)]	Loss: 6.150975
2026-02-15 05:54:20,144 - experiment_ablation_no_chaotic_features - INFO - [SYNC DEBUG] Epoch 0: sync_weight=0.1, desync_weight=0.1, loss_sync=0.620214
2026-02-15 05:54:20,744 - experiment_ablation_no_chaotic_features - INFO - Epoch 0: Train Loss: 6.3189, Train Acc: 0.0513, Val Loss: 4.9980, Val Acc: 0.0449
2026-02-15 05:54:20,807 - experiment_ablation_no_chaotic_features - INFO - Saved new best model at epoch 0
2026-02-15 05:54:20,837 - experiment_ablation_no_chaotic_features - ERROR - Training failed with error: name 'checkpoint_manager' is not defined
2026-02-15 06:38:43,401 - experiment_ablation_no_chaotic_features - INFO - Initialized experiment: ablation_no_chaotic_features
2026-02-15 06:38:43,412 - experiment_ablation_no_chaotic_features - INFO - Device: cuda
2026-02-15 06:38:43,412 - experiment_ablation_no_chaotic_features - INFO - Output directory: /scratch/project_2003370/yueyao/Model/experiments/configs/Ablation_study/no_chaotic_features/ablation_no_chaotic_features
2026-02-15 07:18:01,012 - experiment_ablation_no_chaotic_features - INFO - Initialized experiment: ablation_no_chaotic_features
2026-02-15 07:18:01,020 - experiment_ablation_no_chaotic_features - INFO - Device: cuda
2026-02-15 07:18:01,021 - experiment_ablation_no_chaotic_features - INFO - Output directory: /scratch/project_2003370/yueyao/Model/experiments/configs/Ablation_study/no_chaotic_features/ablation_no_chaotic_features
2026-02-15 07:18:01,021 - experiment_ablation_no_chaotic_features - INFO - [SYNC LOSS] Enabled with mode: standard
2026-02-15 07:18:01,021 - experiment_ablation_no_chaotic_features - INFO - Initialized chaotic network experiment with lorenz system
2026-02-15 07:18:01,021 - experiment_ablation_no_chaotic_features - INFO - Setting up experiment components...
2026-02-15 07:18:01,021 - experiment_ablation_no_chaotic_features - INFO - Creating dataloaders...
2026-02-15 07:18:01,402 - experiment_ablation_no_chaotic_features - INFO - Detected 26 speakers in dataset
2026-02-15 07:18:01,402 - experiment_ablation_no_chaotic_features - INFO - Dataloaders created:
2026-02-15 07:18:01,402 - experiment_ablation_no_chaotic_features - INFO -   Train: 14 batches
2026-02-15 07:18:01,403 - experiment_ablation_no_chaotic_features - INFO -   Val: 3 batches
2026-02-15 07:18:01,403 - experiment_ablation_no_chaotic_features - INFO -   Test: 4 batches
2026-02-15 07:18:01,403 - experiment_ablation_no_chaotic_features - INFO - Creating model...
2026-02-15 07:18:01,403 - experiment_ablation_no_chaotic_features - INFO - Using actual num_speakers from dataset: 26
2026-02-15 07:19:07,296 - experiment_ablation_no_chaotic_features - INFO - Total parameters: 565,119
2026-02-15 07:19:07,296 - experiment_ablation_no_chaotic_features - INFO - Trainable parameters: 565,119
2026-02-15 07:19:07,296 - experiment_ablation_no_chaotic_features - INFO - Creating optimizer...
2026-02-15 07:19:07,296 - experiment_ablation_no_chaotic_features - INFO - Optimizer: AdamW
2026-02-15 07:19:07,296 - experiment_ablation_no_chaotic_features - INFO - Creating scheduler...
2026-02-15 07:19:07,296 - experiment_ablation_no_chaotic_features - INFO - Creating criterion...
2026-02-15 07:19:07,296 - experiment_ablation_no_chaotic_features - INFO - Criterion: CrossEntropyLoss
2026-02-15 07:19:07,377 - experiment_ablation_no_chaotic_features - INFO - Configuration saved to: /scratch/project_2003370/yueyao/Model/experiments/configs/Ablation_study/no_chaotic_features/ablation_no_chaotic_features/config.json
2026-02-15 07:19:07,377 - experiment_ablation_no_chaotic_features - INFO - Experiment setup completed
2026-02-15 07:19:07,377 - experiment_ablation_no_chaotic_features - INFO - Starting training for 100 epochs
2026-02-15 07:19:07,377 - experiment_ablation_no_chaotic_features - INFO - [SYNC LOSS] Warmup complete, synchronization loss activated!
2026-02-15 07:19:07,558 - experiment_ablation_no_chaotic_features - INFO - 
================================================================================
2026-02-15 07:19:07,559 - experiment_ablation_no_chaotic_features - INFO - COMPREHENSIVE DEBUG - FIRST BATCH
2026-02-15 07:19:07,559 - experiment_ablation_no_chaotic_features - INFO - ================================================================================
2026-02-15 07:19:07,559 - experiment_ablation_no_chaotic_features - INFO - Batch Info:
2026-02-15 07:19:07,559 - experiment_ablation_no_chaotic_features - INFO -   Audio shape: torch.Size([32, 48000])
2026-02-15 07:19:07,559 - experiment_ablation_no_chaotic_features - INFO -   Targets shape: torch.Size([32])
2026-02-15 07:19:07,560 - experiment_ablation_no_chaotic_features - INFO -   Targets (first 8): tensor([20,  0, 14, 25, 24, 15,  3, 10], device='cuda:0')
2026-02-15 07:19:07,701 - experiment_ablation_no_chaotic_features - INFO - ================================================================================

2026-02-15 07:19:07,830 - experiment_ablation_no_chaotic_features - INFO - [STABILITY] Initialized LyapunovStabilityLoss
2026-02-15 07:19:07,832 - experiment_ablation_no_chaotic_features - DEBUG - [STABILITY] lyap=0.072, max_norm=48.3, min_std=0.035
2026-02-15 07:19:08,023 - experiment_ablation_no_chaotic_features - INFO - Train Epoch 0: [0/472 (0.0%)]	Loss: 12.263723
2026-02-15 07:19:12,225 - experiment_ablation_no_chaotic_features - INFO - [SYNC DEBUG] Epoch 0: sync_weight=0.1, desync_weight=0.1, loss_sync=2.626889
2026-02-15 07:19:12,807 - experiment_ablation_no_chaotic_features - INFO - Epoch 0: Train Loss: 8.1704, Train Acc: 0.0424, Val Loss: 5.1548, Val Acc: 0.0449
2026-02-15 07:19:12,876 - experiment_ablation_no_chaotic_features - INFO - Saved new best model at epoch 0
2026-02-15 07:19:13,507 - experiment_ablation_no_chaotic_features - INFO - Train Epoch 1: [0/472 (0.0%)]	Loss: 6.068936
2026-02-15 07:19:17,739 - experiment_ablation_no_chaotic_features - INFO - [SYNC DEBUG] Epoch 1: sync_weight=0.1, desync_weight=0.1, loss_sync=1.787840
2026-02-15 07:19:18,307 - experiment_ablation_no_chaotic_features - INFO - Epoch 1: Train Loss: 6.8818, Train Acc: 0.0379, Val Loss: 4.2986, Val Acc: 0.0449
2026-02-15 07:19:18,846 - experiment_ablation_no_chaotic_features - INFO - Train Epoch 2: [0/472 (0.0%)]	Loss: 5.420114
2026-02-15 07:19:23,060 - experiment_ablation_no_chaotic_features - INFO - [SYNC DEBUG] Epoch 2: sync_weight=0.1, desync_weight=0.1, loss_sync=1.611777
2026-02-15 07:19:23,629 - experiment_ablation_no_chaotic_features - INFO - Epoch 2: Train Loss: 6.3522, Train Acc: 0.0402, Val Loss: 6.0234, Val Acc: 0.0337
2026-02-15 07:19:24,176 - experiment_ablation_no_chaotic_features - INFO - Train Epoch 3: [0/472 (0.0%)]	Loss: 6.085512
2026-02-15 07:19:28,347 - experiment_ablation_no_chaotic_features - INFO - [SYNC DEBUG] Epoch 3: sync_weight=0.1, desync_weight=0.1, loss_sync=1.393392
2026-02-15 07:19:28,908 - experiment_ablation_no_chaotic_features - INFO - Epoch 3: Train Loss: 5.9049, Train Acc: 0.0223, Val Loss: 4.6202, Val Acc: 0.0337
2026-02-15 07:19:29,449 - experiment_ablation_no_chaotic_features - INFO - Train Epoch 4: [0/472 (0.0%)]	Loss: 5.681787
2026-02-15 07:19:33,556 - experiment_ablation_no_chaotic_features - INFO - [SYNC DEBUG] Epoch 4: sync_weight=0.1, desync_weight=0.1, loss_sync=1.257515
2026-02-15 07:19:34,111 - experiment_ablation_no_chaotic_features - INFO - Epoch 4: Train Loss: 5.2260, Train Acc: 0.0692, Val Loss: 3.9468, Val Acc: 0.0562
2026-02-15 07:19:34,191 - experiment_ablation_no_chaotic_features - INFO - Saved new best model at epoch 4
2026-02-15 07:19:34,804 - experiment_ablation_no_chaotic_features - INFO - Train Epoch 5: [0/472 (0.0%)]	Loss: 5.366511
2026-02-15 07:19:38,917 - experiment_ablation_no_chaotic_features - INFO - [SYNC DEBUG] Epoch 5: sync_weight=0.1, desync_weight=0.1, loss_sync=1.007213
2026-02-15 07:19:39,461 - experiment_ablation_no_chaotic_features - INFO - Epoch 5: Train Loss: 5.0694, Train Acc: 0.0714, Val Loss: 3.9216, Val Acc: 0.0449
2026-02-15 07:19:40,007 - experiment_ablation_no_chaotic_features - INFO - Train Epoch 6: [0/472 (0.0%)]	Loss: 5.123383
2026-02-15 07:19:44,172 - experiment_ablation_no_chaotic_features - INFO - [SYNC DEBUG] Epoch 6: sync_weight=0.1, desync_weight=0.1, loss_sync=1.040125
2026-02-15 07:19:44,723 - experiment_ablation_no_chaotic_features - INFO - Epoch 6: Train Loss: 4.7912, Train Acc: 0.0871, Val Loss: 3.5714, Val Acc: 0.0449
2026-02-15 07:19:45,280 - experiment_ablation_no_chaotic_features - INFO - Train Epoch 7: [0/472 (0.0%)]	Loss: 4.673775
2026-02-15 07:19:45,718 - experiment_ablation_no_chaotic_features - DEBUG - [STABILITY] lyap=0.093, max_norm=16.4, min_std=1.065
2026-02-15 07:19:49,449 - experiment_ablation_no_chaotic_features - INFO - [SYNC DEBUG] Epoch 7: sync_weight=0.1, desync_weight=0.1, loss_sync=0.716784
2026-02-15 07:19:50,047 - experiment_ablation_no_chaotic_features - INFO - Epoch 7: Train Loss: 4.0327, Train Acc: 0.1429, Val Loss: 3.5874, Val Acc: 0.0562
2026-02-15 07:19:50,613 - experiment_ablation_no_chaotic_features - INFO - Train Epoch 8: [0/472 (0.0%)]	Loss: 3.666243
2026-02-15 07:19:54,789 - experiment_ablation_no_chaotic_features - INFO - [SYNC DEBUG] Epoch 8: sync_weight=0.1, desync_weight=0.1, loss_sync=0.837397
2026-02-15 07:19:55,368 - experiment_ablation_no_chaotic_features - INFO - Epoch 8: Train Loss: 4.1119, Train Acc: 0.1183, Val Loss: 3.2640, Val Acc: 0.1573
2026-02-15 07:19:55,437 - experiment_ablation_no_chaotic_features - INFO - Saved new best model at epoch 8
2026-02-15 07:19:56,008 - experiment_ablation_no_chaotic_features - INFO - Train Epoch 9: [0/472 (0.0%)]	Loss: 3.451328
2026-02-15 07:20:00,222 - experiment_ablation_no_chaotic_features - INFO - [SYNC DEBUG] Epoch 9: sync_weight=0.1, desync_weight=0.1, loss_sync=0.561578
2026-02-15 07:20:00,819 - experiment_ablation_no_chaotic_features - INFO - Epoch 9: Train Loss: 3.3196, Train Acc: 0.2076, Val Loss: 2.4399, Val Acc: 0.2247
2026-02-15 07:20:00,892 - experiment_ablation_no_chaotic_features - INFO - Saved new best model at epoch 9
2026-02-15 07:20:01,507 - experiment_ablation_no_chaotic_features - INFO - Train Epoch 10: [0/472 (0.0%)]	Loss: 3.022051
2026-02-15 07:20:05,738 - experiment_ablation_no_chaotic_features - INFO - [SYNC DEBUG] Epoch 10: sync_weight=0.1, desync_weight=0.1, loss_sync=0.483041
2026-02-15 07:20:06,310 - experiment_ablation_no_chaotic_features - INFO - Epoch 10: Train Loss: 2.9801, Train Acc: 0.2812, Val Loss: 2.2917, Val Acc: 0.2697
2026-02-15 07:20:06,384 - experiment_ablation_no_chaotic_features - INFO - Saved new best model at epoch 10
2026-02-15 07:20:07,045 - experiment_ablation_no_chaotic_features - INFO - Train Epoch 11: [0/472 (0.0%)]	Loss: 2.436206
2026-02-15 07:20:11,214 - experiment_ablation_no_chaotic_features - INFO - [SYNC DEBUG] Epoch 11: sync_weight=0.1, desync_weight=0.1, loss_sync=0.616954
2026-02-15 07:20:11,785 - experiment_ablation_no_chaotic_features - INFO - Epoch 11: Train Loss: 2.9845, Train Acc: 0.2634, Val Loss: 2.2203, Val Acc: 0.3258
2026-02-15 07:20:11,859 - experiment_ablation_no_chaotic_features - INFO - Saved new best model at epoch 11
2026-02-15 07:20:12,437 - experiment_ablation_no_chaotic_features - INFO - Train Epoch 12: [0/472 (0.0%)]	Loss: 2.715282
2026-02-15 07:20:16,556 - experiment_ablation_no_chaotic_features - INFO - [SYNC DEBUG] Epoch 12: sync_weight=0.1, desync_weight=0.1, loss_sync=0.497700
2026-02-15 07:20:17,138 - experiment_ablation_no_chaotic_features - INFO - Epoch 12: Train Loss: 2.6729, Train Acc: 0.3326, Val Loss: 2.0056, Val Acc: 0.3820
2026-02-15 07:20:17,208 - experiment_ablation_no_chaotic_features - INFO - Saved new best model at epoch 12
2026-02-15 07:20:17,815 - experiment_ablation_no_chaotic_features - INFO - Train Epoch 13: [0/472 (0.0%)]	Loss: 2.321487
2026-02-15 07:20:21,983 - experiment_ablation_no_chaotic_features - INFO - [SYNC DEBUG] Epoch 13: sync_weight=0.1, desync_weight=0.1, loss_sync=0.500117
2026-02-15 07:20:22,546 - experiment_ablation_no_chaotic_features - INFO - Epoch 13: Train Loss: 2.2937, Train Acc: 0.4308, Val Loss: 1.8447, Val Acc: 0.4382
2026-02-15 07:20:22,620 - experiment_ablation_no_chaotic_features - INFO - Saved new best model at epoch 13
2026-02-15 07:20:23,205 - experiment_ablation_no_chaotic_features - INFO - Train Epoch 14: [0/472 (0.0%)]	Loss: 1.671079
2026-02-15 07:20:24,280 - experiment_ablation_no_chaotic_features - DEBUG - [STABILITY] lyap=0.025, max_norm=1.3, min_std=0.027
2026-02-15 07:20:27,378 - experiment_ablation_no_chaotic_features - INFO - [SYNC DEBUG] Epoch 14: sync_weight=0.1, desync_weight=0.1, loss_sync=0.512318
2026-02-15 07:20:27,958 - experiment_ablation_no_chaotic_features - INFO - Epoch 14: Train Loss: 2.1435, Train Acc: 0.5022, Val Loss: 2.0413, Val Acc: 0.4944
2026-02-15 07:20:28,034 - experiment_ablation_no_chaotic_features - INFO - Saved new best model at epoch 14
2026-02-15 07:20:28,621 - experiment_ablation_no_chaotic_features - INFO - Train Epoch 15: [0/472 (0.0%)]	Loss: 1.841154
2026-02-15 07:20:32,799 - experiment_ablation_no_chaotic_features - INFO - [SYNC DEBUG] Epoch 15: sync_weight=0.1, desync_weight=0.1, loss_sync=0.499240
2026-02-15 07:20:33,372 - experiment_ablation_no_chaotic_features - INFO - Epoch 15: Train Loss: 1.8156, Train Acc: 0.5558, Val Loss: 1.3835, Val Acc: 0.4944
2026-02-15 07:20:33,910 - experiment_ablation_no_chaotic_features - INFO - Train Epoch 16: [0/472 (0.0%)]	Loss: 1.391078
2026-02-15 07:20:38,033 - experiment_ablation_no_chaotic_features - INFO - [SYNC DEBUG] Epoch 16: sync_weight=0.1, desync_weight=0.1, loss_sync=0.496464
2026-02-15 07:20:38,603 - experiment_ablation_no_chaotic_features - INFO - Epoch 16: Train Loss: 1.7243, Train Acc: 0.6094, Val Loss: 0.9260, Val Acc: 0.7416
2026-02-15 07:20:38,677 - experiment_ablation_no_chaotic_features - INFO - Saved new best model at epoch 16
2026-02-15 07:20:39,288 - experiment_ablation_no_chaotic_features - INFO - Train Epoch 17: [0/472 (0.0%)]	Loss: 1.472049
2026-02-15 07:20:43,452 - experiment_ablation_no_chaotic_features - INFO - [SYNC DEBUG] Epoch 17: sync_weight=0.1, desync_weight=0.1, loss_sync=0.501984
2026-02-15 07:20:44,037 - experiment_ablation_no_chaotic_features - INFO - Epoch 17: Train Loss: 1.4765, Train Acc: 0.6897, Val Loss: 1.3967, Val Acc: 0.5169
2026-02-15 07:20:44,601 - experiment_ablation_no_chaotic_features - INFO - Train Epoch 18: [0/472 (0.0%)]	Loss: 1.523692
2026-02-15 07:20:48,754 - experiment_ablation_no_chaotic_features - INFO - [SYNC DEBUG] Epoch 18: sync_weight=0.1, desync_weight=0.1, loss_sync=0.500132
2026-02-15 07:20:49,316 - experiment_ablation_no_chaotic_features - INFO - Epoch 18: Train Loss: 1.3818, Train Acc: 0.7165, Val Loss: 1.2587, Val Acc: 0.6629
2026-02-15 07:20:49,881 - experiment_ablation_no_chaotic_features - INFO - Train Epoch 19: [0/472 (0.0%)]	Loss: 1.290897
2026-02-15 07:20:54,046 - experiment_ablation_no_chaotic_features - INFO - [SYNC DEBUG] Epoch 19: sync_weight=0.1, desync_weight=0.1, loss_sync=0.500154
2026-02-15 07:20:54,604 - experiment_ablation_no_chaotic_features - INFO - Epoch 19: Train Loss: 1.1860, Train Acc: 0.7701, Val Loss: 0.8306, Val Acc: 0.7191
2026-02-15 07:20:55,159 - experiment_ablation_no_chaotic_features - INFO - Train Epoch 20: [0/472 (0.0%)]	Loss: 1.270009
2026-02-15 07:20:59,348 - experiment_ablation_no_chaotic_features - INFO - [SYNC DEBUG] Epoch 20: sync_weight=0.1, desync_weight=0.1, loss_sync=0.499761
2026-02-15 07:20:59,910 - experiment_ablation_no_chaotic_features - INFO - Epoch 20: Train Loss: 1.1881, Train Acc: 0.7701, Val Loss: 1.0089, Val Acc: 0.6404
2026-02-15 07:21:00,516 - experiment_ablation_no_chaotic_features - INFO - Train Epoch 21: [0/472 (0.0%)]	Loss: 1.223506
2026-02-15 07:21:02,259 - experiment_ablation_no_chaotic_features - DEBUG - [STABILITY] lyap=0.048, max_norm=1.4, min_std=0.197
2026-02-15 07:21:04,758 - experiment_ablation_no_chaotic_features - INFO - [SYNC DEBUG] Epoch 21: sync_weight=0.1, desync_weight=0.1, loss_sync=0.502003
2026-02-15 07:21:05,309 - experiment_ablation_no_chaotic_features - INFO - Epoch 21: Train Loss: 1.0673, Train Acc: 0.8304, Val Loss: 0.8658, Val Acc: 0.7079
2026-02-15 07:21:05,870 - experiment_ablation_no_chaotic_features - INFO - Train Epoch 22: [0/472 (0.0%)]	Loss: 0.934129
2026-02-15 07:21:10,092 - experiment_ablation_no_chaotic_features - INFO - [SYNC DEBUG] Epoch 22: sync_weight=0.1, desync_weight=0.1, loss_sync=0.500128
2026-02-15 07:21:10,658 - experiment_ablation_no_chaotic_features - INFO - Epoch 22: Train Loss: 1.0611, Train Acc: 0.8058, Val Loss: 0.4196, Val Acc: 0.8090
2026-02-15 07:21:10,738 - experiment_ablation_no_chaotic_features - INFO - Saved new best model at epoch 22
2026-02-15 07:21:11,308 - experiment_ablation_no_chaotic_features - INFO - Train Epoch 23: [0/472 (0.0%)]	Loss: 0.844914
2026-02-15 07:21:15,535 - experiment_ablation_no_chaotic_features - INFO - [SYNC DEBUG] Epoch 23: sync_weight=0.1, desync_weight=0.1, loss_sync=0.498829
2026-02-15 07:21:16,099 - experiment_ablation_no_chaotic_features - INFO - Epoch 23: Train Loss: 1.0238, Train Acc: 0.8259, Val Loss: 1.2197, Val Acc: 0.6067
2026-02-15 07:21:16,665 - experiment_ablation_no_chaotic_features - INFO - Train Epoch 24: [0/472 (0.0%)]	Loss: 0.855344
2026-02-15 07:21:20,895 - experiment_ablation_no_chaotic_features - INFO - [SYNC DEBUG] Epoch 24: sync_weight=0.1, desync_weight=0.1, loss_sync=0.498341
2026-02-15 07:21:21,453 - experiment_ablation_no_chaotic_features - INFO - Epoch 24: Train Loss: 0.9812, Train Acc: 0.8482, Val Loss: 1.2199, Val Acc: 0.6067
2026-02-15 07:21:21,990 - experiment_ablation_no_chaotic_features - INFO - Train Epoch 25: [0/472 (0.0%)]	Loss: 0.818915
2026-02-15 07:21:26,160 - experiment_ablation_no_chaotic_features - INFO - [SYNC DEBUG] Epoch 25: sync_weight=0.1, desync_weight=0.1, loss_sync=0.498387
2026-02-15 07:21:26,740 - experiment_ablation_no_chaotic_features - INFO - Epoch 25: Train Loss: 0.8489, Train Acc: 0.8973, Val Loss: 0.7308, Val Acc: 0.7753
2026-02-15 07:21:27,270 - experiment_ablation_no_chaotic_features - INFO - Train Epoch 26: [0/472 (0.0%)]	Loss: 0.702430
2026-02-15 07:21:31,435 - experiment_ablation_no_chaotic_features - INFO - [SYNC DEBUG] Epoch 26: sync_weight=0.1, desync_weight=0.1, loss_sync=0.499615
2026-02-15 07:21:32,012 - experiment_ablation_no_chaotic_features - INFO - Epoch 26: Train Loss: 0.8799, Train Acc: 0.8795, Val Loss: 1.6178, Val Acc: 0.5618
2026-02-15 07:21:32,548 - experiment_ablation_no_chaotic_features - INFO - Train Epoch 27: [0/472 (0.0%)]	Loss: 0.729237
2026-02-15 07:21:36,660 - experiment_ablation_no_chaotic_features - INFO - [SYNC DEBUG] Epoch 27: sync_weight=0.1, desync_weight=0.1, loss_sync=0.499872
2026-02-15 07:21:37,226 - experiment_ablation_no_chaotic_features - INFO - Epoch 27: Train Loss: 0.8941, Train Acc: 0.8571, Val Loss: 0.5391, Val Acc: 0.8315
2026-02-15 07:21:37,297 - experiment_ablation_no_chaotic_features - INFO - Saved new best model at epoch 27
2026-02-15 07:21:37,871 - experiment_ablation_no_chaotic_features - INFO - Train Epoch 28: [0/472 (0.0%)]	Loss: 0.847280
2026-02-15 07:21:40,225 - experiment_ablation_no_chaotic_features - DEBUG - [STABILITY] lyap=0.049, max_norm=1.5, min_std=0.192
2026-02-15 07:21:42,071 - experiment_ablation_no_chaotic_features - INFO - [SYNC DEBUG] Epoch 28: sync_weight=0.1, desync_weight=0.1, loss_sync=0.500131
2026-02-15 07:21:42,674 - experiment_ablation_no_chaotic_features - INFO - Epoch 28: Train Loss: 0.8485, Train Acc: 0.8862, Val Loss: 0.5520, Val Acc: 0.8202
2026-02-15 07:21:43,207 - experiment_ablation_no_chaotic_features - INFO - Train Epoch 29: [0/472 (0.0%)]	Loss: 0.737927
2026-02-15 07:21:47,397 - experiment_ablation_no_chaotic_features - INFO - [SYNC DEBUG] Epoch 29: sync_weight=0.1, desync_weight=0.1, loss_sync=0.497940
2026-02-15 07:21:47,954 - experiment_ablation_no_chaotic_features - INFO - Epoch 29: Train Loss: 0.7629, Train Acc: 0.9241, Val Loss: 0.6638, Val Acc: 0.8427
2026-02-15 07:21:48,028 - experiment_ablation_no_chaotic_features - INFO - Saved new best model at epoch 29
2026-02-15 07:21:48,593 - experiment_ablation_no_chaotic_features - INFO - Train Epoch 30: [0/472 (0.0%)]	Loss: 0.683249
2026-02-15 07:21:52,783 - experiment_ablation_no_chaotic_features - INFO - [SYNC DEBUG] Epoch 30: sync_weight=0.1, desync_weight=0.1, loss_sync=0.499388
2026-02-15 07:21:53,388 - experiment_ablation_no_chaotic_features - INFO - Epoch 30: Train Loss: 0.7802, Train Acc: 0.8973, Val Loss: 0.8036, Val Acc: 0.7528
2026-02-15 07:21:53,997 - experiment_ablation_no_chaotic_features - INFO - Train Epoch 31: [0/472 (0.0%)]	Loss: 0.844894
2026-02-15 07:21:58,179 - experiment_ablation_no_chaotic_features - INFO - [SYNC DEBUG] Epoch 31: sync_weight=0.1, desync_weight=0.1, loss_sync=0.500298
2026-02-15 07:21:58,760 - experiment_ablation_no_chaotic_features - INFO - Epoch 31: Train Loss: 0.8134, Train Acc: 0.8996, Val Loss: 1.3120, Val Acc: 0.6180
2026-02-15 07:21:59,293 - experiment_ablation_no_chaotic_features - INFO - Train Epoch 32: [0/472 (0.0%)]	Loss: 0.821895
2026-02-15 07:22:03,520 - experiment_ablation_no_chaotic_features - INFO - [SYNC DEBUG] Epoch 32: sync_weight=0.1, desync_weight=0.1, loss_sync=0.499965
2026-02-15 07:22:04,077 - experiment_ablation_no_chaotic_features - INFO - Epoch 32: Train Loss: 0.7787, Train Acc: 0.8996, Val Loss: 1.1229, Val Acc: 0.7079
2026-02-15 07:22:04,615 - experiment_ablation_no_chaotic_features - INFO - Train Epoch 33: [0/472 (0.0%)]	Loss: 0.765599
2026-02-15 07:22:09,003 - experiment_ablation_no_chaotic_features - INFO - [SYNC DEBUG] Epoch 33: sync_weight=0.1, desync_weight=0.1, loss_sync=0.499137
2026-02-15 07:22:09,563 - experiment_ablation_no_chaotic_features - INFO - Epoch 33: Train Loss: 0.7462, Train Acc: 0.9196, Val Loss: 0.5400, Val Acc: 0.8427
2026-02-15 07:22:10,092 - experiment_ablation_no_chaotic_features - INFO - Train Epoch 34: [0/472 (0.0%)]	Loss: 0.694443
2026-02-15 07:22:14,242 - experiment_ablation_no_chaotic_features - INFO - [SYNC DEBUG] Epoch 34: sync_weight=0.1, desync_weight=0.1, loss_sync=0.498780
2026-02-15 07:22:14,807 - experiment_ablation_no_chaotic_features - INFO - Epoch 34: Train Loss: 0.7822, Train Acc: 0.9174, Val Loss: 0.9642, Val Acc: 0.7416
2026-02-15 07:22:15,366 - experiment_ablation_no_chaotic_features - INFO - Train Epoch 35: [0/472 (0.0%)]	Loss: 0.714116
2026-02-15 07:22:18,302 - experiment_ablation_no_chaotic_features - DEBUG - [STABILITY] lyap=0.052, max_norm=1.3, min_std=0.160
2026-02-15 07:22:19,481 - experiment_ablation_no_chaotic_features - INFO - [SYNC DEBUG] Epoch 35: sync_weight=0.1, desync_weight=0.1, loss_sync=0.498694
2026-02-15 07:22:20,059 - experiment_ablation_no_chaotic_features - INFO - Epoch 35: Train Loss: 0.7442, Train Acc: 0.9174, Val Loss: 1.8525, Val Acc: 0.5169
2026-02-15 07:22:20,597 - experiment_ablation_no_chaotic_features - INFO - Train Epoch 36: [0/472 (0.0%)]	Loss: 0.592667
2026-02-15 07:22:24,768 - experiment_ablation_no_chaotic_features - INFO - [SYNC DEBUG] Epoch 36: sync_weight=0.1, desync_weight=0.1, loss_sync=0.498292
2026-02-15 07:22:25,351 - experiment_ablation_no_chaotic_features - INFO - Epoch 36: Train Loss: 0.7522, Train Acc: 0.9263, Val Loss: 0.8311, Val Acc: 0.7528
2026-02-15 07:22:25,903 - experiment_ablation_no_chaotic_features - INFO - Train Epoch 37: [0/472 (0.0%)]	Loss: 0.707934
2026-02-15 07:22:30,099 - experiment_ablation_no_chaotic_features - INFO - [SYNC DEBUG] Epoch 37: sync_weight=0.1, desync_weight=0.1, loss_sync=0.497591
2026-02-15 07:22:30,670 - experiment_ablation_no_chaotic_features - INFO - Epoch 37: Train Loss: 0.7474, Train Acc: 0.9219, Val Loss: 0.7810, Val Acc: 0.8539
2026-02-15 07:22:30,746 - experiment_ablation_no_chaotic_features - INFO - Saved new best model at epoch 37
2026-02-15 07:22:31,307 - experiment_ablation_no_chaotic_features - INFO - Train Epoch 38: [0/472 (0.0%)]	Loss: 0.780400
2026-02-15 07:22:35,549 - experiment_ablation_no_chaotic_features - INFO - [SYNC DEBUG] Epoch 38: sync_weight=0.1, desync_weight=0.1, loss_sync=0.497730
2026-02-15 07:22:36,120 - experiment_ablation_no_chaotic_features - INFO - Epoch 38: Train Loss: 0.7416, Train Acc: 0.9241, Val Loss: 0.2763, Val Acc: 0.8652
2026-02-15 07:22:36,191 - experiment_ablation_no_chaotic_features - INFO - Saved new best model at epoch 38
2026-02-15 07:22:36,748 - experiment_ablation_no_chaotic_features - INFO - Train Epoch 39: [0/472 (0.0%)]	Loss: 0.771646
2026-02-15 07:22:40,946 - experiment_ablation_no_chaotic_features - INFO - [SYNC DEBUG] Epoch 39: sync_weight=0.1, desync_weight=0.1, loss_sync=0.496471
2026-02-15 07:22:41,494 - experiment_ablation_no_chaotic_features - INFO - Epoch 39: Train Loss: 0.6738, Train Acc: 0.9286, Val Loss: 1.3709, Val Acc: 0.6404
2026-02-15 07:22:42,051 - experiment_ablation_no_chaotic_features - INFO - Train Epoch 40: [0/472 (0.0%)]	Loss: 0.703841
2026-02-15 07:22:46,193 - experiment_ablation_no_chaotic_features - INFO - [SYNC DEBUG] Epoch 40: sync_weight=0.1, desync_weight=0.1, loss_sync=0.494238
2026-02-15 07:22:46,753 - experiment_ablation_no_chaotic_features - INFO - Epoch 40: Train Loss: 0.6819, Train Acc: 0.9397, Val Loss: 0.8648, Val Acc: 0.7528
2026-02-15 07:22:47,374 - experiment_ablation_no_chaotic_features - INFO - Train Epoch 41: [0/472 (0.0%)]	Loss: 0.595437
2026-02-15 07:22:51,544 - experiment_ablation_no_chaotic_features - INFO - [SYNC DEBUG] Epoch 41: sync_weight=0.1, desync_weight=0.1, loss_sync=0.500095
2026-02-15 07:22:52,103 - experiment_ablation_no_chaotic_features - INFO - Epoch 41: Train Loss: 0.6681, Train Acc: 0.9598, Val Loss: 0.4595, Val Acc: 0.8539
2026-02-15 07:22:52,640 - experiment_ablation_no_chaotic_features - INFO - Train Epoch 42: [0/472 (0.0%)]	Loss: 0.537305
2026-02-15 07:22:56,254 - experiment_ablation_no_chaotic_features - DEBUG - [STABILITY] lyap=0.060, max_norm=1.6, min_std=0.202
2026-02-15 07:22:56,839 - experiment_ablation_no_chaotic_features - INFO - [SYNC DEBUG] Epoch 42: sync_weight=0.1, desync_weight=0.1, loss_sync=0.499383
2026-02-15 07:22:57,399 - experiment_ablation_no_chaotic_features - INFO - Epoch 42: Train Loss: 0.6095, Train Acc: 0.9732, Val Loss: 0.8553, Val Acc: 0.7753
2026-02-15 07:22:57,936 - experiment_ablation_no_chaotic_features - INFO - Train Epoch 43: [0/472 (0.0%)]	Loss: 0.770643
2026-02-15 07:23:02,155 - experiment_ablation_no_chaotic_features - INFO - [SYNC DEBUG] Epoch 43: sync_weight=0.1, desync_weight=0.1, loss_sync=0.496592
2026-02-15 07:23:02,707 - experiment_ablation_no_chaotic_features - INFO - Epoch 43: Train Loss: 0.6684, Train Acc: 0.9509, Val Loss: 0.9202, Val Acc: 0.7865
2026-02-15 07:23:03,252 - experiment_ablation_no_chaotic_features - INFO - Train Epoch 44: [0/472 (0.0%)]	Loss: 0.643428
2026-02-15 07:23:07,404 - experiment_ablation_no_chaotic_features - INFO - [SYNC DEBUG] Epoch 44: sync_weight=0.1, desync_weight=0.1, loss_sync=0.496436
2026-02-15 07:23:07,949 - experiment_ablation_no_chaotic_features - INFO - Epoch 44: Train Loss: 0.7339, Train Acc: 0.9196, Val Loss: 1.7689, Val Acc: 0.6854
2026-02-15 07:23:08,488 - experiment_ablation_no_chaotic_features - INFO - Train Epoch 45: [0/472 (0.0%)]	Loss: 0.602313
2026-02-15 07:23:12,701 - experiment_ablation_no_chaotic_features - INFO - [SYNC DEBUG] Epoch 45: sync_weight=0.1, desync_weight=0.1, loss_sync=0.496234
2026-02-15 07:23:13,273 - experiment_ablation_no_chaotic_features - INFO - Epoch 45: Train Loss: 0.7251, Train Acc: 0.9375, Val Loss: 0.8410, Val Acc: 0.7640
2026-02-15 07:23:13,807 - experiment_ablation_no_chaotic_features - INFO - Train Epoch 46: [0/472 (0.0%)]	Loss: 0.684242
2026-02-15 07:23:18,006 - experiment_ablation_no_chaotic_features - INFO - [SYNC DEBUG] Epoch 46: sync_weight=0.1, desync_weight=0.1, loss_sync=0.494981
2026-02-15 07:23:18,566 - experiment_ablation_no_chaotic_features - INFO - Epoch 46: Train Loss: 0.6756, Train Acc: 0.9487, Val Loss: 1.1962, Val Acc: 0.7191
2026-02-15 07:23:19,106 - experiment_ablation_no_chaotic_features - INFO - Train Epoch 47: [0/472 (0.0%)]	Loss: 0.570615
2026-02-15 07:23:23,350 - experiment_ablation_no_chaotic_features - INFO - [SYNC DEBUG] Epoch 47: sync_weight=0.1, desync_weight=0.1, loss_sync=0.500879
2026-02-15 07:23:23,905 - experiment_ablation_no_chaotic_features - INFO - Epoch 47: Train Loss: 0.6474, Train Acc: 0.9643, Val Loss: 0.7147, Val Acc: 0.7978
2026-02-15 07:23:24,450 - experiment_ablation_no_chaotic_features - INFO - Train Epoch 48: [0/472 (0.0%)]	Loss: 0.640264
2026-02-15 07:23:28,579 - experiment_ablation_no_chaotic_features - INFO - [SYNC DEBUG] Epoch 48: sync_weight=0.1, desync_weight=0.1, loss_sync=0.495744
2026-02-15 07:23:29,137 - experiment_ablation_no_chaotic_features - INFO - Epoch 48: Train Loss: 0.6116, Train Acc: 0.9643, Val Loss: 0.3915, Val Acc: 0.8989
2026-02-15 07:23:29,212 - experiment_ablation_no_chaotic_features - INFO - Saved new best model at epoch 48
2026-02-15 07:23:29,800 - experiment_ablation_no_chaotic_features - INFO - Train Epoch 49: [0/472 (0.0%)]	Loss: 0.570885
2026-02-15 07:23:33,898 - experiment_ablation_no_chaotic_features - INFO - [SYNC DEBUG] Epoch 49: sync_weight=0.1, desync_weight=0.1, loss_sync=0.492884
2026-02-15 07:23:34,481 - experiment_ablation_no_chaotic_features - INFO - Epoch 49: Train Loss: 0.5771, Train Acc: 0.9732, Val Loss: 0.4656, Val Acc: 0.8764
2026-02-15 07:23:34,836 - experiment_ablation_no_chaotic_features - DEBUG - [STABILITY] lyap=0.059, max_norm=1.6, min_std=0.154
2026-02-15 07:23:35,030 - experiment_ablation_no_chaotic_features - INFO - Train Epoch 50: [0/472 (0.0%)]	Loss: 0.628315
2026-02-15 07:23:39,220 - experiment_ablation_no_chaotic_features - INFO - [SYNC DEBUG] Epoch 50: sync_weight=0.1, desync_weight=0.1, loss_sync=0.492523
2026-02-15 07:23:39,778 - experiment_ablation_no_chaotic_features - INFO - Epoch 50: Train Loss: 0.5895, Train Acc: 0.9643, Val Loss: 0.9285, Val Acc: 0.8090
2026-02-15 07:23:40,376 - experiment_ablation_no_chaotic_features - INFO - Train Epoch 51: [0/472 (0.0%)]	Loss: 0.589186
2026-02-15 07:23:44,525 - experiment_ablation_no_chaotic_features - INFO - [SYNC DEBUG] Epoch 51: sync_weight=0.1, desync_weight=0.1, loss_sync=0.492179
2026-02-15 07:23:45,080 - experiment_ablation_no_chaotic_features - INFO - Epoch 51: Train Loss: 0.6350, Train Acc: 0.9464, Val Loss: 0.7431, Val Acc: 0.8315
2026-02-15 07:23:45,620 - experiment_ablation_no_chaotic_features - INFO - Train Epoch 52: [0/472 (0.0%)]	Loss: 0.563885
2026-02-15 07:23:49,835 - experiment_ablation_no_chaotic_features - INFO - [SYNC DEBUG] Epoch 52: sync_weight=0.1, desync_weight=0.1, loss_sync=0.492648
2026-02-15 07:23:50,394 - experiment_ablation_no_chaotic_features - INFO - Epoch 52: Train Loss: 0.6966, Train Acc: 0.9308, Val Loss: 1.7889, Val Acc: 0.6404
2026-02-15 07:23:50,931 - experiment_ablation_no_chaotic_features - INFO - Train Epoch 53: [0/472 (0.0%)]	Loss: 0.626716
2026-02-15 07:23:55,081 - experiment_ablation_no_chaotic_features - INFO - [SYNC DEBUG] Epoch 53: sync_weight=0.1, desync_weight=0.1, loss_sync=0.494899
2026-02-15 07:23:55,637 - experiment_ablation_no_chaotic_features - INFO - Epoch 53: Train Loss: 0.6598, Train Acc: 0.9353, Val Loss: 0.2600, Val Acc: 0.8989
2026-02-15 07:23:56,171 - experiment_ablation_no_chaotic_features - INFO - Train Epoch 54: [0/472 (0.0%)]	Loss: 0.556247
2026-02-15 07:24:00,352 - experiment_ablation_no_chaotic_features - INFO - [SYNC DEBUG] Epoch 54: sync_weight=0.1, desync_weight=0.1, loss_sync=0.500369
2026-02-15 07:24:00,910 - experiment_ablation_no_chaotic_features - INFO - Epoch 54: Train Loss: 0.6183, Train Acc: 0.9665, Val Loss: 0.1156, Val Acc: 0.9438
2026-02-15 07:24:00,986 - experiment_ablation_no_chaotic_features - INFO - Saved new best model at epoch 54
2026-02-15 07:24:01,554 - experiment_ablation_no_chaotic_features - INFO - Train Epoch 55: [0/472 (0.0%)]	Loss: 0.593220
2026-02-15 07:24:05,741 - experiment_ablation_no_chaotic_features - INFO - [SYNC DEBUG] Epoch 55: sync_weight=0.1, desync_weight=0.1, loss_sync=0.496566
2026-02-15 07:24:06,290 - experiment_ablation_no_chaotic_features - INFO - Epoch 55: Train Loss: 0.5694, Train Acc: 0.9732, Val Loss: 0.7689, Val Acc: 0.8090
2026-02-15 07:24:06,827 - experiment_ablation_no_chaotic_features - INFO - Train Epoch 56: [0/472 (0.0%)]	Loss: 0.509932
2026-02-15 07:24:10,980 - experiment_ablation_no_chaotic_features - INFO - [SYNC DEBUG] Epoch 56: sync_weight=0.1, desync_weight=0.1, loss_sync=0.489995
2026-02-15 07:24:11,533 - experiment_ablation_no_chaotic_features - INFO - Epoch 56: Train Loss: 0.5809, Train Acc: 0.9799, Val Loss: 0.2850, Val Acc: 0.9213
2026-02-15 07:24:12,069 - experiment_ablation_no_chaotic_features - INFO - Train Epoch 57: [0/472 (0.0%)]	Loss: 0.571736
2026-02-15 07:24:12,510 - experiment_ablation_no_chaotic_features - DEBUG - [STABILITY] lyap=0.053, max_norm=2.5, min_std=0.292
2026-02-15 07:24:16,294 - experiment_ablation_no_chaotic_features - INFO - [SYNC DEBUG] Epoch 57: sync_weight=0.1, desync_weight=0.1, loss_sync=0.497207
2026-02-15 07:24:16,886 - experiment_ablation_no_chaotic_features - INFO - Epoch 57: Train Loss: 0.5784, Train Acc: 0.9710, Val Loss: 0.7359, Val Acc: 0.8427
2026-02-15 07:24:17,424 - experiment_ablation_no_chaotic_features - INFO - Train Epoch 58: [0/472 (0.0%)]	Loss: 0.547479
2026-02-15 07:24:21,652 - experiment_ablation_no_chaotic_features - INFO - [SYNC DEBUG] Epoch 58: sync_weight=0.1, desync_weight=0.1, loss_sync=0.499472
2026-02-15 07:24:22,243 - experiment_ablation_no_chaotic_features - INFO - Epoch 58: Train Loss: 0.5781, Train Acc: 0.9732, Val Loss: 0.9860, Val Acc: 0.7640
2026-02-15 07:24:22,778 - experiment_ablation_no_chaotic_features - INFO - Train Epoch 59: [0/472 (0.0%)]	Loss: 0.610394
2026-02-15 07:24:27,013 - experiment_ablation_no_chaotic_features - INFO - [SYNC DEBUG] Epoch 59: sync_weight=0.1, desync_weight=0.1, loss_sync=0.497116
2026-02-15 07:24:27,569 - experiment_ablation_no_chaotic_features - INFO - Epoch 59: Train Loss: 0.5807, Train Acc: 0.9777, Val Loss: 2.1498, Val Acc: 0.6292
2026-02-15 07:24:28,127 - experiment_ablation_no_chaotic_features - INFO - Train Epoch 60: [0/472 (0.0%)]	Loss: 0.543130
2026-02-15 07:24:32,284 - experiment_ablation_no_chaotic_features - INFO - [SYNC DEBUG] Epoch 60: sync_weight=0.1, desync_weight=0.1, loss_sync=0.493527
2026-02-15 07:24:32,834 - experiment_ablation_no_chaotic_features - INFO - Epoch 60: Train Loss: 0.6088, Train Acc: 0.9621, Val Loss: 0.3265, Val Acc: 0.9101
2026-02-15 07:24:33,446 - experiment_ablation_no_chaotic_features - INFO - Train Epoch 61: [0/472 (0.0%)]	Loss: 0.547339
2026-02-15 07:24:37,564 - experiment_ablation_no_chaotic_features - INFO - [SYNC DEBUG] Epoch 61: sync_weight=0.1, desync_weight=0.1, loss_sync=0.495868
2026-02-15 07:24:38,143 - experiment_ablation_no_chaotic_features - INFO - Epoch 61: Train Loss: 0.5802, Train Acc: 0.9688, Val Loss: 0.4998, Val Acc: 0.8764
2026-02-15 07:24:38,678 - experiment_ablation_no_chaotic_features - INFO - Train Epoch 62: [0/472 (0.0%)]	Loss: 0.536204
2026-02-15 07:24:42,794 - experiment_ablation_no_chaotic_features - INFO - [SYNC DEBUG] Epoch 62: sync_weight=0.1, desync_weight=0.1, loss_sync=0.499560
2026-02-15 07:24:43,354 - experiment_ablation_no_chaotic_features - INFO - Epoch 62: Train Loss: 0.6000, Train Acc: 0.9643, Val Loss: 0.9098, Val Acc: 0.7753
2026-02-15 07:24:43,894 - experiment_ablation_no_chaotic_features - INFO - Train Epoch 63: [0/472 (0.0%)]	Loss: 0.523893
2026-02-15 07:24:48,063 - experiment_ablation_no_chaotic_features - INFO - [SYNC DEBUG] Epoch 63: sync_weight=0.1, desync_weight=0.1, loss_sync=0.494163
2026-02-15 07:24:48,621 - experiment_ablation_no_chaotic_features - INFO - Epoch 63: Train Loss: 0.5418, Train Acc: 0.9888, Val Loss: 0.7400, Val Acc: 0.8315
2026-02-15 07:24:49,173 - experiment_ablation_no_chaotic_features - INFO - Train Epoch 64: [0/472 (0.0%)]	Loss: 0.515818
2026-02-15 07:24:50,246 - experiment_ablation_no_chaotic_features - DEBUG - [STABILITY] lyap=0.055, max_norm=2.0, min_std=0.224
2026-02-15 07:24:53,356 - experiment_ablation_no_chaotic_features - INFO - [SYNC DEBUG] Epoch 64: sync_weight=0.1, desync_weight=0.1, loss_sync=0.492374
2026-02-15 07:24:53,907 - experiment_ablation_no_chaotic_features - INFO - Epoch 64: Train Loss: 0.5651, Train Acc: 0.9821, Val Loss: 1.4064, Val Acc: 0.7753
2026-02-15 07:24:54,450 - experiment_ablation_no_chaotic_features - INFO - Train Epoch 65: [0/472 (0.0%)]	Loss: 0.603922
2026-02-15 07:24:58,673 - experiment_ablation_no_chaotic_features - INFO - [SYNC DEBUG] Epoch 65: sync_weight=0.1, desync_weight=0.1, loss_sync=0.493606
2026-02-15 07:24:59,225 - experiment_ablation_no_chaotic_features - INFO - Epoch 65: Train Loss: 0.6112, Train Acc: 0.9598, Val Loss: 0.5042, Val Acc: 0.8427
2026-02-15 07:24:59,807 - experiment_ablation_no_chaotic_features - INFO - Train Epoch 66: [0/472 (0.0%)]	Loss: 0.545763
2026-02-15 07:25:03,925 - experiment_ablation_no_chaotic_features - INFO - [SYNC DEBUG] Epoch 66: sync_weight=0.1, desync_weight=0.1, loss_sync=0.493293
2026-02-15 07:25:04,484 - experiment_ablation_no_chaotic_features - INFO - Epoch 66: Train Loss: 0.5722, Train Acc: 0.9821, Val Loss: 1.2301, Val Acc: 0.7191
2026-02-15 07:25:05,021 - experiment_ablation_no_chaotic_features - INFO - Train Epoch 67: [0/472 (0.0%)]	Loss: 0.503006
2026-02-15 07:25:09,325 - experiment_ablation_no_chaotic_features - INFO - [SYNC DEBUG] Epoch 67: sync_weight=0.1, desync_weight=0.1, loss_sync=0.489864
2026-02-15 07:25:09,883 - experiment_ablation_no_chaotic_features - INFO - Epoch 67: Train Loss: 0.5859, Train Acc: 0.9688, Val Loss: 0.9240, Val Acc: 0.7640
2026-02-15 07:25:10,422 - experiment_ablation_no_chaotic_features - INFO - Train Epoch 68: [0/472 (0.0%)]	Loss: 0.546140
2026-02-15 07:25:14,639 - experiment_ablation_no_chaotic_features - INFO - [SYNC DEBUG] Epoch 68: sync_weight=0.1, desync_weight=0.1, loss_sync=0.491924
2026-02-15 07:25:15,204 - experiment_ablation_no_chaotic_features - INFO - Epoch 68: Train Loss: 0.5428, Train Acc: 0.9866, Val Loss: 0.4562, Val Acc: 0.8652
2026-02-15 07:25:15,741 - experiment_ablation_no_chaotic_features - INFO - Train Epoch 69: [0/472 (0.0%)]	Loss: 0.487392
2026-02-15 07:25:19,964 - experiment_ablation_no_chaotic_features - INFO - [SYNC DEBUG] Epoch 69: sync_weight=0.1, desync_weight=0.1, loss_sync=0.488739
2026-02-15 07:25:20,530 - experiment_ablation_no_chaotic_features - INFO - Epoch 69: Train Loss: 0.5613, Train Acc: 0.9621, Val Loss: 0.6069, Val Acc: 0.8989
2026-02-15 07:25:21,061 - experiment_ablation_no_chaotic_features - INFO - Train Epoch 70: [0/472 (0.0%)]	Loss: 0.527340
2026-02-15 07:25:25,257 - experiment_ablation_no_chaotic_features - INFO - [SYNC DEBUG] Epoch 70: sync_weight=0.1, desync_weight=0.1, loss_sync=0.490213
2026-02-15 07:25:25,814 - experiment_ablation_no_chaotic_features - INFO - Epoch 70: Train Loss: 0.5442, Train Acc: 0.9844, Val Loss: 0.4314, Val Acc: 0.8876
2026-02-15 07:25:26,418 - experiment_ablation_no_chaotic_features - INFO - Train Epoch 71: [0/472 (0.0%)]	Loss: 0.528458
2026-02-15 07:25:28,122 - experiment_ablation_no_chaotic_features - DEBUG - [STABILITY] lyap=0.054, max_norm=2.2, min_std=0.196
2026-02-15 07:25:30,593 - experiment_ablation_no_chaotic_features - INFO - [SYNC DEBUG] Epoch 71: sync_weight=0.1, desync_weight=0.1, loss_sync=0.485502
2026-02-15 07:25:31,151 - experiment_ablation_no_chaotic_features - INFO - Epoch 71: Train Loss: 0.5503, Train Acc: 0.9799, Val Loss: 1.0714, Val Acc: 0.7303
2026-02-15 07:25:31,692 - experiment_ablation_no_chaotic_features - INFO - Train Epoch 72: [0/472 (0.0%)]	Loss: 0.591605
2026-02-15 07:25:35,863 - experiment_ablation_no_chaotic_features - INFO - [SYNC DEBUG] Epoch 72: sync_weight=0.1, desync_weight=0.1, loss_sync=0.481643
2026-02-15 07:25:36,455 - experiment_ablation_no_chaotic_features - INFO - Epoch 72: Train Loss: 0.5879, Train Acc: 0.9777, Val Loss: 1.1420, Val Acc: 0.7640
2026-02-15 07:25:36,992 - experiment_ablation_no_chaotic_features - INFO - Train Epoch 73: [0/472 (0.0%)]	Loss: 0.637087
2026-02-15 07:25:41,218 - experiment_ablation_no_chaotic_features - INFO - [SYNC DEBUG] Epoch 73: sync_weight=0.1, desync_weight=0.1, loss_sync=0.476564
2026-02-15 07:25:41,795 - experiment_ablation_no_chaotic_features - INFO - Epoch 73: Train Loss: 0.5489, Train Acc: 0.9777, Val Loss: 0.3915, Val Acc: 0.9213
2026-02-15 07:25:42,344 - experiment_ablation_no_chaotic_features - INFO - Train Epoch 74: [0/472 (0.0%)]	Loss: 0.509464
2026-02-15 07:25:46,548 - experiment_ablation_no_chaotic_features - INFO - [SYNC DEBUG] Epoch 74: sync_weight=0.1, desync_weight=0.1, loss_sync=0.486301
2026-02-15 07:25:47,100 - experiment_ablation_no_chaotic_features - INFO - Epoch 74: Train Loss: 0.5426, Train Acc: 0.9866, Val Loss: 0.7082, Val Acc: 0.8652
2026-02-15 07:25:47,637 - experiment_ablation_no_chaotic_features - INFO - Train Epoch 75: [0/472 (0.0%)]	Loss: 0.513947
2026-02-15 07:25:51,796 - experiment_ablation_no_chaotic_features - INFO - [SYNC DEBUG] Epoch 75: sync_weight=0.1, desync_weight=0.1, loss_sync=0.485606
2026-02-15 07:25:52,363 - experiment_ablation_no_chaotic_features - INFO - Epoch 75: Train Loss: 0.5232, Train Acc: 0.9911, Val Loss: 0.4738, Val Acc: 0.8989
2026-02-15 07:25:52,919 - experiment_ablation_no_chaotic_features - INFO - Train Epoch 76: [0/472 (0.0%)]	Loss: 0.607479
2026-02-15 07:25:57,044 - experiment_ablation_no_chaotic_features - INFO - [SYNC DEBUG] Epoch 76: sync_weight=0.1, desync_weight=0.1, loss_sync=0.478705
2026-02-15 07:25:57,603 - experiment_ablation_no_chaotic_features - INFO - Epoch 76: Train Loss: 0.5800, Train Acc: 0.9710, Val Loss: 0.3366, Val Acc: 0.8876
2026-02-15 07:25:58,146 - experiment_ablation_no_chaotic_features - INFO - Train Epoch 77: [0/472 (0.0%)]	Loss: 0.558596
2026-02-15 07:26:02,310 - experiment_ablation_no_chaotic_features - INFO - [SYNC DEBUG] Epoch 77: sync_weight=0.1, desync_weight=0.1, loss_sync=0.478268
2026-02-15 07:26:02,869 - experiment_ablation_no_chaotic_features - INFO - Epoch 77: Train Loss: 0.5476, Train Acc: 0.9710, Val Loss: 0.2152, Val Acc: 0.9326
2026-02-15 07:26:03,400 - experiment_ablation_no_chaotic_features - INFO - Train Epoch 78: [0/472 (0.0%)]	Loss: 0.522273
2026-02-15 07:26:05,732 - experiment_ablation_no_chaotic_features - DEBUG - [STABILITY] lyap=0.057, max_norm=3.4, min_std=0.096
2026-02-15 07:26:07,572 - experiment_ablation_no_chaotic_features - INFO - [SYNC DEBUG] Epoch 78: sync_weight=0.1, desync_weight=0.1, loss_sync=0.476747
2026-02-15 07:26:08,137 - experiment_ablation_no_chaotic_features - INFO - Epoch 78: Train Loss: 0.5336, Train Acc: 0.9844, Val Loss: 0.7445, Val Acc: 0.8539
2026-02-15 07:26:08,662 - experiment_ablation_no_chaotic_features - INFO - Train Epoch 79: [0/472 (0.0%)]	Loss: 0.509094
2026-02-15 07:26:12,846 - experiment_ablation_no_chaotic_features - INFO - [SYNC DEBUG] Epoch 79: sync_weight=0.1, desync_weight=0.1, loss_sync=0.491211
2026-02-15 07:26:13,394 - experiment_ablation_no_chaotic_features - INFO - Epoch 79: Train Loss: 0.6046, Train Acc: 0.9710, Val Loss: 1.9397, Val Acc: 0.6629
2026-02-15 07:26:13,930 - experiment_ablation_no_chaotic_features - INFO - Train Epoch 80: [0/472 (0.0%)]	Loss: 0.730361
2026-02-15 07:26:18,139 - experiment_ablation_no_chaotic_features - INFO - [SYNC DEBUG] Epoch 80: sync_weight=0.1, desync_weight=0.1, loss_sync=0.487635
2026-02-15 07:26:18,710 - experiment_ablation_no_chaotic_features - INFO - Epoch 80: Train Loss: 0.5816, Train Acc: 0.9710, Val Loss: 0.2952, Val Acc: 0.8876
2026-02-15 07:26:19,320 - experiment_ablation_no_chaotic_features - INFO - Train Epoch 81: [0/472 (0.0%)]	Loss: 0.498595
2026-02-15 07:26:23,492 - experiment_ablation_no_chaotic_features - INFO - [SYNC DEBUG] Epoch 81: sync_weight=0.1, desync_weight=0.1, loss_sync=0.497152
2026-02-15 07:26:24,046 - experiment_ablation_no_chaotic_features - INFO - Epoch 81: Train Loss: 0.5483, Train Acc: 0.9888, Val Loss: 1.1058, Val Acc: 0.7416
2026-02-15 07:26:24,593 - experiment_ablation_no_chaotic_features - INFO - Train Epoch 82: [0/472 (0.0%)]	Loss: 0.505637
2026-02-15 07:26:28,790 - experiment_ablation_no_chaotic_features - INFO - [SYNC DEBUG] Epoch 82: sync_weight=0.1, desync_weight=0.1, loss_sync=0.485654
2026-02-15 07:26:29,347 - experiment_ablation_no_chaotic_features - INFO - Epoch 82: Train Loss: 0.5554, Train Acc: 0.9844, Val Loss: 0.4055, Val Acc: 0.8989
2026-02-15 07:26:29,887 - experiment_ablation_no_chaotic_features - INFO - Train Epoch 83: [0/472 (0.0%)]	Loss: 0.527600
2026-02-15 07:26:34,149 - experiment_ablation_no_chaotic_features - INFO - [SYNC DEBUG] Epoch 83: sync_weight=0.1, desync_weight=0.1, loss_sync=0.479184
2026-02-15 07:26:34,701 - experiment_ablation_no_chaotic_features - INFO - Epoch 83: Train Loss: 0.5079, Train Acc: 0.9933, Val Loss: 0.4989, Val Acc: 0.8652
2026-02-15 07:26:35,237 - experiment_ablation_no_chaotic_features - INFO - Train Epoch 84: [0/472 (0.0%)]	Loss: 0.571725
2026-02-15 07:26:39,489 - experiment_ablation_no_chaotic_features - INFO - [SYNC DEBUG] Epoch 84: sync_weight=0.1, desync_weight=0.1, loss_sync=0.457865
2026-02-15 07:26:40,057 - experiment_ablation_no_chaotic_features - INFO - Epoch 84: Train Loss: 0.5322, Train Acc: 0.9732, Val Loss: 0.6957, Val Acc: 0.8764
2026-02-15 07:26:40,603 - experiment_ablation_no_chaotic_features - INFO - Train Epoch 85: [0/472 (0.0%)]	Loss: 0.501295
2026-02-15 07:26:43,611 - experiment_ablation_no_chaotic_features - DEBUG - [STABILITY] lyap=0.056, max_norm=2.6, min_std=0.248
2026-02-15 07:26:44,835 - experiment_ablation_no_chaotic_features - INFO - [SYNC DEBUG] Epoch 85: sync_weight=0.1, desync_weight=0.1, loss_sync=0.484476
2026-02-15 07:26:45,429 - experiment_ablation_no_chaotic_features - INFO - Epoch 85: Train Loss: 0.5612, Train Acc: 0.9754, Val Loss: 0.5539, Val Acc: 0.8315
2026-02-15 07:26:46,000 - experiment_ablation_no_chaotic_features - INFO - Train Epoch 86: [0/472 (0.0%)]	Loss: 0.497108
2026-02-15 07:26:50,237 - experiment_ablation_no_chaotic_features - INFO - [SYNC DEBUG] Epoch 86: sync_weight=0.1, desync_weight=0.1, loss_sync=0.476027
2026-02-15 07:26:50,820 - experiment_ablation_no_chaotic_features - INFO - Epoch 86: Train Loss: 0.5373, Train Acc: 0.9844, Val Loss: 0.4490, Val Acc: 0.9101
2026-02-15 07:26:51,362 - experiment_ablation_no_chaotic_features - INFO - Train Epoch 87: [0/472 (0.0%)]	Loss: 0.763247
2026-02-15 07:26:55,594 - experiment_ablation_no_chaotic_features - INFO - [SYNC DEBUG] Epoch 87: sync_weight=0.1, desync_weight=0.1, loss_sync=0.469065
2026-02-15 07:26:56,161 - experiment_ablation_no_chaotic_features - INFO - Epoch 87: Train Loss: 0.6126, Train Acc: 0.9576, Val Loss: 0.4798, Val Acc: 0.8652
2026-02-15 07:26:56,698 - experiment_ablation_no_chaotic_features - INFO - Train Epoch 88: [0/472 (0.0%)]	Loss: 0.470042
2026-02-15 07:27:00,841 - experiment_ablation_no_chaotic_features - INFO - [SYNC DEBUG] Epoch 88: sync_weight=0.1, desync_weight=0.1, loss_sync=0.491997
2026-02-15 07:27:01,416 - experiment_ablation_no_chaotic_features - INFO - Epoch 88: Train Loss: 0.5439, Train Acc: 0.9844, Val Loss: 0.4661, Val Acc: 0.8876
2026-02-15 07:27:01,947 - experiment_ablation_no_chaotic_features - INFO - Train Epoch 89: [0/472 (0.0%)]	Loss: 0.509638
2026-02-15 07:27:06,168 - experiment_ablation_no_chaotic_features - INFO - [SYNC DEBUG] Epoch 89: sync_weight=0.1, desync_weight=0.1, loss_sync=0.493420
2026-02-15 07:27:06,726 - experiment_ablation_no_chaotic_features - INFO - Epoch 89: Train Loss: 0.5347, Train Acc: 0.9821, Val Loss: 0.4481, Val Acc: 0.8876
2026-02-15 07:27:07,253 - experiment_ablation_no_chaotic_features - INFO - Train Epoch 90: [0/472 (0.0%)]	Loss: 0.472234
2026-02-15 07:27:11,443 - experiment_ablation_no_chaotic_features - INFO - [SYNC DEBUG] Epoch 90: sync_weight=0.1, desync_weight=0.1, loss_sync=0.462865
2026-02-15 07:27:12,023 - experiment_ablation_no_chaotic_features - INFO - Epoch 90: Train Loss: 0.5026, Train Acc: 0.9866, Val Loss: 0.6405, Val Acc: 0.8315
2026-02-15 07:27:12,628 - experiment_ablation_no_chaotic_features - INFO - Train Epoch 91: [0/472 (0.0%)]	Loss: 0.505828
2026-02-15 07:27:16,800 - experiment_ablation_no_chaotic_features - INFO - [SYNC DEBUG] Epoch 91: sync_weight=0.1, desync_weight=0.1, loss_sync=0.478088
2026-02-15 07:27:17,358 - experiment_ablation_no_chaotic_features - INFO - Epoch 91: Train Loss: 0.5418, Train Acc: 0.9866, Val Loss: 0.7736, Val Acc: 0.8539
2026-02-15 07:27:17,893 - experiment_ablation_no_chaotic_features - INFO - Train Epoch 92: [0/472 (0.0%)]	Loss: 0.548277
2026-02-15 07:27:21,503 - experiment_ablation_no_chaotic_features - DEBUG - [STABILITY] lyap=0.024, max_norm=1.0, min_std=0.033
2026-02-15 07:27:22,069 - experiment_ablation_no_chaotic_features - INFO - [SYNC DEBUG] Epoch 92: sync_weight=0.1, desync_weight=0.1, loss_sync=0.461719
2026-02-15 07:27:22,655 - experiment_ablation_no_chaotic_features - INFO - Epoch 92: Train Loss: 0.5469, Train Acc: 0.9710, Val Loss: 2.1193, Val Acc: 0.6180
2026-02-15 07:27:23,190 - experiment_ablation_no_chaotic_features - INFO - Train Epoch 93: [0/472 (0.0%)]	Loss: 0.596013
2026-02-15 07:27:27,357 - experiment_ablation_no_chaotic_features - INFO - [SYNC DEBUG] Epoch 93: sync_weight=0.1, desync_weight=0.1, loss_sync=0.484066
2026-02-15 07:27:27,965 - experiment_ablation_no_chaotic_features - INFO - Epoch 93: Train Loss: 0.5884, Train Acc: 0.9777, Val Loss: 0.2235, Val Acc: 0.9213
2026-02-15 07:27:28,546 - experiment_ablation_no_chaotic_features - INFO - Train Epoch 94: [0/472 (0.0%)]	Loss: 0.470301
2026-02-15 07:27:32,682 - experiment_ablation_no_chaotic_features - INFO - [SYNC DEBUG] Epoch 94: sync_weight=0.1, desync_weight=0.1, loss_sync=0.467536
2026-02-15 07:27:33,237 - experiment_ablation_no_chaotic_features - INFO - Epoch 94: Train Loss: 0.5068, Train Acc: 0.9888, Val Loss: 0.3165, Val Acc: 0.9213
2026-02-15 07:27:33,771 - experiment_ablation_no_chaotic_features - INFO - Train Epoch 95: [0/472 (0.0%)]	Loss: 0.463718
2026-02-15 07:27:37,989 - experiment_ablation_no_chaotic_features - INFO - [SYNC DEBUG] Epoch 95: sync_weight=0.1, desync_weight=0.1, loss_sync=0.444645
2026-02-15 07:27:38,541 - experiment_ablation_no_chaotic_features - INFO - Epoch 95: Train Loss: 0.4822, Train Acc: 0.9866, Val Loss: 0.5461, Val Acc: 0.8539
2026-02-15 07:27:39,094 - experiment_ablation_no_chaotic_features - INFO - Train Epoch 96: [0/472 (0.0%)]	Loss: 0.525816
2026-02-15 07:27:43,255 - experiment_ablation_no_chaotic_features - INFO - [SYNC DEBUG] Epoch 96: sync_weight=0.1, desync_weight=0.1, loss_sync=0.475475
2026-02-15 07:27:43,812 - experiment_ablation_no_chaotic_features - INFO - Epoch 96: Train Loss: 0.5482, Train Acc: 0.9732, Val Loss: 0.8189, Val Acc: 0.8315
2026-02-15 07:27:44,350 - experiment_ablation_no_chaotic_features - INFO - Train Epoch 97: [0/472 (0.0%)]	Loss: 0.408682
2026-02-15 07:27:48,470 - experiment_ablation_no_chaotic_features - INFO - [SYNC DEBUG] Epoch 97: sync_weight=0.1, desync_weight=0.1, loss_sync=0.442081
2026-02-15 07:27:49,052 - experiment_ablation_no_chaotic_features - INFO - Epoch 97: Train Loss: 0.5010, Train Acc: 0.9799, Val Loss: 0.3072, Val Acc: 0.8989
2026-02-15 07:27:49,581 - experiment_ablation_no_chaotic_features - INFO - Train Epoch 98: [0/472 (0.0%)]	Loss: 0.551178
2026-02-15 07:27:53,932 - experiment_ablation_no_chaotic_features - INFO - [SYNC DEBUG] Epoch 98: sync_weight=0.1, desync_weight=0.1, loss_sync=0.455040
2026-02-15 07:27:54,500 - experiment_ablation_no_chaotic_features - INFO - Epoch 98: Train Loss: 0.5625, Train Acc: 0.9732, Val Loss: 0.5321, Val Acc: 0.8764
2026-02-15 07:27:55,038 - experiment_ablation_no_chaotic_features - INFO - Train Epoch 99: [0/472 (0.0%)]	Loss: 0.583803
2026-02-15 07:27:59,150 - experiment_ablation_no_chaotic_features - INFO - [SYNC DEBUG] Epoch 99: sync_weight=0.1, desync_weight=0.1, loss_sync=0.485235
2026-02-15 07:27:59,703 - experiment_ablation_no_chaotic_features - INFO - Epoch 99: Train Loss: 0.5791, Train Acc: 0.9710, Val Loss: 0.7867, Val Acc: 0.7865
2026-02-15 07:27:59,707 - experiment_ablation_no_chaotic_features - INFO - Running final test evaluation...
2026-02-15 07:28:00,385 - experiment_ablation_no_chaotic_features - INFO - Test Results:
2026-02-15 07:28:00,385 - experiment_ablation_no_chaotic_features - INFO -   loss: 0.9526
2026-02-15 07:28:00,385 - experiment_ablation_no_chaotic_features - INFO -   accuracy: 0.7712
2026-02-15 07:28:00,387 - experiment_ablation_no_chaotic_features - INFO - Training completed
2026-02-15 12:58:23,940 - experiment_ablation_no_chaotic_features - INFO - Initialized experiment: ablation_no_chaotic_features
2026-02-15 12:58:23,954 - experiment_ablation_no_chaotic_features - INFO - Device: cuda
2026-02-15 12:58:23,954 - experiment_ablation_no_chaotic_features - INFO - Output directory: /scratch/project_2003370/yueyao/Model/experiments/configs/Ablation_study/no_chaotic_features/ablation_no_chaotic_features
2026-02-15 13:40:39,239 - experiment_ablation_no_chaotic_features - INFO - Initialized experiment: ablation_no_chaotic_features
2026-02-15 13:40:39,239 - experiment_ablation_no_chaotic_features - INFO - Device: cuda
2026-02-15 13:40:39,239 - experiment_ablation_no_chaotic_features - INFO - Output directory: /scratch/project_2003370/yueyao/Model/experiments/configs/Ablation_study/no_chaotic_features/ablation_no_chaotic_features
2026-02-15 13:40:39,239 - experiment_ablation_no_chaotic_features - INFO - [SYNC LOSS] Enabled with mode: standard
2026-02-15 13:40:39,239 - experiment_ablation_no_chaotic_features - INFO - Initialized chaotic network experiment with lorenz system
2026-02-15 13:40:39,239 - experiment_ablation_no_chaotic_features - INFO - Setting up experiment components...
2026-02-15 13:40:39,239 - experiment_ablation_no_chaotic_features - INFO - Creating dataloaders...
2026-02-15 13:40:39,628 - experiment_ablation_no_chaotic_features - INFO - Detected 26 speakers in dataset
2026-02-15 13:40:39,629 - experiment_ablation_no_chaotic_features - INFO - Dataloaders created:
2026-02-15 13:40:39,629 - experiment_ablation_no_chaotic_features - INFO -   Train: 14 batches
2026-02-15 13:40:39,629 - experiment_ablation_no_chaotic_features - INFO -   Val: 3 batches
2026-02-15 13:40:39,629 - experiment_ablation_no_chaotic_features - INFO -   Test: 4 batches
2026-02-15 13:40:39,629 - experiment_ablation_no_chaotic_features - INFO - Creating model...
2026-02-15 13:40:39,629 - experiment_ablation_no_chaotic_features - INFO - Using actual num_speakers from dataset: 26
2026-02-15 13:41:44,932 - experiment_ablation_no_chaotic_features - INFO - Total parameters: 565,119
2026-02-15 13:41:44,932 - experiment_ablation_no_chaotic_features - INFO - Trainable parameters: 565,119
2026-02-15 13:41:44,932 - experiment_ablation_no_chaotic_features - INFO - Creating optimizer...
2026-02-15 13:41:44,933 - experiment_ablation_no_chaotic_features - INFO - Optimizer: AdamW
2026-02-15 13:41:44,933 - experiment_ablation_no_chaotic_features - INFO - Creating scheduler...
2026-02-15 13:41:44,933 - experiment_ablation_no_chaotic_features - INFO - Creating criterion...
2026-02-15 13:41:44,933 - experiment_ablation_no_chaotic_features - INFO - Criterion: CrossEntropyLoss
2026-02-15 13:41:45,024 - experiment_ablation_no_chaotic_features - INFO - Configuration saved to: /scratch/project_2003370/yueyao/Model/experiments/configs/Ablation_study/no_chaotic_features/ablation_no_chaotic_features/config.json
2026-02-15 13:41:45,024 - experiment_ablation_no_chaotic_features - INFO - Experiment setup completed
2026-02-15 13:41:45,025 - experiment_ablation_no_chaotic_features - INFO - Starting training for 100 epochs
2026-02-15 13:41:45,025 - experiment_ablation_no_chaotic_features - INFO - [SYNC LOSS] Warmup complete, synchronization loss activated!
2026-02-15 13:41:45,180 - experiment_ablation_no_chaotic_features - INFO - 
================================================================================
2026-02-15 13:41:45,181 - experiment_ablation_no_chaotic_features - INFO - COMPREHENSIVE DEBUG - FIRST BATCH
2026-02-15 13:41:45,181 - experiment_ablation_no_chaotic_features - INFO - ================================================================================
2026-02-15 13:41:45,181 - experiment_ablation_no_chaotic_features - INFO - Batch Info:
2026-02-15 13:41:45,181 - experiment_ablation_no_chaotic_features - INFO -   Audio shape: torch.Size([32, 48000])
2026-02-15 13:41:45,181 - experiment_ablation_no_chaotic_features - INFO -   Targets shape: torch.Size([32])
2026-02-15 13:41:45,182 - experiment_ablation_no_chaotic_features - INFO -   Targets (first 8): tensor([20,  0, 14, 25, 24, 15,  3, 10], device='cuda:0')
2026-02-15 13:41:45,322 - experiment_ablation_no_chaotic_features - INFO - ================================================================================

2026-02-15 13:41:45,570 - experiment_ablation_no_chaotic_features - INFO - [STABILITY] Initialized LyapunovStabilityLoss
2026-02-15 13:41:45,571 - experiment_ablation_no_chaotic_features - DEBUG - [STABILITY] lyap=0.078, max_norm=42.1, min_std=0.142
2026-02-15 13:41:45,957 - experiment_ablation_no_chaotic_features - INFO - Train Epoch 0: [0/472 (0.0%)]	Loss: 12.261098
2026-02-15 13:41:54,188 - experiment_ablation_no_chaotic_features - INFO - [SYNC DEBUG] Epoch 0: sync_weight=0.1, desync_weight=0.1, loss_sync=2.730064
2026-02-15 13:41:54,743 - experiment_ablation_no_chaotic_features - INFO - Epoch 0: Train Loss: 8.2715, Train Acc: 0.0379, Val Loss: 4.1850, Val Acc: 0.0449
2026-02-15 13:41:54,813 - experiment_ablation_no_chaotic_features - INFO - Saved new best model at epoch 0
2026-02-15 13:41:55,779 - experiment_ablation_no_chaotic_features - INFO - Train Epoch 1: [0/472 (0.0%)]	Loss: 6.885252
2026-02-15 13:42:03,988 - experiment_ablation_no_chaotic_features - INFO - [SYNC DEBUG] Epoch 1: sync_weight=0.1, desync_weight=0.1, loss_sync=2.278957
2026-02-15 13:42:04,526 - experiment_ablation_no_chaotic_features - INFO - Epoch 1: Train Loss: 7.4300, Train Acc: 0.0402, Val Loss: 5.4313, Val Acc: 0.0449
2026-02-15 13:42:05,382 - experiment_ablation_no_chaotic_features - INFO - Train Epoch 2: [0/472 (0.0%)]	Loss: 6.323727
2026-02-15 13:42:13,618 - experiment_ablation_no_chaotic_features - INFO - [SYNC DEBUG] Epoch 2: sync_weight=0.1, desync_weight=0.1, loss_sync=1.234475
2026-02-15 13:42:14,174 - experiment_ablation_no_chaotic_features - INFO - Epoch 2: Train Loss: 5.8541, Train Acc: 0.0335, Val Loss: 3.4756, Val Acc: 0.0787
2026-02-15 13:42:14,253 - experiment_ablation_no_chaotic_features - INFO - Saved new best model at epoch 2
2026-02-15 13:42:15,110 - experiment_ablation_no_chaotic_features - INFO - Train Epoch 3: [0/472 (0.0%)]	Loss: 5.020551
2026-02-15 13:42:23,351 - experiment_ablation_no_chaotic_features - INFO - [SYNC DEBUG] Epoch 3: sync_weight=0.1, desync_weight=0.1, loss_sync=0.666018
2026-02-15 13:42:23,896 - experiment_ablation_no_chaotic_features - INFO - Epoch 3: Train Loss: 4.7646, Train Acc: 0.0781, Val Loss: 3.6460, Val Acc: 0.0899
2026-02-15 13:42:23,966 - experiment_ablation_no_chaotic_features - INFO - Saved new best model at epoch 3
2026-02-15 13:42:24,842 - experiment_ablation_no_chaotic_features - INFO - Train Epoch 4: [0/472 (0.0%)]	Loss: 4.548656
2026-02-15 13:42:33,254 - experiment_ablation_no_chaotic_features - INFO - [SYNC DEBUG] Epoch 4: sync_weight=0.1, desync_weight=0.1, loss_sync=0.537582
2026-02-15 13:42:33,821 - experiment_ablation_no_chaotic_features - INFO - Epoch 4: Train Loss: 4.1893, Train Acc: 0.1049, Val Loss: 2.5735, Val Acc: 0.2360
2026-02-15 13:42:33,896 - experiment_ablation_no_chaotic_features - INFO - Saved new best model at epoch 4
2026-02-15 13:42:34,764 - experiment_ablation_no_chaotic_features - INFO - Train Epoch 5: [0/472 (0.0%)]	Loss: 3.653986
2026-02-15 13:42:42,977 - experiment_ablation_no_chaotic_features - INFO - [SYNC DEBUG] Epoch 5: sync_weight=0.1, desync_weight=0.1, loss_sync=0.577992
2026-02-15 13:42:43,552 - experiment_ablation_no_chaotic_features - INFO - Epoch 5: Train Loss: 3.9342, Train Acc: 0.1518, Val Loss: 2.5350, Val Acc: 0.2022
2026-02-15 13:42:44,382 - experiment_ablation_no_chaotic_features - INFO - Train Epoch 6: [0/472 (0.0%)]	Loss: 3.796570
2026-02-15 13:42:52,605 - experiment_ablation_no_chaotic_features - INFO - [SYNC DEBUG] Epoch 6: sync_weight=0.1, desync_weight=0.1, loss_sync=0.540889
2026-02-15 13:42:53,155 - experiment_ablation_no_chaotic_features - INFO - Epoch 6: Train Loss: 3.4795, Train Acc: 0.1897, Val Loss: 2.3549, Val Acc: 0.3483
2026-02-15 13:42:53,229 - experiment_ablation_no_chaotic_features - INFO - Saved new best model at epoch 6
2026-02-15 13:42:54,086 - experiment_ablation_no_chaotic_features - INFO - Train Epoch 7: [0/472 (0.0%)]	Loss: 3.400371
2026-02-15 13:42:54,948 - experiment_ablation_no_chaotic_features - DEBUG - [STABILITY] lyap=0.061, max_norm=7.7, min_std=0.357
2026-02-15 13:43:02,315 - experiment_ablation_no_chaotic_features - INFO - [SYNC DEBUG] Epoch 7: sync_weight=0.1, desync_weight=0.1, loss_sync=0.559327
2026-02-15 13:43:02,913 - experiment_ablation_no_chaotic_features - INFO - Epoch 7: Train Loss: 3.6403, Train Acc: 0.1830, Val Loss: 4.4035, Val Acc: 0.0449
2026-02-15 13:43:03,775 - experiment_ablation_no_chaotic_features - INFO - Train Epoch 8: [0/472 (0.0%)]	Loss: 4.294141
2026-02-15 13:43:12,007 - experiment_ablation_no_chaotic_features - INFO - [SYNC DEBUG] Epoch 8: sync_weight=0.1, desync_weight=0.1, loss_sync=0.628926
2026-02-15 13:43:12,551 - experiment_ablation_no_chaotic_features - INFO - Epoch 8: Train Loss: 3.5262, Train Acc: 0.2076, Val Loss: 2.4721, Val Acc: 0.1798
2026-02-15 13:43:13,388 - experiment_ablation_no_chaotic_features - INFO - Train Epoch 9: [0/472 (0.0%)]	Loss: 2.032664
2026-02-15 13:43:21,625 - experiment_ablation_no_chaotic_features - INFO - [SYNC DEBUG] Epoch 9: sync_weight=0.1, desync_weight=0.1, loss_sync=0.514542
2026-02-15 13:43:22,165 - experiment_ablation_no_chaotic_features - INFO - Epoch 9: Train Loss: 2.9883, Train Acc: 0.2679, Val Loss: 2.1639, Val Acc: 0.3146
2026-02-15 13:43:22,998 - experiment_ablation_no_chaotic_features - INFO - Train Epoch 10: [0/472 (0.0%)]	Loss: 2.591381
2026-02-15 13:43:31,223 - experiment_ablation_no_chaotic_features - INFO - [SYNC DEBUG] Epoch 10: sync_weight=0.1, desync_weight=0.1, loss_sync=0.495253
2026-02-15 13:43:31,781 - experiment_ablation_no_chaotic_features - INFO - Epoch 10: Train Loss: 2.6267, Train Acc: 0.3482, Val Loss: 1.9277, Val Acc: 0.3483
2026-02-15 13:43:32,680 - experiment_ablation_no_chaotic_features - INFO - Train Epoch 11: [0/472 (0.0%)]	Loss: 2.435961
2026-02-15 13:43:40,917 - experiment_ablation_no_chaotic_features - INFO - [SYNC DEBUG] Epoch 11: sync_weight=0.1, desync_weight=0.1, loss_sync=0.503154
2026-02-15 13:43:41,465 - experiment_ablation_no_chaotic_features - INFO - Epoch 11: Train Loss: 2.3893, Train Acc: 0.4085, Val Loss: 1.1932, Val Acc: 0.5730
2026-02-15 13:43:41,541 - experiment_ablation_no_chaotic_features - INFO - Saved new best model at epoch 11
2026-02-15 13:43:42,416 - experiment_ablation_no_chaotic_features - INFO - Train Epoch 12: [0/472 (0.0%)]	Loss: 1.882137
2026-02-15 13:43:50,630 - experiment_ablation_no_chaotic_features - INFO - [SYNC DEBUG] Epoch 12: sync_weight=0.1, desync_weight=0.1, loss_sync=0.483606
2026-02-15 13:43:51,180 - experiment_ablation_no_chaotic_features - INFO - Epoch 12: Train Loss: 2.2503, Train Acc: 0.4554, Val Loss: 1.5130, Val Acc: 0.4831
2026-02-15 13:43:52,018 - experiment_ablation_no_chaotic_features - INFO - Train Epoch 13: [0/472 (0.0%)]	Loss: 2.427385
2026-02-15 13:44:00,232 - experiment_ablation_no_chaotic_features - INFO - [SYNC DEBUG] Epoch 13: sync_weight=0.1, desync_weight=0.1, loss_sync=0.496018
2026-02-15 13:44:00,777 - experiment_ablation_no_chaotic_features - INFO - Epoch 13: Train Loss: 2.0582, Train Acc: 0.5000, Val Loss: 1.3078, Val Acc: 0.6180
2026-02-15 13:44:00,851 - experiment_ablation_no_chaotic_features - INFO - Saved new best model at epoch 13
2026-02-15 13:44:01,740 - experiment_ablation_no_chaotic_features - INFO - Train Epoch 14: [0/472 (0.0%)]	Loss: 1.486546
2026-02-15 13:44:03,852 - experiment_ablation_no_chaotic_features - DEBUG - [STABILITY] lyap=0.040, max_norm=3.4, min_std=0.220
2026-02-15 13:44:09,956 - experiment_ablation_no_chaotic_features - INFO - [SYNC DEBUG] Epoch 14: sync_weight=0.1, desync_weight=0.1, loss_sync=0.506503
2026-02-15 13:44:10,504 - experiment_ablation_no_chaotic_features - INFO - Epoch 14: Train Loss: 1.8286, Train Acc: 0.5759, Val Loss: 0.8519, Val Acc: 0.7191
2026-02-15 13:44:10,580 - experiment_ablation_no_chaotic_features - INFO - Saved new best model at epoch 14
2026-02-15 13:44:11,456 - experiment_ablation_no_chaotic_features - INFO - Train Epoch 15: [0/472 (0.0%)]	Loss: 1.712750
2026-02-15 13:44:19,681 - experiment_ablation_no_chaotic_features - INFO - [SYNC DEBUG] Epoch 15: sync_weight=0.1, desync_weight=0.1, loss_sync=0.495576
2026-02-15 13:44:20,229 - experiment_ablation_no_chaotic_features - INFO - Epoch 15: Train Loss: 1.7435, Train Acc: 0.6116, Val Loss: 0.7678, Val Acc: 0.7416
2026-02-15 13:44:20,305 - experiment_ablation_no_chaotic_features - INFO - Saved new best model at epoch 15
2026-02-15 13:44:21,159 - experiment_ablation_no_chaotic_features - INFO - Train Epoch 16: [0/472 (0.0%)]	Loss: 1.721700
2026-02-15 13:44:29,380 - experiment_ablation_no_chaotic_features - INFO - [SYNC DEBUG] Epoch 16: sync_weight=0.1, desync_weight=0.1, loss_sync=0.523316
2026-02-15 13:44:29,932 - experiment_ablation_no_chaotic_features - INFO - Epoch 16: Train Loss: 1.6714, Train Acc: 0.6049, Val Loss: 1.1903, Val Acc: 0.5056
2026-02-15 13:44:30,757 - experiment_ablation_no_chaotic_features - INFO - Train Epoch 17: [0/472 (0.0%)]	Loss: 1.399294
2026-02-15 13:44:38,907 - experiment_ablation_no_chaotic_features - INFO - [SYNC DEBUG] Epoch 17: sync_weight=0.1, desync_weight=0.1, loss_sync=0.504115
2026-02-15 13:44:39,448 - experiment_ablation_no_chaotic_features - INFO - Epoch 17: Train Loss: 1.4574, Train Acc: 0.6629, Val Loss: 0.5783, Val Acc: 0.8090
2026-02-15 13:44:39,524 - experiment_ablation_no_chaotic_features - INFO - Saved new best model at epoch 17
2026-02-15 13:44:40,411 - experiment_ablation_no_chaotic_features - INFO - Train Epoch 18: [0/472 (0.0%)]	Loss: 1.556965
2026-02-15 13:44:48,630 - experiment_ablation_no_chaotic_features - INFO - [SYNC DEBUG] Epoch 18: sync_weight=0.1, desync_weight=0.1, loss_sync=0.511808
2026-02-15 13:44:49,182 - experiment_ablation_no_chaotic_features - INFO - Epoch 18: Train Loss: 1.3446, Train Acc: 0.7344, Val Loss: 0.4269, Val Acc: 0.8539
2026-02-15 13:44:49,414 - experiment_ablation_no_chaotic_features - INFO - Saved new best model at epoch 18
2026-02-15 13:44:50,290 - experiment_ablation_no_chaotic_features - INFO - Train Epoch 19: [0/472 (0.0%)]	Loss: 1.251312
2026-02-15 13:44:58,513 - experiment_ablation_no_chaotic_features - INFO - [SYNC DEBUG] Epoch 19: sync_weight=0.1, desync_weight=0.1, loss_sync=0.511261
2026-02-15 13:44:59,069 - experiment_ablation_no_chaotic_features - INFO - Epoch 19: Train Loss: 1.1981, Train Acc: 0.7567, Val Loss: 0.4547, Val Acc: 0.8202
2026-02-15 13:44:59,915 - experiment_ablation_no_chaotic_features - INFO - Train Epoch 20: [0/472 (0.0%)]	Loss: 1.316637
2026-02-15 13:45:08,178 - experiment_ablation_no_chaotic_features - INFO - [SYNC DEBUG] Epoch 20: sync_weight=0.1, desync_weight=0.1, loss_sync=0.499910
2026-02-15 13:45:08,774 - experiment_ablation_no_chaotic_features - INFO - Epoch 20: Train Loss: 1.1562, Train Acc: 0.7656, Val Loss: 0.6104, Val Acc: 0.7865
2026-02-15 13:45:09,692 - experiment_ablation_no_chaotic_features - INFO - Train Epoch 21: [0/472 (0.0%)]	Loss: 1.274037
2026-02-15 13:45:13,088 - experiment_ablation_no_chaotic_features - DEBUG - [STABILITY] lyap=0.043, max_norm=3.2, min_std=0.228
2026-02-15 13:45:17,956 - experiment_ablation_no_chaotic_features - INFO - [SYNC DEBUG] Epoch 21: sync_weight=0.1, desync_weight=0.1, loss_sync=0.497796
2026-02-15 13:45:18,507 - experiment_ablation_no_chaotic_features - INFO - Epoch 21: Train Loss: 1.0461, Train Acc: 0.8214, Val Loss: 0.5272, Val Acc: 0.8427
2026-02-15 13:45:19,327 - experiment_ablation_no_chaotic_features - INFO - Train Epoch 22: [0/472 (0.0%)]	Loss: 1.052828
2026-02-15 13:45:27,558 - experiment_ablation_no_chaotic_features - INFO - [SYNC DEBUG] Epoch 22: sync_weight=0.1, desync_weight=0.1, loss_sync=0.502060
2026-02-15 13:45:28,106 - experiment_ablation_no_chaotic_features - INFO - Epoch 22: Train Loss: 1.0614, Train Acc: 0.8103, Val Loss: 0.2736, Val Acc: 0.8989
2026-02-15 13:45:28,183 - experiment_ablation_no_chaotic_features - INFO - Saved new best model at epoch 22
2026-02-15 13:45:29,051 - experiment_ablation_no_chaotic_features - INFO - Train Epoch 23: [0/472 (0.0%)]	Loss: 0.872145
2026-02-15 13:45:37,254 - experiment_ablation_no_chaotic_features - INFO - [SYNC DEBUG] Epoch 23: sync_weight=0.1, desync_weight=0.1, loss_sync=0.499540
2026-02-15 13:45:37,810 - experiment_ablation_no_chaotic_features - INFO - Epoch 23: Train Loss: 0.9975, Train Acc: 0.8304, Val Loss: 0.6840, Val Acc: 0.8315
2026-02-15 13:45:38,626 - experiment_ablation_no_chaotic_features - INFO - Train Epoch 24: [0/472 (0.0%)]	Loss: 0.796845
2026-02-15 13:45:46,850 - experiment_ablation_no_chaotic_features - INFO - [SYNC DEBUG] Epoch 24: sync_weight=0.1, desync_weight=0.1, loss_sync=0.497894
2026-02-15 13:45:47,390 - experiment_ablation_no_chaotic_features - INFO - Epoch 24: Train Loss: 0.9053, Train Acc: 0.8705, Val Loss: 0.5361, Val Acc: 0.8539
2026-02-15 13:45:48,218 - experiment_ablation_no_chaotic_features - INFO - Train Epoch 25: [0/472 (0.0%)]	Loss: 0.838527
2026-02-15 13:45:56,442 - experiment_ablation_no_chaotic_features - INFO - [SYNC DEBUG] Epoch 25: sync_weight=0.1, desync_weight=0.1, loss_sync=0.503095
2026-02-15 13:45:56,980 - experiment_ablation_no_chaotic_features - INFO - Epoch 25: Train Loss: 0.8407, Train Acc: 0.9129, Val Loss: 0.3276, Val Acc: 0.8989
2026-02-15 13:45:57,832 - experiment_ablation_no_chaotic_features - INFO - Train Epoch 26: [0/472 (0.0%)]	Loss: 0.631770
2026-02-15 13:46:06,072 - experiment_ablation_no_chaotic_features - INFO - [SYNC DEBUG] Epoch 26: sync_weight=0.1, desync_weight=0.1, loss_sync=0.498018
2026-02-15 13:46:06,628 - experiment_ablation_no_chaotic_features - INFO - Epoch 26: Train Loss: 0.8860, Train Acc: 0.8839, Val Loss: 0.5228, Val Acc: 0.8315
2026-02-15 13:46:07,465 - experiment_ablation_no_chaotic_features - INFO - Train Epoch 27: [0/472 (0.0%)]	Loss: 1.046112
2026-02-15 13:46:15,675 - experiment_ablation_no_chaotic_features - INFO - [SYNC DEBUG] Epoch 27: sync_weight=0.1, desync_weight=0.1, loss_sync=0.499919
2026-02-15 13:46:16,248 - experiment_ablation_no_chaotic_features - INFO - Epoch 27: Train Loss: 0.8918, Train Acc: 0.8549, Val Loss: 0.2917, Val Acc: 0.8764
2026-02-15 13:46:17,092 - experiment_ablation_no_chaotic_features - INFO - Train Epoch 28: [0/472 (0.0%)]	Loss: 0.745901
2026-02-15 13:46:21,722 - experiment_ablation_no_chaotic_features - DEBUG - [STABILITY] lyap=0.048, max_norm=2.1, min_std=0.242
2026-02-15 13:46:25,322 - experiment_ablation_no_chaotic_features - INFO - [SYNC DEBUG] Epoch 28: sync_weight=0.1, desync_weight=0.1, loss_sync=0.500263
2026-02-15 13:46:25,871 - experiment_ablation_no_chaotic_features - INFO - Epoch 28: Train Loss: 0.8642, Train Acc: 0.8795, Val Loss: 0.3915, Val Acc: 0.8764
2026-02-15 13:46:26,701 - experiment_ablation_no_chaotic_features - INFO - Train Epoch 29: [0/472 (0.0%)]	Loss: 0.768814
2026-02-15 13:46:34,942 - experiment_ablation_no_chaotic_features - INFO - [SYNC DEBUG] Epoch 29: sync_weight=0.1, desync_weight=0.1, loss_sync=0.499741
2026-02-15 13:46:35,509 - experiment_ablation_no_chaotic_features - INFO - Epoch 29: Train Loss: 0.7364, Train Acc: 0.9263, Val Loss: 0.2079, Val Acc: 0.9101
2026-02-15 13:46:35,581 - experiment_ablation_no_chaotic_features - INFO - Saved new best model at epoch 29
2026-02-15 13:46:36,441 - experiment_ablation_no_chaotic_features - INFO - Train Epoch 30: [0/472 (0.0%)]	Loss: 0.638428
2026-02-15 13:46:44,877 - experiment_ablation_no_chaotic_features - INFO - [SYNC DEBUG] Epoch 30: sync_weight=0.1, desync_weight=0.1, loss_sync=0.499873
2026-02-15 13:46:45,428 - experiment_ablation_no_chaotic_features - INFO - Epoch 30: Train Loss: 0.7973, Train Acc: 0.9062, Val Loss: 0.3866, Val Acc: 0.8427
2026-02-15 13:46:46,338 - experiment_ablation_no_chaotic_features - INFO - Train Epoch 31: [0/472 (0.0%)]	Loss: 0.642608
2026-02-15 13:46:54,584 - experiment_ablation_no_chaotic_features - INFO - [SYNC DEBUG] Epoch 31: sync_weight=0.1, desync_weight=0.1, loss_sync=0.498655
2026-02-15 13:46:55,126 - experiment_ablation_no_chaotic_features - INFO - Epoch 31: Train Loss: 0.7908, Train Acc: 0.8973, Val Loss: 1.1067, Val Acc: 0.6742
2026-02-15 13:46:55,963 - experiment_ablation_no_chaotic_features - INFO - Train Epoch 32: [0/472 (0.0%)]	Loss: 0.756173
2026-02-15 13:47:04,176 - experiment_ablation_no_chaotic_features - INFO - [SYNC DEBUG] Epoch 32: sync_weight=0.1, desync_weight=0.1, loss_sync=0.496264
2026-02-15 13:47:04,750 - experiment_ablation_no_chaotic_features - INFO - Epoch 32: Train Loss: 0.7481, Train Acc: 0.9286, Val Loss: 0.7555, Val Acc: 0.7528
2026-02-15 13:47:05,574 - experiment_ablation_no_chaotic_features - INFO - Train Epoch 33: [0/472 (0.0%)]	Loss: 0.618159
2026-02-15 13:47:13,798 - experiment_ablation_no_chaotic_features - INFO - [SYNC DEBUG] Epoch 33: sync_weight=0.1, desync_weight=0.1, loss_sync=0.496686
2026-02-15 13:47:14,367 - experiment_ablation_no_chaotic_features - INFO - Epoch 33: Train Loss: 0.7026, Train Acc: 0.9464, Val Loss: 0.3038, Val Acc: 0.8652
2026-02-15 13:47:15,219 - experiment_ablation_no_chaotic_features - INFO - Train Epoch 34: [0/472 (0.0%)]	Loss: 0.842424
2026-02-15 13:47:23,457 - experiment_ablation_no_chaotic_features - INFO - [SYNC DEBUG] Epoch 34: sync_weight=0.1, desync_weight=0.1, loss_sync=0.494718
2026-02-15 13:47:24,019 - experiment_ablation_no_chaotic_features - INFO - Epoch 34: Train Loss: 0.7234, Train Acc: 0.9286, Val Loss: 0.4786, Val Acc: 0.8539
2026-02-15 13:47:24,836 - experiment_ablation_no_chaotic_features - INFO - Train Epoch 35: [0/472 (0.0%)]	Loss: 0.620965
2026-02-15 13:47:30,742 - experiment_ablation_no_chaotic_features - DEBUG - [STABILITY] lyap=0.038, max_norm=1.6, min_std=0.141
2026-02-15 13:47:33,090 - experiment_ablation_no_chaotic_features - INFO - [SYNC DEBUG] Epoch 35: sync_weight=0.1, desync_weight=0.1, loss_sync=0.493693
2026-02-15 13:47:33,634 - experiment_ablation_no_chaotic_features - INFO - Epoch 35: Train Loss: 0.7001, Train Acc: 0.9464, Val Loss: 0.9392, Val Acc: 0.7191
2026-02-15 13:47:34,454 - experiment_ablation_no_chaotic_features - INFO - Train Epoch 36: [0/472 (0.0%)]	Loss: 0.629624
2026-02-15 13:47:42,579 - experiment_ablation_no_chaotic_features - INFO - [SYNC DEBUG] Epoch 36: sync_weight=0.1, desync_weight=0.1, loss_sync=0.497385
2026-02-15 13:47:43,125 - experiment_ablation_no_chaotic_features - INFO - Epoch 36: Train Loss: 0.7007, Train Acc: 0.9509, Val Loss: 0.8214, Val Acc: 0.7640
2026-02-15 13:47:43,943 - experiment_ablation_no_chaotic_features - INFO - Train Epoch 37: [0/472 (0.0%)]	Loss: 0.635407
2026-02-15 13:47:52,191 - experiment_ablation_no_chaotic_features - INFO - [SYNC DEBUG] Epoch 37: sync_weight=0.1, desync_weight=0.1, loss_sync=0.494469
2026-02-15 13:47:52,761 - experiment_ablation_no_chaotic_features - INFO - Epoch 37: Train Loss: 0.7412, Train Acc: 0.9308, Val Loss: 0.2583, Val Acc: 0.9101
2026-02-15 13:47:53,594 - experiment_ablation_no_chaotic_features - INFO - Train Epoch 38: [0/472 (0.0%)]	Loss: 0.638835
2026-02-15 13:48:01,820 - experiment_ablation_no_chaotic_features - INFO - [SYNC DEBUG] Epoch 38: sync_weight=0.1, desync_weight=0.1, loss_sync=0.496073
2026-02-15 13:48:02,378 - experiment_ablation_no_chaotic_features - INFO - Epoch 38: Train Loss: 0.7450, Train Acc: 0.9152, Val Loss: 0.3385, Val Acc: 0.8764
2026-02-15 13:48:03,213 - experiment_ablation_no_chaotic_features - INFO - Train Epoch 39: [0/472 (0.0%)]	Loss: 0.592571
2026-02-15 13:48:11,441 - experiment_ablation_no_chaotic_features - INFO - [SYNC DEBUG] Epoch 39: sync_weight=0.1, desync_weight=0.1, loss_sync=0.497861
2026-02-15 13:48:12,001 - experiment_ablation_no_chaotic_features - INFO - Epoch 39: Train Loss: 0.6639, Train Acc: 0.9509, Val Loss: 0.8245, Val Acc: 0.7978
2026-02-15 13:48:12,818 - experiment_ablation_no_chaotic_features - INFO - Train Epoch 40: [0/472 (0.0%)]	Loss: 0.660114
2026-02-15 13:48:21,034 - experiment_ablation_no_chaotic_features - INFO - [SYNC DEBUG] Epoch 40: sync_weight=0.1, desync_weight=0.1, loss_sync=0.489551
2026-02-15 13:48:21,583 - experiment_ablation_no_chaotic_features - INFO - Epoch 40: Train Loss: 0.6606, Train Acc: 0.9576, Val Loss: 0.3355, Val Acc: 0.8989
2026-02-15 13:48:22,482 - experiment_ablation_no_chaotic_features - INFO - Train Epoch 41: [0/472 (0.0%)]	Loss: 0.721015
2026-02-15 13:48:30,709 - experiment_ablation_no_chaotic_features - INFO - [SYNC DEBUG] Epoch 41: sync_weight=0.1, desync_weight=0.1, loss_sync=0.496515
2026-02-15 13:48:31,250 - experiment_ablation_no_chaotic_features - INFO - Epoch 41: Train Loss: 0.6595, Train Acc: 0.9509, Val Loss: 0.3724, Val Acc: 0.8539
2026-02-15 13:48:32,099 - experiment_ablation_no_chaotic_features - INFO - Train Epoch 42: [0/472 (0.0%)]	Loss: 0.515915
2026-02-15 13:48:39,250 - experiment_ablation_no_chaotic_features - DEBUG - [STABILITY] lyap=0.033, max_norm=1.3, min_std=0.092
2026-02-15 13:48:40,335 - experiment_ablation_no_chaotic_features - INFO - [SYNC DEBUG] Epoch 42: sync_weight=0.1, desync_weight=0.1, loss_sync=0.488982
2026-02-15 13:48:40,883 - experiment_ablation_no_chaotic_features - INFO - Epoch 42: Train Loss: 0.6449, Train Acc: 0.9442, Val Loss: 0.3602, Val Acc: 0.8989
2026-02-15 13:48:41,718 - experiment_ablation_no_chaotic_features - INFO - Train Epoch 43: [0/472 (0.0%)]	Loss: 0.599229
2026-02-15 13:48:50,151 - experiment_ablation_no_chaotic_features - INFO - [SYNC DEBUG] Epoch 43: sync_weight=0.1, desync_weight=0.1, loss_sync=0.491624
2026-02-15 13:48:50,704 - experiment_ablation_no_chaotic_features - INFO - Epoch 43: Train Loss: 0.6197, Train Acc: 0.9554, Val Loss: 0.6686, Val Acc: 0.8427
2026-02-15 13:48:51,524 - experiment_ablation_no_chaotic_features - INFO - Train Epoch 44: [0/472 (0.0%)]	Loss: 0.642572
2026-02-15 13:48:59,759 - experiment_ablation_no_chaotic_features - INFO - [SYNC DEBUG] Epoch 44: sync_weight=0.1, desync_weight=0.1, loss_sync=0.493536
2026-02-15 13:49:00,307 - experiment_ablation_no_chaotic_features - INFO - Epoch 44: Train Loss: 0.6453, Train Acc: 0.9531, Val Loss: 0.4689, Val Acc: 0.8989
2026-02-15 13:49:01,133 - experiment_ablation_no_chaotic_features - INFO - Train Epoch 45: [0/472 (0.0%)]	Loss: 0.620199
2026-02-15 13:49:09,350 - experiment_ablation_no_chaotic_features - INFO - [SYNC DEBUG] Epoch 45: sync_weight=0.1, desync_weight=0.1, loss_sync=0.497428
2026-02-15 13:49:09,895 - experiment_ablation_no_chaotic_features - INFO - Epoch 45: Train Loss: 0.6314, Train Acc: 0.9576, Val Loss: 0.4504, Val Acc: 0.8652
2026-02-15 13:49:10,720 - experiment_ablation_no_chaotic_features - INFO - Train Epoch 46: [0/472 (0.0%)]	Loss: 0.646373
2026-02-15 13:49:18,934 - experiment_ablation_no_chaotic_features - INFO - [SYNC DEBUG] Epoch 46: sync_weight=0.1, desync_weight=0.1, loss_sync=0.500269
2026-02-15 13:49:19,483 - experiment_ablation_no_chaotic_features - INFO - Epoch 46: Train Loss: 0.6207, Train Acc: 0.9643, Val Loss: 0.2664, Val Acc: 0.9326
2026-02-15 13:49:19,559 - experiment_ablation_no_chaotic_features - INFO - Saved new best model at epoch 46
2026-02-15 13:49:20,424 - experiment_ablation_no_chaotic_features - INFO - Train Epoch 47: [0/472 (0.0%)]	Loss: 0.529994
2026-02-15 13:49:28,636 - experiment_ablation_no_chaotic_features - INFO - [SYNC DEBUG] Epoch 47: sync_weight=0.1, desync_weight=0.1, loss_sync=0.499979
2026-02-15 13:49:29,183 - experiment_ablation_no_chaotic_features - INFO - Epoch 47: Train Loss: 0.6083, Train Acc: 0.9598, Val Loss: 0.3611, Val Acc: 0.9101
2026-02-15 13:49:30,005 - experiment_ablation_no_chaotic_features - INFO - Train Epoch 48: [0/472 (0.0%)]	Loss: 0.594953
2026-02-15 13:49:38,256 - experiment_ablation_no_chaotic_features - INFO - [SYNC DEBUG] Epoch 48: sync_weight=0.1, desync_weight=0.1, loss_sync=0.491795
2026-02-15 13:49:38,802 - experiment_ablation_no_chaotic_features - INFO - Epoch 48: Train Loss: 0.6093, Train Acc: 0.9598, Val Loss: 0.6142, Val Acc: 0.8427
2026-02-15 13:49:39,628 - experiment_ablation_no_chaotic_features - INFO - Train Epoch 49: [0/472 (0.0%)]	Loss: 0.607176
2026-02-15 13:49:47,871 - experiment_ablation_no_chaotic_features - INFO - [SYNC DEBUG] Epoch 49: sync_weight=0.1, desync_weight=0.1, loss_sync=0.494355
2026-02-15 13:49:48,416 - experiment_ablation_no_chaotic_features - INFO - Epoch 49: Train Loss: 0.6266, Train Acc: 0.9509, Val Loss: 0.5344, Val Acc: 0.8315
2026-02-15 13:49:48,858 - experiment_ablation_no_chaotic_features - DEBUG - [STABILITY] lyap=0.045, max_norm=2.2, min_std=0.229
2026-02-15 13:49:49,246 - experiment_ablation_no_chaotic_features - INFO - Train Epoch 50: [0/472 (0.0%)]	Loss: 0.570396
2026-02-15 13:49:57,499 - experiment_ablation_no_chaotic_features - INFO - [SYNC DEBUG] Epoch 50: sync_weight=0.1, desync_weight=0.1, loss_sync=0.490645
2026-02-15 13:49:58,061 - experiment_ablation_no_chaotic_features - INFO - Epoch 50: Train Loss: 0.6042, Train Acc: 0.9710, Val Loss: 0.6847, Val Acc: 0.8315
2026-02-15 13:49:58,959 - experiment_ablation_no_chaotic_features - INFO - Train Epoch 51: [0/472 (0.0%)]	Loss: 0.520562
2026-02-15 13:50:07,186 - experiment_ablation_no_chaotic_features - INFO - [SYNC DEBUG] Epoch 51: sync_weight=0.1, desync_weight=0.1, loss_sync=0.498077
2026-02-15 13:50:07,739 - experiment_ablation_no_chaotic_features - INFO - Epoch 51: Train Loss: 0.6432, Train Acc: 0.9554, Val Loss: 0.4654, Val Acc: 0.8989
2026-02-15 13:50:08,556 - experiment_ablation_no_chaotic_features - INFO - Train Epoch 52: [0/472 (0.0%)]	Loss: 0.557813
2026-02-15 13:50:16,838 - experiment_ablation_no_chaotic_features - INFO - [SYNC DEBUG] Epoch 52: sync_weight=0.1, desync_weight=0.1, loss_sync=0.492527
2026-02-15 13:50:17,390 - experiment_ablation_no_chaotic_features - INFO - Epoch 52: Train Loss: 0.5753, Train Acc: 0.9732, Val Loss: 0.6945, Val Acc: 0.8315
2026-02-15 13:50:18,213 - experiment_ablation_no_chaotic_features - INFO - Train Epoch 53: [0/472 (0.0%)]	Loss: 0.569196
2026-02-15 13:50:26,471 - experiment_ablation_no_chaotic_features - INFO - [SYNC DEBUG] Epoch 53: sync_weight=0.1, desync_weight=0.1, loss_sync=0.488773
2026-02-15 13:50:27,016 - experiment_ablation_no_chaotic_features - INFO - Epoch 53: Train Loss: 0.5641, Train Acc: 0.9821, Val Loss: 0.6355, Val Acc: 0.8315
2026-02-15 13:50:27,855 - experiment_ablation_no_chaotic_features - INFO - Train Epoch 54: [0/472 (0.0%)]	Loss: 0.531771
2026-02-15 13:50:36,099 - experiment_ablation_no_chaotic_features - INFO - [SYNC DEBUG] Epoch 54: sync_weight=0.1, desync_weight=0.1, loss_sync=0.472964
2026-02-15 13:50:36,636 - experiment_ablation_no_chaotic_features - INFO - Epoch 54: Train Loss: 0.5959, Train Acc: 0.9643, Val Loss: 0.0998, Val Acc: 0.9438
2026-02-15 13:50:36,717 - experiment_ablation_no_chaotic_features - INFO - Saved new best model at epoch 54
2026-02-15 13:50:37,592 - experiment_ablation_no_chaotic_features - INFO - Train Epoch 55: [0/472 (0.0%)]	Loss: 0.515468
2026-02-15 13:50:45,813 - experiment_ablation_no_chaotic_features - INFO - [SYNC DEBUG] Epoch 55: sync_weight=0.1, desync_weight=0.1, loss_sync=0.480452
2026-02-15 13:50:46,381 - experiment_ablation_no_chaotic_features - INFO - Epoch 55: Train Loss: 0.5978, Train Acc: 0.9598, Val Loss: 0.1761, Val Acc: 0.9213
2026-02-15 13:50:47,236 - experiment_ablation_no_chaotic_features - INFO - Train Epoch 56: [0/472 (0.0%)]	Loss: 0.484251
2026-02-15 13:50:55,651 - experiment_ablation_no_chaotic_features - INFO - [SYNC DEBUG] Epoch 56: sync_weight=0.1, desync_weight=0.1, loss_sync=0.479021
2026-02-15 13:50:56,183 - experiment_ablation_no_chaotic_features - INFO - Epoch 56: Train Loss: 0.6146, Train Acc: 0.9442, Val Loss: 0.9816, Val Acc: 0.7528
2026-02-15 13:50:57,009 - experiment_ablation_no_chaotic_features - INFO - Train Epoch 57: [0/472 (0.0%)]	Loss: 0.545691
2026-02-15 13:50:57,869 - experiment_ablation_no_chaotic_features - DEBUG - [STABILITY] lyap=0.040, max_norm=2.3, min_std=0.066
2026-02-15 13:51:05,224 - experiment_ablation_no_chaotic_features - INFO - [SYNC DEBUG] Epoch 57: sync_weight=0.1, desync_weight=0.1, loss_sync=0.494496
2026-02-15 13:51:05,804 - experiment_ablation_no_chaotic_features - INFO - Epoch 57: Train Loss: 0.5869, Train Acc: 0.9732, Val Loss: 0.2781, Val Acc: 0.9326
2026-02-15 13:51:06,622 - experiment_ablation_no_chaotic_features - INFO - Train Epoch 58: [0/472 (0.0%)]	Loss: 0.566155
2026-02-15 13:51:14,851 - experiment_ablation_no_chaotic_features - INFO - [SYNC DEBUG] Epoch 58: sync_weight=0.1, desync_weight=0.1, loss_sync=0.491641
2026-02-15 13:51:15,401 - experiment_ablation_no_chaotic_features - INFO - Epoch 58: Train Loss: 0.6532, Train Acc: 0.9487, Val Loss: 1.0368, Val Acc: 0.7528
2026-02-15 13:51:16,253 - experiment_ablation_no_chaotic_features - INFO - Train Epoch 59: [0/472 (0.0%)]	Loss: 0.502648
2026-02-15 13:51:24,493 - experiment_ablation_no_chaotic_features - INFO - [SYNC DEBUG] Epoch 59: sync_weight=0.1, desync_weight=0.1, loss_sync=0.485220
2026-02-15 13:51:25,071 - experiment_ablation_no_chaotic_features - INFO - Epoch 59: Train Loss: 0.5624, Train Acc: 0.9754, Val Loss: 0.4580, Val Acc: 0.8876
2026-02-15 13:51:25,924 - experiment_ablation_no_chaotic_features - INFO - Train Epoch 60: [0/472 (0.0%)]	Loss: 0.501213
2026-02-15 13:51:34,146 - experiment_ablation_no_chaotic_features - INFO - [SYNC DEBUG] Epoch 60: sync_weight=0.1, desync_weight=0.1, loss_sync=0.474732
2026-02-15 13:51:34,688 - experiment_ablation_no_chaotic_features - INFO - Epoch 60: Train Loss: 0.5423, Train Acc: 0.9821, Val Loss: 0.2169, Val Acc: 0.9326
2026-02-15 13:51:35,590 - experiment_ablation_no_chaotic_features - INFO - Train Epoch 61: [0/472 (0.0%)]	Loss: 0.582130
2026-02-15 13:51:43,823 - experiment_ablation_no_chaotic_features - INFO - [SYNC DEBUG] Epoch 61: sync_weight=0.1, desync_weight=0.1, loss_sync=0.483297
2026-02-15 13:51:44,361 - experiment_ablation_no_chaotic_features - INFO - Epoch 61: Train Loss: 0.5543, Train Acc: 0.9888, Val Loss: 0.2573, Val Acc: 0.9326
2026-02-15 13:51:45,192 - experiment_ablation_no_chaotic_features - INFO - Train Epoch 62: [0/472 (0.0%)]	Loss: 0.493599
2026-02-15 13:51:53,419 - experiment_ablation_no_chaotic_features - INFO - [SYNC DEBUG] Epoch 62: sync_weight=0.1, desync_weight=0.1, loss_sync=0.485526
2026-02-15 13:51:53,957 - experiment_ablation_no_chaotic_features - INFO - Epoch 62: Train Loss: 0.5712, Train Acc: 0.9710, Val Loss: 0.5924, Val Acc: 0.8652
2026-02-15 13:51:54,791 - experiment_ablation_no_chaotic_features - INFO - Train Epoch 63: [0/472 (0.0%)]	Loss: 0.545603
2026-02-15 13:52:03,032 - experiment_ablation_no_chaotic_features - INFO - [SYNC DEBUG] Epoch 63: sync_weight=0.1, desync_weight=0.1, loss_sync=0.492080
2026-02-15 13:52:03,575 - experiment_ablation_no_chaotic_features - INFO - Epoch 63: Train Loss: 0.5725, Train Acc: 0.9777, Val Loss: 0.2735, Val Acc: 0.9101
2026-02-15 13:52:04,404 - experiment_ablation_no_chaotic_features - INFO - Train Epoch 64: [0/472 (0.0%)]	Loss: 0.494321
2026-02-15 13:52:06,513 - experiment_ablation_no_chaotic_features - DEBUG - [STABILITY] lyap=0.040, max_norm=2.3, min_std=0.118
2026-02-15 13:52:12,556 - experiment_ablation_no_chaotic_features - INFO - [SYNC DEBUG] Epoch 64: sync_weight=0.1, desync_weight=0.1, loss_sync=0.474415
2026-02-15 13:52:13,093 - experiment_ablation_no_chaotic_features - INFO - Epoch 64: Train Loss: 0.5591, Train Acc: 0.9665, Val Loss: 0.5597, Val Acc: 0.8315
2026-02-15 13:52:13,914 - experiment_ablation_no_chaotic_features - INFO - Train Epoch 65: [0/472 (0.0%)]	Loss: 0.542196
2026-02-15 13:52:22,152 - experiment_ablation_no_chaotic_features - INFO - [SYNC DEBUG] Epoch 65: sync_weight=0.1, desync_weight=0.1, loss_sync=0.478158
2026-02-15 13:52:22,688 - experiment_ablation_no_chaotic_features - INFO - Epoch 65: Train Loss: 0.5710, Train Acc: 0.9688, Val Loss: 0.1988, Val Acc: 0.9551
2026-02-15 13:52:22,764 - experiment_ablation_no_chaotic_features - INFO - Saved new best model at epoch 65
2026-02-15 13:52:23,623 - experiment_ablation_no_chaotic_features - INFO - Train Epoch 66: [0/472 (0.0%)]	Loss: 0.524761
2026-02-15 13:52:31,857 - experiment_ablation_no_chaotic_features - INFO - [SYNC DEBUG] Epoch 66: sync_weight=0.1, desync_weight=0.1, loss_sync=0.481414
2026-02-15 13:52:32,413 - experiment_ablation_no_chaotic_features - INFO - Epoch 66: Train Loss: 0.5806, Train Acc: 0.9754, Val Loss: 0.5283, Val Acc: 0.8539
2026-02-15 13:52:33,233 - experiment_ablation_no_chaotic_features - INFO - Train Epoch 67: [0/472 (0.0%)]	Loss: 0.541363
2026-02-15 13:52:41,396 - experiment_ablation_no_chaotic_features - INFO - [SYNC DEBUG] Epoch 67: sync_weight=0.1, desync_weight=0.1, loss_sync=0.486123
2026-02-15 13:52:41,932 - experiment_ablation_no_chaotic_features - INFO - Epoch 67: Train Loss: 0.5860, Train Acc: 0.9621, Val Loss: 0.7511, Val Acc: 0.7865
2026-02-15 13:52:42,764 - experiment_ablation_no_chaotic_features - INFO - Train Epoch 68: [0/472 (0.0%)]	Loss: 0.517537
2026-02-15 13:52:50,998 - experiment_ablation_no_chaotic_features - INFO - [SYNC DEBUG] Epoch 68: sync_weight=0.1, desync_weight=0.1, loss_sync=0.498648
2026-02-15 13:52:51,528 - experiment_ablation_no_chaotic_features - INFO - Epoch 68: Train Loss: 0.5970, Train Acc: 0.9754, Val Loss: 0.9807, Val Acc: 0.7753
2026-02-15 13:52:52,354 - experiment_ablation_no_chaotic_features - INFO - Train Epoch 69: [0/472 (0.0%)]	Loss: 0.508700
2026-02-15 13:53:00,787 - experiment_ablation_no_chaotic_features - INFO - [SYNC DEBUG] Epoch 69: sync_weight=0.1, desync_weight=0.1, loss_sync=0.470832
2026-02-15 13:53:01,322 - experiment_ablation_no_chaotic_features - INFO - Epoch 69: Train Loss: 0.5687, Train Acc: 0.9688, Val Loss: 0.6956, Val Acc: 0.7865
2026-02-15 13:53:02,139 - experiment_ablation_no_chaotic_features - INFO - Train Epoch 70: [0/472 (0.0%)]	Loss: 0.459064
2026-02-15 13:53:10,364 - experiment_ablation_no_chaotic_features - INFO - [SYNC DEBUG] Epoch 70: sync_weight=0.1, desync_weight=0.1, loss_sync=0.481265
2026-02-15 13:53:10,909 - experiment_ablation_no_chaotic_features - INFO - Epoch 70: Train Loss: 0.5445, Train Acc: 0.9821, Val Loss: 0.3015, Val Acc: 0.8876
2026-02-15 13:53:11,822 - experiment_ablation_no_chaotic_features - INFO - Train Epoch 71: [0/472 (0.0%)]	Loss: 0.494636
2026-02-15 13:53:15,200 - experiment_ablation_no_chaotic_features - DEBUG - [STABILITY] lyap=0.038, max_norm=1.8, min_std=0.147
2026-02-15 13:53:20,069 - experiment_ablation_no_chaotic_features - INFO - [SYNC DEBUG] Epoch 71: sync_weight=0.1, desync_weight=0.1, loss_sync=0.475372
2026-02-15 13:53:20,620 - experiment_ablation_no_chaotic_features - INFO - Epoch 71: Train Loss: 0.5760, Train Acc: 0.9665, Val Loss: 0.6646, Val Acc: 0.8202
2026-02-15 13:53:21,461 - experiment_ablation_no_chaotic_features - INFO - Train Epoch 72: [0/472 (0.0%)]	Loss: 0.576850
2026-02-15 13:53:29,603 - experiment_ablation_no_chaotic_features - INFO - [SYNC DEBUG] Epoch 72: sync_weight=0.1, desync_weight=0.1, loss_sync=0.476158
2026-02-15 13:53:30,161 - experiment_ablation_no_chaotic_features - INFO - Epoch 72: Train Loss: 0.5173, Train Acc: 0.9888, Val Loss: 0.3427, Val Acc: 0.9101
2026-02-15 13:53:30,984 - experiment_ablation_no_chaotic_features - INFO - Train Epoch 73: [0/472 (0.0%)]	Loss: 0.516999
2026-02-15 13:53:39,128 - experiment_ablation_no_chaotic_features - INFO - [SYNC DEBUG] Epoch 73: sync_weight=0.1, desync_weight=0.1, loss_sync=0.472897
2026-02-15 13:53:39,662 - experiment_ablation_no_chaotic_features - INFO - Epoch 73: Train Loss: 0.5858, Train Acc: 0.9688, Val Loss: 0.3340, Val Acc: 0.8989
2026-02-15 13:53:40,493 - experiment_ablation_no_chaotic_features - INFO - Train Epoch 74: [0/472 (0.0%)]	Loss: 0.498278
2026-02-15 13:53:48,802 - experiment_ablation_no_chaotic_features - INFO - [SYNC DEBUG] Epoch 74: sync_weight=0.1, desync_weight=0.1, loss_sync=0.473098
2026-02-15 13:53:49,353 - experiment_ablation_no_chaotic_features - INFO - Epoch 74: Train Loss: 0.5559, Train Acc: 0.9821, Val Loss: 0.4126, Val Acc: 0.8764
2026-02-15 13:53:50,206 - experiment_ablation_no_chaotic_features - INFO - Train Epoch 75: [0/472 (0.0%)]	Loss: 0.484281
2026-02-15 13:53:58,427 - experiment_ablation_no_chaotic_features - INFO - [SYNC DEBUG] Epoch 75: sync_weight=0.1, desync_weight=0.1, loss_sync=0.474257
2026-02-15 13:53:58,994 - experiment_ablation_no_chaotic_features - INFO - Epoch 75: Train Loss: 0.5603, Train Acc: 0.9821, Val Loss: 0.3043, Val Acc: 0.9326
2026-02-15 13:53:59,825 - experiment_ablation_no_chaotic_features - INFO - Train Epoch 76: [0/472 (0.0%)]	Loss: 0.747483
2026-02-15 13:54:08,652 - experiment_ablation_no_chaotic_features - INFO - [SYNC DEBUG] Epoch 76: sync_weight=0.1, desync_weight=0.1, loss_sync=0.468394
2026-02-15 13:54:09,222 - experiment_ablation_no_chaotic_features - INFO - Epoch 76: Train Loss: 0.5746, Train Acc: 0.9732, Val Loss: 0.2025, Val Acc: 0.9438
2026-02-15 13:54:10,059 - experiment_ablation_no_chaotic_features - INFO - Train Epoch 77: [0/472 (0.0%)]	Loss: 0.485466
2026-02-15 13:54:18,320 - experiment_ablation_no_chaotic_features - INFO - [SYNC DEBUG] Epoch 77: sync_weight=0.1, desync_weight=0.1, loss_sync=0.471277
2026-02-15 13:54:18,874 - experiment_ablation_no_chaotic_features - INFO - Epoch 77: Train Loss: 0.5211, Train Acc: 0.9866, Val Loss: 0.4409, Val Acc: 0.9101
2026-02-15 13:54:19,710 - experiment_ablation_no_chaotic_features - INFO - Train Epoch 78: [0/472 (0.0%)]	Loss: 0.465899
2026-02-15 13:54:24,339 - experiment_ablation_no_chaotic_features - DEBUG - [STABILITY] lyap=0.046, max_norm=4.4, min_std=0.094
2026-02-15 13:54:27,931 - experiment_ablation_no_chaotic_features - INFO - [SYNC DEBUG] Epoch 78: sync_weight=0.1, desync_weight=0.1, loss_sync=0.460446
2026-02-15 13:54:28,460 - experiment_ablation_no_chaotic_features - INFO - Epoch 78: Train Loss: 0.5394, Train Acc: 0.9710, Val Loss: 0.4032, Val Acc: 0.8764
2026-02-15 13:54:29,310 - experiment_ablation_no_chaotic_features - INFO - Train Epoch 79: [0/472 (0.0%)]	Loss: 0.627568
2026-02-15 13:54:37,516 - experiment_ablation_no_chaotic_features - INFO - [SYNC DEBUG] Epoch 79: sync_weight=0.1, desync_weight=0.1, loss_sync=0.460887
2026-02-15 13:54:38,054 - experiment_ablation_no_chaotic_features - INFO - Epoch 79: Train Loss: 0.5420, Train Acc: 0.9754, Val Loss: 0.2103, Val Acc: 0.9213
2026-02-15 13:54:38,919 - experiment_ablation_no_chaotic_features - INFO - Train Epoch 80: [0/472 (0.0%)]	Loss: 0.563538
2026-02-15 13:54:47,134 - experiment_ablation_no_chaotic_features - INFO - [SYNC DEBUG] Epoch 80: sync_weight=0.1, desync_weight=0.1, loss_sync=0.462457
2026-02-15 13:54:47,685 - experiment_ablation_no_chaotic_features - INFO - Epoch 80: Train Loss: 0.5253, Train Acc: 0.9866, Val Loss: 0.2819, Val Acc: 0.9213
2026-02-15 13:54:48,582 - experiment_ablation_no_chaotic_features - INFO - Train Epoch 81: [0/472 (0.0%)]	Loss: 0.444660
2026-02-15 13:54:57,006 - experiment_ablation_no_chaotic_features - INFO - [SYNC DEBUG] Epoch 81: sync_weight=0.1, desync_weight=0.1, loss_sync=0.429402
2026-02-15 13:54:57,553 - experiment_ablation_no_chaotic_features - INFO - Epoch 81: Train Loss: 0.4806, Train Acc: 0.9844, Val Loss: 0.4059, Val Acc: 0.8652
2026-02-15 13:54:58,380 - experiment_ablation_no_chaotic_features - INFO - Train Epoch 82: [0/472 (0.0%)]	Loss: 0.555738
2026-02-15 13:55:06,567 - experiment_ablation_no_chaotic_features - INFO - [SYNC DEBUG] Epoch 82: sync_weight=0.1, desync_weight=0.1, loss_sync=0.425252
2026-02-15 13:55:07,115 - experiment_ablation_no_chaotic_features - INFO - Epoch 82: Train Loss: 0.4806, Train Acc: 0.9911, Val Loss: 0.5000, Val Acc: 0.8876
2026-02-15 13:55:07,961 - experiment_ablation_no_chaotic_features - INFO - Train Epoch 83: [0/472 (0.0%)]	Loss: 0.573239
2026-02-15 13:55:16,133 - experiment_ablation_no_chaotic_features - INFO - [SYNC DEBUG] Epoch 83: sync_weight=0.1, desync_weight=0.1, loss_sync=0.451091
2026-02-15 13:55:16,673 - experiment_ablation_no_chaotic_features - INFO - Epoch 83: Train Loss: 0.5054, Train Acc: 0.9821, Val Loss: 0.4699, Val Acc: 0.8876
2026-02-15 13:55:17,536 - experiment_ablation_no_chaotic_features - INFO - Train Epoch 84: [0/472 (0.0%)]	Loss: 0.597284
2026-02-15 13:55:25,720 - experiment_ablation_no_chaotic_features - INFO - [SYNC DEBUG] Epoch 84: sync_weight=0.1, desync_weight=0.1, loss_sync=0.457948
2026-02-15 13:55:26,264 - experiment_ablation_no_chaotic_features - INFO - Epoch 84: Train Loss: 0.5514, Train Acc: 0.9710, Val Loss: 0.3259, Val Acc: 0.9213
2026-02-15 13:55:27,090 - experiment_ablation_no_chaotic_features - INFO - Train Epoch 85: [0/472 (0.0%)]	Loss: 0.478254
2026-02-15 13:55:32,945 - experiment_ablation_no_chaotic_features - DEBUG - [STABILITY] lyap=0.047, max_norm=4.5, min_std=0.140
2026-02-15 13:55:35,291 - experiment_ablation_no_chaotic_features - INFO - [SYNC DEBUG] Epoch 85: sync_weight=0.1, desync_weight=0.1, loss_sync=0.434327
2026-02-15 13:55:35,823 - experiment_ablation_no_chaotic_features - INFO - Epoch 85: Train Loss: 0.5060, Train Acc: 0.9732, Val Loss: 0.4841, Val Acc: 0.8876
2026-02-15 13:55:36,643 - experiment_ablation_no_chaotic_features - INFO - Train Epoch 86: [0/472 (0.0%)]	Loss: 0.461636
2026-02-15 13:55:44,936 - experiment_ablation_no_chaotic_features - INFO - [SYNC DEBUG] Epoch 86: sync_weight=0.1, desync_weight=0.1, loss_sync=0.451939
2026-02-15 13:55:45,483 - experiment_ablation_no_chaotic_features - INFO - Epoch 86: Train Loss: 0.5157, Train Acc: 0.9866, Val Loss: 0.3500, Val Acc: 0.9101
2026-02-15 13:55:46,313 - experiment_ablation_no_chaotic_features - INFO - Train Epoch 87: [0/472 (0.0%)]	Loss: 0.550400
2026-02-15 13:55:54,495 - experiment_ablation_no_chaotic_features - INFO - [SYNC DEBUG] Epoch 87: sync_weight=0.1, desync_weight=0.1, loss_sync=0.407160
2026-02-15 13:55:55,040 - experiment_ablation_no_chaotic_features - INFO - Epoch 87: Train Loss: 0.4848, Train Acc: 0.9821, Val Loss: 0.2746, Val Acc: 0.8989
2026-02-15 13:55:55,862 - experiment_ablation_no_chaotic_features - INFO - Train Epoch 88: [0/472 (0.0%)]	Loss: 0.600521
2026-02-15 13:56:04,088 - experiment_ablation_no_chaotic_features - INFO - [SYNC DEBUG] Epoch 88: sync_weight=0.1, desync_weight=0.1, loss_sync=0.451873
2026-02-15 13:56:04,625 - experiment_ablation_no_chaotic_features - INFO - Epoch 88: Train Loss: 0.5020, Train Acc: 0.9888, Val Loss: 0.2676, Val Acc: 0.9101
2026-02-15 13:56:05,464 - experiment_ablation_no_chaotic_features - INFO - Train Epoch 89: [0/472 (0.0%)]	Loss: 0.443838
2026-02-15 13:56:13,678 - experiment_ablation_no_chaotic_features - INFO - [SYNC DEBUG] Epoch 89: sync_weight=0.1, desync_weight=0.1, loss_sync=0.434773
2026-02-15 13:56:14,229 - experiment_ablation_no_chaotic_features - INFO - Epoch 89: Train Loss: 0.4846, Train Acc: 0.9866, Val Loss: 0.2791, Val Acc: 0.9213
2026-02-15 13:56:15,047 - experiment_ablation_no_chaotic_features - INFO - Train Epoch 90: [0/472 (0.0%)]	Loss: 0.449625
2026-02-15 13:56:23,261 - experiment_ablation_no_chaotic_features - INFO - [SYNC DEBUG] Epoch 90: sync_weight=0.1, desync_weight=0.1, loss_sync=0.425389
2026-02-15 13:56:23,803 - experiment_ablation_no_chaotic_features - INFO - Epoch 90: Train Loss: 0.4627, Train Acc: 0.9911, Val Loss: 0.3519, Val Acc: 0.8989
2026-02-15 13:56:24,731 - experiment_ablation_no_chaotic_features - INFO - Train Epoch 91: [0/472 (0.0%)]	Loss: 0.482121
2026-02-15 13:56:32,915 - experiment_ablation_no_chaotic_features - INFO - [SYNC DEBUG] Epoch 91: sync_weight=0.1, desync_weight=0.1, loss_sync=0.419770
2026-02-15 13:56:33,464 - experiment_ablation_no_chaotic_features - INFO - Epoch 91: Train Loss: 0.4720, Train Acc: 0.9844, Val Loss: 0.1488, Val Acc: 0.9326
2026-02-15 13:56:34,298 - experiment_ablation_no_chaotic_features - INFO - Train Epoch 92: [0/472 (0.0%)]	Loss: 0.471173
2026-02-15 13:56:41,442 - experiment_ablation_no_chaotic_features - DEBUG - [STABILITY] lyap=0.043, max_norm=4.7, min_std=0.154
2026-02-15 13:56:42,526 - experiment_ablation_no_chaotic_features - INFO - [SYNC DEBUG] Epoch 92: sync_weight=0.1, desync_weight=0.1, loss_sync=0.425285
2026-02-15 13:56:43,052 - experiment_ablation_no_chaotic_features - INFO - Epoch 92: Train Loss: 0.4812, Train Acc: 0.9866, Val Loss: 0.6921, Val Acc: 0.8427
2026-02-15 13:56:43,874 - experiment_ablation_no_chaotic_features - INFO - Train Epoch 93: [0/472 (0.0%)]	Loss: 0.419114
2026-02-15 13:56:52,083 - experiment_ablation_no_chaotic_features - INFO - [SYNC DEBUG] Epoch 93: sync_weight=0.1, desync_weight=0.1, loss_sync=0.466316
2026-02-15 13:56:52,637 - experiment_ablation_no_chaotic_features - INFO - Epoch 93: Train Loss: 0.5325, Train Acc: 0.9844, Val Loss: 0.0663, Val Acc: 0.9888
2026-02-15 13:56:52,714 - experiment_ablation_no_chaotic_features - INFO - Saved new best model at epoch 93
2026-02-15 13:56:53,584 - experiment_ablation_no_chaotic_features - INFO - Train Epoch 94: [0/472 (0.0%)]	Loss: 0.401608
2026-02-15 13:57:01,772 - experiment_ablation_no_chaotic_features - INFO - [SYNC DEBUG] Epoch 94: sync_weight=0.1, desync_weight=0.1, loss_sync=0.432651
2026-02-15 13:57:02,333 - experiment_ablation_no_chaotic_features - INFO - Epoch 94: Train Loss: 0.4677, Train Acc: 0.9933, Val Loss: 0.1247, Val Acc: 0.9551
2026-02-15 13:57:03,187 - experiment_ablation_no_chaotic_features - INFO - Train Epoch 95: [0/472 (0.0%)]	Loss: 0.457601
2026-02-15 13:57:11,633 - experiment_ablation_no_chaotic_features - INFO - [SYNC DEBUG] Epoch 95: sync_weight=0.1, desync_weight=0.1, loss_sync=0.446007
2026-02-15 13:57:12,183 - experiment_ablation_no_chaotic_features - INFO - Epoch 95: Train Loss: 0.5130, Train Acc: 0.9866, Val Loss: 0.1229, Val Acc: 0.9551
2026-02-15 13:57:13,014 - experiment_ablation_no_chaotic_features - INFO - Train Epoch 96: [0/472 (0.0%)]	Loss: 0.529644
2026-02-15 13:57:21,155 - experiment_ablation_no_chaotic_features - INFO - [SYNC DEBUG] Epoch 96: sync_weight=0.1, desync_weight=0.1, loss_sync=0.442013
2026-02-15 13:57:21,716 - experiment_ablation_no_chaotic_features - INFO - Epoch 96: Train Loss: 0.4831, Train Acc: 0.9844, Val Loss: 0.1668, Val Acc: 0.9551
2026-02-15 13:57:22,542 - experiment_ablation_no_chaotic_features - INFO - Train Epoch 97: [0/472 (0.0%)]	Loss: 0.465374
2026-02-15 13:57:30,801 - experiment_ablation_no_chaotic_features - INFO - [SYNC DEBUG] Epoch 97: sync_weight=0.1, desync_weight=0.1, loss_sync=0.416981
2026-02-15 13:57:31,363 - experiment_ablation_no_chaotic_features - INFO - Epoch 97: Train Loss: 0.4643, Train Acc: 0.9888, Val Loss: 0.1386, Val Acc: 0.9663
2026-02-15 13:57:32,198 - experiment_ablation_no_chaotic_features - INFO - Train Epoch 98: [0/472 (0.0%)]	Loss: 0.507130
2026-02-15 13:57:40,439 - experiment_ablation_no_chaotic_features - INFO - [SYNC DEBUG] Epoch 98: sync_weight=0.1, desync_weight=0.1, loss_sync=0.409470
2026-02-15 13:57:41,014 - experiment_ablation_no_chaotic_features - INFO - Epoch 98: Train Loss: 0.4806, Train Acc: 0.9821, Val Loss: 0.4069, Val Acc: 0.8764
2026-02-15 13:57:41,864 - experiment_ablation_no_chaotic_features - INFO - Train Epoch 99: [0/472 (0.0%)]	Loss: 0.479510
2026-02-15 13:57:50,134 - experiment_ablation_no_chaotic_features - INFO - [SYNC DEBUG] Epoch 99: sync_weight=0.1, desync_weight=0.1, loss_sync=0.448092
2026-02-15 13:57:50,684 - experiment_ablation_no_chaotic_features - INFO - Epoch 99: Train Loss: 0.4786, Train Acc: 0.9955, Val Loss: 0.3085, Val Acc: 0.9551
2026-02-15 13:57:50,687 - experiment_ablation_no_chaotic_features - INFO - Running final test evaluation...
2026-02-15 13:57:51,332 - experiment_ablation_no_chaotic_features - INFO - Test Results:
2026-02-15 13:57:51,332 - experiment_ablation_no_chaotic_features - INFO -   loss: 0.4499
2026-02-15 13:57:51,332 - experiment_ablation_no_chaotic_features - INFO -   accuracy: 0.8644
2026-02-15 13:57:51,334 - experiment_ablation_no_chaotic_features - INFO - Training completed
