2026-01-09 22:27:19,554 - experiment_chaotic_lorenz_full_chaotic_run_0 - INFO - Initialized experiment: chaotic_lorenz_full_chaotic_run_0
2026-01-09 22:27:19,555 - experiment_chaotic_lorenz_full_chaotic_run_0 - INFO - Device: cuda
2026-01-09 22:27:19,555 - experiment_chaotic_lorenz_full_chaotic_run_0 - INFO - Output directory: /scratch/project_2003370/yueyao/Model/experiments/configs/sync_experiments/B1/experiments/chaotic_lorenz_full_chaotic_run_0
2026-01-09 22:28:29,421 - experiment_chaotic_lorenz_full_chaotic_run_0 - INFO - Initialized experiment: chaotic_lorenz_full_chaotic_run_0
2026-01-09 22:28:29,422 - experiment_chaotic_lorenz_full_chaotic_run_0 - INFO - Device: cuda
2026-01-09 22:28:29,422 - experiment_chaotic_lorenz_full_chaotic_run_0 - INFO - Output directory: /scratch/project_2003370/yueyao/Model/experiments/configs/sync_experiments/B1/experiments/chaotic_lorenz_full_chaotic_run_0
2026-01-09 22:37:34,062 - experiment_chaotic_lorenz_full_chaotic_run_0 - INFO - Initialized experiment: chaotic_lorenz_full_chaotic_run_0
2026-01-09 22:37:34,062 - experiment_chaotic_lorenz_full_chaotic_run_0 - INFO - Device: cuda
2026-01-09 22:37:34,062 - experiment_chaotic_lorenz_full_chaotic_run_0 - INFO - Output directory: /scratch/project_2003370/yueyao/Model/experiments/configs/sync_experiments/B1/experiments/chaotic_lorenz_full_chaotic_run_0
2026-01-09 22:37:34,062 - experiment_chaotic_lorenz_full_chaotic_run_0 - INFO - Initialized chaotic network experiment with lorenz system
2026-01-09 22:37:34,062 - experiment_chaotic_lorenz_full_chaotic_run_0 - INFO - Setting up experiment components...
2026-01-09 22:37:34,062 - experiment_chaotic_lorenz_full_chaotic_run_0 - INFO - Creating dataloaders...
2026-01-09 22:37:35,307 - experiment_chaotic_lorenz_full_chaotic_run_0 - INFO - Detected 26 speakers in dataset
2026-01-09 22:37:35,307 - experiment_chaotic_lorenz_full_chaotic_run_0 - INFO - Dataloaders created:
2026-01-09 22:37:35,307 - experiment_chaotic_lorenz_full_chaotic_run_0 - INFO -   Train: 14 batches
2026-01-09 22:37:35,307 - experiment_chaotic_lorenz_full_chaotic_run_0 - INFO -   Val: 3 batches
2026-01-09 22:37:35,307 - experiment_chaotic_lorenz_full_chaotic_run_0 - INFO -   Test: 4 batches
2026-01-09 22:37:35,307 - experiment_chaotic_lorenz_full_chaotic_run_0 - INFO - Creating model...
2026-01-09 22:37:35,307 - experiment_chaotic_lorenz_full_chaotic_run_0 - INFO - Using actual num_speakers from dataset: 26
2026-01-09 22:37:35,307 - experiment_chaotic_lorenz_full_chaotic_run_0 - INFO - [BIFURCATION] use_bifurcation_control=False
2026-01-09 22:38:06,053 - experiment_chaotic_lorenz_full_chaotic_run_0 - INFO - Total parameters: 458,181
2026-01-09 22:38:06,053 - experiment_chaotic_lorenz_full_chaotic_run_0 - INFO - Trainable parameters: 458,181
2026-01-09 22:38:06,053 - experiment_chaotic_lorenz_full_chaotic_run_0 - INFO - Creating optimizer...
2026-01-09 22:38:07,178 - experiment_chaotic_lorenz_full_chaotic_run_0 - INFO - Optimizer: AdamW
2026-01-09 22:38:07,178 - experiment_chaotic_lorenz_full_chaotic_run_0 - INFO - Creating scheduler...
2026-01-09 22:38:07,178 - experiment_chaotic_lorenz_full_chaotic_run_0 - INFO - Scheduler: CosineAnnealingLR
2026-01-09 22:38:07,178 - experiment_chaotic_lorenz_full_chaotic_run_0 - INFO - Creating criterion...
2026-01-09 22:38:07,178 - experiment_chaotic_lorenz_full_chaotic_run_0 - INFO - Criterion: CrossEntropyLoss
2026-01-09 22:38:07,223 - experiment_chaotic_lorenz_full_chaotic_run_0 - INFO - Configuration saved to: /scratch/project_2003370/yueyao/Model/experiments/configs/sync_experiments/B1/experiments/chaotic_lorenz_full_chaotic_run_0/config.json
2026-01-09 22:38:07,223 - experiment_chaotic_lorenz_full_chaotic_run_0 - INFO - Experiment setup completed
2026-01-09 22:38:07,224 - experiment_chaotic_lorenz_full_chaotic_run_0 - INFO - Starting training for 100 epochs
2026-01-09 22:38:07,402 - experiment_chaotic_lorenz_full_chaotic_run_0 - INFO - 
================================================================================
2026-01-09 22:38:07,402 - experiment_chaotic_lorenz_full_chaotic_run_0 - INFO - COMPREHENSIVE DEBUG - FIRST BATCH
2026-01-09 22:38:07,402 - experiment_chaotic_lorenz_full_chaotic_run_0 - INFO - ================================================================================
2026-01-09 22:38:07,402 - experiment_chaotic_lorenz_full_chaotic_run_0 - INFO - Batch Info:
2026-01-09 22:38:07,402 - experiment_chaotic_lorenz_full_chaotic_run_0 - INFO -   Audio shape: torch.Size([32, 48000])
2026-01-09 22:38:07,403 - experiment_chaotic_lorenz_full_chaotic_run_0 - INFO -   Targets shape: torch.Size([32])
2026-01-09 22:38:07,407 - experiment_chaotic_lorenz_full_chaotic_run_0 - INFO -   Targets (first 8): tensor([19, 24, 16, 12, 16, 10,  8,  2], device='cuda:0')
2026-01-09 22:38:08,018 - experiment_chaotic_lorenz_full_chaotic_run_0 - INFO - ================================================================================

2026-01-09 22:38:08,019 - experiment_chaotic_lorenz_full_chaotic_run_0 - INFO - [ADVERSARIAL] Initialized AdversarialChaoticAugmentation
2026-01-09 22:38:08,190 - experiment_chaotic_lorenz_full_chaotic_run_0 - ERROR - Training failed with error: 'ChaoticExperiment' object has no attribute 'sync_loss_fn'
2026-01-09 22:42:11,211 - experiment_chaotic_lorenz_full_chaotic_run_0 - INFO - Initialized experiment: chaotic_lorenz_full_chaotic_run_0
2026-01-09 22:42:11,211 - experiment_chaotic_lorenz_full_chaotic_run_0 - INFO - Device: cuda
2026-01-09 22:42:11,212 - experiment_chaotic_lorenz_full_chaotic_run_0 - INFO - Output directory: /scratch/project_2003370/yueyao/Model/experiments/configs/sync_experiments/B1/experiments/chaotic_lorenz_full_chaotic_run_0
2026-01-09 22:42:11,212 - experiment_chaotic_lorenz_full_chaotic_run_0 - INFO - Initialized chaotic network experiment with lorenz system
2026-01-09 22:42:11,212 - experiment_chaotic_lorenz_full_chaotic_run_0 - INFO - Setting up experiment components...
2026-01-09 22:42:11,212 - experiment_chaotic_lorenz_full_chaotic_run_0 - INFO - Creating dataloaders...
2026-01-09 22:42:11,595 - experiment_chaotic_lorenz_full_chaotic_run_0 - INFO - Detected 26 speakers in dataset
2026-01-09 22:42:11,595 - experiment_chaotic_lorenz_full_chaotic_run_0 - INFO - Dataloaders created:
2026-01-09 22:42:11,595 - experiment_chaotic_lorenz_full_chaotic_run_0 - INFO -   Train: 14 batches
2026-01-09 22:42:11,595 - experiment_chaotic_lorenz_full_chaotic_run_0 - INFO -   Val: 3 batches
2026-01-09 22:42:11,595 - experiment_chaotic_lorenz_full_chaotic_run_0 - INFO -   Test: 4 batches
2026-01-09 22:42:11,595 - experiment_chaotic_lorenz_full_chaotic_run_0 - INFO - Creating model...
2026-01-09 22:42:11,595 - experiment_chaotic_lorenz_full_chaotic_run_0 - INFO - Using actual num_speakers from dataset: 26
2026-01-09 22:42:11,595 - experiment_chaotic_lorenz_full_chaotic_run_0 - INFO - [BIFURCATION] use_bifurcation_control=False
2026-01-09 22:42:42,620 - experiment_chaotic_lorenz_full_chaotic_run_0 - INFO - Total parameters: 458,181
2026-01-09 22:42:42,620 - experiment_chaotic_lorenz_full_chaotic_run_0 - INFO - Trainable parameters: 458,181
2026-01-09 22:42:42,620 - experiment_chaotic_lorenz_full_chaotic_run_0 - INFO - Creating optimizer...
2026-01-09 22:42:44,033 - experiment_chaotic_lorenz_full_chaotic_run_0 - INFO - Optimizer: AdamW
2026-01-09 22:42:44,034 - experiment_chaotic_lorenz_full_chaotic_run_0 - INFO - Creating scheduler...
2026-01-09 22:42:44,034 - experiment_chaotic_lorenz_full_chaotic_run_0 - INFO - Scheduler: CosineAnnealingLR
2026-01-09 22:42:44,034 - experiment_chaotic_lorenz_full_chaotic_run_0 - INFO - Creating criterion...
2026-01-09 22:42:44,034 - experiment_chaotic_lorenz_full_chaotic_run_0 - INFO - Criterion: CrossEntropyLoss
2026-01-09 22:42:44,104 - experiment_chaotic_lorenz_full_chaotic_run_0 - INFO - Configuration saved to: /scratch/project_2003370/yueyao/Model/experiments/configs/sync_experiments/B1/experiments/chaotic_lorenz_full_chaotic_run_0/config.json
2026-01-09 22:42:44,104 - experiment_chaotic_lorenz_full_chaotic_run_0 - INFO - Experiment setup completed
2026-01-09 22:42:44,104 - experiment_chaotic_lorenz_full_chaotic_run_0 - INFO - Starting training for 100 epochs
2026-01-09 22:42:44,257 - experiment_chaotic_lorenz_full_chaotic_run_0 - INFO - 
================================================================================
2026-01-09 22:42:44,258 - experiment_chaotic_lorenz_full_chaotic_run_0 - INFO - COMPREHENSIVE DEBUG - FIRST BATCH
2026-01-09 22:42:44,258 - experiment_chaotic_lorenz_full_chaotic_run_0 - INFO - ================================================================================
2026-01-09 22:42:44,258 - experiment_chaotic_lorenz_full_chaotic_run_0 - INFO - Batch Info:
2026-01-09 22:42:44,258 - experiment_chaotic_lorenz_full_chaotic_run_0 - INFO -   Audio shape: torch.Size([32, 48000])
2026-01-09 22:42:44,258 - experiment_chaotic_lorenz_full_chaotic_run_0 - INFO -   Targets shape: torch.Size([32])
2026-01-09 22:42:44,262 - experiment_chaotic_lorenz_full_chaotic_run_0 - INFO -   Targets (first 8): tensor([19, 24, 16, 12, 16, 10,  8,  2], device='cuda:0')
2026-01-09 22:42:44,851 - experiment_chaotic_lorenz_full_chaotic_run_0 - INFO - ================================================================================

2026-01-09 22:42:44,852 - experiment_chaotic_lorenz_full_chaotic_run_0 - INFO - [ADVERSARIAL] Initialized AdversarialChaoticAugmentation
2026-01-09 22:42:45,113 - experiment_chaotic_lorenz_full_chaotic_run_0 - INFO - [STABILITY] Initialized LyapunovStabilityLoss
2026-01-09 22:42:45,971 - experiment_chaotic_lorenz_full_chaotic_run_0 - INFO - Train Epoch 0: [0/472 (0.0%)]	Loss: 4.768258
2026-01-09 22:42:54,724 - experiment_chaotic_lorenz_full_chaotic_run_0 - INFO - [ADVERSARIAL] Warmup: epoch 1/5
2026-01-09 22:42:55,742 - experiment_chaotic_lorenz_full_chaotic_run_0 - INFO - Epoch 0: Train Loss: 4.4630, Train Acc: 0.0603, Val Loss: 4.5630, Val Acc: 0.0449
2026-01-09 22:42:55,826 - experiment_chaotic_lorenz_full_chaotic_run_0 - INFO - Saved new best model at epoch 0
2026-01-09 22:42:56,813 - experiment_chaotic_lorenz_full_chaotic_run_0 - INFO - Train Epoch 1: [0/472 (0.0%)]	Loss: 4.259068
2026-01-09 22:43:05,458 - experiment_chaotic_lorenz_full_chaotic_run_0 - INFO - [ADVERSARIAL] Warmup: epoch 2/5
2026-01-09 22:43:06,498 - experiment_chaotic_lorenz_full_chaotic_run_0 - INFO - Epoch 1: Train Loss: 4.1104, Train Acc: 0.0558, Val Loss: 4.3136, Val Acc: 0.0787
2026-01-09 22:43:06,581 - experiment_chaotic_lorenz_full_chaotic_run_0 - INFO - Saved new best model at epoch 1
2026-01-09 22:43:07,525 - experiment_chaotic_lorenz_full_chaotic_run_0 - INFO - Train Epoch 2: [0/472 (0.0%)]	Loss: 3.764395
2026-01-09 22:43:16,127 - experiment_chaotic_lorenz_full_chaotic_run_0 - INFO - [ADVERSARIAL] Warmup: epoch 3/5
2026-01-09 22:43:17,164 - experiment_chaotic_lorenz_full_chaotic_run_0 - INFO - Epoch 2: Train Loss: 3.7224, Train Acc: 0.1116, Val Loss: 4.3440, Val Acc: 0.0449
2026-01-09 22:43:18,066 - experiment_chaotic_lorenz_full_chaotic_run_0 - INFO - Train Epoch 3: [0/472 (0.0%)]	Loss: 3.499006
2026-01-09 22:43:27,499 - experiment_chaotic_lorenz_full_chaotic_run_0 - INFO - [ADVERSARIAL] Warmup: epoch 4/5
2026-01-09 22:43:28,793 - experiment_chaotic_lorenz_full_chaotic_run_0 - INFO - Epoch 3: Train Loss: 2.8970, Train Acc: 0.2031, Val Loss: 4.4971, Val Acc: 0.0449
2026-01-09 22:43:29,836 - experiment_chaotic_lorenz_full_chaotic_run_0 - INFO - Train Epoch 4: [0/472 (0.0%)]	Loss: 2.445978
2026-01-09 22:43:40,634 - experiment_chaotic_lorenz_full_chaotic_run_0 - INFO - [ADVERSARIAL] Warmup: epoch 5/5
2026-01-09 22:43:41,925 - experiment_chaotic_lorenz_full_chaotic_run_0 - INFO - Epoch 4: Train Loss: 2.3697, Train Acc: 0.3259, Val Loss: 4.8562, Val Acc: 0.0562
2026-01-09 22:43:42,749 - experiment_chaotic_lorenz_full_chaotic_run_0 - INFO - Train Epoch 5: [0/472 (0.0%)]	Loss: 2.476895
2026-01-09 22:43:49,344 - experiment_chaotic_lorenz_full_chaotic_run_0 - INFO - [ADVERSARIAL] Warmup complete, adversarial training activated!
2026-01-09 22:43:50,624 - experiment_chaotic_lorenz_full_chaotic_run_0 - INFO - Epoch 5: Train Loss: 2.7060, Train Acc: 0.3616, Val Loss: 5.5846, Val Acc: 0.0449
2026-01-09 22:43:51,425 - experiment_chaotic_lorenz_full_chaotic_run_0 - INFO - Train Epoch 6: [0/472 (0.0%)]	Loss: 2.193998
2026-01-09 22:43:59,472 - experiment_chaotic_lorenz_full_chaotic_run_0 - INFO - Epoch 6: Train Loss: 2.3944, Train Acc: 0.4554, Val Loss: 5.8486, Val Acc: 0.0449
2026-01-09 22:44:00,150 - experiment_chaotic_lorenz_full_chaotic_run_0 - INFO - Train Epoch 7: [0/472 (0.0%)]	Loss: 2.351676
2026-01-09 22:44:07,985 - experiment_chaotic_lorenz_full_chaotic_run_0 - INFO - Epoch 7: Train Loss: 1.8885, Train Acc: 0.5647, Val Loss: 5.9156, Val Acc: 0.0449
2026-01-09 22:44:08,695 - experiment_chaotic_lorenz_full_chaotic_run_0 - INFO - Train Epoch 8: [0/472 (0.0%)]	Loss: 1.246914
2026-01-09 22:44:16,243 - experiment_chaotic_lorenz_full_chaotic_run_0 - INFO - Epoch 8: Train Loss: 1.5199, Train Acc: 0.6384, Val Loss: 5.5363, Val Acc: 0.0899
2026-01-09 22:44:16,329 - experiment_chaotic_lorenz_full_chaotic_run_0 - INFO - Saved new best model at epoch 8
2026-01-09 22:44:17,163 - experiment_chaotic_lorenz_full_chaotic_run_0 - INFO - Train Epoch 9: [0/472 (0.0%)]	Loss: 0.986230
2026-01-09 22:44:25,100 - experiment_chaotic_lorenz_full_chaotic_run_0 - INFO - Epoch 9: Train Loss: 1.1409, Train Acc: 0.7388, Val Loss: 4.3011, Val Acc: 0.1573
2026-01-09 22:44:25,184 - experiment_chaotic_lorenz_full_chaotic_run_0 - INFO - Saved new best model at epoch 9
2026-01-09 22:44:25,863 - experiment_chaotic_lorenz_full_chaotic_run_0 - INFO - Train Epoch 10: [0/472 (0.0%)]	Loss: 0.710439
2026-01-09 22:44:33,792 - experiment_chaotic_lorenz_full_chaotic_run_0 - INFO - Epoch 10: Train Loss: 0.9683, Train Acc: 0.7656, Val Loss: 5.7342, Val Acc: 0.0449
2026-01-09 22:44:34,592 - experiment_chaotic_lorenz_full_chaotic_run_0 - INFO - Train Epoch 11: [0/472 (0.0%)]	Loss: 0.538101
2026-01-09 22:44:42,701 - experiment_chaotic_lorenz_full_chaotic_run_0 - INFO - Epoch 11: Train Loss: 0.8565, Train Acc: 0.7857, Val Loss: 4.7526, Val Acc: 0.1236
2026-01-09 22:44:43,398 - experiment_chaotic_lorenz_full_chaotic_run_0 - INFO - Train Epoch 12: [0/472 (0.0%)]	Loss: 0.560346
2026-01-09 22:44:51,519 - experiment_chaotic_lorenz_full_chaotic_run_0 - INFO - Epoch 12: Train Loss: 0.8136, Train Acc: 0.7902, Val Loss: 3.7409, Val Acc: 0.1236
2026-01-09 22:44:52,216 - experiment_chaotic_lorenz_full_chaotic_run_0 - INFO - Train Epoch 13: [0/472 (0.0%)]	Loss: 0.805764
2026-01-09 22:45:00,375 - experiment_chaotic_lorenz_full_chaotic_run_0 - INFO - Epoch 13: Train Loss: 0.7009, Train Acc: 0.8304, Val Loss: 5.0433, Val Acc: 0.1461
2026-01-09 22:45:01,073 - experiment_chaotic_lorenz_full_chaotic_run_0 - INFO - Train Epoch 14: [0/472 (0.0%)]	Loss: 0.608221
2026-01-09 22:45:08,976 - experiment_chaotic_lorenz_full_chaotic_run_0 - INFO - Epoch 14: Train Loss: 0.6702, Train Acc: 0.8504, Val Loss: 6.5894, Val Acc: 0.0899
2026-01-09 22:45:09,733 - experiment_chaotic_lorenz_full_chaotic_run_0 - INFO - Train Epoch 15: [0/472 (0.0%)]	Loss: 0.849163
2026-01-09 22:45:17,625 - experiment_chaotic_lorenz_full_chaotic_run_0 - INFO - Epoch 15: Train Loss: 0.5563, Train Acc: 0.8817, Val Loss: 6.6636, Val Acc: 0.0449
2026-01-09 22:45:18,371 - experiment_chaotic_lorenz_full_chaotic_run_0 - INFO - Train Epoch 16: [0/472 (0.0%)]	Loss: 0.671259
2026-01-09 22:45:26,175 - experiment_chaotic_lorenz_full_chaotic_run_0 - INFO - Epoch 16: Train Loss: 0.5342, Train Acc: 0.8705, Val Loss: 5.8004, Val Acc: 0.0449
2026-01-09 22:45:26,834 - experiment_chaotic_lorenz_full_chaotic_run_0 - INFO - Train Epoch 17: [0/472 (0.0%)]	Loss: 0.356866
2026-01-09 22:45:34,733 - experiment_chaotic_lorenz_full_chaotic_run_0 - INFO - Epoch 17: Train Loss: 0.4372, Train Acc: 0.8862, Val Loss: 4.3076, Val Acc: 0.1573
2026-01-09 22:45:35,481 - experiment_chaotic_lorenz_full_chaotic_run_0 - INFO - Train Epoch 18: [0/472 (0.0%)]	Loss: 0.412194
2026-01-09 22:45:43,320 - experiment_chaotic_lorenz_full_chaotic_run_0 - INFO - Epoch 18: Train Loss: 0.3718, Train Acc: 0.9018, Val Loss: 3.5380, Val Acc: 0.2921
2026-01-09 22:45:43,415 - experiment_chaotic_lorenz_full_chaotic_run_0 - INFO - Saved new best model at epoch 18
2026-01-09 22:45:44,138 - experiment_chaotic_lorenz_full_chaotic_run_0 - INFO - Train Epoch 19: [0/472 (0.0%)]	Loss: 0.265510
2026-01-09 22:45:52,301 - experiment_chaotic_lorenz_full_chaotic_run_0 - INFO - Epoch 19: Train Loss: 0.3551, Train Acc: 0.9107, Val Loss: 4.5924, Val Acc: 0.1685
2026-01-09 22:45:52,995 - experiment_chaotic_lorenz_full_chaotic_run_0 - INFO - Train Epoch 20: [0/472 (0.0%)]	Loss: 0.454543
2026-01-09 22:46:01,129 - experiment_chaotic_lorenz_full_chaotic_run_0 - INFO - Epoch 20: Train Loss: 0.3811, Train Acc: 0.9040, Val Loss: 5.4658, Val Acc: 0.1348
2026-01-09 22:46:01,894 - experiment_chaotic_lorenz_full_chaotic_run_0 - INFO - Train Epoch 21: [0/472 (0.0%)]	Loss: 0.487524
2026-01-09 22:46:09,903 - experiment_chaotic_lorenz_full_chaotic_run_0 - INFO - Epoch 21: Train Loss: 0.3656, Train Acc: 0.9129, Val Loss: 6.4090, Val Acc: 0.0899
2026-01-09 22:46:10,589 - experiment_chaotic_lorenz_full_chaotic_run_0 - INFO - Train Epoch 22: [0/472 (0.0%)]	Loss: 0.073199
2026-01-09 22:46:18,738 - experiment_chaotic_lorenz_full_chaotic_run_0 - INFO - Epoch 22: Train Loss: 0.2847, Train Acc: 0.9308, Val Loss: 3.2727, Val Acc: 0.3371
2026-01-09 22:46:18,823 - experiment_chaotic_lorenz_full_chaotic_run_0 - INFO - Saved new best model at epoch 22
2026-01-09 22:46:19,563 - experiment_chaotic_lorenz_full_chaotic_run_0 - INFO - Train Epoch 23: [0/472 (0.0%)]	Loss: 0.635362
2026-01-09 22:46:27,542 - experiment_chaotic_lorenz_full_chaotic_run_0 - INFO - Epoch 23: Train Loss: 0.2679, Train Acc: 0.9509, Val Loss: 3.0040, Val Acc: 0.3146
2026-01-09 22:46:28,227 - experiment_chaotic_lorenz_full_chaotic_run_0 - INFO - Train Epoch 24: [0/472 (0.0%)]	Loss: 0.203690
2026-01-09 22:46:36,181 - experiment_chaotic_lorenz_full_chaotic_run_0 - INFO - Epoch 24: Train Loss: 0.1973, Train Acc: 0.9621, Val Loss: 6.5220, Val Acc: 0.1348
2026-01-09 22:46:36,935 - experiment_chaotic_lorenz_full_chaotic_run_0 - INFO - Train Epoch 25: [0/472 (0.0%)]	Loss: 0.146541
2026-01-09 22:46:44,752 - experiment_chaotic_lorenz_full_chaotic_run_0 - INFO - Epoch 25: Train Loss: 0.2014, Train Acc: 0.9554, Val Loss: 6.1605, Val Acc: 0.1236
2026-01-09 22:46:45,423 - experiment_chaotic_lorenz_full_chaotic_run_0 - INFO - Train Epoch 26: [0/472 (0.0%)]	Loss: 0.187369
2026-01-09 22:46:53,421 - experiment_chaotic_lorenz_full_chaotic_run_0 - INFO - Epoch 26: Train Loss: 0.2653, Train Acc: 0.9375, Val Loss: 5.9419, Val Acc: 0.1461
2026-01-09 22:46:54,082 - experiment_chaotic_lorenz_full_chaotic_run_0 - INFO - Train Epoch 27: [0/472 (0.0%)]	Loss: 0.079900
2026-01-09 22:47:02,188 - experiment_chaotic_lorenz_full_chaotic_run_0 - INFO - Epoch 27: Train Loss: 0.2354, Train Acc: 0.9308, Val Loss: 5.1474, Val Acc: 0.1461
2026-01-09 22:47:02,868 - experiment_chaotic_lorenz_full_chaotic_run_0 - INFO - Train Epoch 28: [0/472 (0.0%)]	Loss: 0.321330
2026-01-09 22:47:10,704 - experiment_chaotic_lorenz_full_chaotic_run_0 - INFO - Epoch 28: Train Loss: 0.1779, Train Acc: 0.9509, Val Loss: 4.5915, Val Acc: 0.1573
2026-01-09 22:47:11,396 - experiment_chaotic_lorenz_full_chaotic_run_0 - INFO - Train Epoch 29: [0/472 (0.0%)]	Loss: 0.123798
2026-01-09 22:47:19,558 - experiment_chaotic_lorenz_full_chaotic_run_0 - INFO - Epoch 29: Train Loss: 0.1835, Train Acc: 0.9598, Val Loss: 8.1663, Val Acc: 0.1348
2026-01-09 22:47:20,230 - experiment_chaotic_lorenz_full_chaotic_run_0 - INFO - Train Epoch 30: [0/472 (0.0%)]	Loss: 0.068101
2026-01-09 22:47:28,275 - experiment_chaotic_lorenz_full_chaotic_run_0 - INFO - Epoch 30: Train Loss: 0.1894, Train Acc: 0.9397, Val Loss: 8.1259, Val Acc: 0.0899
2026-01-09 22:47:29,015 - experiment_chaotic_lorenz_full_chaotic_run_0 - INFO - Train Epoch 31: [0/472 (0.0%)]	Loss: 0.107890
2026-01-09 22:47:36,920 - experiment_chaotic_lorenz_full_chaotic_run_0 - INFO - Epoch 31: Train Loss: 0.1578, Train Acc: 0.9665, Val Loss: 7.8524, Val Acc: 0.1236
2026-01-09 22:47:37,572 - experiment_chaotic_lorenz_full_chaotic_run_0 - INFO - Train Epoch 32: [0/472 (0.0%)]	Loss: 0.107211
2026-01-09 22:47:45,562 - experiment_chaotic_lorenz_full_chaotic_run_0 - INFO - Epoch 32: Train Loss: 0.1605, Train Acc: 0.9621, Val Loss: 7.2651, Val Acc: 0.1685
2026-01-09 22:47:46,223 - experiment_chaotic_lorenz_full_chaotic_run_0 - INFO - Train Epoch 33: [0/472 (0.0%)]	Loss: 0.143450
2026-01-09 22:47:54,388 - experiment_chaotic_lorenz_full_chaotic_run_0 - INFO - Epoch 33: Train Loss: 0.1584, Train Acc: 0.9710, Val Loss: 4.5971, Val Acc: 0.2135
2026-01-09 22:47:55,058 - experiment_chaotic_lorenz_full_chaotic_run_0 - INFO - Train Epoch 34: [0/472 (0.0%)]	Loss: 0.052463
2026-01-09 22:48:03,123 - experiment_chaotic_lorenz_full_chaotic_run_0 - INFO - Epoch 34: Train Loss: 0.1116, Train Acc: 0.9777, Val Loss: 5.8077, Val Acc: 0.1461
2026-01-09 22:48:03,802 - experiment_chaotic_lorenz_full_chaotic_run_0 - INFO - Train Epoch 35: [0/472 (0.0%)]	Loss: 0.158130
2026-01-09 22:48:11,819 - experiment_chaotic_lorenz_full_chaotic_run_0 - INFO - Epoch 35: Train Loss: 0.1570, Train Acc: 0.9710, Val Loss: 6.9002, Val Acc: 0.0787
2026-01-09 22:48:12,492 - experiment_chaotic_lorenz_full_chaotic_run_0 - INFO - Train Epoch 36: [0/472 (0.0%)]	Loss: 0.076102
2026-01-09 22:48:20,684 - experiment_chaotic_lorenz_full_chaotic_run_0 - INFO - Epoch 36: Train Loss: 0.1085, Train Acc: 0.9777, Val Loss: 2.2006, Val Acc: 0.4831
2026-01-09 22:48:20,769 - experiment_chaotic_lorenz_full_chaotic_run_0 - INFO - Saved new best model at epoch 36
2026-01-09 22:48:21,487 - experiment_chaotic_lorenz_full_chaotic_run_0 - INFO - Train Epoch 37: [0/472 (0.0%)]	Loss: 0.025485
2026-01-09 22:48:29,822 - experiment_chaotic_lorenz_full_chaotic_run_0 - INFO - Epoch 37: Train Loss: 0.1554, Train Acc: 0.9643, Val Loss: 7.5123, Val Acc: 0.1348
2026-01-09 22:48:30,542 - experiment_chaotic_lorenz_full_chaotic_run_0 - INFO - Train Epoch 38: [0/472 (0.0%)]	Loss: 0.055684
2026-01-09 22:48:38,597 - experiment_chaotic_lorenz_full_chaotic_run_0 - INFO - Epoch 38: Train Loss: 0.0843, Train Acc: 0.9888, Val Loss: 7.5097, Val Acc: 0.1348
2026-01-09 22:48:39,294 - experiment_chaotic_lorenz_full_chaotic_run_0 - INFO - Train Epoch 39: [0/472 (0.0%)]	Loss: 0.080988
2026-01-09 22:48:47,509 - experiment_chaotic_lorenz_full_chaotic_run_0 - INFO - Epoch 39: Train Loss: 0.1251, Train Acc: 0.9777, Val Loss: 8.6835, Val Acc: 0.0899
2026-01-09 22:48:48,234 - experiment_chaotic_lorenz_full_chaotic_run_0 - INFO - Train Epoch 40: [0/472 (0.0%)]	Loss: 0.147687
2026-01-09 22:48:56,255 - experiment_chaotic_lorenz_full_chaotic_run_0 - INFO - Epoch 40: Train Loss: 0.2738, Train Acc: 0.9330, Val Loss: 8.5288, Val Acc: 0.0449
2026-01-09 22:48:57,071 - experiment_chaotic_lorenz_full_chaotic_run_0 - INFO - Train Epoch 41: [0/472 (0.0%)]	Loss: 0.500107
2026-01-09 22:49:05,276 - experiment_chaotic_lorenz_full_chaotic_run_0 - INFO - Epoch 41: Train Loss: 0.5081, Train Acc: 0.9018, Val Loss: 6.9339, Val Acc: 0.0449
2026-01-09 22:49:05,964 - experiment_chaotic_lorenz_full_chaotic_run_0 - INFO - Train Epoch 42: [0/472 (0.0%)]	Loss: 1.254888
2026-01-09 22:49:13,908 - experiment_chaotic_lorenz_full_chaotic_run_0 - INFO - Epoch 42: Train Loss: 0.5043, Train Acc: 0.8929, Val Loss: 7.7986, Val Acc: 0.0449
2026-01-09 22:49:14,664 - experiment_chaotic_lorenz_full_chaotic_run_0 - INFO - Train Epoch 43: [0/472 (0.0%)]	Loss: 0.407390
2026-01-09 22:49:22,758 - experiment_chaotic_lorenz_full_chaotic_run_0 - INFO - Epoch 43: Train Loss: 0.1843, Train Acc: 0.9554, Val Loss: 6.4555, Val Acc: 0.0674
2026-01-09 22:49:23,429 - experiment_chaotic_lorenz_full_chaotic_run_0 - INFO - Train Epoch 44: [0/472 (0.0%)]	Loss: 0.152655
2026-01-09 22:49:31,430 - experiment_chaotic_lorenz_full_chaotic_run_0 - INFO - Epoch 44: Train Loss: 0.1478, Train Acc: 0.9732, Val Loss: 6.0874, Val Acc: 0.0899
2026-01-09 22:49:32,160 - experiment_chaotic_lorenz_full_chaotic_run_0 - INFO - Train Epoch 45: [0/472 (0.0%)]	Loss: 0.082928
2026-01-09 22:49:40,308 - experiment_chaotic_lorenz_full_chaotic_run_0 - INFO - Epoch 45: Train Loss: 0.0979, Train Acc: 0.9844, Val Loss: 8.1054, Val Acc: 0.0787
2026-01-09 22:49:41,026 - experiment_chaotic_lorenz_full_chaotic_run_0 - INFO - Train Epoch 46: [0/472 (0.0%)]	Loss: 0.088225
2026-01-09 22:49:49,222 - experiment_chaotic_lorenz_full_chaotic_run_0 - INFO - Epoch 46: Train Loss: 0.1238, Train Acc: 0.9732, Val Loss: 7.6753, Val Acc: 0.1573
2026-01-09 22:49:49,941 - experiment_chaotic_lorenz_full_chaotic_run_0 - INFO - Train Epoch 47: [0/472 (0.0%)]	Loss: 0.088418
2026-01-09 22:49:58,053 - experiment_chaotic_lorenz_full_chaotic_run_0 - INFO - Epoch 47: Train Loss: 0.0874, Train Acc: 0.9844, Val Loss: 0.9731, Val Acc: 0.7191
2026-01-09 22:49:58,142 - experiment_chaotic_lorenz_full_chaotic_run_0 - INFO - Saved new best model at epoch 47
2026-01-09 22:49:58,888 - experiment_chaotic_lorenz_full_chaotic_run_0 - INFO - Train Epoch 48: [0/472 (0.0%)]	Loss: 0.154960
2026-01-09 22:50:07,019 - experiment_chaotic_lorenz_full_chaotic_run_0 - INFO - Epoch 48: Train Loss: 0.1017, Train Acc: 0.9754, Val Loss: 7.7395, Val Acc: 0.1348
2026-01-09 22:50:07,731 - experiment_chaotic_lorenz_full_chaotic_run_0 - INFO - Train Epoch 49: [0/472 (0.0%)]	Loss: 0.131348
2026-01-09 22:50:15,825 - experiment_chaotic_lorenz_full_chaotic_run_0 - INFO - Epoch 49: Train Loss: 0.0811, Train Acc: 0.9844, Val Loss: 6.6585, Val Acc: 0.1348
2026-01-09 22:50:16,496 - experiment_chaotic_lorenz_full_chaotic_run_0 - INFO - Train Epoch 50: [0/472 (0.0%)]	Loss: 0.113461
2026-01-09 22:50:24,619 - experiment_chaotic_lorenz_full_chaotic_run_0 - INFO - Epoch 50: Train Loss: 0.0797, Train Acc: 0.9888, Val Loss: 8.4222, Val Acc: 0.0449
2026-01-09 22:50:25,508 - experiment_chaotic_lorenz_full_chaotic_run_0 - INFO - Train Epoch 51: [0/472 (0.0%)]	Loss: 0.090145
2026-01-09 22:50:33,829 - experiment_chaotic_lorenz_full_chaotic_run_0 - INFO - Epoch 51: Train Loss: 0.1342, Train Acc: 0.9777, Val Loss: 8.0398, Val Acc: 0.0449
2026-01-09 22:50:34,639 - experiment_chaotic_lorenz_full_chaotic_run_0 - INFO - Train Epoch 52: [0/472 (0.0%)]	Loss: 0.253331
2026-01-09 22:50:42,948 - experiment_chaotic_lorenz_full_chaotic_run_0 - INFO - Epoch 52: Train Loss: 0.2211, Train Acc: 0.9554, Val Loss: 6.2667, Val Acc: 0.1011
2026-01-09 22:50:43,726 - experiment_chaotic_lorenz_full_chaotic_run_0 - INFO - Train Epoch 53: [0/472 (0.0%)]	Loss: 0.160911
2026-01-09 22:50:51,677 - experiment_chaotic_lorenz_full_chaotic_run_0 - INFO - Epoch 53: Train Loss: 0.0983, Train Acc: 0.9866, Val Loss: 4.4915, Val Acc: 0.1798
2026-01-09 22:50:52,343 - experiment_chaotic_lorenz_full_chaotic_run_0 - INFO - Train Epoch 54: [0/472 (0.0%)]	Loss: 0.032827
2026-01-09 22:51:00,378 - experiment_chaotic_lorenz_full_chaotic_run_0 - INFO - Epoch 54: Train Loss: 0.1773, Train Acc: 0.9688, Val Loss: 7.7173, Val Acc: 0.0449
2026-01-09 22:51:01,043 - experiment_chaotic_lorenz_full_chaotic_run_0 - INFO - Train Epoch 55: [0/472 (0.0%)]	Loss: 0.257561
2026-01-09 22:51:09,144 - experiment_chaotic_lorenz_full_chaotic_run_0 - INFO - Epoch 55: Train Loss: 0.1214, Train Acc: 0.9710, Val Loss: 8.4246, Val Acc: 0.0899
2026-01-09 22:51:09,811 - experiment_chaotic_lorenz_full_chaotic_run_0 - INFO - Train Epoch 56: [0/472 (0.0%)]	Loss: 0.215945
2026-01-09 22:51:17,925 - experiment_chaotic_lorenz_full_chaotic_run_0 - INFO - Epoch 56: Train Loss: 0.0824, Train Acc: 0.9844, Val Loss: 5.0070, Val Acc: 0.2584
2026-01-09 22:51:18,594 - experiment_chaotic_lorenz_full_chaotic_run_0 - INFO - Train Epoch 57: [0/472 (0.0%)]	Loss: 0.282383
2026-01-09 22:51:26,690 - experiment_chaotic_lorenz_full_chaotic_run_0 - INFO - Epoch 57: Train Loss: 0.1043, Train Acc: 0.9777, Val Loss: 7.2189, Val Acc: 0.0899
2026-01-09 22:51:27,436 - experiment_chaotic_lorenz_full_chaotic_run_0 - INFO - Train Epoch 58: [0/472 (0.0%)]	Loss: 0.020914
2026-01-09 22:51:35,481 - experiment_chaotic_lorenz_full_chaotic_run_0 - INFO - Epoch 58: Train Loss: 0.0843, Train Acc: 0.9866, Val Loss: 8.0422, Val Acc: 0.1348
2026-01-09 22:51:36,220 - experiment_chaotic_lorenz_full_chaotic_run_0 - INFO - Train Epoch 59: [0/472 (0.0%)]	Loss: 0.050118
2026-01-09 22:51:44,274 - experiment_chaotic_lorenz_full_chaotic_run_0 - INFO - Epoch 59: Train Loss: 0.0448, Train Acc: 0.9955, Val Loss: 5.4963, Val Acc: 0.2247
2026-01-09 22:51:44,931 - experiment_chaotic_lorenz_full_chaotic_run_0 - INFO - Train Epoch 60: [0/472 (0.0%)]	Loss: 0.102939
2026-01-09 22:51:53,045 - experiment_chaotic_lorenz_full_chaotic_run_0 - INFO - Epoch 60: Train Loss: 0.0755, Train Acc: 0.9821, Val Loss: 0.7998, Val Acc: 0.7753
2026-01-09 22:51:53,131 - experiment_chaotic_lorenz_full_chaotic_run_0 - INFO - Saved new best model at epoch 60
2026-01-09 22:51:54,043 - experiment_chaotic_lorenz_full_chaotic_run_0 - INFO - Train Epoch 61: [0/472 (0.0%)]	Loss: 0.031169
2026-01-09 22:52:02,339 - experiment_chaotic_lorenz_full_chaotic_run_0 - INFO - Epoch 61: Train Loss: 0.0503, Train Acc: 0.9911, Val Loss: 7.6404, Val Acc: 0.0449
2026-01-09 22:52:03,146 - experiment_chaotic_lorenz_full_chaotic_run_0 - INFO - Train Epoch 62: [0/472 (0.0%)]	Loss: 0.029711
2026-01-09 22:52:11,420 - experiment_chaotic_lorenz_full_chaotic_run_0 - INFO - Epoch 62: Train Loss: 0.0487, Train Acc: 0.9844, Val Loss: 9.4154, Val Acc: 0.0449
2026-01-09 22:52:12,222 - experiment_chaotic_lorenz_full_chaotic_run_0 - INFO - Train Epoch 63: [0/472 (0.0%)]	Loss: 0.061278
2026-01-09 22:52:20,520 - experiment_chaotic_lorenz_full_chaotic_run_0 - INFO - Epoch 63: Train Loss: 0.0692, Train Acc: 0.9844, Val Loss: 6.8847, Val Acc: 0.0449
2026-01-09 22:52:21,323 - experiment_chaotic_lorenz_full_chaotic_run_0 - INFO - Train Epoch 64: [0/472 (0.0%)]	Loss: 0.098962
2026-01-09 22:52:29,621 - experiment_chaotic_lorenz_full_chaotic_run_0 - INFO - Epoch 64: Train Loss: 0.0544, Train Acc: 0.9866, Val Loss: 7.4620, Val Acc: 0.1573
2026-01-09 22:52:30,436 - experiment_chaotic_lorenz_full_chaotic_run_0 - INFO - Train Epoch 65: [0/472 (0.0%)]	Loss: 0.020725
2026-01-09 22:52:38,743 - experiment_chaotic_lorenz_full_chaotic_run_0 - INFO - Epoch 65: Train Loss: 0.0493, Train Acc: 0.9888, Val Loss: 0.5362, Val Acc: 0.8652
2026-01-09 22:52:38,829 - experiment_chaotic_lorenz_full_chaotic_run_0 - INFO - Saved new best model at epoch 65
2026-01-09 22:52:39,676 - experiment_chaotic_lorenz_full_chaotic_run_0 - INFO - Train Epoch 66: [0/472 (0.0%)]	Loss: 0.014007
2026-01-09 22:52:48,008 - experiment_chaotic_lorenz_full_chaotic_run_0 - INFO - Epoch 66: Train Loss: 0.0475, Train Acc: 0.9911, Val Loss: 4.3290, Val Acc: 0.3034
2026-01-09 22:52:48,782 - experiment_chaotic_lorenz_full_chaotic_run_0 - INFO - Train Epoch 67: [0/472 (0.0%)]	Loss: 0.205366
2026-01-09 22:52:56,856 - experiment_chaotic_lorenz_full_chaotic_run_0 - INFO - Epoch 67: Train Loss: 0.0487, Train Acc: 0.9888, Val Loss: 9.4167, Val Acc: 0.0449
2026-01-09 22:52:57,635 - experiment_chaotic_lorenz_full_chaotic_run_0 - INFO - Train Epoch 68: [0/472 (0.0%)]	Loss: 0.006271
2026-01-09 22:53:05,854 - experiment_chaotic_lorenz_full_chaotic_run_0 - INFO - Epoch 68: Train Loss: 0.0369, Train Acc: 0.9978, Val Loss: 6.2502, Val Acc: 0.2022
2026-01-09 22:53:06,575 - experiment_chaotic_lorenz_full_chaotic_run_0 - INFO - Train Epoch 69: [0/472 (0.0%)]	Loss: 0.044130
2026-01-09 22:53:14,644 - experiment_chaotic_lorenz_full_chaotic_run_0 - INFO - Epoch 69: Train Loss: 0.0486, Train Acc: 0.9844, Val Loss: 5.7752, Val Acc: 0.1461
2026-01-09 22:53:15,427 - experiment_chaotic_lorenz_full_chaotic_run_0 - INFO - Train Epoch 70: [0/472 (0.0%)]	Loss: 0.016467
2026-01-09 22:53:23,572 - experiment_chaotic_lorenz_full_chaotic_run_0 - INFO - Epoch 70: Train Loss: 0.0363, Train Acc: 0.9911, Val Loss: 8.7098, Val Acc: 0.0674
2026-01-09 22:53:24,468 - experiment_chaotic_lorenz_full_chaotic_run_0 - INFO - Train Epoch 71: [0/472 (0.0%)]	Loss: 0.017856
2026-01-09 22:53:32,484 - experiment_chaotic_lorenz_full_chaotic_run_0 - INFO - Epoch 71: Train Loss: 0.0364, Train Acc: 0.9933, Val Loss: 9.4675, Val Acc: 0.0449
2026-01-09 22:53:33,242 - experiment_chaotic_lorenz_full_chaotic_run_0 - INFO - Train Epoch 72: [0/472 (0.0%)]	Loss: 0.016683
2026-01-09 22:53:41,194 - experiment_chaotic_lorenz_full_chaotic_run_0 - INFO - Epoch 72: Train Loss: 0.0289, Train Acc: 0.9933, Val Loss: 9.6615, Val Acc: 0.0449
2026-01-09 22:53:41,965 - experiment_chaotic_lorenz_full_chaotic_run_0 - INFO - Train Epoch 73: [0/472 (0.0%)]	Loss: 0.008872
2026-01-09 22:53:50,030 - experiment_chaotic_lorenz_full_chaotic_run_0 - INFO - Epoch 73: Train Loss: 0.0184, Train Acc: 1.0000, Val Loss: 6.0476, Val Acc: 0.2022
2026-01-09 22:53:50,783 - experiment_chaotic_lorenz_full_chaotic_run_0 - INFO - Train Epoch 74: [0/472 (0.0%)]	Loss: 0.023237
2026-01-09 22:53:58,722 - experiment_chaotic_lorenz_full_chaotic_run_0 - INFO - Epoch 74: Train Loss: 0.0228, Train Acc: 0.9955, Val Loss: 4.7676, Val Acc: 0.2921
2026-01-09 22:53:59,509 - experiment_chaotic_lorenz_full_chaotic_run_0 - INFO - Train Epoch 75: [0/472 (0.0%)]	Loss: 0.037085
2026-01-09 22:54:07,473 - experiment_chaotic_lorenz_full_chaotic_run_0 - INFO - Epoch 75: Train Loss: 0.0292, Train Acc: 0.9933, Val Loss: 5.2959, Val Acc: 0.2022
2026-01-09 22:54:08,231 - experiment_chaotic_lorenz_full_chaotic_run_0 - INFO - Train Epoch 76: [0/472 (0.0%)]	Loss: 0.017927
2026-01-09 22:54:16,149 - experiment_chaotic_lorenz_full_chaotic_run_0 - INFO - Epoch 76: Train Loss: 0.0354, Train Acc: 0.9978, Val Loss: 0.5440, Val Acc: 0.8652
2026-01-09 22:54:16,925 - experiment_chaotic_lorenz_full_chaotic_run_0 - INFO - Train Epoch 77: [0/472 (0.0%)]	Loss: 0.007615
2026-01-09 22:54:24,866 - experiment_chaotic_lorenz_full_chaotic_run_0 - INFO - Epoch 77: Train Loss: 0.0375, Train Acc: 0.9933, Val Loss: 5.1164, Val Acc: 0.2697
2026-01-09 22:54:25,638 - experiment_chaotic_lorenz_full_chaotic_run_0 - INFO - Train Epoch 78: [0/472 (0.0%)]	Loss: 0.016816
2026-01-09 22:54:33,522 - experiment_chaotic_lorenz_full_chaotic_run_0 - INFO - Epoch 78: Train Loss: 0.0362, Train Acc: 0.9978, Val Loss: 6.3029, Val Acc: 0.1124
2026-01-09 22:54:34,276 - experiment_chaotic_lorenz_full_chaotic_run_0 - INFO - Train Epoch 79: [0/472 (0.0%)]	Loss: 0.008544
2026-01-09 22:54:42,109 - experiment_chaotic_lorenz_full_chaotic_run_0 - INFO - Epoch 79: Train Loss: 0.0346, Train Acc: 0.9933, Val Loss: 0.7195, Val Acc: 0.8090
2026-01-09 22:54:42,782 - experiment_chaotic_lorenz_full_chaotic_run_0 - INFO - Train Epoch 80: [0/472 (0.0%)]	Loss: 0.003786
2026-01-09 22:54:50,765 - experiment_chaotic_lorenz_full_chaotic_run_0 - INFO - Epoch 80: Train Loss: 0.0226, Train Acc: 0.9955, Val Loss: 1.3465, Val Acc: 0.6629
2026-01-09 22:54:51,581 - experiment_chaotic_lorenz_full_chaotic_run_0 - INFO - Train Epoch 81: [0/472 (0.0%)]	Loss: 0.013622
2026-01-09 22:54:59,458 - experiment_chaotic_lorenz_full_chaotic_run_0 - INFO - Epoch 81: Train Loss: 0.0324, Train Acc: 0.9911, Val Loss: 8.3936, Val Acc: 0.1236
2026-01-09 22:55:00,231 - experiment_chaotic_lorenz_full_chaotic_run_0 - INFO - Train Epoch 82: [0/472 (0.0%)]	Loss: 0.023463
2026-01-09 22:55:08,144 - experiment_chaotic_lorenz_full_chaotic_run_0 - INFO - Epoch 82: Train Loss: 0.0184, Train Acc: 0.9978, Val Loss: 0.2798, Val Acc: 0.9213
2026-01-09 22:55:08,228 - experiment_chaotic_lorenz_full_chaotic_run_0 - INFO - Saved new best model at epoch 82
2026-01-09 22:55:09,021 - experiment_chaotic_lorenz_full_chaotic_run_0 - INFO - Train Epoch 83: [0/472 (0.0%)]	Loss: 0.072151
2026-01-09 22:55:16,918 - experiment_chaotic_lorenz_full_chaotic_run_0 - INFO - Epoch 83: Train Loss: 0.0390, Train Acc: 0.9911, Val Loss: 2.0613, Val Acc: 0.4944
2026-01-09 22:55:17,681 - experiment_chaotic_lorenz_full_chaotic_run_0 - INFO - Train Epoch 84: [0/472 (0.0%)]	Loss: 0.007416
2026-01-09 22:55:25,477 - experiment_chaotic_lorenz_full_chaotic_run_0 - INFO - Epoch 84: Train Loss: 0.0205, Train Acc: 0.9978, Val Loss: 0.7922, Val Acc: 0.7865
2026-01-09 22:55:26,237 - experiment_chaotic_lorenz_full_chaotic_run_0 - INFO - Train Epoch 85: [0/472 (0.0%)]	Loss: 0.019066
2026-01-09 22:55:34,068 - experiment_chaotic_lorenz_full_chaotic_run_0 - INFO - Epoch 85: Train Loss: 0.0200, Train Acc: 0.9978, Val Loss: 0.4886, Val Acc: 0.8876
2026-01-09 22:55:34,835 - experiment_chaotic_lorenz_full_chaotic_run_0 - INFO - Train Epoch 86: [0/472 (0.0%)]	Loss: 0.013710
2026-01-09 22:55:42,652 - experiment_chaotic_lorenz_full_chaotic_run_0 - INFO - Epoch 86: Train Loss: 0.0186, Train Acc: 1.0000, Val Loss: 0.8884, Val Acc: 0.7416
2026-01-09 22:55:43,421 - experiment_chaotic_lorenz_full_chaotic_run_0 - INFO - Train Epoch 87: [0/472 (0.0%)]	Loss: 0.017328
2026-01-09 22:55:51,279 - experiment_chaotic_lorenz_full_chaotic_run_0 - INFO - Epoch 87: Train Loss: 0.0149, Train Acc: 0.9978, Val Loss: 1.9685, Val Acc: 0.4944
2026-01-09 22:55:52,057 - experiment_chaotic_lorenz_full_chaotic_run_0 - INFO - Train Epoch 88: [0/472 (0.0%)]	Loss: 0.003909
2026-01-09 22:55:59,917 - experiment_chaotic_lorenz_full_chaotic_run_0 - INFO - Epoch 88: Train Loss: 0.0142, Train Acc: 1.0000, Val Loss: 0.1287, Val Acc: 0.9551
2026-01-09 22:56:00,005 - experiment_chaotic_lorenz_full_chaotic_run_0 - INFO - Saved new best model at epoch 88
2026-01-09 22:56:00,834 - experiment_chaotic_lorenz_full_chaotic_run_0 - INFO - Train Epoch 89: [0/472 (0.0%)]	Loss: 0.062440
2026-01-09 22:56:08,784 - experiment_chaotic_lorenz_full_chaotic_run_0 - INFO - Epoch 89: Train Loss: 0.0283, Train Acc: 0.9955, Val Loss: 0.1218, Val Acc: 0.9663
2026-01-09 22:56:08,868 - experiment_chaotic_lorenz_full_chaotic_run_0 - INFO - Saved new best model at epoch 89
2026-01-09 22:56:09,685 - experiment_chaotic_lorenz_full_chaotic_run_0 - INFO - Train Epoch 90: [0/472 (0.0%)]	Loss: 0.032776
2026-01-09 22:56:17,404 - experiment_chaotic_lorenz_full_chaotic_run_0 - INFO - Epoch 90: Train Loss: 0.0267, Train Acc: 0.9955, Val Loss: 0.1100, Val Acc: 0.9438
2026-01-09 22:56:18,220 - experiment_chaotic_lorenz_full_chaotic_run_0 - INFO - Train Epoch 91: [0/472 (0.0%)]	Loss: 0.003688
2026-01-09 22:56:25,944 - experiment_chaotic_lorenz_full_chaotic_run_0 - INFO - Epoch 91: Train Loss: 0.0206, Train Acc: 1.0000, Val Loss: 0.1230, Val Acc: 0.9551
2026-01-09 22:56:26,645 - experiment_chaotic_lorenz_full_chaotic_run_0 - INFO - Train Epoch 92: [0/472 (0.0%)]	Loss: 0.014728
2026-01-09 22:56:34,388 - experiment_chaotic_lorenz_full_chaotic_run_0 - INFO - Epoch 92: Train Loss: 0.0173, Train Acc: 1.0000, Val Loss: 0.1636, Val Acc: 0.9438
2026-01-09 22:56:35,096 - experiment_chaotic_lorenz_full_chaotic_run_0 - INFO - Train Epoch 93: [0/472 (0.0%)]	Loss: 0.007061
2026-01-09 22:56:42,972 - experiment_chaotic_lorenz_full_chaotic_run_0 - INFO - Epoch 93: Train Loss: 0.0229, Train Acc: 0.9955, Val Loss: 0.1425, Val Acc: 0.9663
2026-01-09 22:56:43,637 - experiment_chaotic_lorenz_full_chaotic_run_0 - INFO - Train Epoch 94: [0/472 (0.0%)]	Loss: 0.115318
2026-01-09 22:56:51,481 - experiment_chaotic_lorenz_full_chaotic_run_0 - INFO - Epoch 94: Train Loss: 0.0241, Train Acc: 0.9955, Val Loss: 0.1278, Val Acc: 0.9551
2026-01-09 22:56:52,167 - experiment_chaotic_lorenz_full_chaotic_run_0 - INFO - Train Epoch 95: [0/472 (0.0%)]	Loss: 0.007293
2026-01-09 22:56:59,920 - experiment_chaotic_lorenz_full_chaotic_run_0 - INFO - Epoch 95: Train Loss: 0.0376, Train Acc: 0.9933, Val Loss: 0.1258, Val Acc: 0.9551
2026-01-09 22:57:00,626 - experiment_chaotic_lorenz_full_chaotic_run_0 - INFO - Train Epoch 96: [0/472 (0.0%)]	Loss: 0.002521
2026-01-09 22:57:08,544 - experiment_chaotic_lorenz_full_chaotic_run_0 - INFO - Epoch 96: Train Loss: 0.0111, Train Acc: 1.0000, Val Loss: 0.1341, Val Acc: 0.9551
2026-01-09 22:57:09,303 - experiment_chaotic_lorenz_full_chaotic_run_0 - INFO - Train Epoch 97: [0/472 (0.0%)]	Loss: 0.009189
2026-01-09 22:57:17,135 - experiment_chaotic_lorenz_full_chaotic_run_0 - INFO - Epoch 97: Train Loss: 0.0257, Train Acc: 0.9978, Val Loss: 0.1475, Val Acc: 0.9551
2026-01-09 22:57:17,905 - experiment_chaotic_lorenz_full_chaotic_run_0 - INFO - Train Epoch 98: [0/472 (0.0%)]	Loss: 0.011993
2026-01-09 22:57:25,735 - experiment_chaotic_lorenz_full_chaotic_run_0 - INFO - Epoch 98: Train Loss: 0.0139, Train Acc: 0.9978, Val Loss: 0.1273, Val Acc: 0.9551
2026-01-09 22:57:26,490 - experiment_chaotic_lorenz_full_chaotic_run_0 - INFO - Train Epoch 99: [0/472 (0.0%)]	Loss: 0.023304
2026-01-09 22:57:34,336 - experiment_chaotic_lorenz_full_chaotic_run_0 - INFO - Epoch 99: Train Loss: 0.0260, Train Acc: 0.9955, Val Loss: 0.1317, Val Acc: 0.9551
2026-01-09 22:57:34,342 - experiment_chaotic_lorenz_full_chaotic_run_0 - INFO - Running final test evaluation...
2026-01-09 22:57:35,514 - experiment_chaotic_lorenz_full_chaotic_run_0 - INFO - Test Results:
2026-01-09 22:57:35,514 - experiment_chaotic_lorenz_full_chaotic_run_0 - INFO -   loss: 0.1390
2026-01-09 22:57:35,514 - experiment_chaotic_lorenz_full_chaotic_run_0 - INFO -   accuracy: 0.9661
2026-01-09 22:57:35,514 - experiment_chaotic_lorenz_full_chaotic_run_0 - INFO -   avg_confidence: 0.9422
2026-01-09 22:57:35,514 - experiment_chaotic_lorenz_full_chaotic_run_0 - INFO -   embedding_diversity: 0.5127
2026-01-09 22:57:35,514 - experiment_chaotic_lorenz_full_chaotic_run_0 - INFO -   embedding_norm_mean: 1.0000
2026-01-09 22:57:35,514 - experiment_chaotic_lorenz_full_chaotic_run_0 - INFO -   embedding_norm_std: 0.0000
2026-01-09 22:57:35,516 - experiment_chaotic_lorenz_full_chaotic_run_0 - INFO - Training completed
2026-01-09 22:57:36,562 - experiment_chaotic_lorenz_full_chaotic_run_0 - INFO - Running comprehensive chaotic network analysis...
2026-01-09 22:57:36,562 - experiment_chaotic_lorenz_full_chaotic_run_0 - INFO - Analyzing chaotic features and dynamics...
2026-01-09 22:57:37,674 - experiment_chaotic_lorenz_full_chaotic_run_0 - INFO - Chaotic analysis completed
2026-01-09 22:57:37,676 - experiment_chaotic_lorenz_full_chaotic_run_0 - INFO - Creating chaotic dynamics visualizations...
2026-01-09 22:57:40,369 - experiment_chaotic_lorenz_full_chaotic_run_0 - WARNING - Embedding plotting failed: boolean index did not match indexed array along dimension 0; dimension is 8 but corresponding boolean dimension is 32
2026-01-09 22:57:40,376 - experiment_chaotic_lorenz_full_chaotic_run_0 - INFO - Chaotic network analysis completed
2026-01-10 10:02:53,780 - experiment_chaotic_lorenz_full_chaotic_run_0 - INFO - Initialized experiment: chaotic_lorenz_full_chaotic_run_0
2026-01-10 10:02:53,788 - experiment_chaotic_lorenz_full_chaotic_run_0 - INFO - Device: cuda
2026-01-10 10:02:53,788 - experiment_chaotic_lorenz_full_chaotic_run_0 - INFO - Output directory: /scratch/project_2003370/yueyao/Model/experiments/configs/sync_experiments/B1/experiments/chaotic_lorenz_full_chaotic_run_0
2026-01-10 10:02:53,788 - experiment_chaotic_lorenz_full_chaotic_run_0 - INFO - [SYNC LOSS] Enabled with mode: standard
2026-01-10 10:02:53,788 - experiment_chaotic_lorenz_full_chaotic_run_0 - INFO - Initialized chaotic network experiment with lorenz system
2026-01-10 10:02:53,788 - experiment_chaotic_lorenz_full_chaotic_run_0 - INFO - Setting up experiment components...
2026-01-10 10:02:53,788 - experiment_chaotic_lorenz_full_chaotic_run_0 - INFO - Creating dataloaders...
2026-01-10 10:03:11,845 - experiment_chaotic_lorenz_full_chaotic_run_0 - INFO - Detected 26 speakers in dataset
2026-01-10 10:03:11,846 - experiment_chaotic_lorenz_full_chaotic_run_0 - INFO - Dataloaders created:
2026-01-10 10:03:11,846 - experiment_chaotic_lorenz_full_chaotic_run_0 - INFO -   Train: 14 batches
2026-01-10 10:03:11,846 - experiment_chaotic_lorenz_full_chaotic_run_0 - INFO -   Val: 3 batches
2026-01-10 10:03:11,846 - experiment_chaotic_lorenz_full_chaotic_run_0 - INFO -   Test: 4 batches
2026-01-10 10:03:11,846 - experiment_chaotic_lorenz_full_chaotic_run_0 - INFO - Creating model...
2026-01-10 10:03:11,846 - experiment_chaotic_lorenz_full_chaotic_run_0 - INFO - Using actual num_speakers from dataset: 26
2026-01-10 10:03:11,846 - experiment_chaotic_lorenz_full_chaotic_run_0 - INFO - [BIFURCATION] use_bifurcation_control=False
2026-01-10 10:03:50,803 - experiment_chaotic_lorenz_full_chaotic_run_0 - INFO - Total parameters: 458,181
2026-01-10 10:03:50,803 - experiment_chaotic_lorenz_full_chaotic_run_0 - INFO - Trainable parameters: 458,181
2026-01-10 10:03:50,803 - experiment_chaotic_lorenz_full_chaotic_run_0 - INFO - Creating optimizer...
2026-01-10 10:03:53,793 - experiment_chaotic_lorenz_full_chaotic_run_0 - INFO - Optimizer: AdamW
2026-01-10 10:03:53,793 - experiment_chaotic_lorenz_full_chaotic_run_0 - INFO - Creating scheduler...
2026-01-10 10:03:53,793 - experiment_chaotic_lorenz_full_chaotic_run_0 - INFO - Scheduler: CosineAnnealingLR
2026-01-10 10:03:53,794 - experiment_chaotic_lorenz_full_chaotic_run_0 - INFO - Creating criterion...
2026-01-10 10:03:53,794 - experiment_chaotic_lorenz_full_chaotic_run_0 - INFO - Criterion: CrossEntropyLoss
2026-01-10 10:03:53,842 - experiment_chaotic_lorenz_full_chaotic_run_0 - INFO - Configuration saved to: /scratch/project_2003370/yueyao/Model/experiments/configs/sync_experiments/B1/experiments/chaotic_lorenz_full_chaotic_run_0/config.json
2026-01-10 10:03:53,842 - experiment_chaotic_lorenz_full_chaotic_run_0 - INFO - Experiment setup completed
2026-01-10 10:03:53,843 - experiment_chaotic_lorenz_full_chaotic_run_0 - INFO - Starting training for 100 epochs
2026-01-10 10:03:54,584 - experiment_chaotic_lorenz_full_chaotic_run_0 - INFO - 
================================================================================
2026-01-10 10:03:54,584 - experiment_chaotic_lorenz_full_chaotic_run_0 - INFO - COMPREHENSIVE DEBUG - FIRST BATCH
2026-01-10 10:03:54,584 - experiment_chaotic_lorenz_full_chaotic_run_0 - INFO - ================================================================================
2026-01-10 10:03:54,584 - experiment_chaotic_lorenz_full_chaotic_run_0 - INFO - Batch Info:
2026-01-10 10:03:54,584 - experiment_chaotic_lorenz_full_chaotic_run_0 - INFO -   Audio shape: torch.Size([32, 48000])
2026-01-10 10:03:54,584 - experiment_chaotic_lorenz_full_chaotic_run_0 - INFO -   Targets shape: torch.Size([32])
2026-01-10 10:03:54,590 - experiment_chaotic_lorenz_full_chaotic_run_0 - INFO -   Targets (first 8): tensor([19, 24, 16, 12, 16, 10,  8,  2], device='cuda:0')
2026-01-10 10:03:58,201 - experiment_chaotic_lorenz_full_chaotic_run_0 - INFO - ================================================================================

2026-01-10 10:03:58,202 - experiment_chaotic_lorenz_full_chaotic_run_0 - INFO - [ADVERSARIAL] Initialized AdversarialChaoticAugmentation
2026-01-10 10:03:58,499 - experiment_chaotic_lorenz_full_chaotic_run_0 - INFO - [STABILITY] Initialized LyapunovStabilityLoss
2026-01-10 10:04:00,377 - experiment_chaotic_lorenz_full_chaotic_run_0 - INFO - Train Epoch 0: [0/472 (0.0%)]	Loss: 5.298555
2026-01-10 10:04:12,536 - experiment_chaotic_lorenz_full_chaotic_run_0 - INFO - [ADVERSARIAL] Warmup: epoch 1/5
2026-01-10 10:04:13,467 - experiment_chaotic_lorenz_full_chaotic_run_0 - INFO - Epoch 0: Train Loss: 4.6693, Train Acc: 0.0357, Val Loss: 4.0865, Val Acc: 0.0449
2026-01-10 10:04:13,549 - experiment_chaotic_lorenz_full_chaotic_run_0 - INFO - Saved new best model at epoch 0
2026-01-10 10:04:14,712 - experiment_chaotic_lorenz_full_chaotic_run_0 - INFO - Train Epoch 1: [0/472 (0.0%)]	Loss: 3.570796
2026-01-10 10:04:25,021 - experiment_chaotic_lorenz_full_chaotic_run_0 - INFO - [ADVERSARIAL] Warmup: epoch 2/5
2026-01-10 10:04:26,119 - experiment_chaotic_lorenz_full_chaotic_run_0 - INFO - Epoch 1: Train Loss: 3.7191, Train Acc: 0.1406, Val Loss: 3.9281, Val Acc: 0.0449
2026-01-10 10:04:27,260 - experiment_chaotic_lorenz_full_chaotic_run_0 - INFO - Train Epoch 2: [0/472 (0.0%)]	Loss: 2.835819
2026-01-10 10:04:37,925 - experiment_chaotic_lorenz_full_chaotic_run_0 - INFO - [ADVERSARIAL] Warmup: epoch 3/5
2026-01-10 10:04:39,084 - experiment_chaotic_lorenz_full_chaotic_run_0 - INFO - Epoch 2: Train Loss: 2.8981, Train Acc: 0.2388, Val Loss: 3.7745, Val Acc: 0.0787
2026-01-10 10:04:39,170 - experiment_chaotic_lorenz_full_chaotic_run_0 - INFO - Saved new best model at epoch 2
2026-01-10 10:04:40,308 - experiment_chaotic_lorenz_full_chaotic_run_0 - INFO - Train Epoch 3: [0/472 (0.0%)]	Loss: 2.447134
2026-01-10 10:04:53,119 - experiment_chaotic_lorenz_full_chaotic_run_0 - INFO - [ADVERSARIAL] Warmup: epoch 4/5
2026-01-10 10:04:54,255 - experiment_chaotic_lorenz_full_chaotic_run_0 - INFO - Epoch 3: Train Loss: 2.2363, Train Acc: 0.3571, Val Loss: 4.5061, Val Acc: 0.0787
2026-01-10 10:04:55,361 - experiment_chaotic_lorenz_full_chaotic_run_0 - INFO - Train Epoch 4: [0/472 (0.0%)]	Loss: 1.827148
2026-01-10 10:05:07,952 - experiment_chaotic_lorenz_full_chaotic_run_0 - INFO - [ADVERSARIAL] Warmup: epoch 5/5
2026-01-10 10:05:09,097 - experiment_chaotic_lorenz_full_chaotic_run_0 - INFO - Epoch 4: Train Loss: 1.7568, Train Acc: 0.4732, Val Loss: 4.3775, Val Acc: 0.0899
2026-01-10 10:05:09,180 - experiment_chaotic_lorenz_full_chaotic_run_0 - INFO - Saved new best model at epoch 4
2026-01-10 10:05:10,063 - experiment_chaotic_lorenz_full_chaotic_run_0 - INFO - Train Epoch 5: [0/472 (0.0%)]	Loss: 1.833127
2026-01-10 10:05:17,847 - experiment_chaotic_lorenz_full_chaotic_run_0 - INFO - [ADVERSARIAL] Warmup complete, adversarial training activated!
2026-01-10 10:05:19,036 - experiment_chaotic_lorenz_full_chaotic_run_0 - INFO - Epoch 5: Train Loss: 1.8849, Train Acc: 0.5469, Val Loss: 5.3069, Val Acc: 0.0449
2026-01-10 10:05:19,757 - experiment_chaotic_lorenz_full_chaotic_run_0 - INFO - Train Epoch 6: [0/472 (0.0%)]	Loss: 1.276720
2026-01-10 10:05:28,487 - experiment_chaotic_lorenz_full_chaotic_run_0 - INFO - Epoch 6: Train Loss: 1.6045, Train Acc: 0.6362, Val Loss: 5.7428, Val Acc: 0.0899
2026-01-10 10:05:29,172 - experiment_chaotic_lorenz_full_chaotic_run_0 - INFO - Train Epoch 7: [0/472 (0.0%)]	Loss: 1.579691
2026-01-10 10:05:38,093 - experiment_chaotic_lorenz_full_chaotic_run_0 - INFO - Epoch 7: Train Loss: 1.3975, Train Acc: 0.6719, Val Loss: 4.9697, Val Acc: 0.0449
2026-01-10 10:05:38,884 - experiment_chaotic_lorenz_full_chaotic_run_0 - INFO - Train Epoch 8: [0/472 (0.0%)]	Loss: 1.069323
2026-01-10 10:05:47,705 - experiment_chaotic_lorenz_full_chaotic_run_0 - INFO - Epoch 8: Train Loss: 1.2623, Train Acc: 0.7121, Val Loss: 4.4917, Val Acc: 0.1573
2026-01-10 10:05:47,785 - experiment_chaotic_lorenz_full_chaotic_run_0 - INFO - Saved new best model at epoch 8
2026-01-10 10:05:48,799 - experiment_chaotic_lorenz_full_chaotic_run_0 - INFO - Train Epoch 9: [0/472 (0.0%)]	Loss: 1.076979
2026-01-10 10:05:58,792 - experiment_chaotic_lorenz_full_chaotic_run_0 - INFO - Epoch 9: Train Loss: 0.8694, Train Acc: 0.7902, Val Loss: 3.8603, Val Acc: 0.1124
2026-01-10 10:05:59,498 - experiment_chaotic_lorenz_full_chaotic_run_0 - INFO - Train Epoch 10: [0/472 (0.0%)]	Loss: 0.511837
2026-01-10 10:06:07,180 - experiment_chaotic_lorenz_full_chaotic_run_0 - INFO - Epoch 10: Train Loss: 0.7871, Train Acc: 0.8080, Val Loss: 3.5489, Val Acc: 0.1124
2026-01-10 10:06:07,989 - experiment_chaotic_lorenz_full_chaotic_run_0 - INFO - Train Epoch 11: [0/472 (0.0%)]	Loss: 0.508248
2026-01-10 10:06:16,917 - experiment_chaotic_lorenz_full_chaotic_run_0 - INFO - Epoch 11: Train Loss: 0.7509, Train Acc: 0.8326, Val Loss: 6.0784, Val Acc: 0.1124
2026-01-10 10:06:17,769 - experiment_chaotic_lorenz_full_chaotic_run_0 - INFO - Train Epoch 12: [0/472 (0.0%)]	Loss: 0.505071
2026-01-10 10:06:27,691 - experiment_chaotic_lorenz_full_chaotic_run_0 - INFO - Epoch 12: Train Loss: 0.6099, Train Acc: 0.8393, Val Loss: 5.4059, Val Acc: 0.0674
2026-01-10 10:06:28,359 - experiment_chaotic_lorenz_full_chaotic_run_0 - INFO - Train Epoch 13: [0/472 (0.0%)]	Loss: 0.506804
2026-01-10 10:06:36,621 - experiment_chaotic_lorenz_full_chaotic_run_0 - INFO - Epoch 13: Train Loss: 0.5351, Train Acc: 0.8728, Val Loss: 3.8842, Val Acc: 0.0899
2026-01-10 10:06:37,302 - experiment_chaotic_lorenz_full_chaotic_run_0 - INFO - Train Epoch 14: [0/472 (0.0%)]	Loss: 0.440676
2026-01-10 10:06:46,120 - experiment_chaotic_lorenz_full_chaotic_run_0 - INFO - Epoch 14: Train Loss: 0.5056, Train Acc: 0.8795, Val Loss: 5.4392, Val Acc: 0.1236
2026-01-10 10:06:46,805 - experiment_chaotic_lorenz_full_chaotic_run_0 - INFO - Train Epoch 15: [0/472 (0.0%)]	Loss: 0.228801
2026-01-10 10:06:54,274 - experiment_chaotic_lorenz_full_chaotic_run_0 - INFO - Epoch 15: Train Loss: 0.4511, Train Acc: 0.9196, Val Loss: 4.1919, Val Acc: 0.1461
2026-01-10 10:06:54,961 - experiment_chaotic_lorenz_full_chaotic_run_0 - INFO - Train Epoch 16: [0/472 (0.0%)]	Loss: 0.574042
2026-01-10 10:07:03,659 - experiment_chaotic_lorenz_full_chaotic_run_0 - INFO - Epoch 16: Train Loss: 0.3886, Train Acc: 0.9085, Val Loss: 3.0657, Val Acc: 0.2247
2026-01-10 10:07:03,748 - experiment_chaotic_lorenz_full_chaotic_run_0 - INFO - Saved new best model at epoch 16
2026-01-10 10:07:04,477 - experiment_chaotic_lorenz_full_chaotic_run_0 - INFO - Train Epoch 17: [0/472 (0.0%)]	Loss: 0.235042
2026-01-10 10:07:13,064 - experiment_chaotic_lorenz_full_chaotic_run_0 - INFO - Epoch 17: Train Loss: 0.4160, Train Acc: 0.9174, Val Loss: 4.4470, Val Acc: 0.2135
2026-01-10 10:07:13,748 - experiment_chaotic_lorenz_full_chaotic_run_0 - INFO - Train Epoch 18: [0/472 (0.0%)]	Loss: 0.281386
2026-01-10 10:07:22,542 - experiment_chaotic_lorenz_full_chaotic_run_0 - INFO - Epoch 18: Train Loss: 0.2823, Train Acc: 0.9420, Val Loss: 5.0292, Val Acc: 0.1685
2026-01-10 10:07:23,234 - experiment_chaotic_lorenz_full_chaotic_run_0 - INFO - Train Epoch 19: [0/472 (0.0%)]	Loss: 0.310893
2026-01-10 10:07:30,911 - experiment_chaotic_lorenz_full_chaotic_run_0 - INFO - Epoch 19: Train Loss: 0.3132, Train Acc: 0.9219, Val Loss: 4.4476, Val Acc: 0.2247
2026-01-10 10:07:31,644 - experiment_chaotic_lorenz_full_chaotic_run_0 - INFO - Train Epoch 20: [0/472 (0.0%)]	Loss: 0.277849
2026-01-10 10:07:40,654 - experiment_chaotic_lorenz_full_chaotic_run_0 - INFO - Epoch 20: Train Loss: 0.2946, Train Acc: 0.9487, Val Loss: 4.6539, Val Acc: 0.1124
2026-01-10 10:07:41,491 - experiment_chaotic_lorenz_full_chaotic_run_0 - INFO - Train Epoch 21: [0/472 (0.0%)]	Loss: 0.409146
2026-01-10 10:07:50,108 - experiment_chaotic_lorenz_full_chaotic_run_0 - INFO - Epoch 21: Train Loss: 0.3565, Train Acc: 0.9174, Val Loss: 4.1094, Val Acc: 0.1573
2026-01-10 10:07:50,924 - experiment_chaotic_lorenz_full_chaotic_run_0 - INFO - Train Epoch 22: [0/472 (0.0%)]	Loss: 0.122478
2026-01-10 10:07:59,879 - experiment_chaotic_lorenz_full_chaotic_run_0 - INFO - Epoch 22: Train Loss: 0.2345, Train Acc: 0.9487, Val Loss: 5.3261, Val Acc: 0.1348
2026-01-10 10:08:00,810 - experiment_chaotic_lorenz_full_chaotic_run_0 - INFO - Train Epoch 23: [0/472 (0.0%)]	Loss: 0.568689
2026-01-10 10:08:08,789 - experiment_chaotic_lorenz_full_chaotic_run_0 - INFO - Epoch 23: Train Loss: 0.2353, Train Acc: 0.9531, Val Loss: 5.7205, Val Acc: 0.1685
2026-01-10 10:08:09,717 - experiment_chaotic_lorenz_full_chaotic_run_0 - INFO - Train Epoch 24: [0/472 (0.0%)]	Loss: 0.276743
2026-01-10 10:08:18,687 - experiment_chaotic_lorenz_full_chaotic_run_0 - INFO - Epoch 24: Train Loss: 0.2099, Train Acc: 0.9487, Val Loss: 5.1117, Val Acc: 0.1910
2026-01-10 10:08:19,297 - experiment_chaotic_lorenz_full_chaotic_run_0 - INFO - Train Epoch 25: [0/472 (0.0%)]	Loss: 0.218904
2026-01-10 10:08:26,882 - experiment_chaotic_lorenz_full_chaotic_run_0 - INFO - Epoch 25: Train Loss: 0.1738, Train Acc: 0.9688, Val Loss: 5.1492, Val Acc: 0.1461
2026-01-10 10:08:27,586 - experiment_chaotic_lorenz_full_chaotic_run_0 - INFO - Train Epoch 26: [0/472 (0.0%)]	Loss: 0.088629
2026-01-10 10:08:35,288 - experiment_chaotic_lorenz_full_chaotic_run_0 - INFO - Epoch 26: Train Loss: 0.2051, Train Acc: 0.9509, Val Loss: 5.0231, Val Acc: 0.1910
2026-01-10 10:08:36,021 - experiment_chaotic_lorenz_full_chaotic_run_0 - INFO - Train Epoch 27: [0/472 (0.0%)]	Loss: 0.107816
2026-01-10 10:08:43,679 - experiment_chaotic_lorenz_full_chaotic_run_0 - INFO - Epoch 27: Train Loss: 0.1614, Train Acc: 0.9665, Val Loss: 4.7050, Val Acc: 0.2921
2026-01-10 10:08:43,768 - experiment_chaotic_lorenz_full_chaotic_run_0 - INFO - Saved new best model at epoch 27
2026-01-10 10:08:44,472 - experiment_chaotic_lorenz_full_chaotic_run_0 - INFO - Train Epoch 28: [0/472 (0.0%)]	Loss: 0.124175
2026-01-10 10:08:53,250 - experiment_chaotic_lorenz_full_chaotic_run_0 - INFO - Epoch 28: Train Loss: 0.1940, Train Acc: 0.9509, Val Loss: 5.6179, Val Acc: 0.1573
2026-01-10 10:08:54,001 - experiment_chaotic_lorenz_full_chaotic_run_0 - INFO - Train Epoch 29: [0/472 (0.0%)]	Loss: 0.120814
2026-01-10 10:09:01,670 - experiment_chaotic_lorenz_full_chaotic_run_0 - INFO - Epoch 29: Train Loss: 0.1819, Train Acc: 0.9576, Val Loss: 5.3094, Val Acc: 0.1236
2026-01-10 10:09:02,370 - experiment_chaotic_lorenz_full_chaotic_run_0 - INFO - Train Epoch 30: [0/472 (0.0%)]	Loss: 0.049332
2026-01-10 10:09:09,997 - experiment_chaotic_lorenz_full_chaotic_run_0 - INFO - Epoch 30: Train Loss: 0.1467, Train Acc: 0.9732, Val Loss: 7.3596, Val Acc: 0.0674
2026-01-10 10:09:10,768 - experiment_chaotic_lorenz_full_chaotic_run_0 - INFO - Train Epoch 31: [0/472 (0.0%)]	Loss: 0.093563
2026-01-10 10:09:18,410 - experiment_chaotic_lorenz_full_chaotic_run_0 - INFO - Epoch 31: Train Loss: 0.1244, Train Acc: 0.9754, Val Loss: 1.8464, Val Acc: 0.4944
2026-01-10 10:09:18,498 - experiment_chaotic_lorenz_full_chaotic_run_0 - INFO - Saved new best model at epoch 31
2026-01-10 10:09:19,180 - experiment_chaotic_lorenz_full_chaotic_run_0 - INFO - Train Epoch 32: [0/472 (0.0%)]	Loss: 0.055472
2026-01-10 10:09:26,940 - experiment_chaotic_lorenz_full_chaotic_run_0 - INFO - Epoch 32: Train Loss: 0.1407, Train Acc: 0.9598, Val Loss: 4.4341, Val Acc: 0.3258
2026-01-10 10:09:27,608 - experiment_chaotic_lorenz_full_chaotic_run_0 - INFO - Train Epoch 33: [0/472 (0.0%)]	Loss: 0.239612
2026-01-10 10:09:36,587 - experiment_chaotic_lorenz_full_chaotic_run_0 - INFO - Epoch 33: Train Loss: 0.1577, Train Acc: 0.9643, Val Loss: 6.7119, Val Acc: 0.0899
2026-01-10 10:09:37,292 - experiment_chaotic_lorenz_full_chaotic_run_0 - INFO - Train Epoch 34: [0/472 (0.0%)]	Loss: 0.104283
2026-01-10 10:09:45,799 - experiment_chaotic_lorenz_full_chaotic_run_0 - INFO - Epoch 34: Train Loss: 0.0949, Train Acc: 0.9844, Val Loss: 2.7757, Val Acc: 0.4607
2026-01-10 10:09:46,476 - experiment_chaotic_lorenz_full_chaotic_run_0 - INFO - Train Epoch 35: [0/472 (0.0%)]	Loss: 0.070225
2026-01-10 10:09:55,291 - experiment_chaotic_lorenz_full_chaotic_run_0 - INFO - Epoch 35: Train Loss: 0.1161, Train Acc: 0.9866, Val Loss: 8.2510, Val Acc: 0.0899
2026-01-10 10:09:56,105 - experiment_chaotic_lorenz_full_chaotic_run_0 - INFO - Train Epoch 36: [0/472 (0.0%)]	Loss: 0.126565
2026-01-10 10:10:06,185 - experiment_chaotic_lorenz_full_chaotic_run_0 - INFO - Epoch 36: Train Loss: 0.1019, Train Acc: 0.9799, Val Loss: 8.4555, Val Acc: 0.0899
2026-01-10 10:10:07,062 - experiment_chaotic_lorenz_full_chaotic_run_0 - INFO - Train Epoch 37: [0/472 (0.0%)]	Loss: 0.105450
2026-01-10 10:10:17,124 - experiment_chaotic_lorenz_full_chaotic_run_0 - INFO - Epoch 37: Train Loss: 0.1169, Train Acc: 0.9777, Val Loss: 9.0949, Val Acc: 0.0449
2026-01-10 10:10:17,993 - experiment_chaotic_lorenz_full_chaotic_run_0 - INFO - Train Epoch 38: [0/472 (0.0%)]	Loss: 0.087234
2026-01-10 10:10:27,929 - experiment_chaotic_lorenz_full_chaotic_run_0 - INFO - Epoch 38: Train Loss: 0.1077, Train Acc: 0.9777, Val Loss: 7.9931, Val Acc: 0.0674
2026-01-10 10:10:28,701 - experiment_chaotic_lorenz_full_chaotic_run_0 - INFO - Train Epoch 39: [0/472 (0.0%)]	Loss: 0.107481
2026-01-10 10:10:37,607 - experiment_chaotic_lorenz_full_chaotic_run_0 - INFO - Epoch 39: Train Loss: 0.1320, Train Acc: 0.9665, Val Loss: 8.5296, Val Acc: 0.0449
2026-01-10 10:10:38,313 - experiment_chaotic_lorenz_full_chaotic_run_0 - INFO - Train Epoch 40: [0/472 (0.0%)]	Loss: 0.029931
2026-01-10 10:10:46,145 - experiment_chaotic_lorenz_full_chaotic_run_0 - INFO - Epoch 40: Train Loss: 0.1037, Train Acc: 0.9754, Val Loss: 4.9917, Val Acc: 0.2247
2026-01-10 10:10:46,974 - experiment_chaotic_lorenz_full_chaotic_run_0 - INFO - Train Epoch 41: [0/472 (0.0%)]	Loss: 0.052261
2026-01-10 10:10:54,858 - experiment_chaotic_lorenz_full_chaotic_run_0 - INFO - Epoch 41: Train Loss: 0.0865, Train Acc: 0.9844, Val Loss: 6.5179, Val Acc: 0.0899
2026-01-10 10:10:55,726 - experiment_chaotic_lorenz_full_chaotic_run_0 - INFO - Train Epoch 42: [0/472 (0.0%)]	Loss: 0.116475
2026-01-10 10:11:05,192 - experiment_chaotic_lorenz_full_chaotic_run_0 - INFO - Epoch 42: Train Loss: 0.0830, Train Acc: 0.9821, Val Loss: 5.0929, Val Acc: 0.1798
2026-01-10 10:11:06,074 - experiment_chaotic_lorenz_full_chaotic_run_0 - INFO - Train Epoch 43: [0/472 (0.0%)]	Loss: 0.032686
2026-01-10 10:11:16,296 - experiment_chaotic_lorenz_full_chaotic_run_0 - INFO - Epoch 43: Train Loss: 0.0717, Train Acc: 0.9911, Val Loss: 7.0453, Val Acc: 0.1348
2026-01-10 10:11:17,204 - experiment_chaotic_lorenz_full_chaotic_run_0 - INFO - Train Epoch 44: [0/472 (0.0%)]	Loss: 0.073668
2026-01-10 10:11:27,422 - experiment_chaotic_lorenz_full_chaotic_run_0 - INFO - Epoch 44: Train Loss: 0.1053, Train Acc: 0.9777, Val Loss: 7.2690, Val Acc: 0.1011
2026-01-10 10:11:28,381 - experiment_chaotic_lorenz_full_chaotic_run_0 - INFO - Train Epoch 45: [0/472 (0.0%)]	Loss: 0.027283
2026-01-10 10:11:38,587 - experiment_chaotic_lorenz_full_chaotic_run_0 - INFO - Epoch 45: Train Loss: 0.0672, Train Acc: 0.9866, Val Loss: 5.8481, Val Acc: 0.2022
2026-01-10 10:11:39,489 - experiment_chaotic_lorenz_full_chaotic_run_0 - INFO - Train Epoch 46: [0/472 (0.0%)]	Loss: 0.038261
2026-01-10 10:11:49,759 - experiment_chaotic_lorenz_full_chaotic_run_0 - INFO - Epoch 46: Train Loss: 0.0632, Train Acc: 0.9844, Val Loss: 1.7568, Val Acc: 0.6180
2026-01-10 10:11:49,842 - experiment_chaotic_lorenz_full_chaotic_run_0 - INFO - Saved new best model at epoch 46
2026-01-10 10:11:50,736 - experiment_chaotic_lorenz_full_chaotic_run_0 - INFO - Train Epoch 47: [0/472 (0.0%)]	Loss: 0.025284
2026-01-10 10:11:59,870 - experiment_chaotic_lorenz_full_chaotic_run_0 - INFO - Epoch 47: Train Loss: 0.0861, Train Acc: 0.9821, Val Loss: 7.7661, Val Acc: 0.0787
2026-01-10 10:12:00,533 - experiment_chaotic_lorenz_full_chaotic_run_0 - INFO - Train Epoch 48: [0/472 (0.0%)]	Loss: 0.018170
2026-01-10 10:12:08,318 - experiment_chaotic_lorenz_full_chaotic_run_0 - INFO - Epoch 48: Train Loss: 0.0749, Train Acc: 0.9866, Val Loss: 6.9638, Val Acc: 0.1573
2026-01-10 10:12:08,904 - experiment_chaotic_lorenz_full_chaotic_run_0 - INFO - Train Epoch 49: [0/472 (0.0%)]	Loss: 0.021817
2026-01-10 10:12:16,693 - experiment_chaotic_lorenz_full_chaotic_run_0 - INFO - Epoch 49: Train Loss: 0.0365, Train Acc: 0.9955, Val Loss: 5.6887, Val Acc: 0.1798
2026-01-10 10:12:17,338 - experiment_chaotic_lorenz_full_chaotic_run_0 - INFO - Train Epoch 50: [0/472 (0.0%)]	Loss: 0.513726
2026-01-10 10:12:25,281 - experiment_chaotic_lorenz_full_chaotic_run_0 - INFO - Epoch 50: Train Loss: 0.5485, Train Acc: 0.9911, Val Loss: 4.8389, Val Acc: 0.2697
2026-01-10 10:12:26,309 - experiment_chaotic_lorenz_full_chaotic_run_0 - INFO - Train Epoch 51: [0/472 (0.0%)]	Loss: 0.703000
2026-01-10 10:12:36,613 - experiment_chaotic_lorenz_full_chaotic_run_0 - INFO - Epoch 51: Train Loss: 0.5638, Train Acc: 0.9888, Val Loss: 5.7242, Val Acc: 0.2135
2026-01-10 10:12:37,510 - experiment_chaotic_lorenz_full_chaotic_run_0 - INFO - Train Epoch 52: [0/472 (0.0%)]	Loss: 0.508410
2026-01-10 10:12:47,812 - experiment_chaotic_lorenz_full_chaotic_run_0 - INFO - Epoch 52: Train Loss: 0.5335, Train Acc: 0.9933, Val Loss: 8.6391, Val Acc: 0.0899
2026-01-10 10:12:48,554 - experiment_chaotic_lorenz_full_chaotic_run_0 - INFO - Train Epoch 53: [0/472 (0.0%)]	Loss: 0.491092
2026-01-10 10:12:57,534 - experiment_chaotic_lorenz_full_chaotic_run_0 - INFO - Epoch 53: Train Loss: 0.5429, Train Acc: 0.9888, Val Loss: 6.3563, Val Acc: 0.2022
2026-01-10 10:12:58,148 - experiment_chaotic_lorenz_full_chaotic_run_0 - INFO - Train Epoch 54: [0/472 (0.0%)]	Loss: 0.508750
2026-01-10 10:13:06,589 - experiment_chaotic_lorenz_full_chaotic_run_0 - INFO - Epoch 54: Train Loss: 0.5269, Train Acc: 0.9911, Val Loss: 7.1530, Val Acc: 0.1798
2026-01-10 10:13:07,339 - experiment_chaotic_lorenz_full_chaotic_run_0 - INFO - Train Epoch 55: [0/472 (0.0%)]	Loss: 0.517531
2026-01-10 10:13:17,503 - experiment_chaotic_lorenz_full_chaotic_run_0 - INFO - Epoch 55: Train Loss: 0.5387, Train Acc: 0.9866, Val Loss: 5.9599, Val Acc: 0.1236
2026-01-10 10:13:18,213 - experiment_chaotic_lorenz_full_chaotic_run_0 - INFO - Train Epoch 56: [0/472 (0.0%)]	Loss: 0.518102
2026-01-10 10:13:28,290 - experiment_chaotic_lorenz_full_chaotic_run_0 - INFO - Epoch 56: Train Loss: 0.5342, Train Acc: 0.9911, Val Loss: 4.2885, Val Acc: 0.3371
2026-01-10 10:13:29,021 - experiment_chaotic_lorenz_full_chaotic_run_0 - INFO - Train Epoch 57: [0/472 (0.0%)]	Loss: 0.646834
2026-01-10 10:13:38,993 - experiment_chaotic_lorenz_full_chaotic_run_0 - INFO - Epoch 57: Train Loss: 0.5631, Train Acc: 0.9799, Val Loss: 1.4468, Val Acc: 0.6517
2026-01-10 10:13:39,075 - experiment_chaotic_lorenz_full_chaotic_run_0 - INFO - Saved new best model at epoch 57
2026-01-10 10:13:39,780 - experiment_chaotic_lorenz_full_chaotic_run_0 - INFO - Train Epoch 58: [0/472 (0.0%)]	Loss: 0.496183
2026-01-10 10:13:47,609 - experiment_chaotic_lorenz_full_chaotic_run_0 - INFO - Epoch 58: Train Loss: 0.5209, Train Acc: 0.9933, Val Loss: 3.2166, Val Acc: 0.5281
2026-01-10 10:13:48,197 - experiment_chaotic_lorenz_full_chaotic_run_0 - INFO - Train Epoch 59: [0/472 (0.0%)]	Loss: 0.535993
2026-01-10 10:13:57,972 - experiment_chaotic_lorenz_full_chaotic_run_0 - INFO - Epoch 59: Train Loss: 0.5103, Train Acc: 1.0000, Val Loss: 1.2334, Val Acc: 0.6517
2026-01-10 10:13:58,614 - experiment_chaotic_lorenz_full_chaotic_run_0 - INFO - Train Epoch 60: [0/472 (0.0%)]	Loss: 0.517478
2026-01-10 10:14:07,279 - experiment_chaotic_lorenz_full_chaotic_run_0 - INFO - Epoch 60: Train Loss: 0.5225, Train Acc: 0.9955, Val Loss: 3.9038, Val Acc: 0.3483
2026-01-10 10:14:08,065 - experiment_chaotic_lorenz_full_chaotic_run_0 - INFO - Train Epoch 61: [0/472 (0.0%)]	Loss: 0.500144
2026-01-10 10:14:16,657 - experiment_chaotic_lorenz_full_chaotic_run_0 - INFO - Epoch 61: Train Loss: 0.5186, Train Acc: 0.9933, Val Loss: 0.6546, Val Acc: 0.8427
2026-01-10 10:14:16,746 - experiment_chaotic_lorenz_full_chaotic_run_0 - INFO - Saved new best model at epoch 61
2026-01-10 10:14:17,473 - experiment_chaotic_lorenz_full_chaotic_run_0 - INFO - Train Epoch 62: [0/472 (0.0%)]	Loss: 0.501728
2026-01-10 10:14:26,088 - experiment_chaotic_lorenz_full_chaotic_run_0 - INFO - Epoch 62: Train Loss: 0.5268, Train Acc: 0.9866, Val Loss: 0.8909, Val Acc: 0.7528
2026-01-10 10:14:26,718 - experiment_chaotic_lorenz_full_chaotic_run_0 - INFO - Train Epoch 63: [0/472 (0.0%)]	Loss: 0.480701
2026-01-10 10:14:34,560 - experiment_chaotic_lorenz_full_chaotic_run_0 - INFO - Epoch 63: Train Loss: 0.5135, Train Acc: 0.9933, Val Loss: 1.1178, Val Acc: 0.7640
2026-01-10 10:14:35,297 - experiment_chaotic_lorenz_full_chaotic_run_0 - INFO - Train Epoch 64: [0/472 (0.0%)]	Loss: 0.519220
2026-01-10 10:14:43,131 - experiment_chaotic_lorenz_full_chaotic_run_0 - INFO - Epoch 64: Train Loss: 0.5118, Train Acc: 0.9911, Val Loss: 0.7692, Val Acc: 0.8427
2026-01-10 10:14:43,740 - experiment_chaotic_lorenz_full_chaotic_run_0 - INFO - Train Epoch 65: [0/472 (0.0%)]	Loss: 0.493062
2026-01-10 10:14:52,316 - experiment_chaotic_lorenz_full_chaotic_run_0 - INFO - Epoch 65: Train Loss: 0.5029, Train Acc: 0.9955, Val Loss: 0.5130, Val Acc: 0.8876
2026-01-10 10:14:52,401 - experiment_chaotic_lorenz_full_chaotic_run_0 - INFO - Saved new best model at epoch 65
2026-01-10 10:14:53,129 - experiment_chaotic_lorenz_full_chaotic_run_0 - INFO - Train Epoch 66: [0/472 (0.0%)]	Loss: 0.510159
2026-01-10 10:15:01,750 - experiment_chaotic_lorenz_full_chaotic_run_0 - INFO - Epoch 66: Train Loss: 0.5025, Train Acc: 0.9933, Val Loss: 0.6359, Val Acc: 0.8202
2026-01-10 10:15:02,350 - experiment_chaotic_lorenz_full_chaotic_run_0 - INFO - Train Epoch 67: [0/472 (0.0%)]	Loss: 0.614203
2026-01-10 10:15:11,054 - experiment_chaotic_lorenz_full_chaotic_run_0 - INFO - Epoch 67: Train Loss: 0.4966, Train Acc: 0.9888, Val Loss: 0.7655, Val Acc: 0.7978
2026-01-10 10:15:11,693 - experiment_chaotic_lorenz_full_chaotic_run_0 - INFO - Train Epoch 68: [0/472 (0.0%)]	Loss: 0.499432
2026-01-10 10:15:21,387 - experiment_chaotic_lorenz_full_chaotic_run_0 - INFO - Epoch 68: Train Loss: 0.4961, Train Acc: 0.9888, Val Loss: 0.2303, Val Acc: 0.9326
2026-01-10 10:15:21,473 - experiment_chaotic_lorenz_full_chaotic_run_0 - INFO - Saved new best model at epoch 68
2026-01-10 10:15:22,130 - experiment_chaotic_lorenz_full_chaotic_run_0 - INFO - Train Epoch 69: [0/472 (0.0%)]	Loss: 0.497980
2026-01-10 10:15:31,750 - experiment_chaotic_lorenz_full_chaotic_run_0 - INFO - Epoch 69: Train Loss: 0.4752, Train Acc: 1.0000, Val Loss: 1.3633, Val Acc: 0.6854
2026-01-10 10:15:32,387 - experiment_chaotic_lorenz_full_chaotic_run_0 - INFO - Train Epoch 70: [0/472 (0.0%)]	Loss: 0.501449
2026-01-10 10:15:42,082 - experiment_chaotic_lorenz_full_chaotic_run_0 - INFO - Epoch 70: Train Loss: 0.4722, Train Acc: 0.9978, Val Loss: 0.3002, Val Acc: 0.9101
2026-01-10 10:15:42,804 - experiment_chaotic_lorenz_full_chaotic_run_0 - INFO - Train Epoch 71: [0/472 (0.0%)]	Loss: 0.416201
2026-01-10 10:15:52,778 - experiment_chaotic_lorenz_full_chaotic_run_0 - INFO - Epoch 71: Train Loss: 0.4746, Train Acc: 0.9955, Val Loss: 0.4746, Val Acc: 0.8989
2026-01-10 10:15:53,430 - experiment_chaotic_lorenz_full_chaotic_run_0 - INFO - Train Epoch 72: [0/472 (0.0%)]	Loss: 0.486046
2026-01-10 10:16:01,155 - experiment_chaotic_lorenz_full_chaotic_run_0 - INFO - Epoch 72: Train Loss: 0.4634, Train Acc: 0.9978, Val Loss: 0.4169, Val Acc: 0.8764
2026-01-10 10:16:01,746 - experiment_chaotic_lorenz_full_chaotic_run_0 - INFO - Train Epoch 73: [0/472 (0.0%)]	Loss: 0.507249
2026-01-10 10:16:09,426 - experiment_chaotic_lorenz_full_chaotic_run_0 - INFO - Epoch 73: Train Loss: 0.4834, Train Acc: 0.9866, Val Loss: 0.3227, Val Acc: 0.8989
2026-01-10 10:16:10,036 - experiment_chaotic_lorenz_full_chaotic_run_0 - INFO - Train Epoch 74: [0/472 (0.0%)]	Loss: 0.477357
2026-01-10 10:16:19,034 - experiment_chaotic_lorenz_full_chaotic_run_0 - INFO - Epoch 74: Train Loss: 0.4688, Train Acc: 0.9933, Val Loss: 0.5006, Val Acc: 0.8539
2026-01-10 10:16:19,682 - experiment_chaotic_lorenz_full_chaotic_run_0 - INFO - Train Epoch 75: [0/472 (0.0%)]	Loss: 0.454640
2026-01-10 10:16:27,763 - experiment_chaotic_lorenz_full_chaotic_run_0 - INFO - Epoch 75: Train Loss: 0.4553, Train Acc: 0.9978, Val Loss: 0.2173, Val Acc: 0.9326
2026-01-10 10:16:28,462 - experiment_chaotic_lorenz_full_chaotic_run_0 - INFO - Train Epoch 76: [0/472 (0.0%)]	Loss: 0.440597
2026-01-10 10:16:36,427 - experiment_chaotic_lorenz_full_chaotic_run_0 - INFO - Epoch 76: Train Loss: 0.4780, Train Acc: 0.9888, Val Loss: 0.2430, Val Acc: 0.9101
2026-01-10 10:16:37,104 - experiment_chaotic_lorenz_full_chaotic_run_0 - INFO - Train Epoch 77: [0/472 (0.0%)]	Loss: 0.432947
2026-01-10 10:16:44,430 - experiment_chaotic_lorenz_full_chaotic_run_0 - INFO - Epoch 77: Train Loss: 0.4839, Train Acc: 0.9888, Val Loss: 0.3714, Val Acc: 0.9101
2026-01-10 10:16:45,134 - experiment_chaotic_lorenz_full_chaotic_run_0 - INFO - Train Epoch 78: [0/472 (0.0%)]	Loss: 0.436460
2026-01-10 10:16:53,706 - experiment_chaotic_lorenz_full_chaotic_run_0 - INFO - Epoch 78: Train Loss: 0.4671, Train Acc: 0.9933, Val Loss: 0.4104, Val Acc: 0.9101
2026-01-10 10:16:54,454 - experiment_chaotic_lorenz_full_chaotic_run_0 - INFO - Train Epoch 79: [0/472 (0.0%)]	Loss: 0.448371
2026-01-10 10:17:01,935 - experiment_chaotic_lorenz_full_chaotic_run_0 - INFO - Epoch 79: Train Loss: 0.4706, Train Acc: 0.9888, Val Loss: 0.2493, Val Acc: 0.9101
2026-01-10 10:17:02,648 - experiment_chaotic_lorenz_full_chaotic_run_0 - INFO - Train Epoch 80: [0/472 (0.0%)]	Loss: 0.440333
2026-01-10 10:17:10,351 - experiment_chaotic_lorenz_full_chaotic_run_0 - INFO - Epoch 80: Train Loss: 0.4658, Train Acc: 0.9866, Val Loss: 0.1606, Val Acc: 0.9663
2026-01-10 10:17:10,437 - experiment_chaotic_lorenz_full_chaotic_run_0 - INFO - Saved new best model at epoch 80
2026-01-10 10:17:11,230 - experiment_chaotic_lorenz_full_chaotic_run_0 - INFO - Train Epoch 81: [0/472 (0.0%)]	Loss: 0.445507
2026-01-10 10:17:18,980 - experiment_chaotic_lorenz_full_chaotic_run_0 - INFO - Epoch 81: Train Loss: 0.4579, Train Acc: 0.9955, Val Loss: 0.1745, Val Acc: 0.9438
2026-01-10 10:17:19,601 - experiment_chaotic_lorenz_full_chaotic_run_0 - INFO - Train Epoch 82: [0/472 (0.0%)]	Loss: 0.497229
2026-01-10 10:17:26,894 - experiment_chaotic_lorenz_full_chaotic_run_0 - INFO - Epoch 82: Train Loss: 0.4600, Train Acc: 0.9911, Val Loss: 0.1922, Val Acc: 0.9326
2026-01-10 10:17:27,601 - experiment_chaotic_lorenz_full_chaotic_run_0 - INFO - Train Epoch 83: [0/472 (0.0%)]	Loss: 0.522576
2026-01-10 10:17:36,552 - experiment_chaotic_lorenz_full_chaotic_run_0 - INFO - Epoch 83: Train Loss: 0.4592, Train Acc: 0.9911, Val Loss: 0.2469, Val Acc: 0.9101
2026-01-10 10:17:37,312 - experiment_chaotic_lorenz_full_chaotic_run_0 - INFO - Train Epoch 84: [0/472 (0.0%)]	Loss: 0.427327
2026-01-10 10:17:45,860 - experiment_chaotic_lorenz_full_chaotic_run_0 - INFO - Epoch 84: Train Loss: 0.4451, Train Acc: 0.9955, Val Loss: 0.2229, Val Acc: 0.9101
2026-01-10 10:17:46,736 - experiment_chaotic_lorenz_full_chaotic_run_0 - INFO - Train Epoch 85: [0/472 (0.0%)]	Loss: 0.473605
2026-01-10 10:17:54,753 - experiment_chaotic_lorenz_full_chaotic_run_0 - INFO - Epoch 85: Train Loss: 0.4622, Train Acc: 0.9888, Val Loss: 0.1780, Val Acc: 0.9551
2026-01-10 10:17:55,441 - experiment_chaotic_lorenz_full_chaotic_run_0 - INFO - Train Epoch 86: [0/472 (0.0%)]	Loss: 0.559086
2026-01-10 10:18:04,698 - experiment_chaotic_lorenz_full_chaotic_run_0 - INFO - Epoch 86: Train Loss: 0.4443, Train Acc: 0.9955, Val Loss: 0.1595, Val Acc: 0.9326
2026-01-10 10:18:05,315 - experiment_chaotic_lorenz_full_chaotic_run_0 - INFO - Train Epoch 87: [0/472 (0.0%)]	Loss: 0.445096
2026-01-10 10:18:14,046 - experiment_chaotic_lorenz_full_chaotic_run_0 - INFO - Epoch 87: Train Loss: 0.4460, Train Acc: 1.0000, Val Loss: 0.2143, Val Acc: 0.9551
2026-01-10 10:18:14,772 - experiment_chaotic_lorenz_full_chaotic_run_0 - INFO - Train Epoch 88: [0/472 (0.0%)]	Loss: 0.394136
2026-01-10 10:18:22,365 - experiment_chaotic_lorenz_full_chaotic_run_0 - INFO - Epoch 88: Train Loss: 0.4664, Train Acc: 0.9911, Val Loss: 0.1369, Val Acc: 0.9551
2026-01-10 10:18:23,140 - experiment_chaotic_lorenz_full_chaotic_run_0 - INFO - Train Epoch 89: [0/472 (0.0%)]	Loss: 0.457315
2026-01-10 10:18:30,980 - experiment_chaotic_lorenz_full_chaotic_run_0 - INFO - Epoch 89: Train Loss: 0.4627, Train Acc: 0.9866, Val Loss: 0.1343, Val Acc: 0.9438
2026-01-10 10:18:31,639 - experiment_chaotic_lorenz_full_chaotic_run_0 - INFO - Train Epoch 90: [0/472 (0.0%)]	Loss: 0.424383
2026-01-10 10:18:39,216 - experiment_chaotic_lorenz_full_chaotic_run_0 - INFO - Epoch 90: Train Loss: 0.4406, Train Acc: 1.0000, Val Loss: 0.1547, Val Acc: 0.9438
2026-01-10 10:18:39,937 - experiment_chaotic_lorenz_full_chaotic_run_0 - INFO - Train Epoch 91: [0/472 (0.0%)]	Loss: 0.468016
2026-01-10 10:18:47,468 - experiment_chaotic_lorenz_full_chaotic_run_0 - INFO - Epoch 91: Train Loss: 0.4625, Train Acc: 0.9933, Val Loss: 0.1728, Val Acc: 0.9551
2026-01-10 10:18:48,161 - experiment_chaotic_lorenz_full_chaotic_run_0 - INFO - Train Epoch 92: [0/472 (0.0%)]	Loss: 0.465013
2026-01-10 10:18:56,066 - experiment_chaotic_lorenz_full_chaotic_run_0 - INFO - Epoch 92: Train Loss: 0.4650, Train Acc: 0.9888, Val Loss: 0.1716, Val Acc: 0.9551
2026-01-10 10:18:56,762 - experiment_chaotic_lorenz_full_chaotic_run_0 - INFO - Train Epoch 93: [0/472 (0.0%)]	Loss: 0.411261
2026-01-10 10:19:04,611 - experiment_chaotic_lorenz_full_chaotic_run_0 - INFO - Epoch 93: Train Loss: 0.4587, Train Acc: 0.9911, Val Loss: 0.1665, Val Acc: 0.9326
2026-01-10 10:19:05,274 - experiment_chaotic_lorenz_full_chaotic_run_0 - INFO - Train Epoch 94: [0/472 (0.0%)]	Loss: 0.486968
2026-01-10 10:19:12,934 - experiment_chaotic_lorenz_full_chaotic_run_0 - INFO - Epoch 94: Train Loss: 0.4458, Train Acc: 0.9933, Val Loss: 0.1460, Val Acc: 0.9551
2026-01-10 10:19:13,774 - experiment_chaotic_lorenz_full_chaotic_run_0 - INFO - Train Epoch 95: [0/472 (0.0%)]	Loss: 0.442327
2026-01-10 10:19:21,704 - experiment_chaotic_lorenz_full_chaotic_run_0 - INFO - Epoch 95: Train Loss: 0.4425, Train Acc: 0.9933, Val Loss: 0.1640, Val Acc: 0.9551
2026-01-10 10:19:22,420 - experiment_chaotic_lorenz_full_chaotic_run_0 - INFO - Train Epoch 96: [0/472 (0.0%)]	Loss: 0.504847
2026-01-10 10:19:30,291 - experiment_chaotic_lorenz_full_chaotic_run_0 - INFO - Epoch 96: Train Loss: 0.4412, Train Acc: 0.9955, Val Loss: 0.1574, Val Acc: 0.9438
2026-01-10 10:19:30,937 - experiment_chaotic_lorenz_full_chaotic_run_0 - INFO - Train Epoch 97: [0/472 (0.0%)]	Loss: 0.447687
2026-01-10 10:19:40,662 - experiment_chaotic_lorenz_full_chaotic_run_0 - INFO - Epoch 97: Train Loss: 0.4530, Train Acc: 0.9933, Val Loss: 0.1427, Val Acc: 0.9663
2026-01-10 10:19:41,259 - experiment_chaotic_lorenz_full_chaotic_run_0 - INFO - Train Epoch 98: [0/472 (0.0%)]	Loss: 0.436336
2026-01-10 10:19:49,993 - experiment_chaotic_lorenz_full_chaotic_run_0 - INFO - Epoch 98: Train Loss: 0.4327, Train Acc: 0.9978, Val Loss: 0.1322, Val Acc: 0.9775
2026-01-10 10:19:50,078 - experiment_chaotic_lorenz_full_chaotic_run_0 - INFO - Saved new best model at epoch 98
2026-01-10 10:19:50,983 - experiment_chaotic_lorenz_full_chaotic_run_0 - INFO - Train Epoch 99: [0/472 (0.0%)]	Loss: 0.435085
2026-01-10 10:20:00,752 - experiment_chaotic_lorenz_full_chaotic_run_0 - INFO - Epoch 99: Train Loss: 0.4521, Train Acc: 0.9911, Val Loss: 0.1401, Val Acc: 0.9551
2026-01-10 10:20:00,758 - experiment_chaotic_lorenz_full_chaotic_run_0 - INFO - Running final test evaluation...
2026-01-10 10:20:02,383 - experiment_chaotic_lorenz_full_chaotic_run_0 - INFO - Test Results:
2026-01-10 10:20:02,383 - experiment_chaotic_lorenz_full_chaotic_run_0 - INFO -   loss: 0.2266
2026-01-10 10:20:02,383 - experiment_chaotic_lorenz_full_chaotic_run_0 - INFO -   accuracy: 0.9576
2026-01-10 10:20:02,383 - experiment_chaotic_lorenz_full_chaotic_run_0 - INFO -   avg_confidence: 0.9994
2026-01-10 10:20:02,383 - experiment_chaotic_lorenz_full_chaotic_run_0 - INFO -   embedding_diversity: 0.1492
2026-01-10 10:20:02,383 - experiment_chaotic_lorenz_full_chaotic_run_0 - INFO -   embedding_norm_mean: 1.0000
2026-01-10 10:20:02,383 - experiment_chaotic_lorenz_full_chaotic_run_0 - INFO -   embedding_norm_std: 0.0000
2026-01-10 10:20:02,385 - experiment_chaotic_lorenz_full_chaotic_run_0 - INFO - Training completed
2026-01-10 10:20:03,371 - experiment_chaotic_lorenz_full_chaotic_run_0 - INFO - Running comprehensive chaotic network analysis...
2026-01-10 10:20:03,372 - experiment_chaotic_lorenz_full_chaotic_run_0 - INFO - Analyzing chaotic features and dynamics...
2026-01-10 10:20:04,881 - experiment_chaotic_lorenz_full_chaotic_run_0 - INFO - Chaotic analysis completed
2026-01-10 10:20:04,883 - experiment_chaotic_lorenz_full_chaotic_run_0 - INFO - Creating chaotic dynamics visualizations...
2026-01-10 10:20:07,709 - experiment_chaotic_lorenz_full_chaotic_run_0 - WARNING - Embedding plotting failed: boolean index did not match indexed array along dimension 0; dimension is 8 but corresponding boolean dimension is 32
2026-01-10 10:20:07,717 - experiment_chaotic_lorenz_full_chaotic_run_0 - INFO - Chaotic network analysis completed
2026-01-10 12:27:39,636 - experiment_chaotic_lorenz_full_chaotic_run_0 - INFO - Initialized experiment: chaotic_lorenz_full_chaotic_run_0
2026-01-10 12:27:39,653 - experiment_chaotic_lorenz_full_chaotic_run_0 - INFO - Device: cuda
2026-01-10 12:27:39,653 - experiment_chaotic_lorenz_full_chaotic_run_0 - INFO - Output directory: /scratch/project_2003370/yueyao/Model/experiments/configs/sync_experiments/B1/experiments/chaotic_lorenz_full_chaotic_run_0
2026-01-10 12:27:39,654 - experiment_chaotic_lorenz_full_chaotic_run_0 - INFO - [SYNC LOSS] Enabled with mode: standard
2026-01-10 12:27:39,654 - experiment_chaotic_lorenz_full_chaotic_run_0 - INFO - Initialized chaotic network experiment with lorenz system
2026-01-10 12:27:39,654 - experiment_chaotic_lorenz_full_chaotic_run_0 - INFO - Setting up experiment components...
2026-01-10 12:27:39,654 - experiment_chaotic_lorenz_full_chaotic_run_0 - INFO - Creating dataloaders...
2026-01-10 12:27:40,032 - experiment_chaotic_lorenz_full_chaotic_run_0 - INFO - Detected 26 speakers in dataset
2026-01-10 12:27:40,032 - experiment_chaotic_lorenz_full_chaotic_run_0 - INFO - Dataloaders created:
2026-01-10 12:27:40,032 - experiment_chaotic_lorenz_full_chaotic_run_0 - INFO -   Train: 14 batches
2026-01-10 12:27:40,032 - experiment_chaotic_lorenz_full_chaotic_run_0 - INFO -   Val: 3 batches
2026-01-10 12:27:40,032 - experiment_chaotic_lorenz_full_chaotic_run_0 - INFO -   Test: 4 batches
2026-01-10 12:27:40,032 - experiment_chaotic_lorenz_full_chaotic_run_0 - INFO - Creating model...
2026-01-10 12:27:40,032 - experiment_chaotic_lorenz_full_chaotic_run_0 - INFO - Using actual num_speakers from dataset: 26
2026-01-10 12:27:40,032 - experiment_chaotic_lorenz_full_chaotic_run_0 - INFO - [BIFURCATION] use_bifurcation_control=False
2026-01-10 12:28:11,416 - experiment_chaotic_lorenz_full_chaotic_run_0 - INFO - Total parameters: 458,181
2026-01-10 12:28:11,416 - experiment_chaotic_lorenz_full_chaotic_run_0 - INFO - Trainable parameters: 458,181
2026-01-10 12:28:11,416 - experiment_chaotic_lorenz_full_chaotic_run_0 - INFO - Creating optimizer...
2026-01-10 12:28:12,839 - experiment_chaotic_lorenz_full_chaotic_run_0 - INFO - Optimizer: AdamW
2026-01-10 12:28:12,839 - experiment_chaotic_lorenz_full_chaotic_run_0 - INFO - Creating scheduler...
2026-01-10 12:28:12,839 - experiment_chaotic_lorenz_full_chaotic_run_0 - INFO - Scheduler: CosineAnnealingLR
2026-01-10 12:28:12,839 - experiment_chaotic_lorenz_full_chaotic_run_0 - INFO - Creating criterion...
2026-01-10 12:28:12,839 - experiment_chaotic_lorenz_full_chaotic_run_0 - INFO - Criterion: CrossEntropyLoss
2026-01-10 12:28:12,888 - experiment_chaotic_lorenz_full_chaotic_run_0 - INFO - Configuration saved to: /scratch/project_2003370/yueyao/Model/experiments/configs/sync_experiments/B1/experiments/chaotic_lorenz_full_chaotic_run_0/config.json
2026-01-10 12:28:12,888 - experiment_chaotic_lorenz_full_chaotic_run_0 - INFO - Experiment setup completed
2026-01-10 12:28:12,889 - experiment_chaotic_lorenz_full_chaotic_run_0 - INFO - Starting training for 100 epochs
2026-01-10 12:28:13,046 - experiment_chaotic_lorenz_full_chaotic_run_0 - INFO - 
================================================================================
2026-01-10 12:28:13,046 - experiment_chaotic_lorenz_full_chaotic_run_0 - INFO - COMPREHENSIVE DEBUG - FIRST BATCH
2026-01-10 12:28:13,046 - experiment_chaotic_lorenz_full_chaotic_run_0 - INFO - ================================================================================
2026-01-10 12:28:13,046 - experiment_chaotic_lorenz_full_chaotic_run_0 - INFO - Batch Info:
2026-01-10 12:28:13,046 - experiment_chaotic_lorenz_full_chaotic_run_0 - INFO -   Audio shape: torch.Size([32, 48000])
2026-01-10 12:28:13,046 - experiment_chaotic_lorenz_full_chaotic_run_0 - INFO -   Targets shape: torch.Size([32])
2026-01-10 12:28:13,051 - experiment_chaotic_lorenz_full_chaotic_run_0 - INFO -   Targets (first 8): tensor([19, 24, 16, 12, 16, 10,  8,  2], device='cuda:0')
2026-01-10 12:28:13,709 - experiment_chaotic_lorenz_full_chaotic_run_0 - INFO - ================================================================================

2026-01-10 12:28:13,711 - experiment_chaotic_lorenz_full_chaotic_run_0 - INFO - [ADVERSARIAL] Initialized AdversarialChaoticAugmentation
2026-01-10 12:28:13,927 - experiment_chaotic_lorenz_full_chaotic_run_0 - INFO - [STABILITY] Initialized LyapunovStabilityLoss
2026-01-10 12:28:14,988 - experiment_chaotic_lorenz_full_chaotic_run_0 - INFO - Train Epoch 0: [0/472 (0.0%)]	Loss: 5.219530
2026-01-10 12:28:20,828 - experiment_chaotic_lorenz_full_chaotic_run_0 - INFO - [ADVERSARIAL] Warmup: epoch 1/5
2026-01-10 12:28:22,102 - experiment_chaotic_lorenz_full_chaotic_run_0 - INFO - Epoch 0: Train Loss: 4.6660, Train Acc: 0.0692, Val Loss: 3.9096, Val Acc: 0.0449
2026-01-10 12:28:22,217 - experiment_chaotic_lorenz_full_chaotic_run_0 - INFO - Saved new best model at epoch 0
2026-01-10 12:28:23,097 - experiment_chaotic_lorenz_full_chaotic_run_0 - INFO - Train Epoch 1: [0/472 (0.0%)]	Loss: 4.000207
2026-01-10 12:28:28,777 - experiment_chaotic_lorenz_full_chaotic_run_0 - INFO - [ADVERSARIAL] Warmup: epoch 2/5
2026-01-10 12:28:30,043 - experiment_chaotic_lorenz_full_chaotic_run_0 - INFO - Epoch 1: Train Loss: 3.8515, Train Acc: 0.0915, Val Loss: 3.7152, Val Acc: 0.0449
2026-01-10 12:28:30,832 - experiment_chaotic_lorenz_full_chaotic_run_0 - INFO - Train Epoch 2: [0/472 (0.0%)]	Loss: 3.196352
2026-01-10 12:28:37,106 - experiment_chaotic_lorenz_full_chaotic_run_0 - INFO - [ADVERSARIAL] Warmup: epoch 3/5
2026-01-10 12:28:38,360 - experiment_chaotic_lorenz_full_chaotic_run_0 - INFO - Epoch 2: Train Loss: 3.3568, Train Acc: 0.1362, Val Loss: 4.6158, Val Acc: 0.0449
2026-01-10 12:28:38,953 - experiment_chaotic_lorenz_full_chaotic_run_0 - INFO - Train Epoch 3: [0/472 (0.0%)]	Loss: 3.194825
2026-01-10 12:28:44,644 - experiment_chaotic_lorenz_full_chaotic_run_0 - INFO - [ADVERSARIAL] Warmup: epoch 4/5
2026-01-10 12:28:45,785 - experiment_chaotic_lorenz_full_chaotic_run_0 - INFO - Epoch 3: Train Loss: 2.8322, Train Acc: 0.2277, Val Loss: 5.3311, Val Acc: 0.0449
2026-01-10 12:28:46,409 - experiment_chaotic_lorenz_full_chaotic_run_0 - INFO - Train Epoch 4: [0/472 (0.0%)]	Loss: 2.345674
2026-01-10 12:28:51,879 - experiment_chaotic_lorenz_full_chaotic_run_0 - INFO - [ADVERSARIAL] Warmup: epoch 5/5
2026-01-10 12:28:53,036 - experiment_chaotic_lorenz_full_chaotic_run_0 - INFO - Epoch 4: Train Loss: 2.6251, Train Acc: 0.2679, Val Loss: 5.5130, Val Acc: 0.0449
2026-01-10 12:28:53,774 - experiment_chaotic_lorenz_full_chaotic_run_0 - INFO - Train Epoch 5: [0/472 (0.0%)]	Loss: 2.386562
2026-01-10 12:29:00,920 - experiment_chaotic_lorenz_full_chaotic_run_0 - INFO - [ADVERSARIAL] Warmup complete, adversarial training activated!
2026-01-10 12:29:02,118 - experiment_chaotic_lorenz_full_chaotic_run_0 - INFO - Epoch 5: Train Loss: 2.7444, Train Acc: 0.3772, Val Loss: 5.5014, Val Acc: 0.0562
2026-01-10 12:29:02,203 - experiment_chaotic_lorenz_full_chaotic_run_0 - INFO - Saved new best model at epoch 5
2026-01-10 12:29:03,028 - experiment_chaotic_lorenz_full_chaotic_run_0 - INFO - Train Epoch 6: [0/472 (0.0%)]	Loss: 2.275375
2026-01-10 12:29:10,908 - experiment_chaotic_lorenz_full_chaotic_run_0 - INFO - Epoch 6: Train Loss: 2.3492, Train Acc: 0.4621, Val Loss: 5.5458, Val Acc: 0.0674
2026-01-10 12:29:10,990 - experiment_chaotic_lorenz_full_chaotic_run_0 - INFO - Saved new best model at epoch 6
2026-01-10 12:29:11,773 - experiment_chaotic_lorenz_full_chaotic_run_0 - INFO - Train Epoch 7: [0/472 (0.0%)]	Loss: 2.537752
2026-01-10 12:29:20,605 - experiment_chaotic_lorenz_full_chaotic_run_0 - INFO - Epoch 7: Train Loss: 1.8622, Train Acc: 0.5603, Val Loss: 5.2134, Val Acc: 0.0674
2026-01-10 12:29:21,363 - experiment_chaotic_lorenz_full_chaotic_run_0 - INFO - Train Epoch 8: [0/472 (0.0%)]	Loss: 1.232471
2026-01-10 12:29:29,093 - experiment_chaotic_lorenz_full_chaotic_run_0 - INFO - Epoch 8: Train Loss: 1.5203, Train Acc: 0.6719, Val Loss: 5.7882, Val Acc: 0.0449
2026-01-10 12:29:29,999 - experiment_chaotic_lorenz_full_chaotic_run_0 - INFO - Train Epoch 9: [0/472 (0.0%)]	Loss: 1.069296
2026-01-10 12:29:39,229 - experiment_chaotic_lorenz_full_chaotic_run_0 - INFO - Epoch 9: Train Loss: 1.3469, Train Acc: 0.6942, Val Loss: 3.8375, Val Acc: 0.0899
2026-01-10 12:29:39,310 - experiment_chaotic_lorenz_full_chaotic_run_0 - INFO - Saved new best model at epoch 9
2026-01-10 12:29:40,082 - experiment_chaotic_lorenz_full_chaotic_run_0 - INFO - Train Epoch 10: [0/472 (0.0%)]	Loss: 0.705617
2026-01-10 12:29:47,741 - experiment_chaotic_lorenz_full_chaotic_run_0 - INFO - Epoch 10: Train Loss: 1.1414, Train Acc: 0.7210, Val Loss: 5.0425, Val Acc: 0.0674
2026-01-10 12:29:48,539 - experiment_chaotic_lorenz_full_chaotic_run_0 - INFO - Train Epoch 11: [0/472 (0.0%)]	Loss: 0.527546
2026-01-10 12:29:56,332 - experiment_chaotic_lorenz_full_chaotic_run_0 - INFO - Epoch 11: Train Loss: 0.9588, Train Acc: 0.7768, Val Loss: 3.8542, Val Acc: 0.1685
2026-01-10 12:29:56,416 - experiment_chaotic_lorenz_full_chaotic_run_0 - INFO - Saved new best model at epoch 11
2026-01-10 12:29:57,175 - experiment_chaotic_lorenz_full_chaotic_run_0 - INFO - Train Epoch 12: [0/472 (0.0%)]	Loss: 0.700058
2026-01-10 12:30:05,145 - experiment_chaotic_lorenz_full_chaotic_run_0 - INFO - Epoch 12: Train Loss: 0.9028, Train Acc: 0.7768, Val Loss: 6.5012, Val Acc: 0.0674
2026-01-10 12:30:06,026 - experiment_chaotic_lorenz_full_chaotic_run_0 - INFO - Train Epoch 13: [0/472 (0.0%)]	Loss: 0.425193
2026-01-10 12:30:15,204 - experiment_chaotic_lorenz_full_chaotic_run_0 - INFO - Epoch 13: Train Loss: 0.7610, Train Acc: 0.8214, Val Loss: 6.6339, Val Acc: 0.0674
2026-01-10 12:30:16,205 - experiment_chaotic_lorenz_full_chaotic_run_0 - INFO - Train Epoch 14: [0/472 (0.0%)]	Loss: 0.666351
2026-01-10 12:30:25,537 - experiment_chaotic_lorenz_full_chaotic_run_0 - INFO - Epoch 14: Train Loss: 0.7119, Train Acc: 0.8192, Val Loss: 5.4896, Val Acc: 0.0674
2026-01-10 12:30:26,423 - experiment_chaotic_lorenz_full_chaotic_run_0 - INFO - Train Epoch 15: [0/472 (0.0%)]	Loss: 0.676500
2026-01-10 12:30:35,408 - experiment_chaotic_lorenz_full_chaotic_run_0 - INFO - Epoch 15: Train Loss: 0.6358, Train Acc: 0.8504, Val Loss: 7.0141, Val Acc: 0.0674
2026-01-10 12:30:36,180 - experiment_chaotic_lorenz_full_chaotic_run_0 - INFO - Train Epoch 16: [0/472 (0.0%)]	Loss: 0.671437
2026-01-10 12:30:43,769 - experiment_chaotic_lorenz_full_chaotic_run_0 - INFO - Epoch 16: Train Loss: 0.5915, Train Acc: 0.8616, Val Loss: 6.8290, Val Acc: 0.0449
2026-01-10 12:30:44,522 - experiment_chaotic_lorenz_full_chaotic_run_0 - INFO - Train Epoch 17: [0/472 (0.0%)]	Loss: 0.329885
2026-01-10 12:30:52,442 - experiment_chaotic_lorenz_full_chaotic_run_0 - INFO - Epoch 17: Train Loss: 0.5389, Train Acc: 0.8661, Val Loss: 3.5636, Val Acc: 0.1461
2026-01-10 12:30:53,187 - experiment_chaotic_lorenz_full_chaotic_run_0 - INFO - Train Epoch 18: [0/472 (0.0%)]	Loss: 0.554290
2026-01-10 12:31:00,976 - experiment_chaotic_lorenz_full_chaotic_run_0 - INFO - Epoch 18: Train Loss: 0.4398, Train Acc: 0.9085, Val Loss: 4.0647, Val Acc: 0.2022
2026-01-10 12:31:01,057 - experiment_chaotic_lorenz_full_chaotic_run_0 - INFO - Saved new best model at epoch 18
2026-01-10 12:31:01,849 - experiment_chaotic_lorenz_full_chaotic_run_0 - INFO - Train Epoch 19: [0/472 (0.0%)]	Loss: 0.525134
2026-01-10 12:31:09,645 - experiment_chaotic_lorenz_full_chaotic_run_0 - INFO - Epoch 19: Train Loss: 0.4115, Train Acc: 0.9085, Val Loss: 4.2489, Val Acc: 0.1798
2026-01-10 12:31:10,400 - experiment_chaotic_lorenz_full_chaotic_run_0 - INFO - Train Epoch 20: [0/472 (0.0%)]	Loss: 0.444767
2026-01-10 12:31:18,269 - experiment_chaotic_lorenz_full_chaotic_run_0 - INFO - Epoch 20: Train Loss: 0.4821, Train Acc: 0.8973, Val Loss: 5.5763, Val Acc: 0.1124
2026-01-10 12:31:19,192 - experiment_chaotic_lorenz_full_chaotic_run_0 - INFO - Train Epoch 21: [0/472 (0.0%)]	Loss: 0.488556
2026-01-10 12:31:27,202 - experiment_chaotic_lorenz_full_chaotic_run_0 - INFO - Epoch 21: Train Loss: 0.4933, Train Acc: 0.8862, Val Loss: 4.0871, Val Acc: 0.2022
2026-01-10 12:31:28,008 - experiment_chaotic_lorenz_full_chaotic_run_0 - INFO - Train Epoch 22: [0/472 (0.0%)]	Loss: 0.192167
2026-01-10 12:31:35,546 - experiment_chaotic_lorenz_full_chaotic_run_0 - INFO - Epoch 22: Train Loss: 0.3196, Train Acc: 0.9286, Val Loss: 3.7010, Val Acc: 0.2809
2026-01-10 12:31:35,635 - experiment_chaotic_lorenz_full_chaotic_run_0 - INFO - Saved new best model at epoch 22
2026-01-10 12:31:36,398 - experiment_chaotic_lorenz_full_chaotic_run_0 - INFO - Train Epoch 23: [0/472 (0.0%)]	Loss: 0.450134
2026-01-10 12:31:44,150 - experiment_chaotic_lorenz_full_chaotic_run_0 - INFO - Epoch 23: Train Loss: 0.3475, Train Acc: 0.9152, Val Loss: 6.1660, Val Acc: 0.0674
2026-01-10 12:31:44,904 - experiment_chaotic_lorenz_full_chaotic_run_0 - INFO - Train Epoch 24: [0/472 (0.0%)]	Loss: 0.233872
2026-01-10 12:31:52,658 - experiment_chaotic_lorenz_full_chaotic_run_0 - INFO - Epoch 24: Train Loss: 0.2640, Train Acc: 0.9598, Val Loss: 7.3787, Val Acc: 0.0449
2026-01-10 12:31:53,371 - experiment_chaotic_lorenz_full_chaotic_run_0 - INFO - Train Epoch 25: [0/472 (0.0%)]	Loss: 0.249206
2026-01-10 12:32:01,332 - experiment_chaotic_lorenz_full_chaotic_run_0 - INFO - Epoch 25: Train Loss: 0.2987, Train Acc: 0.9286, Val Loss: 4.2958, Val Acc: 0.1685
2026-01-10 12:32:02,062 - experiment_chaotic_lorenz_full_chaotic_run_0 - INFO - Train Epoch 26: [0/472 (0.0%)]	Loss: 0.184068
2026-01-10 12:32:09,821 - experiment_chaotic_lorenz_full_chaotic_run_0 - INFO - Epoch 26: Train Loss: 0.2667, Train Acc: 0.9375, Val Loss: 4.4597, Val Acc: 0.1685
2026-01-10 12:32:10,572 - experiment_chaotic_lorenz_full_chaotic_run_0 - INFO - Train Epoch 27: [0/472 (0.0%)]	Loss: 0.225488
2026-01-10 12:32:18,420 - experiment_chaotic_lorenz_full_chaotic_run_0 - INFO - Epoch 27: Train Loss: 0.2549, Train Acc: 0.9397, Val Loss: 6.0503, Val Acc: 0.1124
2026-01-10 12:32:19,179 - experiment_chaotic_lorenz_full_chaotic_run_0 - INFO - Train Epoch 28: [0/472 (0.0%)]	Loss: 0.184889
2026-01-10 12:32:26,844 - experiment_chaotic_lorenz_full_chaotic_run_0 - INFO - Epoch 28: Train Loss: 0.2216, Train Acc: 0.9509, Val Loss: 7.5252, Val Acc: 0.1348
2026-01-10 12:32:27,574 - experiment_chaotic_lorenz_full_chaotic_run_0 - INFO - Train Epoch 29: [0/472 (0.0%)]	Loss: 0.164469
2026-01-10 12:32:35,320 - experiment_chaotic_lorenz_full_chaotic_run_0 - INFO - Epoch 29: Train Loss: 0.2054, Train Acc: 0.9576, Val Loss: 5.3883, Val Acc: 0.1910
2026-01-10 12:32:36,145 - experiment_chaotic_lorenz_full_chaotic_run_0 - INFO - Train Epoch 30: [0/472 (0.0%)]	Loss: 0.100499
2026-01-10 12:32:43,872 - experiment_chaotic_lorenz_full_chaotic_run_0 - INFO - Epoch 30: Train Loss: 0.2025, Train Acc: 0.9487, Val Loss: 5.9276, Val Acc: 0.1236
2026-01-10 12:32:44,820 - experiment_chaotic_lorenz_full_chaotic_run_0 - INFO - Train Epoch 31: [0/472 (0.0%)]	Loss: 0.209369
2026-01-10 12:32:52,498 - experiment_chaotic_lorenz_full_chaotic_run_0 - INFO - Epoch 31: Train Loss: 0.1812, Train Acc: 0.9598, Val Loss: 2.9539, Val Acc: 0.2697
2026-01-10 12:32:53,406 - experiment_chaotic_lorenz_full_chaotic_run_0 - INFO - Train Epoch 32: [0/472 (0.0%)]	Loss: 0.339254
2026-01-10 12:33:02,573 - experiment_chaotic_lorenz_full_chaotic_run_0 - INFO - Epoch 32: Train Loss: 0.2157, Train Acc: 0.9576, Val Loss: 5.6046, Val Acc: 0.1461
2026-01-10 12:33:03,494 - experiment_chaotic_lorenz_full_chaotic_run_0 - INFO - Train Epoch 33: [0/472 (0.0%)]	Loss: 0.196994
2026-01-10 12:33:12,600 - experiment_chaotic_lorenz_full_chaotic_run_0 - INFO - Epoch 33: Train Loss: 0.1731, Train Acc: 0.9665, Val Loss: 4.3469, Val Acc: 0.2809
2026-01-10 12:33:13,511 - experiment_chaotic_lorenz_full_chaotic_run_0 - INFO - Train Epoch 34: [0/472 (0.0%)]	Loss: 0.113831
2026-01-10 12:33:22,404 - experiment_chaotic_lorenz_full_chaotic_run_0 - INFO - Epoch 34: Train Loss: 0.1512, Train Acc: 0.9732, Val Loss: 6.5183, Val Acc: 0.1011
2026-01-10 12:33:23,165 - experiment_chaotic_lorenz_full_chaotic_run_0 - INFO - Train Epoch 35: [0/472 (0.0%)]	Loss: 0.261572
2026-01-10 12:33:30,899 - experiment_chaotic_lorenz_full_chaotic_run_0 - INFO - Epoch 35: Train Loss: 0.1934, Train Acc: 0.9710, Val Loss: 3.3686, Val Acc: 0.3034
2026-01-10 12:33:30,981 - experiment_chaotic_lorenz_full_chaotic_run_0 - INFO - Saved new best model at epoch 35
2026-01-10 12:33:31,719 - experiment_chaotic_lorenz_full_chaotic_run_0 - INFO - Train Epoch 36: [0/472 (0.0%)]	Loss: 0.070509
2026-01-10 12:33:39,351 - experiment_chaotic_lorenz_full_chaotic_run_0 - INFO - Epoch 36: Train Loss: 0.1272, Train Acc: 0.9754, Val Loss: 6.0581, Val Acc: 0.1348
2026-01-10 12:33:40,074 - experiment_chaotic_lorenz_full_chaotic_run_0 - INFO - Train Epoch 37: [0/472 (0.0%)]	Loss: 0.181992
2026-01-10 12:33:47,865 - experiment_chaotic_lorenz_full_chaotic_run_0 - INFO - Epoch 37: Train Loss: 0.1366, Train Acc: 0.9754, Val Loss: 7.0254, Val Acc: 0.0562
2026-01-10 12:33:48,586 - experiment_chaotic_lorenz_full_chaotic_run_0 - INFO - Train Epoch 38: [0/472 (0.0%)]	Loss: 0.115768
2026-01-10 12:33:56,405 - experiment_chaotic_lorenz_full_chaotic_run_0 - INFO - Epoch 38: Train Loss: 0.1029, Train Acc: 0.9821, Val Loss: 3.7866, Val Acc: 0.3483
2026-01-10 12:33:56,507 - experiment_chaotic_lorenz_full_chaotic_run_0 - INFO - Saved new best model at epoch 38
2026-01-10 12:33:57,254 - experiment_chaotic_lorenz_full_chaotic_run_0 - INFO - Train Epoch 39: [0/472 (0.0%)]	Loss: 0.157658
2026-01-10 12:34:05,875 - experiment_chaotic_lorenz_full_chaotic_run_0 - INFO - Epoch 39: Train Loss: 0.0947, Train Acc: 0.9866, Val Loss: 6.0170, Val Acc: 0.1348
2026-01-10 12:34:06,621 - experiment_chaotic_lorenz_full_chaotic_run_0 - INFO - Train Epoch 40: [0/472 (0.0%)]	Loss: 0.068785
2026-01-10 12:34:16,119 - experiment_chaotic_lorenz_full_chaotic_run_0 - INFO - Epoch 40: Train Loss: 0.1162, Train Acc: 0.9799, Val Loss: 3.1381, Val Acc: 0.3820
2026-01-10 12:34:16,200 - experiment_chaotic_lorenz_full_chaotic_run_0 - INFO - Saved new best model at epoch 40
2026-01-10 12:34:16,989 - experiment_chaotic_lorenz_full_chaotic_run_0 - INFO - Train Epoch 41: [0/472 (0.0%)]	Loss: 0.060954
2026-01-10 12:34:24,744 - experiment_chaotic_lorenz_full_chaotic_run_0 - INFO - Epoch 41: Train Loss: 0.0871, Train Acc: 0.9866, Val Loss: 3.1946, Val Acc: 0.3596
2026-01-10 12:34:25,447 - experiment_chaotic_lorenz_full_chaotic_run_0 - INFO - Train Epoch 42: [0/472 (0.0%)]	Loss: 0.070582
2026-01-10 12:34:33,302 - experiment_chaotic_lorenz_full_chaotic_run_0 - INFO - Epoch 42: Train Loss: 0.1241, Train Acc: 0.9732, Val Loss: 2.9383, Val Acc: 0.3596
2026-01-10 12:34:33,946 - experiment_chaotic_lorenz_full_chaotic_run_0 - INFO - Train Epoch 43: [0/472 (0.0%)]	Loss: 0.104698
2026-01-10 12:34:41,615 - experiment_chaotic_lorenz_full_chaotic_run_0 - INFO - Epoch 43: Train Loss: 0.0610, Train Acc: 0.9933, Val Loss: 4.8411, Val Acc: 0.2247
2026-01-10 12:34:42,330 - experiment_chaotic_lorenz_full_chaotic_run_0 - INFO - Train Epoch 44: [0/472 (0.0%)]	Loss: 0.107479
2026-01-10 12:34:49,803 - experiment_chaotic_lorenz_full_chaotic_run_0 - INFO - Epoch 44: Train Loss: 0.0922, Train Acc: 0.9732, Val Loss: 2.7903, Val Acc: 0.4719
2026-01-10 12:34:49,889 - experiment_chaotic_lorenz_full_chaotic_run_0 - INFO - Saved new best model at epoch 44
2026-01-10 12:34:50,660 - experiment_chaotic_lorenz_full_chaotic_run_0 - INFO - Train Epoch 45: [0/472 (0.0%)]	Loss: 0.032981
2026-01-10 12:34:59,584 - experiment_chaotic_lorenz_full_chaotic_run_0 - INFO - Epoch 45: Train Loss: 0.0870, Train Acc: 0.9866, Val Loss: 4.5646, Val Acc: 0.3596
2026-01-10 12:35:00,488 - experiment_chaotic_lorenz_full_chaotic_run_0 - INFO - Train Epoch 46: [0/472 (0.0%)]	Loss: 0.091753
2026-01-10 12:35:08,736 - experiment_chaotic_lorenz_full_chaotic_run_0 - INFO - Epoch 46: Train Loss: 0.1016, Train Acc: 0.9777, Val Loss: 5.0739, Val Acc: 0.2022
2026-01-10 12:35:09,542 - experiment_chaotic_lorenz_full_chaotic_run_0 - INFO - Train Epoch 47: [0/472 (0.0%)]	Loss: 0.037324
2026-01-10 12:35:17,982 - experiment_chaotic_lorenz_full_chaotic_run_0 - INFO - Epoch 47: Train Loss: 0.0751, Train Acc: 0.9888, Val Loss: 4.2699, Val Acc: 0.4045
2026-01-10 12:35:18,851 - experiment_chaotic_lorenz_full_chaotic_run_0 - INFO - Train Epoch 48: [0/472 (0.0%)]	Loss: 0.015829
2026-01-10 12:35:26,810 - experiment_chaotic_lorenz_full_chaotic_run_0 - INFO - Epoch 48: Train Loss: 0.0860, Train Acc: 0.9844, Val Loss: 1.7342, Val Acc: 0.6292
2026-01-10 12:35:26,890 - experiment_chaotic_lorenz_full_chaotic_run_0 - INFO - Saved new best model at epoch 48
2026-01-10 12:35:27,674 - experiment_chaotic_lorenz_full_chaotic_run_0 - INFO - Train Epoch 49: [0/472 (0.0%)]	Loss: 0.093769
2026-01-10 12:35:35,520 - experiment_chaotic_lorenz_full_chaotic_run_0 - INFO - Epoch 49: Train Loss: 0.0750, Train Acc: 0.9844, Val Loss: 4.0002, Val Acc: 0.3596
2026-01-10 12:35:36,254 - experiment_chaotic_lorenz_full_chaotic_run_0 - INFO - Train Epoch 50: [0/472 (0.0%)]	Loss: 0.537468
2026-01-10 12:35:44,152 - experiment_chaotic_lorenz_full_chaotic_run_0 - INFO - Epoch 50: Train Loss: 0.5516, Train Acc: 0.9844, Val Loss: 4.1806, Val Acc: 0.3034
2026-01-10 12:35:44,900 - experiment_chaotic_lorenz_full_chaotic_run_0 - INFO - Train Epoch 51: [0/472 (0.0%)]	Loss: 0.513926
2026-01-10 12:35:52,765 - experiment_chaotic_lorenz_full_chaotic_run_0 - INFO - Epoch 51: Train Loss: 0.5558, Train Acc: 0.9866, Val Loss: 9.2301, Val Acc: 0.0449
2026-01-10 12:35:53,449 - experiment_chaotic_lorenz_full_chaotic_run_0 - INFO - Train Epoch 52: [0/472 (0.0%)]	Loss: 0.578839
2026-01-10 12:36:01,251 - experiment_chaotic_lorenz_full_chaotic_run_0 - INFO - Epoch 52: Train Loss: 0.5599, Train Acc: 0.9732, Val Loss: 5.2934, Val Acc: 0.1910
2026-01-10 12:36:01,955 - experiment_chaotic_lorenz_full_chaotic_run_0 - INFO - Train Epoch 53: [0/472 (0.0%)]	Loss: 0.526777
2026-01-10 12:36:10,736 - experiment_chaotic_lorenz_full_chaotic_run_0 - INFO - Epoch 53: Train Loss: 0.5381, Train Acc: 0.9888, Val Loss: 3.0404, Val Acc: 0.3933
2026-01-10 12:36:11,450 - experiment_chaotic_lorenz_full_chaotic_run_0 - INFO - Train Epoch 54: [0/472 (0.0%)]	Loss: 0.470744
2026-01-10 12:36:20,647 - experiment_chaotic_lorenz_full_chaotic_run_0 - INFO - Epoch 54: Train Loss: 0.5152, Train Acc: 0.9866, Val Loss: 3.5343, Val Acc: 0.3820
2026-01-10 12:36:21,307 - experiment_chaotic_lorenz_full_chaotic_run_0 - INFO - Train Epoch 55: [0/472 (0.0%)]	Loss: 0.503715
2026-01-10 12:36:29,198 - experiment_chaotic_lorenz_full_chaotic_run_0 - INFO - Epoch 55: Train Loss: 0.5640, Train Acc: 0.9844, Val Loss: 5.7748, Val Acc: 0.1910
2026-01-10 12:36:29,918 - experiment_chaotic_lorenz_full_chaotic_run_0 - INFO - Train Epoch 56: [0/472 (0.0%)]	Loss: 0.523238
2026-01-10 12:36:37,920 - experiment_chaotic_lorenz_full_chaotic_run_0 - INFO - Epoch 56: Train Loss: 0.5313, Train Acc: 0.9866, Val Loss: 8.9096, Val Acc: 0.0449
2026-01-10 12:36:38,566 - experiment_chaotic_lorenz_full_chaotic_run_0 - INFO - Train Epoch 57: [0/472 (0.0%)]	Loss: 0.564885
2026-01-10 12:36:48,368 - experiment_chaotic_lorenz_full_chaotic_run_0 - INFO - Epoch 57: Train Loss: 0.5885, Train Acc: 0.9576, Val Loss: 8.6576, Val Acc: 0.0449
2026-01-10 12:36:49,073 - experiment_chaotic_lorenz_full_chaotic_run_0 - INFO - Train Epoch 58: [0/472 (0.0%)]	Loss: 0.459172
2026-01-10 12:36:58,844 - experiment_chaotic_lorenz_full_chaotic_run_0 - INFO - Epoch 58: Train Loss: 0.5142, Train Acc: 0.9821, Val Loss: 1.5241, Val Acc: 0.5843
2026-01-10 12:36:59,534 - experiment_chaotic_lorenz_full_chaotic_run_0 - INFO - Train Epoch 59: [0/472 (0.0%)]	Loss: 0.536219
2026-01-10 12:37:09,582 - experiment_chaotic_lorenz_full_chaotic_run_0 - INFO - Epoch 59: Train Loss: 0.6213, Train Acc: 0.9554, Val Loss: 7.7709, Val Acc: 0.1236
2026-01-10 12:37:10,255 - experiment_chaotic_lorenz_full_chaotic_run_0 - INFO - Train Epoch 60: [0/472 (0.0%)]	Loss: 0.659938
2026-01-10 12:37:19,186 - experiment_chaotic_lorenz_full_chaotic_run_0 - INFO - Epoch 60: Train Loss: 0.5023, Train Acc: 0.9933, Val Loss: 7.3260, Val Acc: 0.1348
2026-01-10 12:37:19,979 - experiment_chaotic_lorenz_full_chaotic_run_0 - INFO - Train Epoch 61: [0/472 (0.0%)]	Loss: 0.462056
2026-01-10 12:37:28,925 - experiment_chaotic_lorenz_full_chaotic_run_0 - INFO - Epoch 61: Train Loss: 0.4891, Train Acc: 0.9933, Val Loss: 1.0396, Val Acc: 0.7416
2026-01-10 12:37:29,011 - experiment_chaotic_lorenz_full_chaotic_run_0 - INFO - Saved new best model at epoch 61
2026-01-10 12:37:29,907 - experiment_chaotic_lorenz_full_chaotic_run_0 - INFO - Train Epoch 62: [0/472 (0.0%)]	Loss: 0.517053
2026-01-10 12:37:37,703 - experiment_chaotic_lorenz_full_chaotic_run_0 - INFO - Epoch 62: Train Loss: 0.5349, Train Acc: 0.9821, Val Loss: 6.1570, Val Acc: 0.1573
2026-01-10 12:37:38,335 - experiment_chaotic_lorenz_full_chaotic_run_0 - INFO - Train Epoch 63: [0/472 (0.0%)]	Loss: 0.447645
2026-01-10 12:37:46,227 - experiment_chaotic_lorenz_full_chaotic_run_0 - INFO - Epoch 63: Train Loss: 0.4768, Train Acc: 0.9955, Val Loss: 2.6599, Val Acc: 0.5169
2026-01-10 12:37:46,870 - experiment_chaotic_lorenz_full_chaotic_run_0 - INFO - Train Epoch 64: [0/472 (0.0%)]	Loss: 0.486836
2026-01-10 12:37:54,885 - experiment_chaotic_lorenz_full_chaotic_run_0 - INFO - Epoch 64: Train Loss: 0.4854, Train Acc: 0.9888, Val Loss: 5.7126, Val Acc: 0.1461
2026-01-10 12:37:55,591 - experiment_chaotic_lorenz_full_chaotic_run_0 - INFO - Train Epoch 65: [0/472 (0.0%)]	Loss: 0.466019
2026-01-10 12:38:04,340 - experiment_chaotic_lorenz_full_chaotic_run_0 - INFO - Epoch 65: Train Loss: 0.5125, Train Acc: 0.9777, Val Loss: 5.4084, Val Acc: 0.1461
2026-01-10 12:38:05,049 - experiment_chaotic_lorenz_full_chaotic_run_0 - INFO - Train Epoch 66: [0/472 (0.0%)]	Loss: 0.461378
2026-01-10 12:38:14,909 - experiment_chaotic_lorenz_full_chaotic_run_0 - INFO - Epoch 66: Train Loss: 0.4783, Train Acc: 0.9933, Val Loss: 0.7364, Val Acc: 0.8202
2026-01-10 12:38:14,997 - experiment_chaotic_lorenz_full_chaotic_run_0 - INFO - Saved new best model at epoch 66
2026-01-10 12:38:15,710 - experiment_chaotic_lorenz_full_chaotic_run_0 - INFO - Train Epoch 67: [0/472 (0.0%)]	Loss: 0.537363
2026-01-10 12:38:25,604 - experiment_chaotic_lorenz_full_chaotic_run_0 - INFO - Epoch 67: Train Loss: 0.4833, Train Acc: 0.9799, Val Loss: 2.2716, Val Acc: 0.5506
2026-01-10 12:38:26,221 - experiment_chaotic_lorenz_full_chaotic_run_0 - INFO - Train Epoch 68: [0/472 (0.0%)]	Loss: 0.426524
2026-01-10 12:38:34,835 - experiment_chaotic_lorenz_full_chaotic_run_0 - INFO - Epoch 68: Train Loss: 0.4741, Train Acc: 0.9844, Val Loss: 0.4498, Val Acc: 0.8764
2026-01-10 12:38:34,929 - experiment_chaotic_lorenz_full_chaotic_run_0 - INFO - Saved new best model at epoch 68
2026-01-10 12:38:35,629 - experiment_chaotic_lorenz_full_chaotic_run_0 - INFO - Train Epoch 69: [0/472 (0.0%)]	Loss: 0.461375
2026-01-10 12:38:45,329 - experiment_chaotic_lorenz_full_chaotic_run_0 - INFO - Epoch 69: Train Loss: 0.4311, Train Acc: 0.9888, Val Loss: 0.7869, Val Acc: 0.7753
2026-01-10 12:38:46,044 - experiment_chaotic_lorenz_full_chaotic_run_0 - INFO - Train Epoch 70: [0/472 (0.0%)]	Loss: 0.393186
2026-01-10 12:38:54,910 - experiment_chaotic_lorenz_full_chaotic_run_0 - INFO - Epoch 70: Train Loss: 0.4461, Train Acc: 0.9844, Val Loss: 0.8865, Val Acc: 0.7753
2026-01-10 12:38:55,668 - experiment_chaotic_lorenz_full_chaotic_run_0 - INFO - Train Epoch 71: [0/472 (0.0%)]	Loss: 0.412975
2026-01-10 12:39:05,524 - experiment_chaotic_lorenz_full_chaotic_run_0 - INFO - Epoch 71: Train Loss: 0.4506, Train Acc: 0.9799, Val Loss: 1.3177, Val Acc: 0.6966
2026-01-10 12:39:06,258 - experiment_chaotic_lorenz_full_chaotic_run_0 - INFO - Train Epoch 72: [0/472 (0.0%)]	Loss: 0.553740
2026-01-10 12:39:16,113 - experiment_chaotic_lorenz_full_chaotic_run_0 - INFO - Epoch 72: Train Loss: 0.4621, Train Acc: 0.9844, Val Loss: 0.6496, Val Acc: 0.8539
2026-01-10 12:39:16,831 - experiment_chaotic_lorenz_full_chaotic_run_0 - INFO - Train Epoch 73: [0/472 (0.0%)]	Loss: 0.468493
2026-01-10 12:39:26,674 - experiment_chaotic_lorenz_full_chaotic_run_0 - INFO - Epoch 73: Train Loss: 0.4914, Train Acc: 0.9665, Val Loss: 0.3067, Val Acc: 0.9213
2026-01-10 12:39:26,775 - experiment_chaotic_lorenz_full_chaotic_run_0 - INFO - Saved new best model at epoch 73
2026-01-10 12:39:27,462 - experiment_chaotic_lorenz_full_chaotic_run_0 - INFO - Train Epoch 74: [0/472 (0.0%)]	Loss: 0.548913
2026-01-10 12:39:37,483 - experiment_chaotic_lorenz_full_chaotic_run_0 - INFO - Epoch 74: Train Loss: 0.4839, Train Acc: 0.9821, Val Loss: 0.2354, Val Acc: 0.9326
2026-01-10 12:39:37,569 - experiment_chaotic_lorenz_full_chaotic_run_0 - INFO - Saved new best model at epoch 74
2026-01-10 12:39:38,258 - experiment_chaotic_lorenz_full_chaotic_run_0 - INFO - Train Epoch 75: [0/472 (0.0%)]	Loss: 0.553268
2026-01-10 12:39:48,047 - experiment_chaotic_lorenz_full_chaotic_run_0 - INFO - Epoch 75: Train Loss: 0.4655, Train Acc: 0.9777, Val Loss: 0.4437, Val Acc: 0.8427
2026-01-10 12:39:48,758 - experiment_chaotic_lorenz_full_chaotic_run_0 - INFO - Train Epoch 76: [0/472 (0.0%)]	Loss: 0.416770
2026-01-10 12:39:57,090 - experiment_chaotic_lorenz_full_chaotic_run_0 - INFO - Epoch 76: Train Loss: 0.4496, Train Acc: 0.9933, Val Loss: 0.7574, Val Acc: 0.8090
2026-01-10 12:39:57,754 - experiment_chaotic_lorenz_full_chaotic_run_0 - INFO - Train Epoch 77: [0/472 (0.0%)]	Loss: 0.377900
2026-01-10 12:40:05,671 - experiment_chaotic_lorenz_full_chaotic_run_0 - INFO - Epoch 77: Train Loss: 0.5102, Train Acc: 0.9754, Val Loss: 1.1999, Val Acc: 0.6966
2026-01-10 12:40:06,353 - experiment_chaotic_lorenz_full_chaotic_run_0 - INFO - Train Epoch 78: [0/472 (0.0%)]	Loss: 0.369407
2026-01-10 12:40:16,297 - experiment_chaotic_lorenz_full_chaotic_run_0 - INFO - Epoch 78: Train Loss: 0.4523, Train Acc: 0.9754, Val Loss: 0.1915, Val Acc: 0.9438
2026-01-10 12:40:16,377 - experiment_chaotic_lorenz_full_chaotic_run_0 - INFO - Saved new best model at epoch 78
2026-01-10 12:40:17,057 - experiment_chaotic_lorenz_full_chaotic_run_0 - INFO - Train Epoch 79: [0/472 (0.0%)]	Loss: 0.482979
2026-01-10 12:40:25,092 - experiment_chaotic_lorenz_full_chaotic_run_0 - INFO - Epoch 79: Train Loss: 0.4757, Train Acc: 0.9732, Val Loss: 0.3222, Val Acc: 0.9438
2026-01-10 12:40:25,894 - experiment_chaotic_lorenz_full_chaotic_run_0 - INFO - Train Epoch 80: [0/472 (0.0%)]	Loss: 0.457305
2026-01-10 12:40:35,060 - experiment_chaotic_lorenz_full_chaotic_run_0 - INFO - Epoch 80: Train Loss: 0.4463, Train Acc: 0.9888, Val Loss: 0.4110, Val Acc: 0.8989
2026-01-10 12:40:35,823 - experiment_chaotic_lorenz_full_chaotic_run_0 - INFO - Train Epoch 81: [0/472 (0.0%)]	Loss: 0.382327
2026-01-10 12:40:45,719 - experiment_chaotic_lorenz_full_chaotic_run_0 - INFO - Epoch 81: Train Loss: 0.4582, Train Acc: 0.9732, Val Loss: 0.5428, Val Acc: 0.8876
2026-01-10 12:40:46,426 - experiment_chaotic_lorenz_full_chaotic_run_0 - INFO - Train Epoch 82: [0/472 (0.0%)]	Loss: 0.454386
2026-01-10 12:40:54,349 - experiment_chaotic_lorenz_full_chaotic_run_0 - INFO - Epoch 82: Train Loss: 0.4292, Train Acc: 0.9821, Val Loss: 0.2261, Val Acc: 0.9326
2026-01-10 12:40:55,042 - experiment_chaotic_lorenz_full_chaotic_run_0 - INFO - Train Epoch 83: [0/472 (0.0%)]	Loss: 0.414041
2026-01-10 12:41:03,453 - experiment_chaotic_lorenz_full_chaotic_run_0 - INFO - Epoch 83: Train Loss: 0.4398, Train Acc: 0.9866, Val Loss: 0.6237, Val Acc: 0.8315
2026-01-10 12:41:04,171 - experiment_chaotic_lorenz_full_chaotic_run_0 - INFO - Train Epoch 84: [0/472 (0.0%)]	Loss: 0.368233
2026-01-10 12:41:14,069 - experiment_chaotic_lorenz_full_chaotic_run_0 - INFO - Epoch 84: Train Loss: 0.4263, Train Acc: 0.9888, Val Loss: 0.3068, Val Acc: 0.8989
2026-01-10 12:41:14,788 - experiment_chaotic_lorenz_full_chaotic_run_0 - INFO - Train Epoch 85: [0/472 (0.0%)]	Loss: 0.462991
2026-01-10 12:41:24,606 - experiment_chaotic_lorenz_full_chaotic_run_0 - INFO - Epoch 85: Train Loss: 0.4189, Train Acc: 0.9911, Val Loss: 0.4083, Val Acc: 0.8764
2026-01-10 12:41:25,313 - experiment_chaotic_lorenz_full_chaotic_run_0 - INFO - Train Epoch 86: [0/472 (0.0%)]	Loss: 0.417077
2026-01-10 12:41:34,950 - experiment_chaotic_lorenz_full_chaotic_run_0 - INFO - Epoch 86: Train Loss: 0.4167, Train Acc: 0.9844, Val Loss: 0.2640, Val Acc: 0.9213
2026-01-10 12:41:35,618 - experiment_chaotic_lorenz_full_chaotic_run_0 - INFO - Train Epoch 87: [0/472 (0.0%)]	Loss: 0.502394
2026-01-10 12:41:43,659 - experiment_chaotic_lorenz_full_chaotic_run_0 - INFO - Epoch 87: Train Loss: 0.4496, Train Acc: 0.9754, Val Loss: 0.2733, Val Acc: 0.8989
2026-01-10 12:41:44,478 - experiment_chaotic_lorenz_full_chaotic_run_0 - INFO - Train Epoch 88: [0/472 (0.0%)]	Loss: 0.377472
2026-01-10 12:41:52,355 - experiment_chaotic_lorenz_full_chaotic_run_0 - INFO - Epoch 88: Train Loss: 0.3968, Train Acc: 0.9888, Val Loss: 0.2350, Val Acc: 0.9438
2026-01-10 12:41:53,177 - experiment_chaotic_lorenz_full_chaotic_run_0 - INFO - Train Epoch 89: [0/472 (0.0%)]	Loss: 0.465272
2026-01-10 12:42:01,235 - experiment_chaotic_lorenz_full_chaotic_run_0 - INFO - Epoch 89: Train Loss: 0.4132, Train Acc: 0.9888, Val Loss: 0.2432, Val Acc: 0.9326
2026-01-10 12:42:01,923 - experiment_chaotic_lorenz_full_chaotic_run_0 - INFO - Train Epoch 90: [0/472 (0.0%)]	Loss: 0.375893
2026-01-10 12:42:10,766 - experiment_chaotic_lorenz_full_chaotic_run_0 - INFO - Epoch 90: Train Loss: 0.4411, Train Acc: 0.9821, Val Loss: 0.1973, Val Acc: 0.9326
2026-01-10 12:42:11,475 - experiment_chaotic_lorenz_full_chaotic_run_0 - INFO - Train Epoch 91: [0/472 (0.0%)]	Loss: 0.427664
2026-01-10 12:42:19,410 - experiment_chaotic_lorenz_full_chaotic_run_0 - INFO - Epoch 91: Train Loss: 0.4012, Train Acc: 0.9844, Val Loss: 0.1788, Val Acc: 0.9326
2026-01-10 12:42:20,087 - experiment_chaotic_lorenz_full_chaotic_run_0 - INFO - Train Epoch 92: [0/472 (0.0%)]	Loss: 0.396165
2026-01-10 12:42:28,030 - experiment_chaotic_lorenz_full_chaotic_run_0 - INFO - Epoch 92: Train Loss: 0.4184, Train Acc: 0.9866, Val Loss: 0.1611, Val Acc: 0.9326
2026-01-10 12:42:28,710 - experiment_chaotic_lorenz_full_chaotic_run_0 - INFO - Train Epoch 93: [0/472 (0.0%)]	Loss: 0.383689
2026-01-10 12:42:36,772 - experiment_chaotic_lorenz_full_chaotic_run_0 - INFO - Epoch 93: Train Loss: 0.4230, Train Acc: 0.9866, Val Loss: 0.1584, Val Acc: 0.9438
2026-01-10 12:42:37,513 - experiment_chaotic_lorenz_full_chaotic_run_0 - INFO - Train Epoch 94: [0/472 (0.0%)]	Loss: 0.432557
2026-01-10 12:42:45,354 - experiment_chaotic_lorenz_full_chaotic_run_0 - INFO - Epoch 94: Train Loss: 0.4049, Train Acc: 0.9911, Val Loss: 0.1609, Val Acc: 0.9438
2026-01-10 12:42:46,047 - experiment_chaotic_lorenz_full_chaotic_run_0 - INFO - Train Epoch 95: [0/472 (0.0%)]	Loss: 0.438564
2026-01-10 12:42:53,906 - experiment_chaotic_lorenz_full_chaotic_run_0 - INFO - Epoch 95: Train Loss: 0.4268, Train Acc: 0.9777, Val Loss: 0.1580, Val Acc: 0.9326
2026-01-10 12:42:54,599 - experiment_chaotic_lorenz_full_chaotic_run_0 - INFO - Train Epoch 96: [0/472 (0.0%)]	Loss: 0.413214
2026-01-10 12:43:02,528 - experiment_chaotic_lorenz_full_chaotic_run_0 - INFO - Epoch 96: Train Loss: 0.4042, Train Acc: 0.9844, Val Loss: 0.1734, Val Acc: 0.9438
2026-01-10 12:43:03,192 - experiment_chaotic_lorenz_full_chaotic_run_0 - INFO - Train Epoch 97: [0/472 (0.0%)]	Loss: 0.405887
2026-01-10 12:43:11,078 - experiment_chaotic_lorenz_full_chaotic_run_0 - INFO - Epoch 97: Train Loss: 0.4046, Train Acc: 0.9933, Val Loss: 0.1829, Val Acc: 0.9438
2026-01-10 12:43:11,766 - experiment_chaotic_lorenz_full_chaotic_run_0 - INFO - Train Epoch 98: [0/472 (0.0%)]	Loss: 0.384484
2026-01-10 12:43:19,738 - experiment_chaotic_lorenz_full_chaotic_run_0 - INFO - Epoch 98: Train Loss: 0.3908, Train Acc: 0.9933, Val Loss: 0.1764, Val Acc: 0.9438
2026-01-10 12:43:20,436 - experiment_chaotic_lorenz_full_chaotic_run_0 - INFO - Train Epoch 99: [0/472 (0.0%)]	Loss: 0.421802
2026-01-10 12:43:27,921 - experiment_chaotic_lorenz_full_chaotic_run_0 - INFO - Epoch 99: Train Loss: 0.4219, Train Acc: 0.9866, Val Loss: 0.1751, Val Acc: 0.9438
2026-01-10 12:43:27,926 - experiment_chaotic_lorenz_full_chaotic_run_0 - INFO - Running final test evaluation...
2026-01-10 12:43:28,762 - experiment_chaotic_lorenz_full_chaotic_run_0 - INFO - Test Results:
2026-01-10 12:43:28,762 - experiment_chaotic_lorenz_full_chaotic_run_0 - INFO -   loss: 0.1912
2026-01-10 12:43:28,762 - experiment_chaotic_lorenz_full_chaotic_run_0 - INFO -   accuracy: 0.9322
2026-01-10 12:43:28,762 - experiment_chaotic_lorenz_full_chaotic_run_0 - INFO -   avg_confidence: 0.9967
2026-01-10 12:43:28,762 - experiment_chaotic_lorenz_full_chaotic_run_0 - INFO -   embedding_diversity: 0.1275
2026-01-10 12:43:28,762 - experiment_chaotic_lorenz_full_chaotic_run_0 - INFO -   embedding_norm_mean: 1.0000
2026-01-10 12:43:28,762 - experiment_chaotic_lorenz_full_chaotic_run_0 - INFO -   embedding_norm_std: 0.0000
2026-01-10 12:43:28,764 - experiment_chaotic_lorenz_full_chaotic_run_0 - INFO - Training completed
2026-01-10 12:43:29,600 - experiment_chaotic_lorenz_full_chaotic_run_0 - INFO - Running comprehensive chaotic network analysis...
2026-01-10 12:43:29,600 - experiment_chaotic_lorenz_full_chaotic_run_0 - INFO - Analyzing chaotic features and dynamics...
2026-01-10 12:43:30,470 - experiment_chaotic_lorenz_full_chaotic_run_0 - INFO - Chaotic analysis completed
2026-01-10 12:43:30,472 - experiment_chaotic_lorenz_full_chaotic_run_0 - INFO - Creating chaotic dynamics visualizations...
2026-01-10 12:43:33,012 - experiment_chaotic_lorenz_full_chaotic_run_0 - WARNING - Embedding plotting failed: boolean index did not match indexed array along dimension 0; dimension is 8 but corresponding boolean dimension is 32
2026-01-10 12:43:33,030 - experiment_chaotic_lorenz_full_chaotic_run_0 - INFO - Chaotic network analysis completed
