{"recurrence_rate": 0.15122235084218227, "determinism": 0.8988659533380334, "avg_diag_length": 8.770627062706271, "laminarity": 0.9974774746367958, "avg_vert_length": 6.673118098110979}