2026-01-09 22:57:48,098 - experiment_chaotic_lorenz_full_chaotic_run_0 - INFO - Initialized experiment: chaotic_lorenz_full_chaotic_run_0
2026-01-09 22:57:48,099 - experiment_chaotic_lorenz_full_chaotic_run_0 - INFO - Device: cuda
2026-01-09 22:57:48,099 - experiment_chaotic_lorenz_full_chaotic_run_0 - INFO - Output directory: /scratch/project_2003370/yueyao/Model/experiments/configs/sync_experiments/B2/experiments/chaotic_lorenz_full_chaotic_run_0
2026-01-09 22:57:48,099 - experiment_chaotic_lorenz_full_chaotic_run_0 - INFO - Initialized chaotic network experiment with lorenz system
2026-01-09 22:57:48,099 - experiment_chaotic_lorenz_full_chaotic_run_0 - INFO - Setting up experiment components...
2026-01-09 22:57:48,099 - experiment_chaotic_lorenz_full_chaotic_run_0 - INFO - Creating dataloaders...
2026-01-09 22:57:51,836 - experiment_chaotic_lorenz_full_chaotic_run_0 - INFO - Detected 26 speakers in dataset
2026-01-09 22:57:51,836 - experiment_chaotic_lorenz_full_chaotic_run_0 - INFO - Dataloaders created:
2026-01-09 22:57:51,836 - experiment_chaotic_lorenz_full_chaotic_run_0 - INFO -   Train: 14 batches
2026-01-09 22:57:51,836 - experiment_chaotic_lorenz_full_chaotic_run_0 - INFO -   Val: 3 batches
2026-01-09 22:57:51,836 - experiment_chaotic_lorenz_full_chaotic_run_0 - INFO -   Test: 4 batches
2026-01-09 22:57:51,836 - experiment_chaotic_lorenz_full_chaotic_run_0 - INFO - Creating model...
2026-01-09 22:57:51,836 - experiment_chaotic_lorenz_full_chaotic_run_0 - INFO - Using actual num_speakers from dataset: 26
2026-01-09 22:57:51,836 - experiment_chaotic_lorenz_full_chaotic_run_0 - INFO - [BIFURCATION] use_bifurcation_control=False
2026-01-09 22:58:22,847 - experiment_chaotic_lorenz_full_chaotic_run_0 - INFO - Total parameters: 458,181
2026-01-09 22:58:22,847 - experiment_chaotic_lorenz_full_chaotic_run_0 - INFO - Trainable parameters: 458,181
2026-01-09 22:58:22,847 - experiment_chaotic_lorenz_full_chaotic_run_0 - INFO - Creating optimizer...
2026-01-09 22:58:23,981 - experiment_chaotic_lorenz_full_chaotic_run_0 - INFO - Optimizer: AdamW
2026-01-09 22:58:23,981 - experiment_chaotic_lorenz_full_chaotic_run_0 - INFO - Creating scheduler...
2026-01-09 22:58:23,981 - experiment_chaotic_lorenz_full_chaotic_run_0 - INFO - Scheduler: CosineAnnealingLR
2026-01-09 22:58:23,981 - experiment_chaotic_lorenz_full_chaotic_run_0 - INFO - Creating criterion...
2026-01-09 22:58:23,981 - experiment_chaotic_lorenz_full_chaotic_run_0 - INFO - Criterion: CrossEntropyLoss
2026-01-09 22:58:24,025 - experiment_chaotic_lorenz_full_chaotic_run_0 - INFO - Configuration saved to: /scratch/project_2003370/yueyao/Model/experiments/configs/sync_experiments/B2/experiments/chaotic_lorenz_full_chaotic_run_0/config.json
2026-01-09 22:58:24,025 - experiment_chaotic_lorenz_full_chaotic_run_0 - INFO - Experiment setup completed
2026-01-09 22:58:24,026 - experiment_chaotic_lorenz_full_chaotic_run_0 - INFO - Starting training for 100 epochs
2026-01-09 22:58:24,184 - experiment_chaotic_lorenz_full_chaotic_run_0 - INFO - 
================================================================================
2026-01-09 22:58:24,185 - experiment_chaotic_lorenz_full_chaotic_run_0 - INFO - COMPREHENSIVE DEBUG - FIRST BATCH
2026-01-09 22:58:24,185 - experiment_chaotic_lorenz_full_chaotic_run_0 - INFO - ================================================================================
2026-01-09 22:58:24,185 - experiment_chaotic_lorenz_full_chaotic_run_0 - INFO - Batch Info:
2026-01-09 22:58:24,185 - experiment_chaotic_lorenz_full_chaotic_run_0 - INFO -   Audio shape: torch.Size([32, 48000])
2026-01-09 22:58:24,185 - experiment_chaotic_lorenz_full_chaotic_run_0 - INFO -   Targets shape: torch.Size([32])
2026-01-09 22:58:24,190 - experiment_chaotic_lorenz_full_chaotic_run_0 - INFO -   Targets (first 8): tensor([19, 24, 16, 12, 16, 10,  8,  2], device='cuda:0')
2026-01-09 22:58:24,805 - experiment_chaotic_lorenz_full_chaotic_run_0 - INFO - ================================================================================

2026-01-09 22:58:24,807 - experiment_chaotic_lorenz_full_chaotic_run_0 - INFO - [ADVERSARIAL] Initialized AdversarialChaoticAugmentation
2026-01-09 22:58:25,067 - experiment_chaotic_lorenz_full_chaotic_run_0 - INFO - [STABILITY] Initialized LyapunovStabilityLoss
2026-01-09 22:58:25,921 - experiment_chaotic_lorenz_full_chaotic_run_0 - INFO - Train Epoch 0: [0/472 (0.0%)]	Loss: 4.768258
2026-01-09 22:58:34,534 - experiment_chaotic_lorenz_full_chaotic_run_0 - INFO - [ADVERSARIAL] Warmup: epoch 1/5
2026-01-09 22:58:35,543 - experiment_chaotic_lorenz_full_chaotic_run_0 - INFO - Epoch 0: Train Loss: 4.4630, Train Acc: 0.0603, Val Loss: 4.5630, Val Acc: 0.0449
2026-01-09 22:58:35,624 - experiment_chaotic_lorenz_full_chaotic_run_0 - INFO - Saved new best model at epoch 0
2026-01-09 22:58:36,625 - experiment_chaotic_lorenz_full_chaotic_run_0 - INFO - Train Epoch 1: [0/472 (0.0%)]	Loss: 4.259068
2026-01-09 22:58:45,232 - experiment_chaotic_lorenz_full_chaotic_run_0 - INFO - [ADVERSARIAL] Warmup: epoch 2/5
2026-01-09 22:58:46,239 - experiment_chaotic_lorenz_full_chaotic_run_0 - INFO - Epoch 1: Train Loss: 4.1104, Train Acc: 0.0558, Val Loss: 4.3136, Val Acc: 0.0787
2026-01-09 22:58:46,322 - experiment_chaotic_lorenz_full_chaotic_run_0 - INFO - Saved new best model at epoch 1
2026-01-09 22:58:47,260 - experiment_chaotic_lorenz_full_chaotic_run_0 - INFO - Train Epoch 2: [0/472 (0.0%)]	Loss: 3.764395
2026-01-09 22:58:56,808 - experiment_chaotic_lorenz_full_chaotic_run_0 - INFO - [ADVERSARIAL] Warmup: epoch 3/5
2026-01-09 22:58:58,011 - experiment_chaotic_lorenz_full_chaotic_run_0 - INFO - Epoch 2: Train Loss: 3.7224, Train Acc: 0.1116, Val Loss: 4.3440, Val Acc: 0.0449
2026-01-09 22:58:59,031 - experiment_chaotic_lorenz_full_chaotic_run_0 - INFO - Train Epoch 3: [0/472 (0.0%)]	Loss: 3.499006
2026-01-09 22:59:09,614 - experiment_chaotic_lorenz_full_chaotic_run_0 - INFO - [ADVERSARIAL] Warmup: epoch 4/5
2026-01-09 22:59:10,880 - experiment_chaotic_lorenz_full_chaotic_run_0 - INFO - Epoch 3: Train Loss: 2.8970, Train Acc: 0.2031, Val Loss: 4.4971, Val Acc: 0.0449
2026-01-09 22:59:11,958 - experiment_chaotic_lorenz_full_chaotic_run_0 - INFO - Train Epoch 4: [0/472 (0.0%)]	Loss: 2.445978
2026-01-09 22:59:22,613 - experiment_chaotic_lorenz_full_chaotic_run_0 - INFO - [ADVERSARIAL] Warmup: epoch 5/5
2026-01-09 22:59:23,882 - experiment_chaotic_lorenz_full_chaotic_run_0 - INFO - Epoch 4: Train Loss: 2.3697, Train Acc: 0.3259, Val Loss: 4.8562, Val Acc: 0.0562
2026-01-09 22:59:24,697 - experiment_chaotic_lorenz_full_chaotic_run_0 - INFO - Train Epoch 5: [0/472 (0.0%)]	Loss: 2.476895
2026-01-09 22:59:31,143 - experiment_chaotic_lorenz_full_chaotic_run_0 - INFO - [ADVERSARIAL] Warmup complete, adversarial training activated!
2026-01-09 22:59:32,428 - experiment_chaotic_lorenz_full_chaotic_run_0 - INFO - Epoch 5: Train Loss: 2.7060, Train Acc: 0.3616, Val Loss: 5.5846, Val Acc: 0.0449
2026-01-09 22:59:33,228 - experiment_chaotic_lorenz_full_chaotic_run_0 - INFO - Train Epoch 6: [0/472 (0.0%)]	Loss: 2.193998
2026-01-09 22:59:41,378 - experiment_chaotic_lorenz_full_chaotic_run_0 - INFO - Epoch 6: Train Loss: 2.3944, Train Acc: 0.4554, Val Loss: 5.8486, Val Acc: 0.0449
2026-01-09 22:59:42,049 - experiment_chaotic_lorenz_full_chaotic_run_0 - INFO - Train Epoch 7: [0/472 (0.0%)]	Loss: 2.351676
2026-01-09 22:59:49,828 - experiment_chaotic_lorenz_full_chaotic_run_0 - INFO - Epoch 7: Train Loss: 1.8885, Train Acc: 0.5647, Val Loss: 5.9156, Val Acc: 0.0449
2026-01-09 22:59:50,623 - experiment_chaotic_lorenz_full_chaotic_run_0 - INFO - Train Epoch 8: [0/472 (0.0%)]	Loss: 1.246914
2026-01-09 22:59:58,419 - experiment_chaotic_lorenz_full_chaotic_run_0 - INFO - Epoch 8: Train Loss: 1.5199, Train Acc: 0.6384, Val Loss: 5.5363, Val Acc: 0.0899
2026-01-09 22:59:58,500 - experiment_chaotic_lorenz_full_chaotic_run_0 - INFO - Saved new best model at epoch 8
2026-01-09 22:59:59,292 - experiment_chaotic_lorenz_full_chaotic_run_0 - INFO - Train Epoch 9: [0/472 (0.0%)]	Loss: 0.986230
2026-01-09 23:00:07,074 - experiment_chaotic_lorenz_full_chaotic_run_0 - INFO - Epoch 9: Train Loss: 1.1409, Train Acc: 0.7388, Val Loss: 4.3011, Val Acc: 0.1573
2026-01-09 23:00:07,155 - experiment_chaotic_lorenz_full_chaotic_run_0 - INFO - Saved new best model at epoch 9
2026-01-09 23:00:07,972 - experiment_chaotic_lorenz_full_chaotic_run_0 - INFO - Train Epoch 10: [0/472 (0.0%)]	Loss: 0.710439
2026-01-09 23:00:15,710 - experiment_chaotic_lorenz_full_chaotic_run_0 - INFO - Epoch 10: Train Loss: 0.9683, Train Acc: 0.7656, Val Loss: 5.7342, Val Acc: 0.0449
2026-01-09 23:00:16,552 - experiment_chaotic_lorenz_full_chaotic_run_0 - INFO - Train Epoch 11: [0/472 (0.0%)]	Loss: 0.538101
2026-01-09 23:00:24,358 - experiment_chaotic_lorenz_full_chaotic_run_0 - INFO - Epoch 11: Train Loss: 0.8565, Train Acc: 0.7857, Val Loss: 4.7526, Val Acc: 0.1236
2026-01-09 23:00:25,124 - experiment_chaotic_lorenz_full_chaotic_run_0 - INFO - Train Epoch 12: [0/472 (0.0%)]	Loss: 0.560346
2026-01-09 23:00:32,808 - experiment_chaotic_lorenz_full_chaotic_run_0 - INFO - Epoch 12: Train Loss: 0.8136, Train Acc: 0.7902, Val Loss: 3.7409, Val Acc: 0.1236
2026-01-09 23:00:33,511 - experiment_chaotic_lorenz_full_chaotic_run_0 - INFO - Train Epoch 13: [0/472 (0.0%)]	Loss: 0.805764
2026-01-09 23:00:41,293 - experiment_chaotic_lorenz_full_chaotic_run_0 - INFO - Epoch 13: Train Loss: 0.7009, Train Acc: 0.8304, Val Loss: 5.0433, Val Acc: 0.1461
2026-01-09 23:00:41,995 - experiment_chaotic_lorenz_full_chaotic_run_0 - INFO - Train Epoch 14: [0/472 (0.0%)]	Loss: 0.608221
2026-01-09 23:00:49,800 - experiment_chaotic_lorenz_full_chaotic_run_0 - INFO - Epoch 14: Train Loss: 0.6702, Train Acc: 0.8504, Val Loss: 6.5894, Val Acc: 0.0899
2026-01-09 23:00:50,564 - experiment_chaotic_lorenz_full_chaotic_run_0 - INFO - Train Epoch 15: [0/472 (0.0%)]	Loss: 0.849163
2026-01-09 23:00:58,366 - experiment_chaotic_lorenz_full_chaotic_run_0 - INFO - Epoch 15: Train Loss: 0.5563, Train Acc: 0.8817, Val Loss: 6.6636, Val Acc: 0.0449
2026-01-09 23:00:59,133 - experiment_chaotic_lorenz_full_chaotic_run_0 - INFO - Train Epoch 16: [0/472 (0.0%)]	Loss: 0.671259
2026-01-09 23:01:06,921 - experiment_chaotic_lorenz_full_chaotic_run_0 - INFO - Epoch 16: Train Loss: 0.5342, Train Acc: 0.8705, Val Loss: 5.8004, Val Acc: 0.0449
2026-01-09 23:01:07,706 - experiment_chaotic_lorenz_full_chaotic_run_0 - INFO - Train Epoch 17: [0/472 (0.0%)]	Loss: 0.356866
2026-01-09 23:01:15,537 - experiment_chaotic_lorenz_full_chaotic_run_0 - INFO - Epoch 17: Train Loss: 0.4372, Train Acc: 0.8862, Val Loss: 4.3076, Val Acc: 0.1573
2026-01-09 23:01:16,300 - experiment_chaotic_lorenz_full_chaotic_run_0 - INFO - Train Epoch 18: [0/472 (0.0%)]	Loss: 0.412194
2026-01-09 23:01:24,080 - experiment_chaotic_lorenz_full_chaotic_run_0 - INFO - Epoch 18: Train Loss: 0.3718, Train Acc: 0.9018, Val Loss: 3.5380, Val Acc: 0.2921
2026-01-09 23:01:24,168 - experiment_chaotic_lorenz_full_chaotic_run_0 - INFO - Saved new best model at epoch 18
2026-01-09 23:01:24,958 - experiment_chaotic_lorenz_full_chaotic_run_0 - INFO - Train Epoch 19: [0/472 (0.0%)]	Loss: 0.265510
2026-01-09 23:01:32,750 - experiment_chaotic_lorenz_full_chaotic_run_0 - INFO - Epoch 19: Train Loss: 0.3551, Train Acc: 0.9107, Val Loss: 4.5924, Val Acc: 0.1685
2026-01-09 23:01:33,423 - experiment_chaotic_lorenz_full_chaotic_run_0 - INFO - Train Epoch 20: [0/472 (0.0%)]	Loss: 0.454543
2026-01-09 23:01:41,039 - experiment_chaotic_lorenz_full_chaotic_run_0 - INFO - Epoch 20: Train Loss: 0.3811, Train Acc: 0.9040, Val Loss: 5.4658, Val Acc: 0.1348
2026-01-09 23:01:41,875 - experiment_chaotic_lorenz_full_chaotic_run_0 - INFO - Train Epoch 21: [0/472 (0.0%)]	Loss: 0.487524
2026-01-09 23:01:49,462 - experiment_chaotic_lorenz_full_chaotic_run_0 - INFO - Epoch 21: Train Loss: 0.3656, Train Acc: 0.9129, Val Loss: 6.4090, Val Acc: 0.0899
2026-01-09 23:01:50,160 - experiment_chaotic_lorenz_full_chaotic_run_0 - INFO - Train Epoch 22: [0/472 (0.0%)]	Loss: 0.073199
2026-01-09 23:01:57,870 - experiment_chaotic_lorenz_full_chaotic_run_0 - INFO - Epoch 22: Train Loss: 0.2847, Train Acc: 0.9308, Val Loss: 3.2727, Val Acc: 0.3371
2026-01-09 23:01:57,956 - experiment_chaotic_lorenz_full_chaotic_run_0 - INFO - Saved new best model at epoch 22
2026-01-09 23:01:58,761 - experiment_chaotic_lorenz_full_chaotic_run_0 - INFO - Train Epoch 23: [0/472 (0.0%)]	Loss: 0.635362
2026-01-09 23:02:06,599 - experiment_chaotic_lorenz_full_chaotic_run_0 - INFO - Epoch 23: Train Loss: 0.2679, Train Acc: 0.9509, Val Loss: 3.0040, Val Acc: 0.3146
2026-01-09 23:02:07,346 - experiment_chaotic_lorenz_full_chaotic_run_0 - INFO - Train Epoch 24: [0/472 (0.0%)]	Loss: 0.203690
2026-01-09 23:02:15,204 - experiment_chaotic_lorenz_full_chaotic_run_0 - INFO - Epoch 24: Train Loss: 0.1973, Train Acc: 0.9621, Val Loss: 6.5220, Val Acc: 0.1348
2026-01-09 23:02:15,967 - experiment_chaotic_lorenz_full_chaotic_run_0 - INFO - Train Epoch 25: [0/472 (0.0%)]	Loss: 0.146541
2026-01-09 23:02:23,786 - experiment_chaotic_lorenz_full_chaotic_run_0 - INFO - Epoch 25: Train Loss: 0.2014, Train Acc: 0.9554, Val Loss: 6.1605, Val Acc: 0.1236
2026-01-09 23:02:24,550 - experiment_chaotic_lorenz_full_chaotic_run_0 - INFO - Train Epoch 26: [0/472 (0.0%)]	Loss: 0.187369
2026-01-09 23:02:32,287 - experiment_chaotic_lorenz_full_chaotic_run_0 - INFO - Epoch 26: Train Loss: 0.2653, Train Acc: 0.9375, Val Loss: 5.9419, Val Acc: 0.1461
2026-01-09 23:02:32,954 - experiment_chaotic_lorenz_full_chaotic_run_0 - INFO - Train Epoch 27: [0/472 (0.0%)]	Loss: 0.079900
2026-01-09 23:02:40,743 - experiment_chaotic_lorenz_full_chaotic_run_0 - INFO - Epoch 27: Train Loss: 0.2354, Train Acc: 0.9308, Val Loss: 5.1474, Val Acc: 0.1461
2026-01-09 23:02:41,439 - experiment_chaotic_lorenz_full_chaotic_run_0 - INFO - Train Epoch 28: [0/472 (0.0%)]	Loss: 0.321330
2026-01-09 23:02:49,085 - experiment_chaotic_lorenz_full_chaotic_run_0 - INFO - Epoch 28: Train Loss: 0.1779, Train Acc: 0.9509, Val Loss: 4.5915, Val Acc: 0.1573
2026-01-09 23:02:49,792 - experiment_chaotic_lorenz_full_chaotic_run_0 - INFO - Train Epoch 29: [0/472 (0.0%)]	Loss: 0.123798
2026-01-09 23:02:57,546 - experiment_chaotic_lorenz_full_chaotic_run_0 - INFO - Epoch 29: Train Loss: 0.1835, Train Acc: 0.9598, Val Loss: 8.1663, Val Acc: 0.1348
2026-01-09 23:02:58,253 - experiment_chaotic_lorenz_full_chaotic_run_0 - INFO - Train Epoch 30: [0/472 (0.0%)]	Loss: 0.068101
2026-01-09 23:03:05,918 - experiment_chaotic_lorenz_full_chaotic_run_0 - INFO - Epoch 30: Train Loss: 0.1894, Train Acc: 0.9397, Val Loss: 8.1259, Val Acc: 0.0899
2026-01-09 23:03:06,735 - experiment_chaotic_lorenz_full_chaotic_run_0 - INFO - Train Epoch 31: [0/472 (0.0%)]	Loss: 0.107890
2026-01-09 23:03:14,297 - experiment_chaotic_lorenz_full_chaotic_run_0 - INFO - Epoch 31: Train Loss: 0.1578, Train Acc: 0.9665, Val Loss: 7.8524, Val Acc: 0.1236
2026-01-09 23:03:15,000 - experiment_chaotic_lorenz_full_chaotic_run_0 - INFO - Train Epoch 32: [0/472 (0.0%)]	Loss: 0.107211
2026-01-09 23:03:22,659 - experiment_chaotic_lorenz_full_chaotic_run_0 - INFO - Epoch 32: Train Loss: 0.1605, Train Acc: 0.9621, Val Loss: 7.2651, Val Acc: 0.1685
2026-01-09 23:03:23,355 - experiment_chaotic_lorenz_full_chaotic_run_0 - INFO - Train Epoch 33: [0/472 (0.0%)]	Loss: 0.143450
2026-01-09 23:03:30,976 - experiment_chaotic_lorenz_full_chaotic_run_0 - INFO - Epoch 33: Train Loss: 0.1584, Train Acc: 0.9710, Val Loss: 4.5971, Val Acc: 0.2135
2026-01-09 23:03:31,673 - experiment_chaotic_lorenz_full_chaotic_run_0 - INFO - Train Epoch 34: [0/472 (0.0%)]	Loss: 0.052463
2026-01-09 23:03:39,263 - experiment_chaotic_lorenz_full_chaotic_run_0 - INFO - Epoch 34: Train Loss: 0.1116, Train Acc: 0.9777, Val Loss: 5.8077, Val Acc: 0.1461
2026-01-09 23:03:40,022 - experiment_chaotic_lorenz_full_chaotic_run_0 - INFO - Train Epoch 35: [0/472 (0.0%)]	Loss: 0.158130
2026-01-09 23:03:47,775 - experiment_chaotic_lorenz_full_chaotic_run_0 - INFO - Epoch 35: Train Loss: 0.1570, Train Acc: 0.9710, Val Loss: 6.9002, Val Acc: 0.0787
2026-01-09 23:03:48,536 - experiment_chaotic_lorenz_full_chaotic_run_0 - INFO - Train Epoch 36: [0/472 (0.0%)]	Loss: 0.076102
2026-01-09 23:03:56,307 - experiment_chaotic_lorenz_full_chaotic_run_0 - INFO - Epoch 36: Train Loss: 0.1085, Train Acc: 0.9777, Val Loss: 2.2006, Val Acc: 0.4831
2026-01-09 23:03:56,391 - experiment_chaotic_lorenz_full_chaotic_run_0 - INFO - Saved new best model at epoch 36
2026-01-09 23:03:57,180 - experiment_chaotic_lorenz_full_chaotic_run_0 - INFO - Train Epoch 37: [0/472 (0.0%)]	Loss: 0.025485
2026-01-09 23:04:04,909 - experiment_chaotic_lorenz_full_chaotic_run_0 - INFO - Epoch 37: Train Loss: 0.1554, Train Acc: 0.9643, Val Loss: 7.5123, Val Acc: 0.1348
2026-01-09 23:04:05,631 - experiment_chaotic_lorenz_full_chaotic_run_0 - INFO - Train Epoch 38: [0/472 (0.0%)]	Loss: 0.055684
2026-01-09 23:04:13,232 - experiment_chaotic_lorenz_full_chaotic_run_0 - INFO - Epoch 38: Train Loss: 0.0843, Train Acc: 0.9888, Val Loss: 7.5097, Val Acc: 0.1348
2026-01-09 23:04:13,946 - experiment_chaotic_lorenz_full_chaotic_run_0 - INFO - Train Epoch 39: [0/472 (0.0%)]	Loss: 0.080988
2026-01-09 23:04:21,751 - experiment_chaotic_lorenz_full_chaotic_run_0 - INFO - Epoch 39: Train Loss: 0.1251, Train Acc: 0.9777, Val Loss: 8.6835, Val Acc: 0.0899
2026-01-09 23:04:22,510 - experiment_chaotic_lorenz_full_chaotic_run_0 - INFO - Train Epoch 40: [0/472 (0.0%)]	Loss: 0.147687
2026-01-09 23:04:30,140 - experiment_chaotic_lorenz_full_chaotic_run_0 - INFO - Epoch 40: Train Loss: 0.2738, Train Acc: 0.9330, Val Loss: 8.5288, Val Acc: 0.0449
2026-01-09 23:04:31,141 - experiment_chaotic_lorenz_full_chaotic_run_0 - INFO - Train Epoch 41: [0/472 (0.0%)]	Loss: 0.500107
2026-01-09 23:04:39,136 - experiment_chaotic_lorenz_full_chaotic_run_0 - INFO - Epoch 41: Train Loss: 0.5081, Train Acc: 0.9018, Val Loss: 6.9339, Val Acc: 0.0449
2026-01-09 23:04:39,896 - experiment_chaotic_lorenz_full_chaotic_run_0 - INFO - Train Epoch 42: [0/472 (0.0%)]	Loss: 1.254888
2026-01-09 23:04:47,686 - experiment_chaotic_lorenz_full_chaotic_run_0 - INFO - Epoch 42: Train Loss: 0.5043, Train Acc: 0.8929, Val Loss: 7.7986, Val Acc: 0.0449
2026-01-09 23:04:48,448 - experiment_chaotic_lorenz_full_chaotic_run_0 - INFO - Train Epoch 43: [0/472 (0.0%)]	Loss: 0.407390
2026-01-09 23:04:56,220 - experiment_chaotic_lorenz_full_chaotic_run_0 - INFO - Epoch 43: Train Loss: 0.1843, Train Acc: 0.9554, Val Loss: 6.4555, Val Acc: 0.0674
2026-01-09 23:04:56,988 - experiment_chaotic_lorenz_full_chaotic_run_0 - INFO - Train Epoch 44: [0/472 (0.0%)]	Loss: 0.152655
2026-01-09 23:05:04,774 - experiment_chaotic_lorenz_full_chaotic_run_0 - INFO - Epoch 44: Train Loss: 0.1478, Train Acc: 0.9732, Val Loss: 6.0874, Val Acc: 0.0899
2026-01-09 23:05:05,537 - experiment_chaotic_lorenz_full_chaotic_run_0 - INFO - Train Epoch 45: [0/472 (0.0%)]	Loss: 0.082928
2026-01-09 23:05:13,392 - experiment_chaotic_lorenz_full_chaotic_run_0 - INFO - Epoch 45: Train Loss: 0.0979, Train Acc: 0.9844, Val Loss: 8.1054, Val Acc: 0.0787
2026-01-09 23:05:14,163 - experiment_chaotic_lorenz_full_chaotic_run_0 - INFO - Train Epoch 46: [0/472 (0.0%)]	Loss: 0.088225
2026-01-09 23:05:21,998 - experiment_chaotic_lorenz_full_chaotic_run_0 - INFO - Epoch 46: Train Loss: 0.1238, Train Acc: 0.9732, Val Loss: 7.6753, Val Acc: 0.1573
2026-01-09 23:05:22,764 - experiment_chaotic_lorenz_full_chaotic_run_0 - INFO - Train Epoch 47: [0/472 (0.0%)]	Loss: 0.088418
2026-01-09 23:05:30,595 - experiment_chaotic_lorenz_full_chaotic_run_0 - INFO - Epoch 47: Train Loss: 0.0874, Train Acc: 0.9844, Val Loss: 0.9731, Val Acc: 0.7191
2026-01-09 23:05:30,694 - experiment_chaotic_lorenz_full_chaotic_run_0 - INFO - Saved new best model at epoch 47
2026-01-09 23:05:31,492 - experiment_chaotic_lorenz_full_chaotic_run_0 - INFO - Train Epoch 48: [0/472 (0.0%)]	Loss: 0.154960
2026-01-09 23:05:39,120 - experiment_chaotic_lorenz_full_chaotic_run_0 - INFO - Epoch 48: Train Loss: 0.1017, Train Acc: 0.9754, Val Loss: 7.7395, Val Acc: 0.1348
2026-01-09 23:05:39,833 - experiment_chaotic_lorenz_full_chaotic_run_0 - INFO - Train Epoch 49: [0/472 (0.0%)]	Loss: 0.131348
2026-01-09 23:05:47,508 - experiment_chaotic_lorenz_full_chaotic_run_0 - INFO - Epoch 49: Train Loss: 0.0811, Train Acc: 0.9844, Val Loss: 6.6585, Val Acc: 0.1348
2026-01-09 23:05:48,239 - experiment_chaotic_lorenz_full_chaotic_run_0 - INFO - Train Epoch 50: [0/472 (0.0%)]	Loss: 0.113461
2026-01-09 23:05:55,928 - experiment_chaotic_lorenz_full_chaotic_run_0 - INFO - Epoch 50: Train Loss: 0.0797, Train Acc: 0.9888, Val Loss: 8.4222, Val Acc: 0.0449
2026-01-09 23:05:56,778 - experiment_chaotic_lorenz_full_chaotic_run_0 - INFO - Train Epoch 51: [0/472 (0.0%)]	Loss: 0.090145
2026-01-09 23:06:04,402 - experiment_chaotic_lorenz_full_chaotic_run_0 - INFO - Epoch 51: Train Loss: 0.1342, Train Acc: 0.9777, Val Loss: 8.0398, Val Acc: 0.0449
2026-01-09 23:06:05,104 - experiment_chaotic_lorenz_full_chaotic_run_0 - INFO - Train Epoch 52: [0/472 (0.0%)]	Loss: 0.253331
2026-01-09 23:06:12,836 - experiment_chaotic_lorenz_full_chaotic_run_0 - INFO - Epoch 52: Train Loss: 0.2211, Train Acc: 0.9554, Val Loss: 6.2667, Val Acc: 0.1011
2026-01-09 23:06:13,559 - experiment_chaotic_lorenz_full_chaotic_run_0 - INFO - Train Epoch 53: [0/472 (0.0%)]	Loss: 0.160911
2026-01-09 23:06:21,224 - experiment_chaotic_lorenz_full_chaotic_run_0 - INFO - Epoch 53: Train Loss: 0.0983, Train Acc: 0.9866, Val Loss: 4.4915, Val Acc: 0.1798
2026-01-09 23:06:21,930 - experiment_chaotic_lorenz_full_chaotic_run_0 - INFO - Train Epoch 54: [0/472 (0.0%)]	Loss: 0.032827
2026-01-09 23:06:29,692 - experiment_chaotic_lorenz_full_chaotic_run_0 - INFO - Epoch 54: Train Loss: 0.1773, Train Acc: 0.9688, Val Loss: 7.7173, Val Acc: 0.0449
2026-01-09 23:06:30,404 - experiment_chaotic_lorenz_full_chaotic_run_0 - INFO - Train Epoch 55: [0/472 (0.0%)]	Loss: 0.257561
2026-01-09 23:06:38,384 - experiment_chaotic_lorenz_full_chaotic_run_0 - INFO - Epoch 55: Train Loss: 0.1214, Train Acc: 0.9710, Val Loss: 8.4246, Val Acc: 0.0899
2026-01-09 23:06:39,143 - experiment_chaotic_lorenz_full_chaotic_run_0 - INFO - Train Epoch 56: [0/472 (0.0%)]	Loss: 0.215945
2026-01-09 23:06:46,966 - experiment_chaotic_lorenz_full_chaotic_run_0 - INFO - Epoch 56: Train Loss: 0.0824, Train Acc: 0.9844, Val Loss: 5.0070, Val Acc: 0.2584
2026-01-09 23:06:47,727 - experiment_chaotic_lorenz_full_chaotic_run_0 - INFO - Train Epoch 57: [0/472 (0.0%)]	Loss: 0.282383
2026-01-09 23:06:55,540 - experiment_chaotic_lorenz_full_chaotic_run_0 - INFO - Epoch 57: Train Loss: 0.1043, Train Acc: 0.9777, Val Loss: 7.2189, Val Acc: 0.0899
2026-01-09 23:06:56,308 - experiment_chaotic_lorenz_full_chaotic_run_0 - INFO - Train Epoch 58: [0/472 (0.0%)]	Loss: 0.020914
2026-01-09 23:07:04,123 - experiment_chaotic_lorenz_full_chaotic_run_0 - INFO - Epoch 58: Train Loss: 0.0843, Train Acc: 0.9866, Val Loss: 8.0422, Val Acc: 0.1348
2026-01-09 23:07:04,889 - experiment_chaotic_lorenz_full_chaotic_run_0 - INFO - Train Epoch 59: [0/472 (0.0%)]	Loss: 0.050118
2026-01-09 23:07:12,697 - experiment_chaotic_lorenz_full_chaotic_run_0 - INFO - Epoch 59: Train Loss: 0.0448, Train Acc: 0.9955, Val Loss: 5.4963, Val Acc: 0.2247
2026-01-09 23:07:13,457 - experiment_chaotic_lorenz_full_chaotic_run_0 - INFO - Train Epoch 60: [0/472 (0.0%)]	Loss: 0.102939
2026-01-09 23:07:21,269 - experiment_chaotic_lorenz_full_chaotic_run_0 - INFO - Epoch 60: Train Loss: 0.0755, Train Acc: 0.9821, Val Loss: 0.7998, Val Acc: 0.7753
2026-01-09 23:07:21,353 - experiment_chaotic_lorenz_full_chaotic_run_0 - INFO - Saved new best model at epoch 60
2026-01-09 23:07:22,185 - experiment_chaotic_lorenz_full_chaotic_run_0 - INFO - Train Epoch 61: [0/472 (0.0%)]	Loss: 0.031169
2026-01-09 23:07:29,943 - experiment_chaotic_lorenz_full_chaotic_run_0 - INFO - Epoch 61: Train Loss: 0.0503, Train Acc: 0.9911, Val Loss: 7.6404, Val Acc: 0.0449
2026-01-09 23:07:30,707 - experiment_chaotic_lorenz_full_chaotic_run_0 - INFO - Train Epoch 62: [0/472 (0.0%)]	Loss: 0.029711
2026-01-09 23:07:38,528 - experiment_chaotic_lorenz_full_chaotic_run_0 - INFO - Epoch 62: Train Loss: 0.0487, Train Acc: 0.9844, Val Loss: 9.4154, Val Acc: 0.0449
2026-01-09 23:07:39,306 - experiment_chaotic_lorenz_full_chaotic_run_0 - INFO - Train Epoch 63: [0/472 (0.0%)]	Loss: 0.061278
2026-01-09 23:07:47,384 - experiment_chaotic_lorenz_full_chaotic_run_0 - INFO - Epoch 63: Train Loss: 0.0692, Train Acc: 0.9844, Val Loss: 6.8847, Val Acc: 0.0449
2026-01-09 23:07:48,178 - experiment_chaotic_lorenz_full_chaotic_run_0 - INFO - Train Epoch 64: [0/472 (0.0%)]	Loss: 0.098962
2026-01-09 23:07:55,986 - experiment_chaotic_lorenz_full_chaotic_run_0 - INFO - Epoch 64: Train Loss: 0.0544, Train Acc: 0.9866, Val Loss: 7.4620, Val Acc: 0.1573
2026-01-09 23:07:56,767 - experiment_chaotic_lorenz_full_chaotic_run_0 - INFO - Train Epoch 65: [0/472 (0.0%)]	Loss: 0.020725
2026-01-09 23:08:04,714 - experiment_chaotic_lorenz_full_chaotic_run_0 - INFO - Epoch 65: Train Loss: 0.0493, Train Acc: 0.9888, Val Loss: 0.5362, Val Acc: 0.8652
2026-01-09 23:08:04,799 - experiment_chaotic_lorenz_full_chaotic_run_0 - INFO - Saved new best model at epoch 65
2026-01-09 23:08:05,582 - experiment_chaotic_lorenz_full_chaotic_run_0 - INFO - Train Epoch 66: [0/472 (0.0%)]	Loss: 0.014007
2026-01-09 23:08:13,442 - experiment_chaotic_lorenz_full_chaotic_run_0 - INFO - Epoch 66: Train Loss: 0.0475, Train Acc: 0.9911, Val Loss: 4.3290, Val Acc: 0.3034
2026-01-09 23:08:14,214 - experiment_chaotic_lorenz_full_chaotic_run_0 - INFO - Train Epoch 67: [0/472 (0.0%)]	Loss: 0.205366
2026-01-09 23:08:22,176 - experiment_chaotic_lorenz_full_chaotic_run_0 - INFO - Epoch 67: Train Loss: 0.0487, Train Acc: 0.9888, Val Loss: 9.4167, Val Acc: 0.0449
2026-01-09 23:08:22,948 - experiment_chaotic_lorenz_full_chaotic_run_0 - INFO - Train Epoch 68: [0/472 (0.0%)]	Loss: 0.006271
2026-01-09 23:08:30,888 - experiment_chaotic_lorenz_full_chaotic_run_0 - INFO - Epoch 68: Train Loss: 0.0369, Train Acc: 0.9978, Val Loss: 6.2502, Val Acc: 0.2022
2026-01-09 23:08:31,648 - experiment_chaotic_lorenz_full_chaotic_run_0 - INFO - Train Epoch 69: [0/472 (0.0%)]	Loss: 0.044130
2026-01-09 23:08:39,449 - experiment_chaotic_lorenz_full_chaotic_run_0 - INFO - Epoch 69: Train Loss: 0.0486, Train Acc: 0.9844, Val Loss: 5.7752, Val Acc: 0.1461
2026-01-09 23:08:40,237 - experiment_chaotic_lorenz_full_chaotic_run_0 - INFO - Train Epoch 70: [0/472 (0.0%)]	Loss: 0.016467
2026-01-09 23:08:48,161 - experiment_chaotic_lorenz_full_chaotic_run_0 - INFO - Epoch 70: Train Loss: 0.0363, Train Acc: 0.9911, Val Loss: 8.7098, Val Acc: 0.0674
2026-01-09 23:08:49,033 - experiment_chaotic_lorenz_full_chaotic_run_0 - INFO - Train Epoch 71: [0/472 (0.0%)]	Loss: 0.017856
2026-01-09 23:08:56,799 - experiment_chaotic_lorenz_full_chaotic_run_0 - INFO - Epoch 71: Train Loss: 0.0364, Train Acc: 0.9933, Val Loss: 9.4675, Val Acc: 0.0449
2026-01-09 23:08:57,520 - experiment_chaotic_lorenz_full_chaotic_run_0 - INFO - Train Epoch 72: [0/472 (0.0%)]	Loss: 0.016683
2026-01-09 23:09:05,537 - experiment_chaotic_lorenz_full_chaotic_run_0 - INFO - Epoch 72: Train Loss: 0.0289, Train Acc: 0.9933, Val Loss: 9.6615, Val Acc: 0.0449
2026-01-09 23:09:06,323 - experiment_chaotic_lorenz_full_chaotic_run_0 - INFO - Train Epoch 73: [0/472 (0.0%)]	Loss: 0.008872
2026-01-09 23:09:14,162 - experiment_chaotic_lorenz_full_chaotic_run_0 - INFO - Epoch 73: Train Loss: 0.0184, Train Acc: 1.0000, Val Loss: 6.0476, Val Acc: 0.2022
2026-01-09 23:09:14,923 - experiment_chaotic_lorenz_full_chaotic_run_0 - INFO - Train Epoch 74: [0/472 (0.0%)]	Loss: 0.023237
2026-01-09 23:09:22,844 - experiment_chaotic_lorenz_full_chaotic_run_0 - INFO - Epoch 74: Train Loss: 0.0228, Train Acc: 0.9955, Val Loss: 4.7676, Val Acc: 0.2921
2026-01-09 23:09:23,614 - experiment_chaotic_lorenz_full_chaotic_run_0 - INFO - Train Epoch 75: [0/472 (0.0%)]	Loss: 0.037085
2026-01-09 23:09:31,524 - experiment_chaotic_lorenz_full_chaotic_run_0 - INFO - Epoch 75: Train Loss: 0.0292, Train Acc: 0.9933, Val Loss: 5.2959, Val Acc: 0.2022
2026-01-09 23:09:32,285 - experiment_chaotic_lorenz_full_chaotic_run_0 - INFO - Train Epoch 76: [0/472 (0.0%)]	Loss: 0.017927
2026-01-09 23:09:40,164 - experiment_chaotic_lorenz_full_chaotic_run_0 - INFO - Epoch 76: Train Loss: 0.0354, Train Acc: 0.9978, Val Loss: 0.5440, Val Acc: 0.8652
2026-01-09 23:09:40,940 - experiment_chaotic_lorenz_full_chaotic_run_0 - INFO - Train Epoch 77: [0/472 (0.0%)]	Loss: 0.007615
2026-01-09 23:09:48,725 - experiment_chaotic_lorenz_full_chaotic_run_0 - INFO - Epoch 77: Train Loss: 0.0375, Train Acc: 0.9933, Val Loss: 5.1164, Val Acc: 0.2697
2026-01-09 23:09:49,494 - experiment_chaotic_lorenz_full_chaotic_run_0 - INFO - Train Epoch 78: [0/472 (0.0%)]	Loss: 0.016816
2026-01-09 23:09:57,357 - experiment_chaotic_lorenz_full_chaotic_run_0 - INFO - Epoch 78: Train Loss: 0.0362, Train Acc: 0.9978, Val Loss: 6.3029, Val Acc: 0.1124
2026-01-09 23:09:58,129 - experiment_chaotic_lorenz_full_chaotic_run_0 - INFO - Train Epoch 79: [0/472 (0.0%)]	Loss: 0.008544
2026-01-09 23:10:05,957 - experiment_chaotic_lorenz_full_chaotic_run_0 - INFO - Epoch 79: Train Loss: 0.0346, Train Acc: 0.9933, Val Loss: 0.7195, Val Acc: 0.8090
2026-01-09 23:10:06,739 - experiment_chaotic_lorenz_full_chaotic_run_0 - INFO - Train Epoch 80: [0/472 (0.0%)]	Loss: 0.003786
2026-01-09 23:10:14,674 - experiment_chaotic_lorenz_full_chaotic_run_0 - INFO - Epoch 80: Train Loss: 0.0226, Train Acc: 0.9955, Val Loss: 1.3465, Val Acc: 0.6629
2026-01-09 23:10:15,424 - experiment_chaotic_lorenz_full_chaotic_run_0 - INFO - Train Epoch 81: [0/472 (0.0%)]	Loss: 0.013622
2026-01-09 23:10:23,291 - experiment_chaotic_lorenz_full_chaotic_run_0 - INFO - Epoch 81: Train Loss: 0.0324, Train Acc: 0.9911, Val Loss: 8.3936, Val Acc: 0.1236
2026-01-09 23:10:24,025 - experiment_chaotic_lorenz_full_chaotic_run_0 - INFO - Train Epoch 82: [0/472 (0.0%)]	Loss: 0.023463
2026-01-09 23:10:31,871 - experiment_chaotic_lorenz_full_chaotic_run_0 - INFO - Epoch 82: Train Loss: 0.0184, Train Acc: 0.9978, Val Loss: 0.2798, Val Acc: 0.9213
2026-01-09 23:10:31,956 - experiment_chaotic_lorenz_full_chaotic_run_0 - INFO - Saved new best model at epoch 82
2026-01-09 23:10:32,653 - experiment_chaotic_lorenz_full_chaotic_run_0 - INFO - Train Epoch 83: [0/472 (0.0%)]	Loss: 0.072151
2026-01-09 23:10:40,512 - experiment_chaotic_lorenz_full_chaotic_run_0 - INFO - Epoch 83: Train Loss: 0.0390, Train Acc: 0.9911, Val Loss: 2.0613, Val Acc: 0.4944
2026-01-09 23:10:41,232 - experiment_chaotic_lorenz_full_chaotic_run_0 - INFO - Train Epoch 84: [0/472 (0.0%)]	Loss: 0.007416
2026-01-09 23:10:49,161 - experiment_chaotic_lorenz_full_chaotic_run_0 - INFO - Epoch 84: Train Loss: 0.0205, Train Acc: 0.9978, Val Loss: 0.7922, Val Acc: 0.7865
2026-01-09 23:10:49,881 - experiment_chaotic_lorenz_full_chaotic_run_0 - INFO - Train Epoch 85: [0/472 (0.0%)]	Loss: 0.019066
2026-01-09 23:10:57,803 - experiment_chaotic_lorenz_full_chaotic_run_0 - INFO - Epoch 85: Train Loss: 0.0200, Train Acc: 0.9978, Val Loss: 0.4886, Val Acc: 0.8876
2026-01-09 23:10:58,521 - experiment_chaotic_lorenz_full_chaotic_run_0 - INFO - Train Epoch 86: [0/472 (0.0%)]	Loss: 0.013710
2026-01-09 23:11:06,277 - experiment_chaotic_lorenz_full_chaotic_run_0 - INFO - Epoch 86: Train Loss: 0.0186, Train Acc: 1.0000, Val Loss: 0.8884, Val Acc: 0.7416
2026-01-09 23:11:07,038 - experiment_chaotic_lorenz_full_chaotic_run_0 - INFO - Train Epoch 87: [0/472 (0.0%)]	Loss: 0.017328
2026-01-09 23:11:14,913 - experiment_chaotic_lorenz_full_chaotic_run_0 - INFO - Epoch 87: Train Loss: 0.0149, Train Acc: 0.9978, Val Loss: 1.9685, Val Acc: 0.4944
2026-01-09 23:11:15,636 - experiment_chaotic_lorenz_full_chaotic_run_0 - INFO - Train Epoch 88: [0/472 (0.0%)]	Loss: 0.003909
2026-01-09 23:11:23,509 - experiment_chaotic_lorenz_full_chaotic_run_0 - INFO - Epoch 88: Train Loss: 0.0142, Train Acc: 1.0000, Val Loss: 0.1287, Val Acc: 0.9551
2026-01-09 23:11:23,593 - experiment_chaotic_lorenz_full_chaotic_run_0 - INFO - Saved new best model at epoch 88
2026-01-09 23:11:24,298 - experiment_chaotic_lorenz_full_chaotic_run_0 - INFO - Train Epoch 89: [0/472 (0.0%)]	Loss: 0.062440
2026-01-09 23:11:32,204 - experiment_chaotic_lorenz_full_chaotic_run_0 - INFO - Epoch 89: Train Loss: 0.0283, Train Acc: 0.9955, Val Loss: 0.1218, Val Acc: 0.9663
2026-01-09 23:11:32,285 - experiment_chaotic_lorenz_full_chaotic_run_0 - INFO - Saved new best model at epoch 89
2026-01-09 23:11:32,979 - experiment_chaotic_lorenz_full_chaotic_run_0 - INFO - Train Epoch 90: [0/472 (0.0%)]	Loss: 0.032776
2026-01-09 23:11:40,828 - experiment_chaotic_lorenz_full_chaotic_run_0 - INFO - Epoch 90: Train Loss: 0.0267, Train Acc: 0.9955, Val Loss: 0.1100, Val Acc: 0.9438
2026-01-09 23:11:41,596 - experiment_chaotic_lorenz_full_chaotic_run_0 - INFO - Train Epoch 91: [0/472 (0.0%)]	Loss: 0.003688
2026-01-09 23:11:49,531 - experiment_chaotic_lorenz_full_chaotic_run_0 - INFO - Epoch 91: Train Loss: 0.0206, Train Acc: 1.0000, Val Loss: 0.1230, Val Acc: 0.9551
2026-01-09 23:11:50,255 - experiment_chaotic_lorenz_full_chaotic_run_0 - INFO - Train Epoch 92: [0/472 (0.0%)]	Loss: 0.014728
2026-01-09 23:11:57,918 - experiment_chaotic_lorenz_full_chaotic_run_0 - INFO - Epoch 92: Train Loss: 0.0173, Train Acc: 1.0000, Val Loss: 0.1636, Val Acc: 0.9438
2026-01-09 23:11:58,608 - experiment_chaotic_lorenz_full_chaotic_run_0 - INFO - Train Epoch 93: [0/472 (0.0%)]	Loss: 0.007061
2026-01-09 23:12:06,596 - experiment_chaotic_lorenz_full_chaotic_run_0 - INFO - Epoch 93: Train Loss: 0.0229, Train Acc: 0.9955, Val Loss: 0.1425, Val Acc: 0.9663
2026-01-09 23:12:07,315 - experiment_chaotic_lorenz_full_chaotic_run_0 - INFO - Train Epoch 94: [0/472 (0.0%)]	Loss: 0.115318
2026-01-09 23:12:15,304 - experiment_chaotic_lorenz_full_chaotic_run_0 - INFO - Epoch 94: Train Loss: 0.0241, Train Acc: 0.9955, Val Loss: 0.1278, Val Acc: 0.9551
2026-01-09 23:12:16,024 - experiment_chaotic_lorenz_full_chaotic_run_0 - INFO - Train Epoch 95: [0/472 (0.0%)]	Loss: 0.007293
2026-01-09 23:12:23,903 - experiment_chaotic_lorenz_full_chaotic_run_0 - INFO - Epoch 95: Train Loss: 0.0376, Train Acc: 0.9933, Val Loss: 0.1258, Val Acc: 0.9551
2026-01-09 23:12:24,625 - experiment_chaotic_lorenz_full_chaotic_run_0 - INFO - Train Epoch 96: [0/472 (0.0%)]	Loss: 0.002521
2026-01-09 23:12:32,525 - experiment_chaotic_lorenz_full_chaotic_run_0 - INFO - Epoch 96: Train Loss: 0.0111, Train Acc: 1.0000, Val Loss: 0.1341, Val Acc: 0.9551
2026-01-09 23:12:33,260 - experiment_chaotic_lorenz_full_chaotic_run_0 - INFO - Train Epoch 97: [0/472 (0.0%)]	Loss: 0.009189
2026-01-09 23:12:41,118 - experiment_chaotic_lorenz_full_chaotic_run_0 - INFO - Epoch 97: Train Loss: 0.0257, Train Acc: 0.9978, Val Loss: 0.1475, Val Acc: 0.9551
2026-01-09 23:12:41,831 - experiment_chaotic_lorenz_full_chaotic_run_0 - INFO - Train Epoch 98: [0/472 (0.0%)]	Loss: 0.011993
2026-01-09 23:12:49,653 - experiment_chaotic_lorenz_full_chaotic_run_0 - INFO - Epoch 98: Train Loss: 0.0139, Train Acc: 0.9978, Val Loss: 0.1273, Val Acc: 0.9551
2026-01-09 23:12:50,367 - experiment_chaotic_lorenz_full_chaotic_run_0 - INFO - Train Epoch 99: [0/472 (0.0%)]	Loss: 0.023304
2026-01-09 23:12:58,305 - experiment_chaotic_lorenz_full_chaotic_run_0 - INFO - Epoch 99: Train Loss: 0.0260, Train Acc: 0.9955, Val Loss: 0.1317, Val Acc: 0.9551
2026-01-09 23:12:58,311 - experiment_chaotic_lorenz_full_chaotic_run_0 - INFO - Running final test evaluation...
2026-01-09 23:12:59,338 - experiment_chaotic_lorenz_full_chaotic_run_0 - INFO - Test Results:
2026-01-09 23:12:59,339 - experiment_chaotic_lorenz_full_chaotic_run_0 - INFO -   loss: 0.1390
2026-01-09 23:12:59,339 - experiment_chaotic_lorenz_full_chaotic_run_0 - INFO -   accuracy: 0.9661
2026-01-09 23:12:59,339 - experiment_chaotic_lorenz_full_chaotic_run_0 - INFO -   avg_confidence: 0.9422
2026-01-09 23:12:59,339 - experiment_chaotic_lorenz_full_chaotic_run_0 - INFO -   embedding_diversity: 0.5127
2026-01-09 23:12:59,339 - experiment_chaotic_lorenz_full_chaotic_run_0 - INFO -   embedding_norm_mean: 1.0000
2026-01-09 23:12:59,339 - experiment_chaotic_lorenz_full_chaotic_run_0 - INFO -   embedding_norm_std: 0.0000
2026-01-09 23:12:59,341 - experiment_chaotic_lorenz_full_chaotic_run_0 - INFO - Training completed
2026-01-09 23:13:00,431 - experiment_chaotic_lorenz_full_chaotic_run_0 - INFO - Running comprehensive chaotic network analysis...
2026-01-09 23:13:00,432 - experiment_chaotic_lorenz_full_chaotic_run_0 - INFO - Analyzing chaotic features and dynamics...
2026-01-09 23:13:01,949 - experiment_chaotic_lorenz_full_chaotic_run_0 - INFO - Chaotic analysis completed
2026-01-09 23:13:01,951 - experiment_chaotic_lorenz_full_chaotic_run_0 - INFO - Creating chaotic dynamics visualizations...
2026-01-09 23:13:04,901 - experiment_chaotic_lorenz_full_chaotic_run_0 - WARNING - Embedding plotting failed: boolean index did not match indexed array along dimension 0; dimension is 8 but corresponding boolean dimension is 32
2026-01-09 23:13:04,907 - experiment_chaotic_lorenz_full_chaotic_run_0 - INFO - Chaotic network analysis completed
2026-01-10 10:20:16,505 - experiment_chaotic_lorenz_full_chaotic_run_0 - INFO - Initialized experiment: chaotic_lorenz_full_chaotic_run_0
2026-01-10 10:20:16,521 - experiment_chaotic_lorenz_full_chaotic_run_0 - INFO - Device: cuda
2026-01-10 10:20:16,522 - experiment_chaotic_lorenz_full_chaotic_run_0 - INFO - Output directory: /scratch/project_2003370/yueyao/Model/experiments/configs/sync_experiments/B2/experiments/chaotic_lorenz_full_chaotic_run_0
2026-01-10 10:20:16,522 - experiment_chaotic_lorenz_full_chaotic_run_0 - INFO - [SYNC LOSS] Enabled with mode: standard
2026-01-10 10:20:16,522 - experiment_chaotic_lorenz_full_chaotic_run_0 - INFO - Initialized chaotic network experiment with lorenz system
2026-01-10 10:20:16,522 - experiment_chaotic_lorenz_full_chaotic_run_0 - INFO - Setting up experiment components...
2026-01-10 10:20:16,522 - experiment_chaotic_lorenz_full_chaotic_run_0 - INFO - Creating dataloaders...
2026-01-10 10:20:16,951 - experiment_chaotic_lorenz_full_chaotic_run_0 - INFO - Detected 26 speakers in dataset
2026-01-10 10:20:16,951 - experiment_chaotic_lorenz_full_chaotic_run_0 - INFO - Dataloaders created:
2026-01-10 10:20:16,952 - experiment_chaotic_lorenz_full_chaotic_run_0 - INFO -   Train: 14 batches
2026-01-10 10:20:16,952 - experiment_chaotic_lorenz_full_chaotic_run_0 - INFO -   Val: 3 batches
2026-01-10 10:20:16,952 - experiment_chaotic_lorenz_full_chaotic_run_0 - INFO -   Test: 4 batches
2026-01-10 10:20:16,952 - experiment_chaotic_lorenz_full_chaotic_run_0 - INFO - Creating model...
2026-01-10 10:20:16,952 - experiment_chaotic_lorenz_full_chaotic_run_0 - INFO - Using actual num_speakers from dataset: 26
2026-01-10 10:20:16,952 - experiment_chaotic_lorenz_full_chaotic_run_0 - INFO - [BIFURCATION] use_bifurcation_control=False
2026-01-10 10:20:47,899 - experiment_chaotic_lorenz_full_chaotic_run_0 - INFO - Total parameters: 458,181
2026-01-10 10:20:47,900 - experiment_chaotic_lorenz_full_chaotic_run_0 - INFO - Trainable parameters: 458,181
2026-01-10 10:20:47,900 - experiment_chaotic_lorenz_full_chaotic_run_0 - INFO - Creating optimizer...
2026-01-10 10:20:49,021 - experiment_chaotic_lorenz_full_chaotic_run_0 - INFO - Optimizer: AdamW
2026-01-10 10:20:49,021 - experiment_chaotic_lorenz_full_chaotic_run_0 - INFO - Creating scheduler...
2026-01-10 10:20:49,021 - experiment_chaotic_lorenz_full_chaotic_run_0 - INFO - Scheduler: CosineAnnealingLR
2026-01-10 10:20:49,022 - experiment_chaotic_lorenz_full_chaotic_run_0 - INFO - Creating criterion...
2026-01-10 10:20:49,022 - experiment_chaotic_lorenz_full_chaotic_run_0 - INFO - Criterion: CrossEntropyLoss
2026-01-10 10:20:49,065 - experiment_chaotic_lorenz_full_chaotic_run_0 - INFO - Configuration saved to: /scratch/project_2003370/yueyao/Model/experiments/configs/sync_experiments/B2/experiments/chaotic_lorenz_full_chaotic_run_0/config.json
2026-01-10 10:20:49,065 - experiment_chaotic_lorenz_full_chaotic_run_0 - INFO - Experiment setup completed
2026-01-10 10:20:49,066 - experiment_chaotic_lorenz_full_chaotic_run_0 - INFO - Starting training for 100 epochs
2026-01-10 10:20:49,218 - experiment_chaotic_lorenz_full_chaotic_run_0 - INFO - 
================================================================================
2026-01-10 10:20:49,219 - experiment_chaotic_lorenz_full_chaotic_run_0 - INFO - COMPREHENSIVE DEBUG - FIRST BATCH
2026-01-10 10:20:49,219 - experiment_chaotic_lorenz_full_chaotic_run_0 - INFO - ================================================================================
2026-01-10 10:20:49,219 - experiment_chaotic_lorenz_full_chaotic_run_0 - INFO - Batch Info:
2026-01-10 10:20:49,219 - experiment_chaotic_lorenz_full_chaotic_run_0 - INFO -   Audio shape: torch.Size([32, 48000])
2026-01-10 10:20:49,219 - experiment_chaotic_lorenz_full_chaotic_run_0 - INFO -   Targets shape: torch.Size([32])
2026-01-10 10:20:49,224 - experiment_chaotic_lorenz_full_chaotic_run_0 - INFO -   Targets (first 8): tensor([19, 24, 16, 12, 16, 10,  8,  2], device='cuda:0')
2026-01-10 10:20:49,819 - experiment_chaotic_lorenz_full_chaotic_run_0 - INFO - ================================================================================

2026-01-10 10:20:49,820 - experiment_chaotic_lorenz_full_chaotic_run_0 - INFO - [ADVERSARIAL] Initialized AdversarialChaoticAugmentation
2026-01-10 10:20:50,077 - experiment_chaotic_lorenz_full_chaotic_run_0 - INFO - [STABILITY] Initialized LyapunovStabilityLoss
2026-01-10 10:20:50,916 - experiment_chaotic_lorenz_full_chaotic_run_0 - INFO - Train Epoch 0: [0/472 (0.0%)]	Loss: 4.934887
2026-01-10 10:20:59,345 - experiment_chaotic_lorenz_full_chaotic_run_0 - INFO - [ADVERSARIAL] Warmup: epoch 1/5
2026-01-10 10:21:00,357 - experiment_chaotic_lorenz_full_chaotic_run_0 - INFO - Epoch 0: Train Loss: 4.7564, Train Acc: 0.0424, Val Loss: 4.2677, Val Acc: 0.0449
2026-01-10 10:21:00,439 - experiment_chaotic_lorenz_full_chaotic_run_0 - INFO - Saved new best model at epoch 0
2026-01-10 10:21:01,423 - experiment_chaotic_lorenz_full_chaotic_run_0 - INFO - Train Epoch 1: [0/472 (0.0%)]	Loss: 4.289346
2026-01-10 10:21:11,981 - experiment_chaotic_lorenz_full_chaotic_run_0 - INFO - [ADVERSARIAL] Warmup: epoch 2/5
2026-01-10 10:21:13,043 - experiment_chaotic_lorenz_full_chaotic_run_0 - INFO - Epoch 1: Train Loss: 4.2600, Train Acc: 0.1272, Val Loss: 4.4012, Val Acc: 0.0449
2026-01-10 10:21:13,969 - experiment_chaotic_lorenz_full_chaotic_run_0 - INFO - Train Epoch 2: [0/472 (0.0%)]	Loss: 3.925127
2026-01-10 10:21:24,520 - experiment_chaotic_lorenz_full_chaotic_run_0 - INFO - [ADVERSARIAL] Warmup: epoch 3/5
2026-01-10 10:21:25,693 - experiment_chaotic_lorenz_full_chaotic_run_0 - INFO - Epoch 2: Train Loss: 3.8871, Train Acc: 0.1451, Val Loss: 4.0993, Val Acc: 0.0449
2026-01-10 10:21:26,608 - experiment_chaotic_lorenz_full_chaotic_run_0 - INFO - Train Epoch 3: [0/472 (0.0%)]	Loss: 3.671287
2026-01-10 10:21:38,388 - experiment_chaotic_lorenz_full_chaotic_run_0 - INFO - [ADVERSARIAL] Warmup: epoch 4/5
2026-01-10 10:21:39,818 - experiment_chaotic_lorenz_full_chaotic_run_0 - INFO - Epoch 3: Train Loss: 3.4984, Train Acc: 0.2299, Val Loss: 4.5339, Val Acc: 0.0449
2026-01-10 10:21:40,719 - experiment_chaotic_lorenz_full_chaotic_run_0 - INFO - Train Epoch 4: [0/472 (0.0%)]	Loss: 2.974873
2026-01-10 10:21:53,407 - experiment_chaotic_lorenz_full_chaotic_run_0 - INFO - [ADVERSARIAL] Warmup: epoch 5/5
2026-01-10 10:21:54,668 - experiment_chaotic_lorenz_full_chaotic_run_0 - INFO - Epoch 4: Train Loss: 3.1273, Train Acc: 0.2991, Val Loss: 4.7096, Val Acc: 0.0449
2026-01-10 10:21:55,364 - experiment_chaotic_lorenz_full_chaotic_run_0 - INFO - Train Epoch 5: [0/472 (0.0%)]	Loss: 3.034010
2026-01-10 10:22:03,284 - experiment_chaotic_lorenz_full_chaotic_run_0 - INFO - [ADVERSARIAL] Warmup complete, adversarial training activated!
2026-01-10 10:22:04,465 - experiment_chaotic_lorenz_full_chaotic_run_0 - INFO - Epoch 5: Train Loss: 3.1387, Train Acc: 0.3973, Val Loss: 4.0651, Val Acc: 0.0674
2026-01-10 10:22:04,548 - experiment_chaotic_lorenz_full_chaotic_run_0 - INFO - Saved new best model at epoch 5
2026-01-10 10:22:05,366 - experiment_chaotic_lorenz_full_chaotic_run_0 - INFO - Train Epoch 6: [0/472 (0.0%)]	Loss: 2.680485
2026-01-10 10:22:13,987 - experiment_chaotic_lorenz_full_chaotic_run_0 - INFO - Epoch 6: Train Loss: 2.5720, Train Acc: 0.5022, Val Loss: 5.3710, Val Acc: 0.0449
2026-01-10 10:22:14,714 - experiment_chaotic_lorenz_full_chaotic_run_0 - INFO - Train Epoch 7: [0/472 (0.0%)]	Loss: 2.236182
2026-01-10 10:22:22,550 - experiment_chaotic_lorenz_full_chaotic_run_0 - INFO - Epoch 7: Train Loss: 2.1368, Train Acc: 0.6183, Val Loss: 5.6032, Val Acc: 0.0449
2026-01-10 10:22:23,274 - experiment_chaotic_lorenz_full_chaotic_run_0 - INFO - Train Epoch 8: [0/472 (0.0%)]	Loss: 1.665951
2026-01-10 10:22:31,172 - experiment_chaotic_lorenz_full_chaotic_run_0 - INFO - Epoch 8: Train Loss: 1.8879, Train Acc: 0.6518, Val Loss: 3.8001, Val Acc: 0.1461
2026-01-10 10:22:31,253 - experiment_chaotic_lorenz_full_chaotic_run_0 - INFO - Saved new best model at epoch 8
2026-01-10 10:22:32,072 - experiment_chaotic_lorenz_full_chaotic_run_0 - INFO - Train Epoch 9: [0/472 (0.0%)]	Loss: 1.590741
2026-01-10 10:22:39,566 - experiment_chaotic_lorenz_full_chaotic_run_0 - INFO - Epoch 9: Train Loss: 1.5678, Train Acc: 0.7455, Val Loss: 4.6765, Val Acc: 0.1011
2026-01-10 10:22:40,281 - experiment_chaotic_lorenz_full_chaotic_run_0 - INFO - Train Epoch 10: [0/472 (0.0%)]	Loss: 1.348718
2026-01-10 10:22:47,656 - experiment_chaotic_lorenz_full_chaotic_run_0 - INFO - Epoch 10: Train Loss: 1.3867, Train Acc: 0.7902, Val Loss: 5.5899, Val Acc: 0.0562
2026-01-10 10:22:48,442 - experiment_chaotic_lorenz_full_chaotic_run_0 - INFO - Train Epoch 11: [0/472 (0.0%)]	Loss: 0.928878
2026-01-10 10:22:56,259 - experiment_chaotic_lorenz_full_chaotic_run_0 - INFO - Epoch 11: Train Loss: 1.2334, Train Acc: 0.8348, Val Loss: 5.2492, Val Acc: 0.0449
2026-01-10 10:22:56,928 - experiment_chaotic_lorenz_full_chaotic_run_0 - INFO - Train Epoch 12: [0/472 (0.0%)]	Loss: 0.852541
2026-01-10 10:23:04,533 - experiment_chaotic_lorenz_full_chaotic_run_0 - INFO - Epoch 12: Train Loss: 1.1428, Train Acc: 0.8638, Val Loss: 4.9847, Val Acc: 0.0449
2026-01-10 10:23:05,145 - experiment_chaotic_lorenz_full_chaotic_run_0 - INFO - Train Epoch 13: [0/472 (0.0%)]	Loss: 0.919977
2026-01-10 10:23:13,009 - experiment_chaotic_lorenz_full_chaotic_run_0 - INFO - Epoch 13: Train Loss: 1.0909, Train Acc: 0.8705, Val Loss: 4.7327, Val Acc: 0.0674
2026-01-10 10:23:13,696 - experiment_chaotic_lorenz_full_chaotic_run_0 - INFO - Train Epoch 14: [0/472 (0.0%)]	Loss: 0.962879
2026-01-10 10:23:21,219 - experiment_chaotic_lorenz_full_chaotic_run_0 - INFO - Epoch 14: Train Loss: 1.0940, Train Acc: 0.8438, Val Loss: 5.1910, Val Acc: 0.0899
2026-01-10 10:23:21,973 - experiment_chaotic_lorenz_full_chaotic_run_0 - INFO - Train Epoch 15: [0/472 (0.0%)]	Loss: 0.984984
2026-01-10 10:23:30,046 - experiment_chaotic_lorenz_full_chaotic_run_0 - INFO - Epoch 15: Train Loss: 0.9958, Train Acc: 0.8839, Val Loss: 4.6445, Val Acc: 0.1348
2026-01-10 10:23:30,793 - experiment_chaotic_lorenz_full_chaotic_run_0 - INFO - Train Epoch 16: [0/472 (0.0%)]	Loss: 1.279518
2026-01-10 10:23:38,909 - experiment_chaotic_lorenz_full_chaotic_run_0 - INFO - Epoch 16: Train Loss: 0.9758, Train Acc: 0.8839, Val Loss: 4.1459, Val Acc: 0.1685
2026-01-10 10:23:39,027 - experiment_chaotic_lorenz_full_chaotic_run_0 - INFO - Saved new best model at epoch 16
2026-01-10 10:23:39,870 - experiment_chaotic_lorenz_full_chaotic_run_0 - INFO - Train Epoch 17: [0/472 (0.0%)]	Loss: 0.779041
2026-01-10 10:23:47,782 - experiment_chaotic_lorenz_full_chaotic_run_0 - INFO - Epoch 17: Train Loss: 0.8567, Train Acc: 0.9196, Val Loss: 2.8299, Val Acc: 0.3483
2026-01-10 10:23:47,865 - experiment_chaotic_lorenz_full_chaotic_run_0 - INFO - Saved new best model at epoch 17
2026-01-10 10:23:48,665 - experiment_chaotic_lorenz_full_chaotic_run_0 - INFO - Train Epoch 18: [0/472 (0.0%)]	Loss: 0.768010
2026-01-10 10:23:56,232 - experiment_chaotic_lorenz_full_chaotic_run_0 - INFO - Epoch 18: Train Loss: 0.8087, Train Acc: 0.9241, Val Loss: 5.8560, Val Acc: 0.0899
2026-01-10 10:23:56,956 - experiment_chaotic_lorenz_full_chaotic_run_0 - INFO - Train Epoch 19: [0/472 (0.0%)]	Loss: 0.757139
2026-01-10 10:24:04,779 - experiment_chaotic_lorenz_full_chaotic_run_0 - INFO - Epoch 19: Train Loss: 0.7877, Train Acc: 0.9330, Val Loss: 4.1971, Val Acc: 0.1573
2026-01-10 10:24:05,519 - experiment_chaotic_lorenz_full_chaotic_run_0 - INFO - Train Epoch 20: [0/472 (0.0%)]	Loss: 0.804073
2026-01-10 10:24:13,401 - experiment_chaotic_lorenz_full_chaotic_run_0 - INFO - Epoch 20: Train Loss: 0.8162, Train Acc: 0.9263, Val Loss: 4.4997, Val Acc: 0.1910
2026-01-10 10:24:14,232 - experiment_chaotic_lorenz_full_chaotic_run_0 - INFO - Train Epoch 21: [0/472 (0.0%)]	Loss: 0.722217
2026-01-10 10:24:22,131 - experiment_chaotic_lorenz_full_chaotic_run_0 - INFO - Epoch 21: Train Loss: 0.8367, Train Acc: 0.9062, Val Loss: 5.2411, Val Acc: 0.1348
2026-01-10 10:24:22,852 - experiment_chaotic_lorenz_full_chaotic_run_0 - INFO - Train Epoch 22: [0/472 (0.0%)]	Loss: 0.646699
2026-01-10 10:24:30,909 - experiment_chaotic_lorenz_full_chaotic_run_0 - INFO - Epoch 22: Train Loss: 0.7716, Train Acc: 0.9330, Val Loss: 2.9509, Val Acc: 0.3146
2026-01-10 10:24:31,606 - experiment_chaotic_lorenz_full_chaotic_run_0 - INFO - Train Epoch 23: [0/472 (0.0%)]	Loss: 0.967445
2026-01-10 10:24:39,950 - experiment_chaotic_lorenz_full_chaotic_run_0 - INFO - Epoch 23: Train Loss: 0.7563, Train Acc: 0.9531, Val Loss: 5.5746, Val Acc: 0.1798
2026-01-10 10:24:40,706 - experiment_chaotic_lorenz_full_chaotic_run_0 - INFO - Train Epoch 24: [0/472 (0.0%)]	Loss: 0.882075
2026-01-10 10:24:48,474 - experiment_chaotic_lorenz_full_chaotic_run_0 - INFO - Epoch 24: Train Loss: 0.7234, Train Acc: 0.9375, Val Loss: 5.8204, Val Acc: 0.1685
2026-01-10 10:24:49,413 - experiment_chaotic_lorenz_full_chaotic_run_0 - INFO - Train Epoch 25: [0/472 (0.0%)]	Loss: 0.684479
2026-01-10 10:24:59,481 - experiment_chaotic_lorenz_full_chaotic_run_0 - INFO - Epoch 25: Train Loss: 0.6616, Train Acc: 0.9554, Val Loss: 5.9543, Val Acc: 0.0899
2026-01-10 10:25:00,467 - experiment_chaotic_lorenz_full_chaotic_run_0 - INFO - Train Epoch 26: [0/472 (0.0%)]	Loss: 0.593161
2026-01-10 10:25:10,366 - experiment_chaotic_lorenz_full_chaotic_run_0 - INFO - Epoch 26: Train Loss: 0.7427, Train Acc: 0.9375, Val Loss: 4.5218, Val Acc: 0.2135
2026-01-10 10:25:11,058 - experiment_chaotic_lorenz_full_chaotic_run_0 - INFO - Train Epoch 27: [0/472 (0.0%)]	Loss: 0.598213
2026-01-10 10:25:18,755 - experiment_chaotic_lorenz_full_chaotic_run_0 - INFO - Epoch 27: Train Loss: 0.6829, Train Acc: 0.9576, Val Loss: 5.8168, Val Acc: 0.0787
2026-01-10 10:25:19,635 - experiment_chaotic_lorenz_full_chaotic_run_0 - INFO - Train Epoch 28: [0/472 (0.0%)]	Loss: 0.732399
2026-01-10 10:25:29,739 - experiment_chaotic_lorenz_full_chaotic_run_0 - INFO - Epoch 28: Train Loss: 0.6129, Train Acc: 0.9754, Val Loss: 6.7096, Val Acc: 0.0787
2026-01-10 10:25:30,546 - experiment_chaotic_lorenz_full_chaotic_run_0 - INFO - Train Epoch 29: [0/472 (0.0%)]	Loss: 0.562709
2026-01-10 10:25:39,695 - experiment_chaotic_lorenz_full_chaotic_run_0 - INFO - Epoch 29: Train Loss: 0.6434, Train Acc: 0.9531, Val Loss: 2.0833, Val Acc: 0.4719
2026-01-10 10:25:39,778 - experiment_chaotic_lorenz_full_chaotic_run_0 - INFO - Saved new best model at epoch 29
2026-01-10 10:25:40,714 - experiment_chaotic_lorenz_full_chaotic_run_0 - INFO - Train Epoch 30: [0/472 (0.0%)]	Loss: 0.527144
2026-01-10 10:25:50,918 - experiment_chaotic_lorenz_full_chaotic_run_0 - INFO - Epoch 30: Train Loss: 0.6357, Train Acc: 0.9531, Val Loss: 4.2242, Val Acc: 0.2921
2026-01-10 10:25:51,772 - experiment_chaotic_lorenz_full_chaotic_run_0 - INFO - Train Epoch 31: [0/472 (0.0%)]	Loss: 0.514543
2026-01-10 10:25:59,653 - experiment_chaotic_lorenz_full_chaotic_run_0 - INFO - Epoch 31: Train Loss: 0.5804, Train Acc: 0.9754, Val Loss: 7.7102, Val Acc: 0.0449
2026-01-10 10:26:00,395 - experiment_chaotic_lorenz_full_chaotic_run_0 - INFO - Train Epoch 32: [0/472 (0.0%)]	Loss: 0.566072
2026-01-10 10:26:08,388 - experiment_chaotic_lorenz_full_chaotic_run_0 - INFO - Epoch 32: Train Loss: 0.6303, Train Acc: 0.9621, Val Loss: 6.3170, Val Acc: 0.0787
2026-01-10 10:26:09,307 - experiment_chaotic_lorenz_full_chaotic_run_0 - INFO - Train Epoch 33: [0/472 (0.0%)]	Loss: 0.717549
2026-01-10 10:26:19,258 - experiment_chaotic_lorenz_full_chaotic_run_0 - INFO - Epoch 33: Train Loss: 0.6372, Train Acc: 0.9487, Val Loss: 8.2029, Val Acc: 0.0449
2026-01-10 10:26:20,054 - experiment_chaotic_lorenz_full_chaotic_run_0 - INFO - Train Epoch 34: [0/472 (0.0%)]	Loss: 0.652839
2026-01-10 10:26:29,163 - experiment_chaotic_lorenz_full_chaotic_run_0 - INFO - Epoch 34: Train Loss: 0.5531, Train Acc: 0.9732, Val Loss: 4.8331, Val Acc: 0.1910
2026-01-10 10:26:30,076 - experiment_chaotic_lorenz_full_chaotic_run_0 - INFO - Train Epoch 35: [0/472 (0.0%)]	Loss: 0.441073
2026-01-10 10:26:40,099 - experiment_chaotic_lorenz_full_chaotic_run_0 - INFO - Epoch 35: Train Loss: 0.6083, Train Acc: 0.9487, Val Loss: 7.4985, Val Acc: 0.0899
2026-01-10 10:26:40,917 - experiment_chaotic_lorenz_full_chaotic_run_0 - INFO - Train Epoch 36: [0/472 (0.0%)]	Loss: 0.495401
2026-01-10 10:26:49,765 - experiment_chaotic_lorenz_full_chaotic_run_0 - INFO - Epoch 36: Train Loss: 0.6780, Train Acc: 0.9308, Val Loss: 7.4584, Val Acc: 0.0674
2026-01-10 10:26:50,612 - experiment_chaotic_lorenz_full_chaotic_run_0 - INFO - Train Epoch 37: [0/472 (0.0%)]	Loss: 0.722787
2026-01-10 10:26:58,435 - experiment_chaotic_lorenz_full_chaotic_run_0 - INFO - Epoch 37: Train Loss: 0.6531, Train Acc: 0.9263, Val Loss: 5.4020, Val Acc: 0.1461
2026-01-10 10:26:59,341 - experiment_chaotic_lorenz_full_chaotic_run_0 - INFO - Train Epoch 38: [0/472 (0.0%)]	Loss: 0.512185
2026-01-10 10:27:09,151 - experiment_chaotic_lorenz_full_chaotic_run_0 - INFO - Epoch 38: Train Loss: 0.5331, Train Acc: 0.9621, Val Loss: 8.6343, Val Acc: 0.0449
2026-01-10 10:27:09,920 - experiment_chaotic_lorenz_full_chaotic_run_0 - INFO - Train Epoch 39: [0/472 (0.0%)]	Loss: 0.510073
2026-01-10 10:27:19,772 - experiment_chaotic_lorenz_full_chaotic_run_0 - INFO - Epoch 39: Train Loss: 1.1015, Train Acc: 0.8192, Val Loss: 7.2819, Val Acc: 0.0449
2026-01-10 10:27:20,692 - experiment_chaotic_lorenz_full_chaotic_run_0 - INFO - Train Epoch 40: [0/472 (0.0%)]	Loss: 1.494261
2026-01-10 10:27:30,580 - experiment_chaotic_lorenz_full_chaotic_run_0 - INFO - Epoch 40: Train Loss: 1.4611, Train Acc: 0.7746, Val Loss: 5.7569, Val Acc: 0.0449
2026-01-10 10:27:31,578 - experiment_chaotic_lorenz_full_chaotic_run_0 - INFO - Train Epoch 41: [0/472 (0.0%)]	Loss: 1.175559
2026-01-10 10:27:40,446 - experiment_chaotic_lorenz_full_chaotic_run_0 - INFO - Epoch 41: Train Loss: 0.9983, Train Acc: 0.8728, Val Loss: 3.9131, Val Acc: 0.2584
2026-01-10 10:27:41,094 - experiment_chaotic_lorenz_full_chaotic_run_0 - INFO - Train Epoch 42: [0/472 (0.0%)]	Loss: 0.913120
2026-01-10 10:27:48,701 - experiment_chaotic_lorenz_full_chaotic_run_0 - INFO - Epoch 42: Train Loss: 0.8196, Train Acc: 0.9152, Val Loss: 7.5461, Val Acc: 0.0449
2026-01-10 10:27:49,409 - experiment_chaotic_lorenz_full_chaotic_run_0 - INFO - Train Epoch 43: [0/472 (0.0%)]	Loss: 0.632214
2026-01-10 10:27:57,174 - experiment_chaotic_lorenz_full_chaotic_run_0 - INFO - Epoch 43: Train Loss: 0.7043, Train Acc: 0.9375, Val Loss: 6.3644, Val Acc: 0.0674
2026-01-10 10:27:57,908 - experiment_chaotic_lorenz_full_chaotic_run_0 - INFO - Train Epoch 44: [0/472 (0.0%)]	Loss: 0.735720
2026-01-10 10:28:05,632 - experiment_chaotic_lorenz_full_chaotic_run_0 - INFO - Epoch 44: Train Loss: 0.6485, Train Acc: 0.9531, Val Loss: 6.6077, Val Acc: 0.0449
2026-01-10 10:28:06,308 - experiment_chaotic_lorenz_full_chaotic_run_0 - INFO - Train Epoch 45: [0/472 (0.0%)]	Loss: 0.762541
2026-01-10 10:28:13,900 - experiment_chaotic_lorenz_full_chaotic_run_0 - INFO - Epoch 45: Train Loss: 0.6413, Train Acc: 0.9643, Val Loss: 4.4915, Val Acc: 0.2247
2026-01-10 10:28:14,667 - experiment_chaotic_lorenz_full_chaotic_run_0 - INFO - Train Epoch 46: [0/472 (0.0%)]	Loss: 0.582802
2026-01-10 10:28:22,704 - experiment_chaotic_lorenz_full_chaotic_run_0 - INFO - Epoch 46: Train Loss: 0.5810, Train Acc: 0.9754, Val Loss: 4.6665, Val Acc: 0.0562
2026-01-10 10:28:23,491 - experiment_chaotic_lorenz_full_chaotic_run_0 - INFO - Train Epoch 47: [0/472 (0.0%)]	Loss: 0.505171
2026-01-10 10:28:31,488 - experiment_chaotic_lorenz_full_chaotic_run_0 - INFO - Epoch 47: Train Loss: 0.5894, Train Acc: 0.9643, Val Loss: 5.3082, Val Acc: 0.0449
2026-01-10 10:28:32,240 - experiment_chaotic_lorenz_full_chaotic_run_0 - INFO - Train Epoch 48: [0/472 (0.0%)]	Loss: 0.545000
2026-01-10 10:28:40,150 - experiment_chaotic_lorenz_full_chaotic_run_0 - INFO - Epoch 48: Train Loss: 0.5666, Train Acc: 0.9732, Val Loss: 4.6577, Val Acc: 0.1011
2026-01-10 10:28:40,813 - experiment_chaotic_lorenz_full_chaotic_run_0 - INFO - Train Epoch 49: [0/472 (0.0%)]	Loss: 0.549600
2026-01-10 10:28:48,583 - experiment_chaotic_lorenz_full_chaotic_run_0 - INFO - Epoch 49: Train Loss: 0.5734, Train Acc: 0.9688, Val Loss: 1.0955, Val Acc: 0.6517
2026-01-10 10:28:48,684 - experiment_chaotic_lorenz_full_chaotic_run_0 - INFO - Saved new best model at epoch 49
2026-01-10 10:28:49,415 - experiment_chaotic_lorenz_full_chaotic_run_0 - INFO - Train Epoch 50: [0/472 (0.0%)]	Loss: 0.190807
2026-01-10 10:28:58,466 - experiment_chaotic_lorenz_full_chaotic_run_0 - INFO - Epoch 50: Train Loss: 0.1479, Train Acc: 0.9777, Val Loss: 7.7426, Val Acc: 0.0449
2026-01-10 10:28:59,235 - experiment_chaotic_lorenz_full_chaotic_run_0 - INFO - Train Epoch 51: [0/472 (0.0%)]	Loss: 0.189813
2026-01-10 10:29:06,994 - experiment_chaotic_lorenz_full_chaotic_run_0 - INFO - Epoch 51: Train Loss: 0.1730, Train Acc: 0.9754, Val Loss: 8.0364, Val Acc: 0.0449
2026-01-10 10:29:07,642 - experiment_chaotic_lorenz_full_chaotic_run_0 - INFO - Train Epoch 52: [0/472 (0.0%)]	Loss: 0.083937
2026-01-10 10:29:15,331 - experiment_chaotic_lorenz_full_chaotic_run_0 - INFO - Epoch 52: Train Loss: 0.1309, Train Acc: 0.9866, Val Loss: 3.4827, Val Acc: 0.2697
2026-01-10 10:29:16,061 - experiment_chaotic_lorenz_full_chaotic_run_0 - INFO - Train Epoch 53: [0/472 (0.0%)]	Loss: 0.094830
2026-01-10 10:29:23,703 - experiment_chaotic_lorenz_full_chaotic_run_0 - INFO - Epoch 53: Train Loss: 0.0904, Train Acc: 0.9866, Val Loss: 7.8247, Val Acc: 0.0449
2026-01-10 10:29:24,330 - experiment_chaotic_lorenz_full_chaotic_run_0 - INFO - Train Epoch 54: [0/472 (0.0%)]	Loss: 0.104114
2026-01-10 10:29:32,416 - experiment_chaotic_lorenz_full_chaotic_run_0 - INFO - Epoch 54: Train Loss: 0.1196, Train Acc: 0.9754, Val Loss: 8.4485, Val Acc: 0.0449
2026-01-10 10:29:33,063 - experiment_chaotic_lorenz_full_chaotic_run_0 - INFO - Train Epoch 55: [0/472 (0.0%)]	Loss: 0.102339
2026-01-10 10:29:41,043 - experiment_chaotic_lorenz_full_chaotic_run_0 - INFO - Epoch 55: Train Loss: 0.1012, Train Acc: 0.9777, Val Loss: 7.2886, Val Acc: 0.0787
2026-01-10 10:29:41,741 - experiment_chaotic_lorenz_full_chaotic_run_0 - INFO - Train Epoch 56: [0/472 (0.0%)]	Loss: 0.125344
2026-01-10 10:29:49,903 - experiment_chaotic_lorenz_full_chaotic_run_0 - INFO - Epoch 56: Train Loss: 0.1161, Train Acc: 0.9777, Val Loss: 0.6537, Val Acc: 0.8202
2026-01-10 10:29:49,987 - experiment_chaotic_lorenz_full_chaotic_run_0 - INFO - Saved new best model at epoch 56
2026-01-10 10:29:50,971 - experiment_chaotic_lorenz_full_chaotic_run_0 - INFO - Train Epoch 57: [0/472 (0.0%)]	Loss: 0.232009
2026-01-10 10:29:58,989 - experiment_chaotic_lorenz_full_chaotic_run_0 - INFO - Epoch 57: Train Loss: 0.1239, Train Acc: 0.9732, Val Loss: 0.6527, Val Acc: 0.8315
2026-01-10 10:29:59,074 - experiment_chaotic_lorenz_full_chaotic_run_0 - INFO - Saved new best model at epoch 57
2026-01-10 10:30:00,034 - experiment_chaotic_lorenz_full_chaotic_run_0 - INFO - Train Epoch 58: [0/472 (0.0%)]	Loss: 0.052946
2026-01-10 10:30:10,412 - experiment_chaotic_lorenz_full_chaotic_run_0 - INFO - Epoch 58: Train Loss: 0.0957, Train Acc: 0.9799, Val Loss: 5.5579, Val Acc: 0.0899
2026-01-10 10:30:11,037 - experiment_chaotic_lorenz_full_chaotic_run_0 - INFO - Train Epoch 59: [0/472 (0.0%)]	Loss: 0.088340
2026-01-10 10:30:20,218 - experiment_chaotic_lorenz_full_chaotic_run_0 - INFO - Epoch 59: Train Loss: 0.0750, Train Acc: 0.9844, Val Loss: 1.1554, Val Acc: 0.6966
2026-01-10 10:30:20,849 - experiment_chaotic_lorenz_full_chaotic_run_0 - INFO - Train Epoch 60: [0/472 (0.0%)]	Loss: 0.172746
2026-01-10 10:30:29,134 - experiment_chaotic_lorenz_full_chaotic_run_0 - INFO - Epoch 60: Train Loss: 0.1122, Train Acc: 0.9821, Val Loss: 3.8100, Val Acc: 0.1910
2026-01-10 10:30:29,988 - experiment_chaotic_lorenz_full_chaotic_run_0 - INFO - Train Epoch 61: [0/472 (0.0%)]	Loss: 0.035157
2026-01-10 10:30:38,114 - experiment_chaotic_lorenz_full_chaotic_run_0 - INFO - Epoch 61: Train Loss: 0.0622, Train Acc: 0.9933, Val Loss: 2.9280, Val Acc: 0.3146
2026-01-10 10:30:38,838 - experiment_chaotic_lorenz_full_chaotic_run_0 - INFO - Train Epoch 62: [0/472 (0.0%)]	Loss: 0.062788
2026-01-10 10:30:46,942 - experiment_chaotic_lorenz_full_chaotic_run_0 - INFO - Epoch 62: Train Loss: 0.0689, Train Acc: 0.9911, Val Loss: 0.3099, Val Acc: 0.8989
2026-01-10 10:30:47,032 - experiment_chaotic_lorenz_full_chaotic_run_0 - INFO - Saved new best model at epoch 62
2026-01-10 10:30:47,890 - experiment_chaotic_lorenz_full_chaotic_run_0 - INFO - Train Epoch 63: [0/472 (0.0%)]	Loss: 0.054745
2026-01-10 10:30:55,607 - experiment_chaotic_lorenz_full_chaotic_run_0 - INFO - Epoch 63: Train Loss: 0.0658, Train Acc: 0.9933, Val Loss: 1.8238, Val Acc: 0.5393
2026-01-10 10:30:56,370 - experiment_chaotic_lorenz_full_chaotic_run_0 - INFO - Train Epoch 64: [0/472 (0.0%)]	Loss: 0.066425
2026-01-10 10:31:05,421 - experiment_chaotic_lorenz_full_chaotic_run_0 - INFO - Epoch 64: Train Loss: 0.0608, Train Acc: 0.9955, Val Loss: 2.5668, Val Acc: 0.4719
2026-01-10 10:31:06,087 - experiment_chaotic_lorenz_full_chaotic_run_0 - INFO - Train Epoch 65: [0/472 (0.0%)]	Loss: 0.041140
2026-01-10 10:31:13,837 - experiment_chaotic_lorenz_full_chaotic_run_0 - INFO - Epoch 65: Train Loss: 0.0812, Train Acc: 0.9888, Val Loss: 0.8267, Val Acc: 0.7528
2026-01-10 10:31:14,514 - experiment_chaotic_lorenz_full_chaotic_run_0 - INFO - Train Epoch 66: [0/472 (0.0%)]	Loss: 0.032615
2026-01-10 10:31:23,518 - experiment_chaotic_lorenz_full_chaotic_run_0 - INFO - Epoch 66: Train Loss: 0.0740, Train Acc: 0.9888, Val Loss: 6.5625, Val Acc: 0.1573
2026-01-10 10:31:24,476 - experiment_chaotic_lorenz_full_chaotic_run_0 - INFO - Train Epoch 67: [0/472 (0.0%)]	Loss: 0.254785
2026-01-10 10:31:33,860 - experiment_chaotic_lorenz_full_chaotic_run_0 - INFO - Epoch 67: Train Loss: 0.0775, Train Acc: 0.9888, Val Loss: 10.0165, Val Acc: 0.0449
2026-01-10 10:31:34,602 - experiment_chaotic_lorenz_full_chaotic_run_0 - INFO - Train Epoch 68: [0/472 (0.0%)]	Loss: 0.040727
2026-01-10 10:31:42,779 - experiment_chaotic_lorenz_full_chaotic_run_0 - INFO - Epoch 68: Train Loss: 0.0405, Train Acc: 0.9978, Val Loss: 10.4936, Val Acc: 0.0449
2026-01-10 10:31:43,608 - experiment_chaotic_lorenz_full_chaotic_run_0 - INFO - Train Epoch 69: [0/472 (0.0%)]	Loss: 0.086098
2026-01-10 10:31:51,443 - experiment_chaotic_lorenz_full_chaotic_run_0 - INFO - Epoch 69: Train Loss: 0.0494, Train Acc: 1.0000, Val Loss: 7.2707, Val Acc: 0.1011
2026-01-10 10:31:52,188 - experiment_chaotic_lorenz_full_chaotic_run_0 - INFO - Train Epoch 70: [0/472 (0.0%)]	Loss: 0.025914
2026-01-10 10:31:59,989 - experiment_chaotic_lorenz_full_chaotic_run_0 - INFO - Epoch 70: Train Loss: 0.0549, Train Acc: 0.9933, Val Loss: 3.2251, Val Acc: 0.3596
2026-01-10 10:32:00,867 - experiment_chaotic_lorenz_full_chaotic_run_0 - INFO - Train Epoch 71: [0/472 (0.0%)]	Loss: 0.030268
2026-01-10 10:32:08,914 - experiment_chaotic_lorenz_full_chaotic_run_0 - INFO - Epoch 71: Train Loss: 0.0582, Train Acc: 0.9933, Val Loss: 5.7072, Val Acc: 0.0899
2026-01-10 10:32:09,722 - experiment_chaotic_lorenz_full_chaotic_run_0 - INFO - Train Epoch 72: [0/472 (0.0%)]	Loss: 0.048302
2026-01-10 10:32:18,672 - experiment_chaotic_lorenz_full_chaotic_run_0 - INFO - Epoch 72: Train Loss: 0.0662, Train Acc: 0.9911, Val Loss: 0.2282, Val Acc: 0.9213
2026-01-10 10:32:18,756 - experiment_chaotic_lorenz_full_chaotic_run_0 - INFO - Saved new best model at epoch 72
2026-01-10 10:32:19,525 - experiment_chaotic_lorenz_full_chaotic_run_0 - INFO - Train Epoch 73: [0/472 (0.0%)]	Loss: 0.062149
2026-01-10 10:32:29,917 - experiment_chaotic_lorenz_full_chaotic_run_0 - INFO - Epoch 73: Train Loss: 0.0596, Train Acc: 0.9888, Val Loss: 0.9529, Val Acc: 0.7753
2026-01-10 10:32:30,852 - experiment_chaotic_lorenz_full_chaotic_run_0 - INFO - Train Epoch 74: [0/472 (0.0%)]	Loss: 0.078282
2026-01-10 10:32:41,340 - experiment_chaotic_lorenz_full_chaotic_run_0 - INFO - Epoch 74: Train Loss: 0.0756, Train Acc: 0.9866, Val Loss: 6.5968, Val Acc: 0.1461
2026-01-10 10:32:42,311 - experiment_chaotic_lorenz_full_chaotic_run_0 - INFO - Train Epoch 75: [0/472 (0.0%)]	Loss: 0.040769
2026-01-10 10:32:52,807 - experiment_chaotic_lorenz_full_chaotic_run_0 - INFO - Epoch 75: Train Loss: 0.0580, Train Acc: 0.9911, Val Loss: 4.2488, Val Acc: 0.1798
2026-01-10 10:32:53,744 - experiment_chaotic_lorenz_full_chaotic_run_0 - INFO - Train Epoch 76: [0/472 (0.0%)]	Loss: 0.378731
2026-01-10 10:33:04,245 - experiment_chaotic_lorenz_full_chaotic_run_0 - INFO - Epoch 76: Train Loss: 0.1065, Train Acc: 0.9821, Val Loss: 8.0612, Val Acc: 0.0449
2026-01-10 10:33:05,187 - experiment_chaotic_lorenz_full_chaotic_run_0 - INFO - Train Epoch 77: [0/472 (0.0%)]	Loss: 0.028421
2026-01-10 10:33:15,696 - experiment_chaotic_lorenz_full_chaotic_run_0 - INFO - Epoch 77: Train Loss: 0.0685, Train Acc: 0.9866, Val Loss: 5.1772, Val Acc: 0.1236
2026-01-10 10:33:16,408 - experiment_chaotic_lorenz_full_chaotic_run_0 - INFO - Train Epoch 78: [0/472 (0.0%)]	Loss: 0.041789
2026-01-10 10:33:24,290 - experiment_chaotic_lorenz_full_chaotic_run_0 - INFO - Epoch 78: Train Loss: 0.0603, Train Acc: 0.9933, Val Loss: 0.8631, Val Acc: 0.8090
2026-01-10 10:33:25,020 - experiment_chaotic_lorenz_full_chaotic_run_0 - INFO - Train Epoch 79: [0/472 (0.0%)]	Loss: 0.066345
2026-01-10 10:33:33,167 - experiment_chaotic_lorenz_full_chaotic_run_0 - INFO - Epoch 79: Train Loss: 0.0484, Train Acc: 0.9955, Val Loss: 2.3367, Val Acc: 0.4944
2026-01-10 10:33:34,061 - experiment_chaotic_lorenz_full_chaotic_run_0 - INFO - Train Epoch 80: [0/472 (0.0%)]	Loss: 0.016010
2026-01-10 10:33:43,148 - experiment_chaotic_lorenz_full_chaotic_run_0 - INFO - Epoch 80: Train Loss: 0.0544, Train Acc: 0.9844, Val Loss: 1.0696, Val Acc: 0.7303
2026-01-10 10:33:44,159 - experiment_chaotic_lorenz_full_chaotic_run_0 - INFO - Train Epoch 81: [0/472 (0.0%)]	Loss: 0.017620
2026-01-10 10:33:54,208 - experiment_chaotic_lorenz_full_chaotic_run_0 - INFO - Epoch 81: Train Loss: 0.0533, Train Acc: 0.9933, Val Loss: 0.1516, Val Acc: 0.9438
2026-01-10 10:33:54,330 - experiment_chaotic_lorenz_full_chaotic_run_0 - INFO - Saved new best model at epoch 81
2026-01-10 10:33:55,137 - experiment_chaotic_lorenz_full_chaotic_run_0 - INFO - Train Epoch 82: [0/472 (0.0%)]	Loss: 0.065638
2026-01-10 10:34:02,911 - experiment_chaotic_lorenz_full_chaotic_run_0 - INFO - Epoch 82: Train Loss: 0.0487, Train Acc: 0.9933, Val Loss: 0.1353, Val Acc: 0.9663
2026-01-10 10:34:03,005 - experiment_chaotic_lorenz_full_chaotic_run_0 - INFO - Saved new best model at epoch 82
2026-01-10 10:34:03,797 - experiment_chaotic_lorenz_full_chaotic_run_0 - INFO - Train Epoch 83: [0/472 (0.0%)]	Loss: 0.033715
2026-01-10 10:34:11,807 - experiment_chaotic_lorenz_full_chaotic_run_0 - INFO - Epoch 83: Train Loss: 0.0460, Train Acc: 0.9888, Val Loss: 0.5455, Val Acc: 0.8764
2026-01-10 10:34:12,543 - experiment_chaotic_lorenz_full_chaotic_run_0 - INFO - Train Epoch 84: [0/472 (0.0%)]	Loss: 0.026824
2026-01-10 10:34:20,473 - experiment_chaotic_lorenz_full_chaotic_run_0 - INFO - Epoch 84: Train Loss: 0.0310, Train Acc: 1.0000, Val Loss: 0.1009, Val Acc: 0.9663
2026-01-10 10:34:21,174 - experiment_chaotic_lorenz_full_chaotic_run_0 - INFO - Train Epoch 85: [0/472 (0.0%)]	Loss: 0.044282
2026-01-10 10:34:28,926 - experiment_chaotic_lorenz_full_chaotic_run_0 - INFO - Epoch 85: Train Loss: 0.0504, Train Acc: 0.9911, Val Loss: 0.2327, Val Acc: 0.9213
2026-01-10 10:34:29,868 - experiment_chaotic_lorenz_full_chaotic_run_0 - INFO - Train Epoch 86: [0/472 (0.0%)]	Loss: 0.044654
2026-01-10 10:34:39,686 - experiment_chaotic_lorenz_full_chaotic_run_0 - INFO - Epoch 86: Train Loss: 0.0476, Train Acc: 0.9978, Val Loss: 1.1294, Val Acc: 0.7191
2026-01-10 10:34:40,622 - experiment_chaotic_lorenz_full_chaotic_run_0 - INFO - Train Epoch 87: [0/472 (0.0%)]	Loss: 0.030608
2026-01-10 10:34:50,181 - experiment_chaotic_lorenz_full_chaotic_run_0 - INFO - Epoch 87: Train Loss: 0.0420, Train Acc: 0.9911, Val Loss: 0.1552, Val Acc: 0.9551
2026-01-10 10:34:51,034 - experiment_chaotic_lorenz_full_chaotic_run_0 - INFO - Train Epoch 88: [0/472 (0.0%)]	Loss: 0.015191
2026-01-10 10:35:00,774 - experiment_chaotic_lorenz_full_chaotic_run_0 - INFO - Epoch 88: Train Loss: 0.0335, Train Acc: 0.9955, Val Loss: 0.1269, Val Acc: 0.9551
2026-01-10 10:35:01,669 - experiment_chaotic_lorenz_full_chaotic_run_0 - INFO - Train Epoch 89: [0/472 (0.0%)]	Loss: 0.023441
2026-01-10 10:35:11,310 - experiment_chaotic_lorenz_full_chaotic_run_0 - INFO - Epoch 89: Train Loss: 0.0387, Train Acc: 0.9955, Val Loss: 0.5450, Val Acc: 0.7865
2026-01-10 10:35:12,000 - experiment_chaotic_lorenz_full_chaotic_run_0 - INFO - Train Epoch 90: [0/472 (0.0%)]	Loss: 0.028037
2026-01-10 10:35:20,458 - experiment_chaotic_lorenz_full_chaotic_run_0 - INFO - Epoch 90: Train Loss: 0.0341, Train Acc: 0.9978, Val Loss: 0.2068, Val Acc: 0.9326
2026-01-10 10:35:21,430 - experiment_chaotic_lorenz_full_chaotic_run_0 - INFO - Train Epoch 91: [0/472 (0.0%)]	Loss: 0.023826
2026-01-10 10:35:31,062 - experiment_chaotic_lorenz_full_chaotic_run_0 - INFO - Epoch 91: Train Loss: 0.0400, Train Acc: 0.9933, Val Loss: 0.0634, Val Acc: 0.9775
2026-01-10 10:35:31,146 - experiment_chaotic_lorenz_full_chaotic_run_0 - INFO - Saved new best model at epoch 91
2026-01-10 10:35:32,116 - experiment_chaotic_lorenz_full_chaotic_run_0 - INFO - Train Epoch 92: [0/472 (0.0%)]	Loss: 0.047621
2026-01-10 10:35:40,619 - experiment_chaotic_lorenz_full_chaotic_run_0 - INFO - Epoch 92: Train Loss: 0.0438, Train Acc: 0.9933, Val Loss: 0.0601, Val Acc: 0.9775
2026-01-10 10:35:41,328 - experiment_chaotic_lorenz_full_chaotic_run_0 - INFO - Train Epoch 93: [0/472 (0.0%)]	Loss: 0.013974
2026-01-10 10:35:48,927 - experiment_chaotic_lorenz_full_chaotic_run_0 - INFO - Epoch 93: Train Loss: 0.0506, Train Acc: 0.9955, Val Loss: 0.0561, Val Acc: 0.9775
2026-01-10 10:35:49,842 - experiment_chaotic_lorenz_full_chaotic_run_0 - INFO - Train Epoch 94: [0/472 (0.0%)]	Loss: 0.153057
2026-01-10 10:35:59,518 - experiment_chaotic_lorenz_full_chaotic_run_0 - INFO - Epoch 94: Train Loss: 0.0473, Train Acc: 0.9955, Val Loss: 0.0469, Val Acc: 0.9888
2026-01-10 10:35:59,603 - experiment_chaotic_lorenz_full_chaotic_run_0 - INFO - Saved new best model at epoch 94
2026-01-10 10:36:00,549 - experiment_chaotic_lorenz_full_chaotic_run_0 - INFO - Train Epoch 95: [0/472 (0.0%)]	Loss: 0.031722
2026-01-10 10:36:08,702 - experiment_chaotic_lorenz_full_chaotic_run_0 - INFO - Epoch 95: Train Loss: 0.0457, Train Acc: 0.9933, Val Loss: 0.0684, Val Acc: 0.9888
2026-01-10 10:36:09,353 - experiment_chaotic_lorenz_full_chaotic_run_0 - INFO - Train Epoch 96: [0/472 (0.0%)]	Loss: 0.012786
2026-01-10 10:36:16,891 - experiment_chaotic_lorenz_full_chaotic_run_0 - INFO - Epoch 96: Train Loss: 0.0256, Train Acc: 1.0000, Val Loss: 0.0490, Val Acc: 0.9775
2026-01-10 10:36:17,610 - experiment_chaotic_lorenz_full_chaotic_run_0 - INFO - Train Epoch 97: [0/472 (0.0%)]	Loss: 0.013834
2026-01-10 10:36:25,677 - experiment_chaotic_lorenz_full_chaotic_run_0 - INFO - Epoch 97: Train Loss: 0.0404, Train Acc: 0.9955, Val Loss: 0.0908, Val Acc: 0.9551
2026-01-10 10:36:26,577 - experiment_chaotic_lorenz_full_chaotic_run_0 - INFO - Train Epoch 98: [0/472 (0.0%)]	Loss: 0.020101
2026-01-10 10:36:36,188 - experiment_chaotic_lorenz_full_chaotic_run_0 - INFO - Epoch 98: Train Loss: 0.0296, Train Acc: 0.9978, Val Loss: 0.0652, Val Acc: 0.9775
2026-01-10 10:36:37,102 - experiment_chaotic_lorenz_full_chaotic_run_0 - INFO - Train Epoch 99: [0/472 (0.0%)]	Loss: 0.091266
2026-01-10 10:36:46,915 - experiment_chaotic_lorenz_full_chaotic_run_0 - INFO - Epoch 99: Train Loss: 0.0364, Train Acc: 0.9978, Val Loss: 0.0648, Val Acc: 0.9551
2026-01-10 10:36:46,922 - experiment_chaotic_lorenz_full_chaotic_run_0 - INFO - Running final test evaluation...
2026-01-10 10:36:48,027 - experiment_chaotic_lorenz_full_chaotic_run_0 - INFO - Test Results:
2026-01-10 10:36:48,028 - experiment_chaotic_lorenz_full_chaotic_run_0 - INFO -   loss: 0.1258
2026-01-10 10:36:48,028 - experiment_chaotic_lorenz_full_chaotic_run_0 - INFO -   accuracy: 0.9661
2026-01-10 10:36:48,028 - experiment_chaotic_lorenz_full_chaotic_run_0 - INFO -   avg_confidence: 0.7292
2026-01-10 10:36:48,028 - experiment_chaotic_lorenz_full_chaotic_run_0 - INFO -   embedding_diversity: 0.2505
2026-01-10 10:36:48,028 - experiment_chaotic_lorenz_full_chaotic_run_0 - INFO -   embedding_norm_mean: 1.0000
2026-01-10 10:36:48,028 - experiment_chaotic_lorenz_full_chaotic_run_0 - INFO -   embedding_norm_std: 0.0000
2026-01-10 10:36:48,030 - experiment_chaotic_lorenz_full_chaotic_run_0 - INFO - Training completed
2026-01-10 10:36:49,044 - experiment_chaotic_lorenz_full_chaotic_run_0 - INFO - Running comprehensive chaotic network analysis...
2026-01-10 10:36:49,045 - experiment_chaotic_lorenz_full_chaotic_run_0 - INFO - Analyzing chaotic features and dynamics...
2026-01-10 10:36:50,102 - experiment_chaotic_lorenz_full_chaotic_run_0 - INFO - Chaotic analysis completed
2026-01-10 10:36:50,104 - experiment_chaotic_lorenz_full_chaotic_run_0 - INFO - Creating chaotic dynamics visualizations...
2026-01-10 10:36:52,694 - experiment_chaotic_lorenz_full_chaotic_run_0 - WARNING - Embedding plotting failed: boolean index did not match indexed array along dimension 0; dimension is 8 but corresponding boolean dimension is 32
2026-01-10 10:36:52,701 - experiment_chaotic_lorenz_full_chaotic_run_0 - INFO - Chaotic network analysis completed
2026-01-10 12:43:41,230 - experiment_chaotic_lorenz_full_chaotic_run_0 - INFO - Initialized experiment: chaotic_lorenz_full_chaotic_run_0
2026-01-10 12:43:41,243 - experiment_chaotic_lorenz_full_chaotic_run_0 - INFO - Device: cuda
2026-01-10 12:43:41,243 - experiment_chaotic_lorenz_full_chaotic_run_0 - INFO - Output directory: /scratch/project_2003370/yueyao/Model/experiments/configs/sync_experiments/B2/experiments/chaotic_lorenz_full_chaotic_run_0
2026-01-10 12:43:41,243 - experiment_chaotic_lorenz_full_chaotic_run_0 - INFO - [SYNC LOSS] Enabled with mode: standard
2026-01-10 12:43:41,243 - experiment_chaotic_lorenz_full_chaotic_run_0 - INFO - Initialized chaotic network experiment with lorenz system
2026-01-10 12:43:41,243 - experiment_chaotic_lorenz_full_chaotic_run_0 - INFO - Setting up experiment components...
2026-01-10 12:43:41,243 - experiment_chaotic_lorenz_full_chaotic_run_0 - INFO - Creating dataloaders...
2026-01-10 12:43:41,741 - experiment_chaotic_lorenz_full_chaotic_run_0 - INFO - Detected 26 speakers in dataset
2026-01-10 12:43:41,741 - experiment_chaotic_lorenz_full_chaotic_run_0 - INFO - Dataloaders created:
2026-01-10 12:43:41,741 - experiment_chaotic_lorenz_full_chaotic_run_0 - INFO -   Train: 14 batches
2026-01-10 12:43:41,741 - experiment_chaotic_lorenz_full_chaotic_run_0 - INFO -   Val: 3 batches
2026-01-10 12:43:41,741 - experiment_chaotic_lorenz_full_chaotic_run_0 - INFO -   Test: 4 batches
2026-01-10 12:43:41,741 - experiment_chaotic_lorenz_full_chaotic_run_0 - INFO - Creating model...
2026-01-10 12:43:41,741 - experiment_chaotic_lorenz_full_chaotic_run_0 - INFO - Using actual num_speakers from dataset: 26
2026-01-10 12:43:41,741 - experiment_chaotic_lorenz_full_chaotic_run_0 - INFO - [BIFURCATION] use_bifurcation_control=False
2026-01-10 12:44:29,999 - experiment_chaotic_lorenz_full_chaotic_run_0 - INFO - Total parameters: 458,181
2026-01-10 12:44:29,999 - experiment_chaotic_lorenz_full_chaotic_run_0 - INFO - Trainable parameters: 458,181
2026-01-10 12:44:29,999 - experiment_chaotic_lorenz_full_chaotic_run_0 - INFO - Creating optimizer...
2026-01-10 12:44:31,434 - experiment_chaotic_lorenz_full_chaotic_run_0 - INFO - Optimizer: AdamW
2026-01-10 12:44:31,434 - experiment_chaotic_lorenz_full_chaotic_run_0 - INFO - Creating scheduler...
2026-01-10 12:44:31,434 - experiment_chaotic_lorenz_full_chaotic_run_0 - INFO - Scheduler: CosineAnnealingLR
2026-01-10 12:44:31,434 - experiment_chaotic_lorenz_full_chaotic_run_0 - INFO - Creating criterion...
2026-01-10 12:44:31,434 - experiment_chaotic_lorenz_full_chaotic_run_0 - INFO - Criterion: CrossEntropyLoss
2026-01-10 12:44:31,479 - experiment_chaotic_lorenz_full_chaotic_run_0 - INFO - Configuration saved to: /scratch/project_2003370/yueyao/Model/experiments/configs/sync_experiments/B2/experiments/chaotic_lorenz_full_chaotic_run_0/config.json
2026-01-10 12:44:31,479 - experiment_chaotic_lorenz_full_chaotic_run_0 - INFO - Experiment setup completed
2026-01-10 12:44:31,480 - experiment_chaotic_lorenz_full_chaotic_run_0 - INFO - Starting training for 100 epochs
2026-01-10 12:44:31,634 - experiment_chaotic_lorenz_full_chaotic_run_0 - INFO - 
================================================================================
2026-01-10 12:44:31,635 - experiment_chaotic_lorenz_full_chaotic_run_0 - INFO - COMPREHENSIVE DEBUG - FIRST BATCH
2026-01-10 12:44:31,635 - experiment_chaotic_lorenz_full_chaotic_run_0 - INFO - ================================================================================
2026-01-10 12:44:31,635 - experiment_chaotic_lorenz_full_chaotic_run_0 - INFO - Batch Info:
2026-01-10 12:44:31,635 - experiment_chaotic_lorenz_full_chaotic_run_0 - INFO -   Audio shape: torch.Size([32, 48000])
2026-01-10 12:44:31,635 - experiment_chaotic_lorenz_full_chaotic_run_0 - INFO -   Targets shape: torch.Size([32])
2026-01-10 12:44:31,639 - experiment_chaotic_lorenz_full_chaotic_run_0 - INFO -   Targets (first 8): tensor([19, 24, 16, 12, 16, 10,  8,  2], device='cuda:0')
2026-01-10 12:44:32,305 - experiment_chaotic_lorenz_full_chaotic_run_0 - INFO - ================================================================================

2026-01-10 12:44:32,306 - experiment_chaotic_lorenz_full_chaotic_run_0 - INFO - [ADVERSARIAL] Initialized AdversarialChaoticAugmentation
2026-01-10 12:44:32,471 - experiment_chaotic_lorenz_full_chaotic_run_0 - INFO - [STABILITY] Initialized LyapunovStabilityLoss
2026-01-10 12:44:33,155 - experiment_chaotic_lorenz_full_chaotic_run_0 - INFO - Train Epoch 0: [0/472 (0.0%)]	Loss: 4.923960
2026-01-10 12:44:40,706 - experiment_chaotic_lorenz_full_chaotic_run_0 - INFO - [ADVERSARIAL] Warmup: epoch 1/5
2026-01-10 12:44:41,824 - experiment_chaotic_lorenz_full_chaotic_run_0 - INFO - Epoch 0: Train Loss: 4.8014, Train Acc: 0.0603, Val Loss: 4.0485, Val Acc: 0.0449
2026-01-10 12:44:41,927 - experiment_chaotic_lorenz_full_chaotic_run_0 - INFO - Saved new best model at epoch 0
2026-01-10 12:44:42,696 - experiment_chaotic_lorenz_full_chaotic_run_0 - INFO - Train Epoch 1: [0/472 (0.0%)]	Loss: 3.966856
2026-01-10 12:44:50,415 - experiment_chaotic_lorenz_full_chaotic_run_0 - INFO - [ADVERSARIAL] Warmup: epoch 2/5
2026-01-10 12:44:51,582 - experiment_chaotic_lorenz_full_chaotic_run_0 - INFO - Epoch 1: Train Loss: 3.9180, Train Acc: 0.1384, Val Loss: 3.9802, Val Acc: 0.0449
2026-01-10 12:44:52,258 - experiment_chaotic_lorenz_full_chaotic_run_0 - INFO - Train Epoch 2: [0/472 (0.0%)]	Loss: 3.402680
2026-01-10 12:44:59,812 - experiment_chaotic_lorenz_full_chaotic_run_0 - INFO - [ADVERSARIAL] Warmup: epoch 3/5
2026-01-10 12:45:00,992 - experiment_chaotic_lorenz_full_chaotic_run_0 - INFO - Epoch 2: Train Loss: 3.6048, Train Acc: 0.1652, Val Loss: 5.2322, Val Acc: 0.0562
2026-01-10 12:45:01,078 - experiment_chaotic_lorenz_full_chaotic_run_0 - INFO - Saved new best model at epoch 2
2026-01-10 12:45:01,754 - experiment_chaotic_lorenz_full_chaotic_run_0 - INFO - Train Epoch 3: [0/472 (0.0%)]	Loss: 3.541806
2026-01-10 12:45:08,201 - experiment_chaotic_lorenz_full_chaotic_run_0 - INFO - [ADVERSARIAL] Warmup: epoch 4/5
2026-01-10 12:45:09,388 - experiment_chaotic_lorenz_full_chaotic_run_0 - INFO - Epoch 3: Train Loss: 2.9412, Train Acc: 0.3259, Val Loss: 4.7960, Val Acc: 0.0449
2026-01-10 12:45:10,010 - experiment_chaotic_lorenz_full_chaotic_run_0 - INFO - Train Epoch 4: [0/472 (0.0%)]	Loss: 2.422234
2026-01-10 12:45:15,815 - experiment_chaotic_lorenz_full_chaotic_run_0 - INFO - [ADVERSARIAL] Warmup: epoch 5/5
2026-01-10 12:45:17,028 - experiment_chaotic_lorenz_full_chaotic_run_0 - INFO - Epoch 4: Train Loss: 2.6545, Train Acc: 0.3504, Val Loss: 4.6848, Val Acc: 0.0449
2026-01-10 12:45:17,734 - experiment_chaotic_lorenz_full_chaotic_run_0 - INFO - Train Epoch 5: [0/472 (0.0%)]	Loss: 2.375702
2026-01-10 12:45:24,350 - experiment_chaotic_lorenz_full_chaotic_run_0 - INFO - [ADVERSARIAL] Warmup complete, adversarial training activated!
2026-01-10 12:45:25,460 - experiment_chaotic_lorenz_full_chaotic_run_0 - INFO - Epoch 5: Train Loss: 2.8005, Train Acc: 0.4442, Val Loss: 4.8230, Val Acc: 0.0449
2026-01-10 12:45:26,116 - experiment_chaotic_lorenz_full_chaotic_run_0 - INFO - Train Epoch 6: [0/472 (0.0%)]	Loss: 2.357543
2026-01-10 12:45:33,925 - experiment_chaotic_lorenz_full_chaotic_run_0 - INFO - Epoch 6: Train Loss: 2.5054, Train Acc: 0.5223, Val Loss: 4.3675, Val Acc: 0.0899
2026-01-10 12:45:34,010 - experiment_chaotic_lorenz_full_chaotic_run_0 - INFO - Saved new best model at epoch 6
2026-01-10 12:45:34,742 - experiment_chaotic_lorenz_full_chaotic_run_0 - INFO - Train Epoch 7: [0/472 (0.0%)]	Loss: 2.437913
2026-01-10 12:45:42,705 - experiment_chaotic_lorenz_full_chaotic_run_0 - INFO - Epoch 7: Train Loss: 2.0344, Train Acc: 0.6250, Val Loss: 3.9919, Val Acc: 0.1011
2026-01-10 12:45:42,788 - experiment_chaotic_lorenz_full_chaotic_run_0 - INFO - Saved new best model at epoch 7
2026-01-10 12:45:43,645 - experiment_chaotic_lorenz_full_chaotic_run_0 - INFO - Train Epoch 8: [0/472 (0.0%)]	Loss: 1.585997
2026-01-10 12:45:51,556 - experiment_chaotic_lorenz_full_chaotic_run_0 - INFO - Epoch 8: Train Loss: 1.8475, Train Acc: 0.6853, Val Loss: 4.6930, Val Acc: 0.0899
2026-01-10 12:45:52,382 - experiment_chaotic_lorenz_full_chaotic_run_0 - INFO - Train Epoch 9: [0/472 (0.0%)]	Loss: 1.377608
2026-01-10 12:46:00,362 - experiment_chaotic_lorenz_full_chaotic_run_0 - INFO - Epoch 9: Train Loss: 1.6352, Train Acc: 0.7254, Val Loss: 4.2544, Val Acc: 0.1348
2026-01-10 12:46:00,457 - experiment_chaotic_lorenz_full_chaotic_run_0 - INFO - Saved new best model at epoch 9
2026-01-10 12:46:01,255 - experiment_chaotic_lorenz_full_chaotic_run_0 - INFO - Train Epoch 10: [0/472 (0.0%)]	Loss: 1.245028
2026-01-10 12:46:08,873 - experiment_chaotic_lorenz_full_chaotic_run_0 - INFO - Epoch 10: Train Loss: 1.4856, Train Acc: 0.7500, Val Loss: 3.8623, Val Acc: 0.1461
2026-01-10 12:46:08,955 - experiment_chaotic_lorenz_full_chaotic_run_0 - INFO - Saved new best model at epoch 10
2026-01-10 12:46:09,891 - experiment_chaotic_lorenz_full_chaotic_run_0 - INFO - Train Epoch 11: [0/472 (0.0%)]	Loss: 0.935837
2026-01-10 12:46:19,142 - experiment_chaotic_lorenz_full_chaotic_run_0 - INFO - Epoch 11: Train Loss: 1.3153, Train Acc: 0.8147, Val Loss: 5.1113, Val Acc: 0.0449
2026-01-10 12:46:19,923 - experiment_chaotic_lorenz_full_chaotic_run_0 - INFO - Train Epoch 12: [0/472 (0.0%)]	Loss: 1.063026
2026-01-10 12:46:28,210 - experiment_chaotic_lorenz_full_chaotic_run_0 - INFO - Epoch 12: Train Loss: 1.2409, Train Acc: 0.8103, Val Loss: 3.2856, Val Acc: 0.2135
2026-01-10 12:46:28,296 - experiment_chaotic_lorenz_full_chaotic_run_0 - INFO - Saved new best model at epoch 12
2026-01-10 12:46:29,079 - experiment_chaotic_lorenz_full_chaotic_run_0 - INFO - Train Epoch 13: [0/472 (0.0%)]	Loss: 0.978193
2026-01-10 12:46:37,857 - experiment_chaotic_lorenz_full_chaotic_run_0 - INFO - Epoch 13: Train Loss: 1.1001, Train Acc: 0.8571, Val Loss: 6.3677, Val Acc: 0.0562
2026-01-10 12:46:38,779 - experiment_chaotic_lorenz_full_chaotic_run_0 - INFO - Train Epoch 14: [0/472 (0.0%)]	Loss: 1.276967
2026-01-10 12:46:48,633 - experiment_chaotic_lorenz_full_chaotic_run_0 - INFO - Epoch 14: Train Loss: 1.0909, Train Acc: 0.8661, Val Loss: 3.0789, Val Acc: 0.2135
2026-01-10 12:46:49,566 - experiment_chaotic_lorenz_full_chaotic_run_0 - INFO - Train Epoch 15: [0/472 (0.0%)]	Loss: 0.836005
2026-01-10 12:46:59,438 - experiment_chaotic_lorenz_full_chaotic_run_0 - INFO - Epoch 15: Train Loss: 0.9874, Train Acc: 0.8862, Val Loss: 6.2656, Val Acc: 0.0449
2026-01-10 12:47:00,344 - experiment_chaotic_lorenz_full_chaotic_run_0 - INFO - Train Epoch 16: [0/472 (0.0%)]	Loss: 1.349784
2026-01-10 12:47:10,170 - experiment_chaotic_lorenz_full_chaotic_run_0 - INFO - Epoch 16: Train Loss: 0.9453, Train Acc: 0.8884, Val Loss: 4.2008, Val Acc: 0.2022
2026-01-10 12:47:11,106 - experiment_chaotic_lorenz_full_chaotic_run_0 - INFO - Train Epoch 17: [0/472 (0.0%)]	Loss: 0.738138
2026-01-10 12:47:21,148 - experiment_chaotic_lorenz_full_chaotic_run_0 - INFO - Epoch 17: Train Loss: 0.8686, Train Acc: 0.9085, Val Loss: 5.7689, Val Acc: 0.1236
2026-01-10 12:47:22,051 - experiment_chaotic_lorenz_full_chaotic_run_0 - INFO - Train Epoch 18: [0/472 (0.0%)]	Loss: 0.911834
2026-01-10 12:47:31,872 - experiment_chaotic_lorenz_full_chaotic_run_0 - INFO - Epoch 18: Train Loss: 0.7870, Train Acc: 0.9330, Val Loss: 4.1451, Val Acc: 0.1461
2026-01-10 12:47:32,902 - experiment_chaotic_lorenz_full_chaotic_run_0 - INFO - Train Epoch 19: [0/472 (0.0%)]	Loss: 0.868468
2026-01-10 12:47:42,093 - experiment_chaotic_lorenz_full_chaotic_run_0 - INFO - Epoch 19: Train Loss: 0.8267, Train Acc: 0.9129, Val Loss: 5.9951, Val Acc: 0.0449
2026-01-10 12:47:42,848 - experiment_chaotic_lorenz_full_chaotic_run_0 - INFO - Train Epoch 20: [0/472 (0.0%)]	Loss: 0.902453
2026-01-10 12:47:50,793 - experiment_chaotic_lorenz_full_chaotic_run_0 - INFO - Epoch 20: Train Loss: 0.8577, Train Acc: 0.9174, Val Loss: 4.0018, Val Acc: 0.1910
2026-01-10 12:47:51,683 - experiment_chaotic_lorenz_full_chaotic_run_0 - INFO - Train Epoch 21: [0/472 (0.0%)]	Loss: 0.805342
2026-01-10 12:47:59,385 - experiment_chaotic_lorenz_full_chaotic_run_0 - INFO - Epoch 21: Train Loss: 0.7733, Train Acc: 0.9196, Val Loss: 4.6466, Val Acc: 0.1573
2026-01-10 12:48:00,309 - experiment_chaotic_lorenz_full_chaotic_run_0 - INFO - Train Epoch 22: [0/472 (0.0%)]	Loss: 0.647801
2026-01-10 12:48:10,252 - experiment_chaotic_lorenz_full_chaotic_run_0 - INFO - Epoch 22: Train Loss: 0.7626, Train Acc: 0.9286, Val Loss: 4.2694, Val Acc: 0.2247
2026-01-10 12:48:10,338 - experiment_chaotic_lorenz_full_chaotic_run_0 - INFO - Saved new best model at epoch 22
2026-01-10 12:48:11,139 - experiment_chaotic_lorenz_full_chaotic_run_0 - INFO - Train Epoch 23: [0/472 (0.0%)]	Loss: 0.962498
2026-01-10 12:48:19,017 - experiment_chaotic_lorenz_full_chaotic_run_0 - INFO - Epoch 23: Train Loss: 0.7236, Train Acc: 0.9420, Val Loss: 2.3168, Val Acc: 0.4157
2026-01-10 12:48:19,105 - experiment_chaotic_lorenz_full_chaotic_run_0 - INFO - Saved new best model at epoch 23
2026-01-10 12:48:19,895 - experiment_chaotic_lorenz_full_chaotic_run_0 - INFO - Train Epoch 24: [0/472 (0.0%)]	Loss: 0.651448
2026-01-10 12:48:27,889 - experiment_chaotic_lorenz_full_chaotic_run_0 - INFO - Epoch 24: Train Loss: 0.6786, Train Acc: 0.9487, Val Loss: 4.6278, Val Acc: 0.1124
2026-01-10 12:48:28,653 - experiment_chaotic_lorenz_full_chaotic_run_0 - INFO - Train Epoch 25: [0/472 (0.0%)]	Loss: 0.606541
2026-01-10 12:48:36,575 - experiment_chaotic_lorenz_full_chaotic_run_0 - INFO - Epoch 25: Train Loss: 0.7096, Train Acc: 0.9442, Val Loss: 8.0239, Val Acc: 0.0449
2026-01-10 12:48:37,409 - experiment_chaotic_lorenz_full_chaotic_run_0 - INFO - Train Epoch 26: [0/472 (0.0%)]	Loss: 0.535795
2026-01-10 12:48:46,230 - experiment_chaotic_lorenz_full_chaotic_run_0 - INFO - Epoch 26: Train Loss: 0.6824, Train Acc: 0.9487, Val Loss: 3.7144, Val Acc: 0.2921
2026-01-10 12:48:47,150 - experiment_chaotic_lorenz_full_chaotic_run_0 - INFO - Train Epoch 27: [0/472 (0.0%)]	Loss: 0.639546
2026-01-10 12:48:56,729 - experiment_chaotic_lorenz_full_chaotic_run_0 - INFO - Epoch 27: Train Loss: 0.6693, Train Acc: 0.9576, Val Loss: 4.4980, Val Acc: 0.1910
2026-01-10 12:48:57,635 - experiment_chaotic_lorenz_full_chaotic_run_0 - INFO - Train Epoch 28: [0/472 (0.0%)]	Loss: 0.699971
2026-01-10 12:49:07,216 - experiment_chaotic_lorenz_full_chaotic_run_0 - INFO - Epoch 28: Train Loss: 0.6908, Train Acc: 0.9420, Val Loss: 6.3010, Val Acc: 0.0449
2026-01-10 12:49:08,147 - experiment_chaotic_lorenz_full_chaotic_run_0 - INFO - Train Epoch 29: [0/472 (0.0%)]	Loss: 0.595723
2026-01-10 12:49:17,741 - experiment_chaotic_lorenz_full_chaotic_run_0 - INFO - Epoch 29: Train Loss: 0.6682, Train Acc: 0.9509, Val Loss: 5.4290, Val Acc: 0.1798
2026-01-10 12:49:18,669 - experiment_chaotic_lorenz_full_chaotic_run_0 - INFO - Train Epoch 30: [0/472 (0.0%)]	Loss: 0.640633
2026-01-10 12:49:28,369 - experiment_chaotic_lorenz_full_chaotic_run_0 - INFO - Epoch 30: Train Loss: 0.6551, Train Acc: 0.9531, Val Loss: 5.8618, Val Acc: 0.1011
2026-01-10 12:49:29,348 - experiment_chaotic_lorenz_full_chaotic_run_0 - INFO - Train Epoch 31: [0/472 (0.0%)]	Loss: 0.662673
2026-01-10 12:49:37,836 - experiment_chaotic_lorenz_full_chaotic_run_0 - INFO - Epoch 31: Train Loss: 0.6758, Train Acc: 0.9397, Val Loss: 9.2286, Val Acc: 0.0449
2026-01-10 12:49:38,765 - experiment_chaotic_lorenz_full_chaotic_run_0 - INFO - Train Epoch 32: [0/472 (0.0%)]	Loss: 0.558242
2026-01-10 12:49:48,551 - experiment_chaotic_lorenz_full_chaotic_run_0 - INFO - Epoch 32: Train Loss: 0.6384, Train Acc: 0.9531, Val Loss: 5.4028, Val Acc: 0.1461
2026-01-10 12:49:49,336 - experiment_chaotic_lorenz_full_chaotic_run_0 - INFO - Train Epoch 33: [0/472 (0.0%)]	Loss: 0.602280
2026-01-10 12:49:57,155 - experiment_chaotic_lorenz_full_chaotic_run_0 - INFO - Epoch 33: Train Loss: 0.6193, Train Acc: 0.9665, Val Loss: 6.0134, Val Acc: 0.1236
2026-01-10 12:49:57,930 - experiment_chaotic_lorenz_full_chaotic_run_0 - INFO - Train Epoch 34: [0/472 (0.0%)]	Loss: 0.681690
2026-01-10 12:50:06,699 - experiment_chaotic_lorenz_full_chaotic_run_0 - INFO - Epoch 34: Train Loss: 0.5867, Train Acc: 0.9665, Val Loss: 4.5864, Val Acc: 0.1910
2026-01-10 12:50:07,634 - experiment_chaotic_lorenz_full_chaotic_run_0 - INFO - Train Epoch 35: [0/472 (0.0%)]	Loss: 0.519686
2026-01-10 12:50:17,948 - experiment_chaotic_lorenz_full_chaotic_run_0 - INFO - Epoch 35: Train Loss: 0.6409, Train Acc: 0.9643, Val Loss: 4.2494, Val Acc: 0.2697
2026-01-10 12:50:18,652 - experiment_chaotic_lorenz_full_chaotic_run_0 - INFO - Train Epoch 36: [0/472 (0.0%)]	Loss: 0.538861
2026-01-10 12:50:27,481 - experiment_chaotic_lorenz_full_chaotic_run_0 - INFO - Epoch 36: Train Loss: 0.5847, Train Acc: 0.9777, Val Loss: 6.7495, Val Acc: 0.0674
2026-01-10 12:50:28,237 - experiment_chaotic_lorenz_full_chaotic_run_0 - INFO - Train Epoch 37: [0/472 (0.0%)]	Loss: 0.511577
2026-01-10 12:50:37,080 - experiment_chaotic_lorenz_full_chaotic_run_0 - INFO - Epoch 37: Train Loss: 0.6194, Train Acc: 0.9621, Val Loss: 2.0837, Val Acc: 0.6180
2026-01-10 12:50:37,165 - experiment_chaotic_lorenz_full_chaotic_run_0 - INFO - Saved new best model at epoch 37
2026-01-10 12:50:38,043 - experiment_chaotic_lorenz_full_chaotic_run_0 - INFO - Train Epoch 38: [0/472 (0.0%)]	Loss: 0.554040
2026-01-10 12:50:46,873 - experiment_chaotic_lorenz_full_chaotic_run_0 - INFO - Epoch 38: Train Loss: 0.5658, Train Acc: 0.9866, Val Loss: 5.5878, Val Acc: 0.0899
2026-01-10 12:50:47,814 - experiment_chaotic_lorenz_full_chaotic_run_0 - INFO - Train Epoch 39: [0/472 (0.0%)]	Loss: 0.549245
2026-01-10 12:50:57,828 - experiment_chaotic_lorenz_full_chaotic_run_0 - INFO - Epoch 39: Train Loss: 0.5525, Train Acc: 0.9799, Val Loss: 2.9137, Val Acc: 0.3258
2026-01-10 12:50:58,630 - experiment_chaotic_lorenz_full_chaotic_run_0 - INFO - Train Epoch 40: [0/472 (0.0%)]	Loss: 0.520374
2026-01-10 12:51:07,303 - experiment_chaotic_lorenz_full_chaotic_run_0 - INFO - Epoch 40: Train Loss: 0.5675, Train Acc: 0.9799, Val Loss: 3.5123, Val Acc: 0.3371
2026-01-10 12:51:08,360 - experiment_chaotic_lorenz_full_chaotic_run_0 - INFO - Train Epoch 41: [0/472 (0.0%)]	Loss: 0.582219
2026-01-10 12:51:18,475 - experiment_chaotic_lorenz_full_chaotic_run_0 - INFO - Epoch 41: Train Loss: 0.5450, Train Acc: 0.9754, Val Loss: 8.4816, Val Acc: 0.0562
2026-01-10 12:51:19,387 - experiment_chaotic_lorenz_full_chaotic_run_0 - INFO - Train Epoch 42: [0/472 (0.0%)]	Loss: 0.500662
2026-01-10 12:51:29,625 - experiment_chaotic_lorenz_full_chaotic_run_0 - INFO - Epoch 42: Train Loss: 0.5775, Train Acc: 0.9598, Val Loss: 5.1557, Val Acc: 0.2135
2026-01-10 12:51:30,551 - experiment_chaotic_lorenz_full_chaotic_run_0 - INFO - Train Epoch 43: [0/472 (0.0%)]	Loss: 0.542190
2026-01-10 12:51:40,791 - experiment_chaotic_lorenz_full_chaotic_run_0 - INFO - Epoch 43: Train Loss: 0.5182, Train Acc: 0.9821, Val Loss: 3.7704, Val Acc: 0.3371
2026-01-10 12:51:41,752 - experiment_chaotic_lorenz_full_chaotic_run_0 - INFO - Train Epoch 44: [0/472 (0.0%)]	Loss: 0.638090
2026-01-10 12:51:51,864 - experiment_chaotic_lorenz_full_chaotic_run_0 - INFO - Epoch 44: Train Loss: 0.5511, Train Acc: 0.9732, Val Loss: 9.4009, Val Acc: 0.0449
2026-01-10 12:51:52,826 - experiment_chaotic_lorenz_full_chaotic_run_0 - INFO - Train Epoch 45: [0/472 (0.0%)]	Loss: 0.417709
2026-01-10 12:52:03,028 - experiment_chaotic_lorenz_full_chaotic_run_0 - INFO - Epoch 45: Train Loss: 0.4740, Train Acc: 0.9844, Val Loss: 3.3931, Val Acc: 0.4045
2026-01-10 12:52:03,923 - experiment_chaotic_lorenz_full_chaotic_run_0 - INFO - Train Epoch 46: [0/472 (0.0%)]	Loss: 0.576631
2026-01-10 12:52:11,890 - experiment_chaotic_lorenz_full_chaotic_run_0 - INFO - Epoch 46: Train Loss: 0.4973, Train Acc: 0.9732, Val Loss: 3.5629, Val Acc: 0.3596
2026-01-10 12:52:12,754 - experiment_chaotic_lorenz_full_chaotic_run_0 - INFO - Train Epoch 47: [0/472 (0.0%)]	Loss: 0.464317
2026-01-10 12:52:21,510 - experiment_chaotic_lorenz_full_chaotic_run_0 - INFO - Epoch 47: Train Loss: 0.4769, Train Acc: 0.9866, Val Loss: 1.2231, Val Acc: 0.6517
2026-01-10 12:52:21,594 - experiment_chaotic_lorenz_full_chaotic_run_0 - INFO - Saved new best model at epoch 47
2026-01-10 12:52:22,385 - experiment_chaotic_lorenz_full_chaotic_run_0 - INFO - Train Epoch 48: [0/472 (0.0%)]	Loss: 0.406772
2026-01-10 12:52:30,895 - experiment_chaotic_lorenz_full_chaotic_run_0 - INFO - Epoch 48: Train Loss: 0.4643, Train Acc: 0.9821, Val Loss: 0.6137, Val Acc: 0.8090
2026-01-10 12:52:30,980 - experiment_chaotic_lorenz_full_chaotic_run_0 - INFO - Saved new best model at epoch 48
2026-01-10 12:52:31,754 - experiment_chaotic_lorenz_full_chaotic_run_0 - INFO - Train Epoch 49: [0/472 (0.0%)]	Loss: 0.447043
2026-01-10 12:52:40,510 - experiment_chaotic_lorenz_full_chaotic_run_0 - INFO - Epoch 49: Train Loss: 0.4475, Train Acc: 0.9911, Val Loss: 3.0613, Val Acc: 0.4270
2026-01-10 12:52:41,478 - experiment_chaotic_lorenz_full_chaotic_run_0 - INFO - Train Epoch 50: [0/472 (0.0%)]	Loss: 0.361390
2026-01-10 12:52:51,486 - experiment_chaotic_lorenz_full_chaotic_run_0 - INFO - Epoch 50: Train Loss: 0.1787, Train Acc: 0.9754, Val Loss: 0.5906, Val Acc: 0.8315
2026-01-10 12:52:51,567 - experiment_chaotic_lorenz_full_chaotic_run_0 - INFO - Saved new best model at epoch 50
2026-01-10 12:52:52,552 - experiment_chaotic_lorenz_full_chaotic_run_0 - INFO - Train Epoch 51: [0/472 (0.0%)]	Loss: 0.308400
2026-01-10 12:53:01,175 - experiment_chaotic_lorenz_full_chaotic_run_0 - INFO - Epoch 51: Train Loss: 0.2026, Train Acc: 0.9821, Val Loss: 0.7576, Val Acc: 0.8090
2026-01-10 12:53:02,122 - experiment_chaotic_lorenz_full_chaotic_run_0 - INFO - Train Epoch 52: [0/472 (0.0%)]	Loss: 0.096651
2026-01-10 12:53:12,291 - experiment_chaotic_lorenz_full_chaotic_run_0 - INFO - Epoch 52: Train Loss: 0.1624, Train Acc: 0.9844, Val Loss: 2.6277, Val Acc: 0.4382
2026-01-10 12:53:13,019 - experiment_chaotic_lorenz_full_chaotic_run_0 - INFO - Train Epoch 53: [0/472 (0.0%)]	Loss: 0.209874
2026-01-10 12:53:22,043 - experiment_chaotic_lorenz_full_chaotic_run_0 - INFO - Epoch 53: Train Loss: 0.1206, Train Acc: 0.9866, Val Loss: 0.7611, Val Acc: 0.7978
2026-01-10 12:53:22,856 - experiment_chaotic_lorenz_full_chaotic_run_0 - INFO - Train Epoch 54: [0/472 (0.0%)]	Loss: 0.184900
2026-01-10 12:53:30,704 - experiment_chaotic_lorenz_full_chaotic_run_0 - INFO - Epoch 54: Train Loss: 0.1088, Train Acc: 0.9933, Val Loss: 1.8762, Val Acc: 0.6517
2026-01-10 12:53:31,480 - experiment_chaotic_lorenz_full_chaotic_run_0 - INFO - Train Epoch 55: [0/472 (0.0%)]	Loss: 0.057710
2026-01-10 12:53:40,118 - experiment_chaotic_lorenz_full_chaotic_run_0 - INFO - Epoch 55: Train Loss: 0.0946, Train Acc: 0.9888, Val Loss: 4.4550, Val Acc: 0.3258
2026-01-10 12:53:40,890 - experiment_chaotic_lorenz_full_chaotic_run_0 - INFO - Train Epoch 56: [0/472 (0.0%)]	Loss: 0.095685
2026-01-10 12:53:48,543 - experiment_chaotic_lorenz_full_chaotic_run_0 - INFO - Epoch 56: Train Loss: 0.1033, Train Acc: 0.9888, Val Loss: 4.5818, Val Acc: 0.3596
2026-01-10 12:53:49,381 - experiment_chaotic_lorenz_full_chaotic_run_0 - INFO - Train Epoch 57: [0/472 (0.0%)]	Loss: 0.254447
2026-01-10 12:53:57,858 - experiment_chaotic_lorenz_full_chaotic_run_0 - INFO - Epoch 57: Train Loss: 0.1086, Train Acc: 0.9821, Val Loss: 1.8106, Val Acc: 0.6067
2026-01-10 12:53:58,654 - experiment_chaotic_lorenz_full_chaotic_run_0 - INFO - Train Epoch 58: [0/472 (0.0%)]	Loss: 0.034928
2026-01-10 12:54:07,286 - experiment_chaotic_lorenz_full_chaotic_run_0 - INFO - Epoch 58: Train Loss: 0.0645, Train Acc: 0.9933, Val Loss: 1.7286, Val Acc: 0.6404
2026-01-10 12:54:08,062 - experiment_chaotic_lorenz_full_chaotic_run_0 - INFO - Train Epoch 59: [0/472 (0.0%)]	Loss: 0.048640
2026-01-10 12:54:16,098 - experiment_chaotic_lorenz_full_chaotic_run_0 - INFO - Epoch 59: Train Loss: 0.0614, Train Acc: 0.9911, Val Loss: 1.3354, Val Acc: 0.7191
2026-01-10 12:54:17,052 - experiment_chaotic_lorenz_full_chaotic_run_0 - INFO - Train Epoch 60: [0/472 (0.0%)]	Loss: 0.078172
2026-01-10 12:54:26,673 - experiment_chaotic_lorenz_full_chaotic_run_0 - INFO - Epoch 60: Train Loss: 0.0641, Train Acc: 0.9978, Val Loss: 0.7039, Val Acc: 0.8202
2026-01-10 12:54:27,665 - experiment_chaotic_lorenz_full_chaotic_run_0 - INFO - Train Epoch 61: [0/472 (0.0%)]	Loss: 0.065103
2026-01-10 12:54:36,427 - experiment_chaotic_lorenz_full_chaotic_run_0 - INFO - Epoch 61: Train Loss: 0.0589, Train Acc: 0.9955, Val Loss: 1.5586, Val Acc: 0.6180
2026-01-10 12:54:37,331 - experiment_chaotic_lorenz_full_chaotic_run_0 - INFO - Train Epoch 62: [0/472 (0.0%)]	Loss: 0.035128
2026-01-10 12:54:47,034 - experiment_chaotic_lorenz_full_chaotic_run_0 - INFO - Epoch 62: Train Loss: 0.0531, Train Acc: 0.9955, Val Loss: 0.7408, Val Acc: 0.7978
2026-01-10 12:54:47,967 - experiment_chaotic_lorenz_full_chaotic_run_0 - INFO - Train Epoch 63: [0/472 (0.0%)]	Loss: 0.068163
2026-01-10 12:54:57,990 - experiment_chaotic_lorenz_full_chaotic_run_0 - INFO - Epoch 63: Train Loss: 0.0487, Train Acc: 0.9955, Val Loss: 0.5983, Val Acc: 0.8427
2026-01-10 12:54:58,068 - experiment_chaotic_lorenz_full_chaotic_run_0 - INFO - Saved new best model at epoch 63
2026-01-10 12:54:58,828 - experiment_chaotic_lorenz_full_chaotic_run_0 - INFO - Train Epoch 64: [0/472 (0.0%)]	Loss: 0.141177
2026-01-10 12:55:07,560 - experiment_chaotic_lorenz_full_chaotic_run_0 - INFO - Epoch 64: Train Loss: 0.0620, Train Acc: 0.9911, Val Loss: 0.7192, Val Acc: 0.8090
2026-01-10 12:55:08,308 - experiment_chaotic_lorenz_full_chaotic_run_0 - INFO - Train Epoch 65: [0/472 (0.0%)]	Loss: 0.034211
2026-01-10 12:55:16,272 - experiment_chaotic_lorenz_full_chaotic_run_0 - INFO - Epoch 65: Train Loss: 0.0538, Train Acc: 0.9955, Val Loss: 1.3065, Val Acc: 0.6966
2026-01-10 12:55:17,216 - experiment_chaotic_lorenz_full_chaotic_run_0 - INFO - Train Epoch 66: [0/472 (0.0%)]	Loss: 0.039563
2026-01-10 12:55:26,955 - experiment_chaotic_lorenz_full_chaotic_run_0 - INFO - Epoch 66: Train Loss: 0.0413, Train Acc: 1.0000, Val Loss: 1.1065, Val Acc: 0.7753
2026-01-10 12:55:27,890 - experiment_chaotic_lorenz_full_chaotic_run_0 - INFO - Train Epoch 67: [0/472 (0.0%)]	Loss: 0.556057
2026-01-10 12:55:37,537 - experiment_chaotic_lorenz_full_chaotic_run_0 - INFO - Epoch 67: Train Loss: 0.0775, Train Acc: 0.9866, Val Loss: 0.6094, Val Acc: 0.8539
2026-01-10 12:55:37,620 - experiment_chaotic_lorenz_full_chaotic_run_0 - INFO - Saved new best model at epoch 67
2026-01-10 12:55:38,384 - experiment_chaotic_lorenz_full_chaotic_run_0 - INFO - Train Epoch 68: [0/472 (0.0%)]	Loss: 0.038902
2026-01-10 12:55:46,401 - experiment_chaotic_lorenz_full_chaotic_run_0 - INFO - Epoch 68: Train Loss: 0.0444, Train Acc: 0.9933, Val Loss: 0.5133, Val Acc: 0.8764
2026-01-10 12:55:46,486 - experiment_chaotic_lorenz_full_chaotic_run_0 - INFO - Saved new best model at epoch 68
2026-01-10 12:55:47,236 - experiment_chaotic_lorenz_full_chaotic_run_0 - INFO - Train Epoch 69: [0/472 (0.0%)]	Loss: 0.040528
2026-01-10 12:55:55,048 - experiment_chaotic_lorenz_full_chaotic_run_0 - INFO - Epoch 69: Train Loss: 0.0449, Train Acc: 0.9978, Val Loss: 1.2298, Val Acc: 0.7079
2026-01-10 12:55:56,012 - experiment_chaotic_lorenz_full_chaotic_run_0 - INFO - Train Epoch 70: [0/472 (0.0%)]	Loss: 0.121059
2026-01-10 12:56:05,736 - experiment_chaotic_lorenz_full_chaotic_run_0 - INFO - Epoch 70: Train Loss: 0.0480, Train Acc: 0.9933, Val Loss: 1.4246, Val Acc: 0.8090
2026-01-10 12:56:06,634 - experiment_chaotic_lorenz_full_chaotic_run_0 - INFO - Train Epoch 71: [0/472 (0.0%)]	Loss: 0.026316
2026-01-10 12:56:14,355 - experiment_chaotic_lorenz_full_chaotic_run_0 - INFO - Epoch 71: Train Loss: 0.0393, Train Acc: 0.9978, Val Loss: 0.4373, Val Acc: 0.8876
2026-01-10 12:56:14,439 - experiment_chaotic_lorenz_full_chaotic_run_0 - INFO - Saved new best model at epoch 71
2026-01-10 12:56:15,316 - experiment_chaotic_lorenz_full_chaotic_run_0 - INFO - Train Epoch 72: [0/472 (0.0%)]	Loss: 0.023648
2026-01-10 12:56:23,933 - experiment_chaotic_lorenz_full_chaotic_run_0 - INFO - Epoch 72: Train Loss: 0.0418, Train Acc: 0.9978, Val Loss: 0.4620, Val Acc: 0.8539
2026-01-10 12:56:24,858 - experiment_chaotic_lorenz_full_chaotic_run_0 - INFO - Train Epoch 73: [0/472 (0.0%)]	Loss: 0.049481
2026-01-10 12:56:34,572 - experiment_chaotic_lorenz_full_chaotic_run_0 - INFO - Epoch 73: Train Loss: 0.0341, Train Acc: 0.9978, Val Loss: 0.2647, Val Acc: 0.8989
2026-01-10 12:56:34,656 - experiment_chaotic_lorenz_full_chaotic_run_0 - INFO - Saved new best model at epoch 73
2026-01-10 12:56:35,545 - experiment_chaotic_lorenz_full_chaotic_run_0 - INFO - Train Epoch 74: [0/472 (0.0%)]	Loss: 0.049841
2026-01-10 12:56:44,251 - experiment_chaotic_lorenz_full_chaotic_run_0 - INFO - Epoch 74: Train Loss: 0.0431, Train Acc: 0.9955, Val Loss: 0.7340, Val Acc: 0.8315
2026-01-10 12:56:45,162 - experiment_chaotic_lorenz_full_chaotic_run_0 - INFO - Train Epoch 75: [0/472 (0.0%)]	Loss: 0.034062
2026-01-10 12:56:54,694 - experiment_chaotic_lorenz_full_chaotic_run_0 - INFO - Epoch 75: Train Loss: 0.0426, Train Acc: 0.9955, Val Loss: 0.3996, Val Acc: 0.9213
2026-01-10 12:56:54,776 - experiment_chaotic_lorenz_full_chaotic_run_0 - INFO - Saved new best model at epoch 75
2026-01-10 12:56:55,571 - experiment_chaotic_lorenz_full_chaotic_run_0 - INFO - Train Epoch 76: [0/472 (0.0%)]	Loss: 0.030891
2026-01-10 12:57:03,203 - experiment_chaotic_lorenz_full_chaotic_run_0 - INFO - Epoch 76: Train Loss: 0.0369, Train Acc: 0.9955, Val Loss: 0.2731, Val Acc: 0.9101
2026-01-10 12:57:03,967 - experiment_chaotic_lorenz_full_chaotic_run_0 - INFO - Train Epoch 77: [0/472 (0.0%)]	Loss: 0.104750
2026-01-10 12:57:12,000 - experiment_chaotic_lorenz_full_chaotic_run_0 - INFO - Epoch 77: Train Loss: 0.0417, Train Acc: 0.9933, Val Loss: 0.2001, Val Acc: 0.9326
2026-01-10 12:57:12,081 - experiment_chaotic_lorenz_full_chaotic_run_0 - INFO - Saved new best model at epoch 77
2026-01-10 12:57:12,876 - experiment_chaotic_lorenz_full_chaotic_run_0 - INFO - Train Epoch 78: [0/472 (0.0%)]	Loss: 0.020613
2026-01-10 12:57:20,592 - experiment_chaotic_lorenz_full_chaotic_run_0 - INFO - Epoch 78: Train Loss: 0.0435, Train Acc: 0.9888, Val Loss: 0.3499, Val Acc: 0.8876
2026-01-10 12:57:21,301 - experiment_chaotic_lorenz_full_chaotic_run_0 - INFO - Train Epoch 79: [0/472 (0.0%)]	Loss: 0.023172
2026-01-10 12:57:29,991 - experiment_chaotic_lorenz_full_chaotic_run_0 - INFO - Epoch 79: Train Loss: 0.0316, Train Acc: 1.0000, Val Loss: 0.3478, Val Acc: 0.8989
2026-01-10 12:57:30,741 - experiment_chaotic_lorenz_full_chaotic_run_0 - INFO - Train Epoch 80: [0/472 (0.0%)]	Loss: 0.019986
2026-01-10 12:57:38,472 - experiment_chaotic_lorenz_full_chaotic_run_0 - INFO - Epoch 80: Train Loss: 0.0280, Train Acc: 0.9978, Val Loss: 0.1772, Val Acc: 0.9551
2026-01-10 12:57:38,553 - experiment_chaotic_lorenz_full_chaotic_run_0 - INFO - Saved new best model at epoch 80
2026-01-10 12:57:39,486 - experiment_chaotic_lorenz_full_chaotic_run_0 - INFO - Train Epoch 81: [0/472 (0.0%)]	Loss: 0.013477
2026-01-10 12:57:48,142 - experiment_chaotic_lorenz_full_chaotic_run_0 - INFO - Epoch 81: Train Loss: 0.0350, Train Acc: 0.9955, Val Loss: 0.1567, Val Acc: 0.9438
2026-01-10 12:57:48,886 - experiment_chaotic_lorenz_full_chaotic_run_0 - INFO - Train Epoch 82: [0/472 (0.0%)]	Loss: 0.017056
2026-01-10 12:57:56,772 - experiment_chaotic_lorenz_full_chaotic_run_0 - INFO - Epoch 82: Train Loss: 0.0295, Train Acc: 0.9955, Val Loss: 0.1304, Val Acc: 0.9551
2026-01-10 12:57:57,509 - experiment_chaotic_lorenz_full_chaotic_run_0 - INFO - Train Epoch 83: [0/472 (0.0%)]	Loss: 0.018580
2026-01-10 12:58:05,372 - experiment_chaotic_lorenz_full_chaotic_run_0 - INFO - Epoch 83: Train Loss: 0.0251, Train Acc: 1.0000, Val Loss: 0.0958, Val Acc: 0.9663
2026-01-10 12:58:05,456 - experiment_chaotic_lorenz_full_chaotic_run_0 - INFO - Saved new best model at epoch 83
2026-01-10 12:58:06,274 - experiment_chaotic_lorenz_full_chaotic_run_0 - INFO - Train Epoch 84: [0/472 (0.0%)]	Loss: 0.019959
2026-01-10 12:58:14,547 - experiment_chaotic_lorenz_full_chaotic_run_0 - INFO - Epoch 84: Train Loss: 0.0289, Train Acc: 0.9978, Val Loss: 0.1410, Val Acc: 0.9663
2026-01-10 12:58:15,343 - experiment_chaotic_lorenz_full_chaotic_run_0 - INFO - Train Epoch 85: [0/472 (0.0%)]	Loss: 0.068046
2026-01-10 12:58:23,019 - experiment_chaotic_lorenz_full_chaotic_run_0 - INFO - Epoch 85: Train Loss: 0.0316, Train Acc: 0.9978, Val Loss: 0.1373, Val Acc: 0.9551
2026-01-10 12:58:23,830 - experiment_chaotic_lorenz_full_chaotic_run_0 - INFO - Train Epoch 86: [0/472 (0.0%)]	Loss: 0.022050
2026-01-10 12:58:31,790 - experiment_chaotic_lorenz_full_chaotic_run_0 - INFO - Epoch 86: Train Loss: 0.0349, Train Acc: 0.9955, Val Loss: 0.1388, Val Acc: 0.9438
2026-01-10 12:58:32,552 - experiment_chaotic_lorenz_full_chaotic_run_0 - INFO - Train Epoch 87: [0/472 (0.0%)]	Loss: 0.025436
2026-01-10 12:58:40,510 - experiment_chaotic_lorenz_full_chaotic_run_0 - INFO - Epoch 87: Train Loss: 0.0234, Train Acc: 0.9978, Val Loss: 0.0910, Val Acc: 0.9551
2026-01-10 12:58:41,242 - experiment_chaotic_lorenz_full_chaotic_run_0 - INFO - Train Epoch 88: [0/472 (0.0%)]	Loss: 0.015759
2026-01-10 12:58:49,771 - experiment_chaotic_lorenz_full_chaotic_run_0 - INFO - Epoch 88: Train Loss: 0.0217, Train Acc: 1.0000, Val Loss: 0.1224, Val Acc: 0.9551
2026-01-10 12:58:50,709 - experiment_chaotic_lorenz_full_chaotic_run_0 - INFO - Train Epoch 89: [0/472 (0.0%)]	Loss: 0.065094
2026-01-10 12:59:00,426 - experiment_chaotic_lorenz_full_chaotic_run_0 - INFO - Epoch 89: Train Loss: 0.0295, Train Acc: 0.9955, Val Loss: 0.1512, Val Acc: 0.9551
2026-01-10 12:59:01,359 - experiment_chaotic_lorenz_full_chaotic_run_0 - INFO - Train Epoch 90: [0/472 (0.0%)]	Loss: 0.049846
2026-01-10 12:59:11,031 - experiment_chaotic_lorenz_full_chaotic_run_0 - INFO - Epoch 90: Train Loss: 0.0342, Train Acc: 0.9933, Val Loss: 0.1346, Val Acc: 0.9663
2026-01-10 12:59:12,019 - experiment_chaotic_lorenz_full_chaotic_run_0 - INFO - Train Epoch 91: [0/472 (0.0%)]	Loss: 0.015325
2026-01-10 12:59:21,696 - experiment_chaotic_lorenz_full_chaotic_run_0 - INFO - Epoch 91: Train Loss: 0.0295, Train Acc: 0.9978, Val Loss: 0.1133, Val Acc: 0.9663
2026-01-10 12:59:22,637 - experiment_chaotic_lorenz_full_chaotic_run_0 - INFO - Train Epoch 92: [0/472 (0.0%)]	Loss: 0.032545
2026-01-10 12:59:32,289 - experiment_chaotic_lorenz_full_chaotic_run_0 - INFO - Epoch 92: Train Loss: 0.0269, Train Acc: 0.9978, Val Loss: 0.1099, Val Acc: 0.9775
2026-01-10 12:59:32,373 - experiment_chaotic_lorenz_full_chaotic_run_0 - INFO - Saved new best model at epoch 92
2026-01-10 12:59:33,193 - experiment_chaotic_lorenz_full_chaotic_run_0 - INFO - Train Epoch 93: [0/472 (0.0%)]	Loss: 0.034643
2026-01-10 12:59:40,826 - experiment_chaotic_lorenz_full_chaotic_run_0 - INFO - Epoch 93: Train Loss: 0.0265, Train Acc: 1.0000, Val Loss: 0.0991, Val Acc: 0.9775
2026-01-10 12:59:41,731 - experiment_chaotic_lorenz_full_chaotic_run_0 - INFO - Train Epoch 94: [0/472 (0.0%)]	Loss: 0.023167
2026-01-10 12:59:51,447 - experiment_chaotic_lorenz_full_chaotic_run_0 - INFO - Epoch 94: Train Loss: 0.0312, Train Acc: 0.9955, Val Loss: 0.0888, Val Acc: 0.9775
2026-01-10 12:59:52,368 - experiment_chaotic_lorenz_full_chaotic_run_0 - INFO - Train Epoch 95: [0/472 (0.0%)]	Loss: 0.016025
2026-01-10 13:00:02,033 - experiment_chaotic_lorenz_full_chaotic_run_0 - INFO - Epoch 95: Train Loss: 0.0490, Train Acc: 0.9933, Val Loss: 0.1095, Val Acc: 0.9551
2026-01-10 13:00:02,945 - experiment_chaotic_lorenz_full_chaotic_run_0 - INFO - Train Epoch 96: [0/472 (0.0%)]	Loss: 0.013843
2026-01-10 13:00:12,786 - experiment_chaotic_lorenz_full_chaotic_run_0 - INFO - Epoch 96: Train Loss: 0.0203, Train Acc: 1.0000, Val Loss: 0.1117, Val Acc: 0.9663
2026-01-10 13:00:13,709 - experiment_chaotic_lorenz_full_chaotic_run_0 - INFO - Train Epoch 97: [0/472 (0.0%)]	Loss: 0.018887
2026-01-10 13:00:23,570 - experiment_chaotic_lorenz_full_chaotic_run_0 - INFO - Epoch 97: Train Loss: 0.0399, Train Acc: 0.9888, Val Loss: 0.1218, Val Acc: 0.9663
2026-01-10 13:00:24,511 - experiment_chaotic_lorenz_full_chaotic_run_0 - INFO - Train Epoch 98: [0/472 (0.0%)]	Loss: 0.016743
2026-01-10 13:00:34,010 - experiment_chaotic_lorenz_full_chaotic_run_0 - INFO - Epoch 98: Train Loss: 0.0292, Train Acc: 0.9955, Val Loss: 0.1118, Val Acc: 0.9663
2026-01-10 13:00:34,761 - experiment_chaotic_lorenz_full_chaotic_run_0 - INFO - Train Epoch 99: [0/472 (0.0%)]	Loss: 0.036365
2026-01-10 13:00:41,616 - experiment_chaotic_lorenz_full_chaotic_run_0 - INFO - Epoch 99: Train Loss: 0.0369, Train Acc: 0.9978, Val Loss: 0.1205, Val Acc: 0.9663
2026-01-10 13:00:41,622 - experiment_chaotic_lorenz_full_chaotic_run_0 - INFO - Running final test evaluation...
2026-01-10 13:00:42,550 - experiment_chaotic_lorenz_full_chaotic_run_0 - INFO - Test Results:
2026-01-10 13:00:42,550 - experiment_chaotic_lorenz_full_chaotic_run_0 - INFO -   loss: 0.2754
2026-01-10 13:00:42,550 - experiment_chaotic_lorenz_full_chaotic_run_0 - INFO -   accuracy: 0.9322
2026-01-10 13:00:42,550 - experiment_chaotic_lorenz_full_chaotic_run_0 - INFO -   avg_confidence: 0.6083
2026-01-10 13:00:42,550 - experiment_chaotic_lorenz_full_chaotic_run_0 - INFO -   embedding_diversity: 0.3090
2026-01-10 13:00:42,550 - experiment_chaotic_lorenz_full_chaotic_run_0 - INFO -   embedding_norm_mean: 1.0000
2026-01-10 13:00:42,551 - experiment_chaotic_lorenz_full_chaotic_run_0 - INFO -   embedding_norm_std: 0.0000
2026-01-10 13:00:42,552 - experiment_chaotic_lorenz_full_chaotic_run_0 - INFO - Training completed
2026-01-10 13:00:43,400 - experiment_chaotic_lorenz_full_chaotic_run_0 - INFO - Running comprehensive chaotic network analysis...
2026-01-10 13:00:43,401 - experiment_chaotic_lorenz_full_chaotic_run_0 - INFO - Analyzing chaotic features and dynamics...
2026-01-10 13:00:44,118 - experiment_chaotic_lorenz_full_chaotic_run_0 - INFO - Chaotic analysis completed
2026-01-10 13:00:44,120 - experiment_chaotic_lorenz_full_chaotic_run_0 - INFO - Creating chaotic dynamics visualizations...
2026-01-10 13:00:46,550 - experiment_chaotic_lorenz_full_chaotic_run_0 - WARNING - Embedding plotting failed: boolean index did not match indexed array along dimension 0; dimension is 8 but corresponding boolean dimension is 32
2026-01-10 13:00:46,557 - experiment_chaotic_lorenz_full_chaotic_run_0 - INFO - Chaotic network analysis completed
