2025-12-24 10:29:21,114 - chaotic_trainer - INFO - ============================================================
2025-12-24 10:29:21,115 - chaotic_trainer - INFO - CHAOTIC NEURAL NETWORKS TRAINING
2025-12-24 10:29:21,115 - chaotic_trainer - INFO - ============================================================
2025-12-24 10:29:21,115 - chaotic_trainer - INFO - Output directory: /scratch/project_2003370/yueyao/Model/experiments/configs/4.2_chapter_experiments
2025-12-24 10:29:21,115 - chaotic_trainer - INFO - Configuration: {
  "experiment": {
    "name": "chaotic_speaker_recognition",
    "description": "Chaotic Hierarchical Attractor Propagation for robust speaker recognition",
    "version": "2.0",
    "author": "C-HiLAP Project"
  },
  "data": {
    "data_dir": "/scratch/project_2003370/yueyao/dataset/mini_librispeech/LibriSpeech/dev-clean-2",
    "train_split": 0.7,
    "val_split": 0.15,
    "test_split": 0.15,
    "num_workers": 4,
    "pin_memory": true,
    "prefetch_factor": 2,
    "cache_features": false,
    "cache_dir": "./cache"
  },
  "audio": {
    "sample_rate": 16000,
    "max_audio_length": 3.0,
    "min_audio_length": 0.5,
    "frame_length": 400,
    "hop_length": 160,
    "normalize": true,
    "remove_silence": false,
    "augmentation": {
      "enabled": false,
      "noise_injection": 0.005,
      "time_stretch_range": [
        0.9,
        1.1
      ],
      "pitch_shift_range": [
        -2,
        2
      ]
    }
  },
  "model": {
    "type": "full_chaotic",
    "num_speakers": 251,
    "phase_space": {
      "embedding_dim": 10,
      "delay_method": "mutual_info",
      "fixed_delay": null
    },
    "chaotic_features": {
      "mlsa": {
        "scales": 5,
        "max_lyapunov_steps": 1000
      },
      "rqa": {
        "radius_ratio": 0.1,
        "min_line_length": 2
      }
    },
    "chaotic_embedding": {
      "system_type": "lorenz",
      "evolution_time": 0.5,
      "time_step": 0.01,
      "coupling_strength": 1.0,
      "noise_level": 0.001,
      "lorenz": {
        "sigma": 10.0,
        "rho": 28.0,
        "beta": 2.6667
      },
      "rossler": {
        "a": 0.2,
        "b": 0.2,
        "c": 5.7
      }
    },
    "attractor_pooling": {
      "type": "comprehensive",
      "correlation_dimension": {
        "num_radii": 50
      }
    },
    "speaker_embedding": {
      "dim": 256,
      "hidden_dims": [
        512,
        256,
        128
      ],
      "dropout_rate": 0.3,
      "use_batch_norm": true
    },
    "classifier": {
      "type": "plda",
      "temperature": 30.0,
      "margin": 0.35,
      "plda": {
        "latent_dim": 128,
        "use_length_norm": true
      }
    }
  },
  "optional_modules": {
    "bifurcation_control": {
      "enabled": false,
      "num_regimes": 4,
      "hidden_dim": 32,
      "control_strength": 0.5,
      "learnable_boundaries": true
    },
    "differentiable_features": {
      "enabled": true,
      "lyapunov_dim": 8,
      "rqa_dim": 6,
      "additional_stats": true
    }
  },
  "loss": {
    "classification": {
      "type": "cross_entropy",
      "label_smoothing": 0.0
    },
    "stability": {
      "enabled": true,
      "weight": 0.1,
      "target_lyapunov_range": [
        0.1,
        2.0
      ],
      "trajectory_bound": 50.0,
      "collapse_threshold": 0.1,
      "diversity_weight": 0.05
    },
    "synchronization": {
      "enabled": false,
      "sync_weight": 0.1,
      "desync_weight": 0.1,
      "margin": 1.0,
      "sample_ratio": 0.3,
      "distance_type": "euclidean"
    },
    "adversarial": {
      "enabled": true,
      "warmup_epochs": 5,
      "perturbation_scale": 0.1,
      "parameter_noise": true,
      "trajectory_noise": true,
      "weight": 0.3
    }
  },
  "training": {
    "batch_size": 32,
    "num_epochs": 100,
    "gradient_clipping": 1.0,
    "gradient_accumulation_steps": 1,
    "mixed_precision": false,
    "optimizer": {
      "type": "adamw",
      "learning_rate": 0.0005,
      "weight_decay": 0.0001,
      "betas": [
        0.9,
        0.999
      ],
      "eps": 1e-08,
      "momentum": 0.9,
      "nesterov": true
    },
    "scheduler": {
      "type": "cosine",
      "T_max": 100,
      "eta_min": 1e-06,
      "step_size": 30,
      "gamma": 0.1,
      "patience": 10,
      "factor": 0.5,
      "min_lr": 1e-07,
      "warmup_epochs": 5,
      "warmup_start_lr": 1e-06
    },
    "early_stopping": {
      "enabled": true,
      "patience": 30,
      "min_delta": 0.001,
      "monitor": "val_accuracy",
      "mode": "max"
    },
    "checkpoint": {
      "save_best_only": true,
      "save_frequency": 10,
      "max_to_keep": 3
    }
  },
  "evaluation": {
    "metrics": [
      "accuracy",
      "top5_accuracy",
      "eer",
      "dcf"
    ],
    "eval_frequency": 1,
    "visualization": {
      "enabled": true,
      "plot_confusion_matrix": true,
      "plot_embeddings": true,
      "plot_attractors": true
    }
  },
  "logging": {
    "level": "INFO",
    "tensorboard": {
      "enabled": true,
      "log_dir": "./runs"
    },
    "wandb": {
      "enabled": false,
      "project": "chaotic-speaker-recognition",
      "entity": null
    },
    "log_frequency": 50
  },
  "output": {
    "base_dir": "./experiments/outputs",
    "save_predictions": true,
    "save_embeddings": true,
    "save_analysis": true
  },
  "hardware": {
    "device": "auto",
    "seed": 42,
    "deterministic": false,
    "benchmark": true
  },
  "presets": {
    "fast_debug": {
      "training": {
        "batch_size": 8,
        "num_epochs": 5
      },
      "model": {
        "speaker_embedding": {
          "hidden_dims": [
            128,
            64
          ]
        }
      },
      "loss": {
        "adversarial": {
          "enabled": false
        },
        "synchronization": {
          "enabled": false
        }
      }
    },
    "baseline": {
      "model": {
        "classifier": {
          "type": "linear"
        }
      },
      "loss": {
        "stability": {
          "enabled": true
        },
        "synchronization": {
          "enabled": false
        },
        "adversarial": {
          "enabled": false
        }
      }
    },
    "high_performance": {
      "model": {
        "speaker_embedding": {
          "dim": 512,
          "hidden_dims": [
            1024,
            512,
            256
          ]
        },
        "classifier": {
          "type": "cosine"
        }
      },
      "training": {
        "num_epochs": 200,
        "batch_size": 64
      },
      "loss": {
        "stability": {
          "enabled": true
        },
        "synchronization": {
          "enabled": false
        },
        "adversarial": {
          "enabled": true,
          "warmup_epochs": 10
        }
      }
    },
    "robust": {
      "model": {
        "chaotic_embedding": {
          "noise_level": 0.01
        }
      },
      "loss": {
        "adversarial": {
          "enabled": true,
          "perturbation_scale": 0.15,
          "warmup_epochs": 3
        }
      },
      "audio": {
        "augmentation": {
          "enabled": true,
          "noise_injection": 0.01
        }
      }
    }
  },
  "epochs": 100,
  "data_dir": "/scratch/project_2003370/yueyao/dataset/mini_librispeech/LibriSpeech/dev-clean-2",
  "optimize_parameters": true
}
2025-12-24 10:29:21,210 - chaotic_trainer - INFO - System info: {'platform': 'Linux-4.18.0-553.74.1.el8_10.x86_64-x86_64-with-glibc2.28', 'system': 'Linux', 'node': 'g1102.mahti.csc.fi', 'release': '4.18.0-553.74.1.el8_10.x86_64', 'version': '#1 SMP Sun Sep 7 09:23:35 EDT 2025', 'machine': 'x86_64', 'processor': 'x86_64', 'python_version': '3.12.10 (main, Jun  3 2025, 21:04:06) [GCC 8.5.0 20210514 (Red Hat 8.5.0-26)]', 'python_executable': '/usr/bin/python', 'cpu_count': 256, 'total_memory': 540285186048, 'available_memory': 516066607104, 'gpu_info': {'cuda_available': True, 'cuda_version': '12.6', 'gpu_count': 1, 'gpu_names': ['NVIDIA A100-SXM4-40GB MIG 1g.5gb']}, 'package_versions': {'numpy': '1.26.4', 'scipy': '1.13.1', 'scikit-learn': 'not installed', 'librosa': '0.11.0', 'soundfile': '0.13.1', 'torch': '2.7.1+cu126', 'tensorflow': 'not installed', 'matplotlib': '3.10.3', 'pandas': '2.3.0'}, 'git_info': {'commit_hash': 'daa24a287a80c85ef3adb8a50c43cdc3cd2f14ce', 'branch': 'origin', 'is_dirty': True}}
2025-12-24 10:29:21,210 - chaotic_trainer - ERROR - Missing required config key: num_speakers
2025-12-24 10:33:16,454 - chaotic_trainer - INFO - ============================================================
2025-12-24 10:33:16,455 - chaotic_trainer - INFO - CHAOTIC NEURAL NETWORKS TRAINING
2025-12-24 10:33:16,455 - chaotic_trainer - INFO - ============================================================
2025-12-24 10:33:16,455 - chaotic_trainer - INFO - Output directory: /scratch/project_2003370/yueyao/Model/experiments/configs/4.2_chapter_experiments
2025-12-24 10:33:16,455 - chaotic_trainer - INFO - Configuration: {
  "experiment": {
    "name": "chaotic_speaker_recognition",
    "description": "Chaotic Hierarchical Attractor Propagation for robust speaker recognition",
    "version": "2.0",
    "author": "C-HiLAP Project"
  },
  "data": {
    "data_dir": "/scratch/project_2003370/yueyao/dataset/mini_librispeech/LibriSpeech/dev-clean-2",
    "train_split": 0.7,
    "val_split": 0.15,
    "test_split": 0.15,
    "num_workers": 4,
    "pin_memory": true,
    "prefetch_factor": 2,
    "cache_features": false,
    "cache_dir": "./cache"
  },
  "audio": {
    "sample_rate": 16000,
    "max_audio_length": 3.0,
    "min_audio_length": 0.5,
    "frame_length": 400,
    "hop_length": 160,
    "normalize": true,
    "remove_silence": false,
    "augmentation": {
      "enabled": false,
      "noise_injection": 0.005,
      "time_stretch_range": [
        0.9,
        1.1
      ],
      "pitch_shift_range": [
        -2,
        2
      ]
    }
  },
  "model": {
    "type": "full_chaotic",
    "num_speakers": 251,
    "phase_space": {
      "embedding_dim": 10,
      "delay_method": "mutual_info",
      "fixed_delay": null
    },
    "chaotic_features": {
      "mlsa": {
        "scales": 5,
        "max_lyapunov_steps": 1000
      },
      "rqa": {
        "radius_ratio": 0.1,
        "min_line_length": 2
      }
    },
    "chaotic_embedding": {
      "system_type": "lorenz",
      "evolution_time": 0.5,
      "time_step": 0.01,
      "coupling_strength": 1.0,
      "noise_level": 0.001,
      "lorenz": {
        "sigma": 10.0,
        "rho": 28.0,
        "beta": 2.6667
      },
      "rossler": {
        "a": 0.2,
        "b": 0.2,
        "c": 5.7
      }
    },
    "attractor_pooling": {
      "type": "comprehensive",
      "correlation_dimension": {
        "num_radii": 50
      }
    },
    "speaker_embedding": {
      "dim": 256,
      "hidden_dims": [
        512,
        256,
        128
      ],
      "dropout_rate": 0.3,
      "use_batch_norm": true
    },
    "classifier": {
      "type": "plda",
      "temperature": 30.0,
      "margin": 0.35,
      "plda": {
        "latent_dim": 128,
        "use_length_norm": true
      }
    }
  },
  "optional_modules": {
    "bifurcation_control": {
      "enabled": false,
      "num_regimes": 4,
      "hidden_dim": 32,
      "control_strength": 0.5,
      "learnable_boundaries": true
    },
    "differentiable_features": {
      "enabled": true,
      "lyapunov_dim": 8,
      "rqa_dim": 6,
      "additional_stats": true
    }
  },
  "loss": {
    "classification": {
      "type": "cross_entropy",
      "label_smoothing": 0.0
    },
    "stability": {
      "enabled": true,
      "weight": 0.1,
      "target_lyapunov_range": [
        0.1,
        2.0
      ],
      "trajectory_bound": 50.0,
      "collapse_threshold": 0.1,
      "diversity_weight": 0.05
    },
    "synchronization": {
      "enabled": false,
      "sync_weight": 0.1,
      "desync_weight": 0.1,
      "margin": 1.0,
      "sample_ratio": 0.3,
      "distance_type": "euclidean"
    },
    "adversarial": {
      "enabled": true,
      "warmup_epochs": 5,
      "perturbation_scale": 0.1,
      "parameter_noise": true,
      "trajectory_noise": true,
      "weight": 0.3
    }
  },
  "training": {
    "batch_size": 32,
    "num_epochs": 100,
    "gradient_clipping": 1.0,
    "gradient_accumulation_steps": 1,
    "mixed_precision": false,
    "optimizer": {
      "type": "adamw",
      "learning_rate": 0.0005,
      "weight_decay": 0.0001,
      "betas": [
        0.9,
        0.999
      ],
      "eps": 1e-08,
      "momentum": 0.9,
      "nesterov": true
    },
    "scheduler": {
      "type": "cosine",
      "T_max": 100,
      "eta_min": 1e-06,
      "step_size": 30,
      "gamma": 0.1,
      "patience": 10,
      "factor": 0.5,
      "min_lr": 1e-07,
      "warmup_epochs": 5,
      "warmup_start_lr": 1e-06
    },
    "early_stopping": {
      "enabled": true,
      "patience": 30,
      "min_delta": 0.001,
      "monitor": "val_accuracy",
      "mode": "max"
    },
    "checkpoint": {
      "save_best_only": true,
      "save_frequency": 10,
      "max_to_keep": 3
    }
  },
  "evaluation": {
    "metrics": [
      "accuracy",
      "top5_accuracy",
      "eer",
      "dcf"
    ],
    "eval_frequency": 1,
    "visualization": {
      "enabled": true,
      "plot_confusion_matrix": true,
      "plot_embeddings": true,
      "plot_attractors": true
    }
  },
  "logging": {
    "level": "INFO",
    "tensorboard": {
      "enabled": true,
      "log_dir": "./runs"
    },
    "wandb": {
      "enabled": false,
      "project": "chaotic-speaker-recognition",
      "entity": null
    },
    "log_frequency": 50
  },
  "output": {
    "base_dir": "./experiments/outputs",
    "save_predictions": true,
    "save_embeddings": true,
    "save_analysis": true
  },
  "hardware": {
    "device": "auto",
    "seed": 42,
    "deterministic": false,
    "benchmark": true
  },
  "presets": {
    "fast_debug": {
      "training": {
        "batch_size": 8,
        "num_epochs": 5
      },
      "model": {
        "speaker_embedding": {
          "hidden_dims": [
            128,
            64
          ]
        }
      },
      "loss": {
        "adversarial": {
          "enabled": false
        },
        "synchronization": {
          "enabled": false
        }
      }
    },
    "baseline": {
      "model": {
        "classifier": {
          "type": "linear"
        }
      },
      "loss": {
        "stability": {
          "enabled": true
        },
        "synchronization": {
          "enabled": false
        },
        "adversarial": {
          "enabled": false
        }
      }
    },
    "high_performance": {
      "model": {
        "speaker_embedding": {
          "dim": 512,
          "hidden_dims": [
            1024,
            512,
            256
          ]
        },
        "classifier": {
          "type": "cosine"
        }
      },
      "training": {
        "num_epochs": 200,
        "batch_size": 64
      },
      "loss": {
        "stability": {
          "enabled": true
        },
        "synchronization": {
          "enabled": false
        },
        "adversarial": {
          "enabled": true,
          "warmup_epochs": 10
        }
      }
    },
    "robust": {
      "model": {
        "chaotic_embedding": {
          "noise_level": 0.01
        }
      },
      "loss": {
        "adversarial": {
          "enabled": true,
          "perturbation_scale": 0.15,
          "warmup_epochs": 3
        }
      },
      "audio": {
        "augmentation": {
          "enabled": true,
          "noise_injection": 0.01
        }
      }
    }
  },
  "epochs": 100,
  "batch_size": 32,
  "data_dir": "/scratch/project_2003370/yueyao/dataset/mini_librispeech/LibriSpeech/dev-clean-2",
  "num_speakers": 251,
  "optimize_parameters": true
}
2025-12-24 10:33:16,538 - chaotic_trainer - INFO - System info: {'platform': 'Linux-4.18.0-553.74.1.el8_10.x86_64-x86_64-with-glibc2.28', 'system': 'Linux', 'node': 'g1102.mahti.csc.fi', 'release': '4.18.0-553.74.1.el8_10.x86_64', 'version': '#1 SMP Sun Sep 7 09:23:35 EDT 2025', 'machine': 'x86_64', 'processor': 'x86_64', 'python_version': '3.12.10 (main, Jun  3 2025, 21:04:06) [GCC 8.5.0 20210514 (Red Hat 8.5.0-26)]', 'python_executable': '/usr/bin/python', 'cpu_count': 256, 'total_memory': 540285186048, 'available_memory': 516069277696, 'gpu_info': {'cuda_available': True, 'cuda_version': '12.6', 'gpu_count': 1, 'gpu_names': ['NVIDIA A100-SXM4-40GB MIG 1g.5gb']}, 'package_versions': {'numpy': '1.26.4', 'scipy': '1.13.1', 'scikit-learn': 'not installed', 'librosa': '0.11.0', 'soundfile': '0.13.1', 'torch': '2.7.1+cu126', 'tensorflow': 'not installed', 'matplotlib': '3.10.3', 'pandas': '2.3.0'}, 'git_info': {'commit_hash': 'daa24a287a80c85ef3adb8a50c43cdc3cd2f14ce', 'branch': 'origin', 'is_dirty': True}}
2025-12-24 10:33:16,539 - chaotic_trainer - ERROR - Missing required config key: num_epochs
2025-12-24 10:36:58,970 - chaotic_trainer - INFO - ============================================================
2025-12-24 10:36:58,971 - chaotic_trainer - INFO - CHAOTIC NEURAL NETWORKS TRAINING
2025-12-24 10:36:58,971 - chaotic_trainer - INFO - ============================================================
2025-12-24 10:36:58,971 - chaotic_trainer - INFO - Output directory: /scratch/project_2003370/yueyao/Model/experiments/configs/4.2_chapter_experiments
2025-12-24 10:36:58,972 - chaotic_trainer - INFO - Configuration: {
  "_nested": {
    "experiment": {
      "name": "chaotic_speaker_recognition",
      "description": "Chaotic Hierarchical Attractor Propagation for robust speaker recognition",
      "version": "2.0",
      "author": "C-HiLAP Project"
    },
    "data": {
      "data_dir": "/scratch/project_2003370/yueyao/dataset/mini_librispeech/LibriSpeech/dev-clean-2",
      "train_split": 0.7,
      "val_split": 0.15,
      "test_split": 0.15,
      "num_workers": 4,
      "pin_memory": true,
      "prefetch_factor": 2,
      "cache_features": false,
      "cache_dir": "./cache"
    },
    "audio": {
      "sample_rate": 16000,
      "max_audio_length": 3.0,
      "min_audio_length": 0.5,
      "frame_length": 400,
      "hop_length": 160,
      "normalize": true,
      "remove_silence": false,
      "augmentation": {
        "enabled": false,
        "noise_injection": 0.005,
        "time_stretch_range": [
          0.9,
          1.1
        ],
        "pitch_shift_range": [
          -2,
          2
        ]
      }
    },
    "model": {
      "type": "full_chaotic",
      "num_speakers": 251,
      "phase_space": {
        "embedding_dim": 10,
        "delay_method": "mutual_info",
        "fixed_delay": null
      },
      "chaotic_features": {
        "mlsa": {
          "scales": 5,
          "max_lyapunov_steps": 1000
        },
        "rqa": {
          "radius_ratio": 0.1,
          "min_line_length": 2
        }
      },
      "chaotic_embedding": {
        "system_type": "lorenz",
        "evolution_time": 0.5,
        "time_step": 0.01,
        "coupling_strength": 1.0,
        "noise_level": 0.001,
        "lorenz": {
          "sigma": 10.0,
          "rho": 28.0,
          "beta": 2.6667
        },
        "rossler": {
          "a": 0.2,
          "b": 0.2,
          "c": 5.7
        }
      },
      "attractor_pooling": {
        "type": "comprehensive",
        "correlation_dimension": {
          "num_radii": 50
        }
      },
      "speaker_embedding": {
        "dim": 256,
        "hidden_dims": [
          512,
          256,
          128
        ],
        "dropout_rate": 0.3,
        "use_batch_norm": true
      },
      "classifier": {
        "type": "plda",
        "temperature": 30.0,
        "margin": 0.35,
        "plda": {
          "latent_dim": 128,
          "use_length_norm": true
        }
      }
    },
    "optional_modules": {
      "bifurcation_control": {
        "enabled": false,
        "num_regimes": 4,
        "hidden_dim": 32,
        "control_strength": 0.5,
        "learnable_boundaries": true
      },
      "differentiable_features": {
        "enabled": true,
        "lyapunov_dim": 8,
        "rqa_dim": 6,
        "additional_stats": true
      }
    },
    "loss": {
      "classification": {
        "type": "cross_entropy",
        "label_smoothing": 0.0
      },
      "stability": {
        "enabled": true,
        "weight": 0.1,
        "target_lyapunov_range": [
          0.1,
          2.0
        ],
        "trajectory_bound": 50.0,
        "collapse_threshold": 0.1,
        "diversity_weight": 0.05
      },
      "synchronization": {
        "enabled": false,
        "sync_weight": 0.1,
        "desync_weight": 0.1,
        "margin": 1.0,
        "sample_ratio": 0.3,
        "distance_type": "euclidean"
      },
      "adversarial": {
        "enabled": true,
        "warmup_epochs": 5,
        "perturbation_scale": 0.1,
        "parameter_noise": true,
        "trajectory_noise": true,
        "weight": 0.3
      }
    },
    "training": {
      "batch_size": 32,
      "num_epochs": 100,
      "gradient_clipping": 1.0,
      "gradient_accumulation_steps": 1,
      "mixed_precision": false,
      "optimizer": {
        "type": "adamw",
        "learning_rate": 0.0005,
        "weight_decay": 0.0001,
        "betas": [
          0.9,
          0.999
        ],
        "eps": 1e-08,
        "momentum": 0.9,
        "nesterov": true
      },
      "scheduler": {
        "type": "cosine",
        "T_max": 100,
        "eta_min": 1e-06,
        "step_size": 30,
        "gamma": 0.1,
        "patience": 10,
        "factor": 0.5,
        "min_lr": 1e-07,
        "warmup_epochs": 5,
        "warmup_start_lr": 1e-06
      },
      "early_stopping": {
        "enabled": true,
        "patience": 30,
        "min_delta": 0.001,
        "monitor": "val_accuracy",
        "mode": "max"
      },
      "checkpoint": {
        "save_best_only": true,
        "save_frequency": 10,
        "max_to_keep": 3
      }
    },
    "evaluation": {
      "metrics": [
        "accuracy",
        "top5_accuracy",
        "eer",
        "dcf"
      ],
      "eval_frequency": 1,
      "visualization": {
        "enabled": true,
        "plot_confusion_matrix": true,
        "plot_embeddings": true,
        "plot_attractors": true
      }
    },
    "logging": {
      "level": "INFO",
      "tensorboard": {
        "enabled": true,
        "log_dir": "./runs"
      },
      "wandb": {
        "enabled": false,
        "project": "chaotic-speaker-recognition",
        "entity": null
      },
      "log_frequency": 50
    },
    "output": {
      "base_dir": "./experiments/outputs",
      "save_predictions": true,
      "save_embeddings": true,
      "save_analysis": true
    },
    "hardware": {
      "device": "auto",
      "seed": 42,
      "deterministic": false,
      "benchmark": true
    },
    "presets": {
      "fast_debug": {
        "training": {
          "batch_size": 8,
          "num_epochs": 5
        },
        "model": {
          "speaker_embedding": {
            "hidden_dims": [
              128,
              64
            ]
          }
        },
        "loss": {
          "adversarial": {
            "enabled": false
          },
          "synchronization": {
            "enabled": false
          }
        }
      },
      "baseline": {
        "model": {
          "classifier": {
            "type": "linear"
          }
        },
        "loss": {
          "stability": {
            "enabled": true
          },
          "synchronization": {
            "enabled": false
          },
          "adversarial": {
            "enabled": false
          }
        }
      },
      "high_performance": {
        "model": {
          "speaker_embedding": {
            "dim": 512,
            "hidden_dims": [
              1024,
              512,
              256
            ]
          },
          "classifier": {
            "type": "cosine"
          }
        },
        "training": {
          "num_epochs": 200,
          "batch_size": 64
        },
        "loss": {
          "stability": {
            "enabled": true
          },
          "synchronization": {
            "enabled": false
          },
          "adversarial": {
            "enabled": true,
            "warmup_epochs": 10
          }
        }
      },
      "robust": {
        "model": {
          "chaotic_embedding": {
            "noise_level": 0.01
          }
        },
        "loss": {
          "adversarial": {
            "enabled": true,
            "perturbation_scale": 0.15,
            "warmup_epochs": 3
          }
        },
        "audio": {
          "augmentation": {
            "enabled": true,
            "noise_injection": 0.01
          }
        }
      }
    }
  },
  "num_speakers": 251,
  "model_type": "full_chaotic",
  "embedding_dim": 10,
  "delay_method": "mutual_info",
  "mlsa_scales": 5,
  "rqa_radius_ratio": 0.1,
  "chaotic_system": "lorenz",
  "evolution_time": 0.5,
  "time_step": 0.01,
  "coupling_strength": 1.0,
  "noise_level": 0.001,
  "pooling_type": "comprehensive",
  "speaker_embedding_dim": 256,
  "embedding_hidden_dims": [
    512,
    256,
    128
  ],
  "classifier_type": "plda",
  "temperature": 30.0,
  "margin": 0.35,
  "batch_size": 32,
  "num_epochs": 100,
  "learning_rate": 0.0005,
  "weight_decay": 0.0001,
  "gradient_clipping": 1.0,
  "optimizer": {
    "type": "adamw",
    "params": {
      "betas": [
        0.9,
        0.999
      ],
      "eps": 1e-08,
      "weight_decay": 0.0001
    }
  },
  "scheduler": {
    "type": "cosine",
    "params": {
      "T_max": 100,
      "eta_min": 1e-06
    }
  },
  "early_stopping": {
    "patience": 30
  },
  "sample_rate": 16000,
  "max_audio_length": 3.0,
  "frame_length": 400,
  "hop_length": 160,
  "data_dir": "/scratch/project_2003370/yueyao/dataset/mini_librispeech/LibriSpeech/dev-clean-2",
  "device": "auto",
  "seed": 42,
  "loss_config": {
    "classification": {
      "type": "cross_entropy",
      "label_smoothing": 0.0
    },
    "stability": {
      "enabled": true,
      "weight": 0.1,
      "target_lyapunov_range": [
        0.1,
        2.0
      ],
      "trajectory_bound": 50.0,
      "collapse_threshold": 0.1,
      "diversity_weight": 0.05
    },
    "synchronization": {
      "enabled": false,
      "sync_weight": 0.1,
      "desync_weight": 0.1,
      "margin": 1.0,
      "sample_ratio": 0.3,
      "distance_type": "euclidean"
    },
    "adversarial": {
      "enabled": true,
      "warmup_epochs": 5,
      "perturbation_scale": 0.1,
      "parameter_noise": true,
      "trajectory_noise": true,
      "weight": 0.3
    }
  },
  "optional_modules": {
    "bifurcation_control": {
      "enabled": false,
      "num_regimes": 4,
      "hidden_dim": 32,
      "control_strength": 0.5,
      "learnable_boundaries": true
    },
    "differentiable_features": {
      "enabled": true,
      "lyapunov_dim": 8,
      "rqa_dim": 6,
      "additional_stats": true
    }
  },
  "epochs": 100,
  "optimize_parameters": true
}
2025-12-24 10:36:59,016 - chaotic_trainer - INFO - System info: {'platform': 'Linux-4.18.0-553.74.1.el8_10.x86_64-x86_64-with-glibc2.28', 'system': 'Linux', 'node': 'g1102.mahti.csc.fi', 'release': '4.18.0-553.74.1.el8_10.x86_64', 'version': '#1 SMP Sun Sep 7 09:23:35 EDT 2025', 'machine': 'x86_64', 'processor': 'x86_64', 'python_version': '3.12.10 (main, Jun  3 2025, 21:04:06) [GCC 8.5.0 20210514 (Red Hat 8.5.0-26)]', 'python_executable': '/usr/bin/python', 'cpu_count': 256, 'total_memory': 540285186048, 'available_memory': 382942392320, 'gpu_info': {'cuda_available': True, 'cuda_version': '12.6', 'gpu_count': 1, 'gpu_names': ['NVIDIA A100-SXM4-40GB MIG 1g.5gb']}, 'package_versions': {'numpy': '1.26.4', 'scipy': '1.13.1', 'scikit-learn': 'not installed', 'librosa': '0.11.0', 'soundfile': '0.13.1', 'torch': '2.7.1+cu126', 'tensorflow': 'not installed', 'matplotlib': '3.10.3', 'pandas': '2.3.0'}, 'git_info': {'commit_hash': 'daa24a287a80c85ef3adb8a50c43cdc3cd2f14ce', 'branch': 'origin', 'is_dirty': True}}
2025-12-24 10:36:59,016 - chaotic_trainer - INFO - Training 1 systems × 1 types × 1 runs...
2025-12-24 10:36:59,016 - chaotic_trainer - INFO - Systems: ['lorenz']
2025-12-24 10:36:59,016 - chaotic_trainer - INFO - Model types: ['full_chaotic']
2025-12-24 10:36:59,017 - chaotic_trainer - INFO - 
============================================================
2025-12-24 10:36:59,017 - chaotic_trainer - INFO - TRAINING: LORENZ + FULL_CHAOTIC
2025-12-24 10:36:59,017 - chaotic_trainer - INFO - ============================================================
2025-12-24 10:36:59,017 - chaotic_trainer - INFO - Training chaotic_lorenz_full_chaotic_run_0...
2025-12-24 10:36:59,017 - chaotic_trainer - INFO - Optimizing parameters for lorenz system...
2025-12-24 10:36:59,047 - chaotic_trainer - INFO - Setting up chaotic_lorenz_full_chaotic_run_0...
2025-12-24 10:37:50,809 - chaotic_trainer - ERROR - Failed to train chaotic_lorenz_full_chaotic_run_0: No module named 'diagnose_chaotic_training'
2025-12-24 10:37:50,810 - chaotic_trainer - ERROR - Traceback: Traceback (most recent call last):
  File "/scratch/project_2003370/yueyao/Model/scripts/train_chaotic.py", line 420, in train_single_experiment
    from diagnose_chaotic_training import run_full_diagnosis
ModuleNotFoundError: No module named 'diagnose_chaotic_training'

2025-12-24 10:37:50,810 - chaotic_trainer - INFO - Progress: 1/1 (100.0%)
2025-12-24 10:37:50,810 - chaotic_trainer - WARNING - No successful runs for lorenz + full_chaotic
2025-12-24 10:37:50,811 - chaotic_trainer - INFO - Analyzing chaotic training results...
2025-12-24 10:37:50,811 - chaotic_trainer - INFO - Generating comprehensive chaotic training report...
2025-12-24 10:37:50,855 - chaotic_trainer - INFO - Visualizations saved to: /scratch/project_2003370/yueyao/Model/experiments/configs/4.2_chapter_experiments/visualizations
2025-12-24 10:37:50,855 - chaotic_trainer - INFO - Reports generated:
2025-12-24 10:37:50,855 - chaotic_trainer - INFO -   Text report: /scratch/project_2003370/yueyao/Model/experiments/configs/4.2_chapter_experiments/chaotic_training_report.txt
2025-12-24 10:37:50,855 - chaotic_trainer - INFO -   JSON report: /scratch/project_2003370/yueyao/Model/experiments/configs/4.2_chapter_experiments/chaotic_training_results.json
2025-12-24 10:37:50,855 - chaotic_trainer - INFO - Chaotic training completed.
2025-12-24 10:37:50,855 - chaotic_trainer - INFO - ============================================================
2025-12-24 10:40:11,468 - chaotic_trainer - INFO - ============================================================
2025-12-24 10:40:11,468 - chaotic_trainer - INFO - CHAOTIC NEURAL NETWORKS TRAINING
2025-12-24 10:40:11,468 - chaotic_trainer - INFO - ============================================================
2025-12-24 10:40:11,468 - chaotic_trainer - INFO - Output directory: /scratch/project_2003370/yueyao/Model/experiments/configs/4.2_chapter_experiments
2025-12-24 10:40:11,469 - chaotic_trainer - INFO - Configuration: {
  "_nested": {
    "experiment": {
      "name": "chaotic_speaker_recognition",
      "description": "Chaotic Hierarchical Attractor Propagation for robust speaker recognition",
      "version": "2.0",
      "author": "C-HiLAP Project"
    },
    "data": {
      "data_dir": "/scratch/project_2003370/yueyao/dataset/mini_librispeech/LibriSpeech/dev-clean-2",
      "train_split": 0.7,
      "val_split": 0.15,
      "test_split": 0.15,
      "num_workers": 4,
      "pin_memory": true,
      "prefetch_factor": 2,
      "cache_features": false,
      "cache_dir": "./cache"
    },
    "audio": {
      "sample_rate": 16000,
      "max_audio_length": 3.0,
      "min_audio_length": 0.5,
      "frame_length": 400,
      "hop_length": 160,
      "normalize": true,
      "remove_silence": false,
      "augmentation": {
        "enabled": false,
        "noise_injection": 0.005,
        "time_stretch_range": [
          0.9,
          1.1
        ],
        "pitch_shift_range": [
          -2,
          2
        ]
      }
    },
    "model": {
      "type": "full_chaotic",
      "num_speakers": 251,
      "phase_space": {
        "embedding_dim": 10,
        "delay_method": "mutual_info",
        "fixed_delay": null
      },
      "chaotic_features": {
        "mlsa": {
          "scales": 5,
          "max_lyapunov_steps": 1000
        },
        "rqa": {
          "radius_ratio": 0.1,
          "min_line_length": 2
        }
      },
      "chaotic_embedding": {
        "system_type": "lorenz",
        "evolution_time": 0.5,
        "time_step": 0.01,
        "coupling_strength": 1.0,
        "noise_level": 0.001,
        "lorenz": {
          "sigma": 10.0,
          "rho": 28.0,
          "beta": 2.6667
        },
        "rossler": {
          "a": 0.2,
          "b": 0.2,
          "c": 5.7
        }
      },
      "attractor_pooling": {
        "type": "comprehensive",
        "correlation_dimension": {
          "num_radii": 50
        }
      },
      "speaker_embedding": {
        "dim": 256,
        "hidden_dims": [
          512,
          256,
          128
        ],
        "dropout_rate": 0.3,
        "use_batch_norm": true
      },
      "classifier": {
        "type": "plda",
        "temperature": 30.0,
        "margin": 0.35,
        "plda": {
          "latent_dim": 128,
          "use_length_norm": true
        }
      }
    },
    "optional_modules": {
      "bifurcation_control": {
        "enabled": false,
        "num_regimes": 4,
        "hidden_dim": 32,
        "control_strength": 0.5,
        "learnable_boundaries": true
      },
      "differentiable_features": {
        "enabled": true,
        "lyapunov_dim": 8,
        "rqa_dim": 6,
        "additional_stats": true
      }
    },
    "loss": {
      "classification": {
        "type": "cross_entropy",
        "label_smoothing": 0.0
      },
      "stability": {
        "enabled": true,
        "weight": 0.1,
        "target_lyapunov_range": [
          0.1,
          2.0
        ],
        "trajectory_bound": 50.0,
        "collapse_threshold": 0.1,
        "diversity_weight": 0.05
      },
      "synchronization": {
        "enabled": false,
        "sync_weight": 0.1,
        "desync_weight": 0.1,
        "margin": 1.0,
        "sample_ratio": 0.3,
        "distance_type": "euclidean"
      },
      "adversarial": {
        "enabled": true,
        "warmup_epochs": 5,
        "perturbation_scale": 0.1,
        "parameter_noise": true,
        "trajectory_noise": true,
        "weight": 0.3
      }
    },
    "training": {
      "batch_size": 32,
      "num_epochs": 100,
      "gradient_clipping": 1.0,
      "gradient_accumulation_steps": 1,
      "mixed_precision": false,
      "optimizer": {
        "type": "adamw",
        "learning_rate": 0.0005,
        "weight_decay": 0.0001,
        "betas": [
          0.9,
          0.999
        ],
        "eps": 1e-08,
        "momentum": 0.9,
        "nesterov": true
      },
      "scheduler": {
        "type": "cosine",
        "T_max": 100,
        "eta_min": 1e-06,
        "step_size": 30,
        "gamma": 0.1,
        "patience": 10,
        "factor": 0.5,
        "min_lr": 1e-07,
        "warmup_epochs": 5,
        "warmup_start_lr": 1e-06
      },
      "early_stopping": {
        "enabled": true,
        "patience": 30,
        "min_delta": 0.001,
        "monitor": "val_accuracy",
        "mode": "max"
      },
      "checkpoint": {
        "save_best_only": true,
        "save_frequency": 10,
        "max_to_keep": 3
      }
    },
    "evaluation": {
      "metrics": [
        "accuracy",
        "top5_accuracy",
        "eer",
        "dcf"
      ],
      "eval_frequency": 1,
      "visualization": {
        "enabled": true,
        "plot_confusion_matrix": true,
        "plot_embeddings": true,
        "plot_attractors": true
      }
    },
    "logging": {
      "level": "INFO",
      "tensorboard": {
        "enabled": true,
        "log_dir": "./runs"
      },
      "wandb": {
        "enabled": false,
        "project": "chaotic-speaker-recognition",
        "entity": null
      },
      "log_frequency": 50
    },
    "output": {
      "base_dir": "./experiments/outputs",
      "save_predictions": true,
      "save_embeddings": true,
      "save_analysis": true
    },
    "hardware": {
      "device": "auto",
      "seed": 42,
      "deterministic": false,
      "benchmark": true
    },
    "presets": {
      "fast_debug": {
        "training": {
          "batch_size": 8,
          "num_epochs": 5
        },
        "model": {
          "speaker_embedding": {
            "hidden_dims": [
              128,
              64
            ]
          }
        },
        "loss": {
          "adversarial": {
            "enabled": false
          },
          "synchronization": {
            "enabled": false
          }
        }
      },
      "baseline": {
        "model": {
          "classifier": {
            "type": "linear"
          }
        },
        "loss": {
          "stability": {
            "enabled": true
          },
          "synchronization": {
            "enabled": false
          },
          "adversarial": {
            "enabled": false
          }
        }
      },
      "high_performance": {
        "model": {
          "speaker_embedding": {
            "dim": 512,
            "hidden_dims": [
              1024,
              512,
              256
            ]
          },
          "classifier": {
            "type": "cosine"
          }
        },
        "training": {
          "num_epochs": 200,
          "batch_size": 64
        },
        "loss": {
          "stability": {
            "enabled": true
          },
          "synchronization": {
            "enabled": false
          },
          "adversarial": {
            "enabled": true,
            "warmup_epochs": 10
          }
        }
      },
      "robust": {
        "model": {
          "chaotic_embedding": {
            "noise_level": 0.01
          }
        },
        "loss": {
          "adversarial": {
            "enabled": true,
            "perturbation_scale": 0.15,
            "warmup_epochs": 3
          }
        },
        "audio": {
          "augmentation": {
            "enabled": true,
            "noise_injection": 0.01
          }
        }
      }
    }
  },
  "num_speakers": 251,
  "model_type": "full_chaotic",
  "embedding_dim": 10,
  "delay_method": "mutual_info",
  "mlsa_scales": 5,
  "rqa_radius_ratio": 0.1,
  "chaotic_system": "lorenz",
  "evolution_time": 0.5,
  "time_step": 0.01,
  "coupling_strength": 1.0,
  "noise_level": 0.001,
  "pooling_type": "comprehensive",
  "speaker_embedding_dim": 256,
  "embedding_hidden_dims": [
    512,
    256,
    128
  ],
  "classifier_type": "plda",
  "temperature": 30.0,
  "margin": 0.35,
  "batch_size": 32,
  "num_epochs": 100,
  "learning_rate": 0.0005,
  "weight_decay": 0.0001,
  "gradient_clipping": 1.0,
  "optimizer": {
    "type": "adamw",
    "params": {
      "betas": [
        0.9,
        0.999
      ],
      "eps": 1e-08,
      "weight_decay": 0.0001
    }
  },
  "scheduler": {
    "type": "cosine",
    "params": {
      "T_max": 100,
      "eta_min": 1e-06
    }
  },
  "early_stopping": {
    "patience": 30
  },
  "sample_rate": 16000,
  "max_audio_length": 3.0,
  "frame_length": 400,
  "hop_length": 160,
  "data_dir": "/scratch/project_2003370/yueyao/dataset/mini_librispeech/LibriSpeech/dev-clean-2",
  "device": "auto",
  "seed": 42,
  "loss_config": {
    "classification": {
      "type": "cross_entropy",
      "label_smoothing": 0.0
    },
    "stability": {
      "enabled": true,
      "weight": 0.1,
      "target_lyapunov_range": [
        0.1,
        2.0
      ],
      "trajectory_bound": 50.0,
      "collapse_threshold": 0.1,
      "diversity_weight": 0.05
    },
    "synchronization": {
      "enabled": false,
      "sync_weight": 0.1,
      "desync_weight": 0.1,
      "margin": 1.0,
      "sample_ratio": 0.3,
      "distance_type": "euclidean"
    },
    "adversarial": {
      "enabled": true,
      "warmup_epochs": 5,
      "perturbation_scale": 0.1,
      "parameter_noise": true,
      "trajectory_noise": true,
      "weight": 0.3
    }
  },
  "optional_modules": {
    "bifurcation_control": {
      "enabled": false,
      "num_regimes": 4,
      "hidden_dim": 32,
      "control_strength": 0.5,
      "learnable_boundaries": true
    },
    "differentiable_features": {
      "enabled": true,
      "lyapunov_dim": 8,
      "rqa_dim": 6,
      "additional_stats": true
    }
  },
  "epochs": 100,
  "optimize_parameters": true
}
2025-12-24 10:40:11,513 - chaotic_trainer - INFO - System info: {'platform': 'Linux-4.18.0-553.74.1.el8_10.x86_64-x86_64-with-glibc2.28', 'system': 'Linux', 'node': 'g1102.mahti.csc.fi', 'release': '4.18.0-553.74.1.el8_10.x86_64', 'version': '#1 SMP Sun Sep 7 09:23:35 EDT 2025', 'machine': 'x86_64', 'processor': 'x86_64', 'python_version': '3.12.10 (main, Jun  3 2025, 21:04:06) [GCC 8.5.0 20210514 (Red Hat 8.5.0-26)]', 'python_executable': '/usr/bin/python', 'cpu_count': 256, 'total_memory': 540285186048, 'available_memory': 382933323776, 'gpu_info': {'cuda_available': True, 'cuda_version': '12.6', 'gpu_count': 1, 'gpu_names': ['NVIDIA A100-SXM4-40GB MIG 1g.5gb']}, 'package_versions': {'numpy': '1.26.4', 'scipy': '1.13.1', 'scikit-learn': 'not installed', 'librosa': '0.11.0', 'soundfile': '0.13.1', 'torch': '2.7.1+cu126', 'tensorflow': 'not installed', 'matplotlib': '3.10.3', 'pandas': '2.3.0'}, 'git_info': {'commit_hash': 'daa24a287a80c85ef3adb8a50c43cdc3cd2f14ce', 'branch': 'origin', 'is_dirty': True}}
2025-12-24 10:40:11,513 - chaotic_trainer - INFO - Training 1 systems × 1 types × 1 runs...
2025-12-24 10:40:11,513 - chaotic_trainer - INFO - Systems: ['lorenz']
2025-12-24 10:40:11,513 - chaotic_trainer - INFO - Model types: ['full_chaotic']
2025-12-24 10:40:11,513 - chaotic_trainer - INFO - 
============================================================
2025-12-24 10:40:11,514 - chaotic_trainer - INFO - TRAINING: LORENZ + FULL_CHAOTIC
2025-12-24 10:40:11,514 - chaotic_trainer - INFO - ============================================================
2025-12-24 10:40:11,514 - chaotic_trainer - INFO - Training chaotic_lorenz_full_chaotic_run_0...
2025-12-24 10:40:11,514 - chaotic_trainer - INFO - Optimizing parameters for lorenz system...
2025-12-24 10:40:11,524 - chaotic_trainer - INFO - Setting up chaotic_lorenz_full_chaotic_run_0...
2025-12-24 10:40:43,460 - chaotic_trainer - INFO - 🚀 No checkpoint specified, starting from scratch
2025-12-24 10:40:43,460 - chaotic_trainer - INFO - Model parameters: 520,647 (trainable: 520,647)
2025-12-24 10:40:43,460 - chaotic_trainer - INFO - Training with chaotic dynamics monitoring...
2025-12-24 10:40:43,460 - chaotic_trainer - INFO - Starting training from epoch 0 for 100 more epochs...
2025-12-24 10:53:46,194 - chaotic_trainer - INFO - Evaluating chaotic_lorenz_full_chaotic_run_0...
2025-12-24 10:53:47,009 - chaotic_trainer - INFO - Running chaotic analysis...
2025-12-24 10:53:50,668 - chaotic_trainer - INFO - Completed chaotic_lorenz_full_chaotic_run_0: Accuracy: 0.9407, Loss: 0.2495, Time: 814.7s
2025-12-24 10:53:50,761 - chaotic_trainer - INFO - Progress: 1/1 (100.0%)
2025-12-24 10:53:50,761 - chaotic_trainer - INFO - lorenz + full_chaotic Summary: 0.9407 ± 0.0000
2025-12-24 10:53:50,761 - chaotic_trainer - INFO - Analyzing chaotic training results...
2025-12-24 10:53:50,762 - chaotic_trainer - INFO - Generating comprehensive chaotic training report...
2025-12-24 10:53:52,324 - chaotic_trainer - INFO - Visualizations saved to: /scratch/project_2003370/yueyao/Model/experiments/configs/4.2_chapter_experiments/visualizations
2025-12-24 10:53:52,324 - chaotic_trainer - INFO - Reports generated:
2025-12-24 10:53:52,324 - chaotic_trainer - INFO -   Text report: /scratch/project_2003370/yueyao/Model/experiments/configs/4.2_chapter_experiments/chaotic_training_report.txt
2025-12-24 10:53:52,324 - chaotic_trainer - INFO -   JSON report: /scratch/project_2003370/yueyao/Model/experiments/configs/4.2_chapter_experiments/chaotic_training_results.json
2025-12-24 10:53:52,324 - chaotic_trainer - INFO - Chaotic training completed.
2025-12-24 10:53:52,324 - chaotic_trainer - INFO - ============================================================
2025-12-25 09:29:20,888 - chaotic_trainer - INFO - ============================================================
2025-12-25 09:29:20,907 - chaotic_trainer - INFO - CHAOTIC NEURAL NETWORKS TRAINING
2025-12-25 09:29:20,907 - chaotic_trainer - INFO - ============================================================
2025-12-25 09:29:20,907 - chaotic_trainer - INFO - Output directory: /scratch/project_2003370/yueyao/Model/experiments/configs/4.2_chapter_experiments
2025-12-25 09:29:20,908 - chaotic_trainer - INFO - Configuration: {
  "_nested": {
    "experiment": {
      "name": "chaotic_speaker_recognition",
      "description": "Chaotic Hierarchical Attractor Propagation for robust speaker recognition",
      "version": "2.0",
      "author": "C-HiLAP Project"
    },
    "data": {
      "data_dir": "/scratch/project_2003370/yueyao/dataset/mini_librispeech/LibriSpeech/dev-clean-2",
      "train_split": 0.7,
      "val_split": 0.15,
      "test_split": 0.15,
      "num_workers": 4,
      "pin_memory": true,
      "prefetch_factor": 2,
      "cache_features": false,
      "cache_dir": "./cache"
    },
    "audio": {
      "sample_rate": 16000,
      "max_audio_length": 3.0,
      "min_audio_length": 0.5,
      "frame_length": 400,
      "hop_length": 160,
      "normalize": true,
      "remove_silence": false,
      "augmentation": {
        "enabled": false,
        "noise_injection": 0.005,
        "time_stretch_range": [
          0.9,
          1.1
        ],
        "pitch_shift_range": [
          -2,
          2
        ]
      }
    },
    "model": {
      "type": "full_chaotic",
      "num_speakers": 251,
      "phase_space": {
        "embedding_dim": 10,
        "delay_method": "first_minimum",
        "dimension_method": "cao",
        "fixed_delay": null
      },
      "chaotic_features": {
        "mlsa": {
          "scales": 5,
          "max_lyapunov_steps": 1000
        },
        "rqa": {
          "radius_ratio": 0.1,
          "min_line_length": 2
        }
      },
      "chaotic_embedding": {
        "system_type": "lorenz",
        "evolution_time": 0.5,
        "time_step": 0.01,
        "coupling_strength": 1.0,
        "noise_level": 0.001,
        "lorenz": {
          "sigma": 10.0,
          "rho": 28.0,
          "beta": 2.6667
        },
        "rossler": {
          "a": 0.2,
          "b": 0.2,
          "c": 5.7
        }
      },
      "attractor_pooling": {
        "type": "comprehensive",
        "correlation_dimension": {
          "num_radii": 50
        }
      },
      "speaker_embedding": {
        "dim": 256,
        "hidden_dims": [
          512,
          256,
          128
        ],
        "dropout_rate": 0.3,
        "use_batch_norm": true
      },
      "classifier": {
        "type": "plda",
        "temperature": 30.0,
        "margin": 0.35,
        "plda": {
          "latent_dim": 128,
          "use_length_norm": true
        }
      }
    },
    "optional_modules": {
      "bifurcation_control": {
        "enabled": false,
        "num_regimes": 4,
        "hidden_dim": 32,
        "control_strength": 0.5,
        "learnable_boundaries": true
      },
      "differentiable_features": {
        "enabled": true,
        "lyapunov_dim": 8,
        "rqa_dim": 6,
        "additional_stats": true
      }
    },
    "loss": {
      "classification": {
        "type": "cross_entropy",
        "label_smoothing": 0.0
      },
      "stability": {
        "enabled": true,
        "weight": 0.1,
        "target_lyapunov_range": [
          0.1,
          2.0
        ],
        "trajectory_bound": 50.0,
        "collapse_threshold": 0.1,
        "diversity_weight": 0.05
      },
      "synchronization": {
        "enabled": false,
        "sync_weight": 0.1,
        "desync_weight": 0.1,
        "margin": 1.0,
        "sample_ratio": 0.3,
        "distance_type": "euclidean"
      },
      "adversarial": {
        "enabled": true,
        "warmup_epochs": 5,
        "perturbation_scale": 0.1,
        "parameter_noise": true,
        "trajectory_noise": true,
        "weight": 0.3
      }
    },
    "training": {
      "batch_size": 32,
      "num_epochs": 100,
      "gradient_clipping": 1.0,
      "gradient_accumulation_steps": 1,
      "mixed_precision": false,
      "optimizer": {
        "type": "adamw",
        "learning_rate": 0.0005,
        "weight_decay": 0.0001,
        "betas": [
          0.9,
          0.999
        ],
        "eps": 1e-08,
        "momentum": 0.9,
        "nesterov": true
      },
      "scheduler": {
        "type": "cosine",
        "T_max": 100,
        "eta_min": 1e-06,
        "step_size": 30,
        "gamma": 0.1,
        "patience": 10,
        "factor": 0.5,
        "min_lr": 1e-07,
        "warmup_epochs": 5,
        "warmup_start_lr": 1e-06
      },
      "early_stopping": {
        "enabled": true,
        "patience": 30,
        "min_delta": 0.001,
        "monitor": "val_accuracy",
        "mode": "max"
      },
      "checkpoint": {
        "save_best_only": true,
        "save_frequency": 10,
        "max_to_keep": 3
      }
    },
    "evaluation": {
      "metrics": [
        "accuracy",
        "top5_accuracy",
        "eer",
        "dcf"
      ],
      "eval_frequency": 1,
      "visualization": {
        "enabled": true,
        "plot_confusion_matrix": true,
        "plot_embeddings": true,
        "plot_attractors": true
      }
    },
    "logging": {
      "level": "INFO",
      "tensorboard": {
        "enabled": true,
        "log_dir": "./runs"
      },
      "wandb": {
        "enabled": false,
        "project": "chaotic-speaker-recognition",
        "entity": null
      },
      "log_frequency": 50
    },
    "output": {
      "base_dir": "./experiments/outputs",
      "save_predictions": true,
      "save_embeddings": true,
      "save_analysis": true
    },
    "hardware": {
      "device": "auto",
      "seed": 42,
      "deterministic": false,
      "benchmark": true
    },
    "presets": {
      "fast_debug": {
        "training": {
          "batch_size": 8,
          "num_epochs": 5
        },
        "model": {
          "speaker_embedding": {
            "hidden_dims": [
              128,
              64
            ]
          }
        },
        "loss": {
          "adversarial": {
            "enabled": false
          },
          "synchronization": {
            "enabled": false
          }
        }
      },
      "baseline": {
        "model": {
          "classifier": {
            "type": "linear"
          }
        },
        "loss": {
          "stability": {
            "enabled": true
          },
          "synchronization": {
            "enabled": false
          },
          "adversarial": {
            "enabled": false
          }
        }
      },
      "high_performance": {
        "model": {
          "speaker_embedding": {
            "dim": 512,
            "hidden_dims": [
              1024,
              512,
              256
            ]
          },
          "classifier": {
            "type": "cosine"
          }
        },
        "training": {
          "num_epochs": 200,
          "batch_size": 64
        },
        "loss": {
          "stability": {
            "enabled": true
          },
          "synchronization": {
            "enabled": false
          },
          "adversarial": {
            "enabled": true,
            "warmup_epochs": 10
          }
        }
      },
      "robust": {
        "model": {
          "chaotic_embedding": {
            "noise_level": 0.01
          }
        },
        "loss": {
          "adversarial": {
            "enabled": true,
            "perturbation_scale": 0.15,
            "warmup_epochs": 3
          }
        },
        "audio": {
          "augmentation": {
            "enabled": true,
            "noise_injection": 0.01
          }
        }
      }
    }
  },
  "num_speakers": 251,
  "model_type": "full_chaotic",
  "embedding_dim": 10,
  "delay_method": "first_minimum",
  "mlsa_scales": 5,
  "rqa_radius_ratio": 0.1,
  "chaotic_system": "lorenz",
  "evolution_time": 0.5,
  "time_step": 0.01,
  "coupling_strength": 1.0,
  "noise_level": 0.001,
  "pooling_type": "comprehensive",
  "speaker_embedding_dim": 256,
  "embedding_hidden_dims": [
    512,
    256,
    128
  ],
  "classifier_type": "plda",
  "temperature": 30.0,
  "margin": 0.35,
  "batch_size": 32,
  "num_epochs": 100,
  "learning_rate": 0.0005,
  "weight_decay": 0.0001,
  "gradient_clipping": 1.0,
  "optimizer": {
    "type": "adamw",
    "params": {
      "betas": [
        0.9,
        0.999
      ],
      "eps": 1e-08,
      "weight_decay": 0.0001
    }
  },
  "scheduler": {
    "type": "cosine",
    "params": {
      "T_max": 100,
      "eta_min": 1e-06
    }
  },
  "early_stopping": {
    "patience": 30
  },
  "sample_rate": 16000,
  "max_audio_length": 3.0,
  "frame_length": 400,
  "hop_length": 160,
  "data_dir": "/scratch/project_2003370/yueyao/dataset/mini_librispeech/LibriSpeech/dev-clean-2",
  "device": "auto",
  "seed": 42,
  "loss_config": {
    "classification": {
      "type": "cross_entropy",
      "label_smoothing": 0.0
    },
    "stability": {
      "enabled": true,
      "weight": 0.1,
      "target_lyapunov_range": [
        0.1,
        2.0
      ],
      "trajectory_bound": 50.0,
      "collapse_threshold": 0.1,
      "diversity_weight": 0.05
    },
    "synchronization": {
      "enabled": false,
      "sync_weight": 0.1,
      "desync_weight": 0.1,
      "margin": 1.0,
      "sample_ratio": 0.3,
      "distance_type": "euclidean"
    },
    "adversarial": {
      "enabled": true,
      "warmup_epochs": 5,
      "perturbation_scale": 0.1,
      "parameter_noise": true,
      "trajectory_noise": true,
      "weight": 0.3
    }
  },
  "optional_modules": {
    "bifurcation_control": {
      "enabled": false,
      "num_regimes": 4,
      "hidden_dim": 32,
      "control_strength": 0.5,
      "learnable_boundaries": true
    },
    "differentiable_features": {
      "enabled": true,
      "lyapunov_dim": 8,
      "rqa_dim": 6,
      "additional_stats": true
    }
  },
  "epochs": 100,
  "optimize_parameters": true
}
2025-12-25 09:29:20,951 - chaotic_trainer - INFO - System info: {'platform': 'Linux-4.18.0-553.74.1.el8_10.x86_64-x86_64-with-glibc2.28', 'system': 'Linux', 'node': 'g1102.mahti.csc.fi', 'release': '4.18.0-553.74.1.el8_10.x86_64', 'version': '#1 SMP Sun Sep 7 09:23:35 EDT 2025', 'machine': 'x86_64', 'processor': 'x86_64', 'python_version': '3.12.10 (main, Jun  3 2025, 21:04:06) [GCC 8.5.0 20210514 (Red Hat 8.5.0-26)]', 'python_executable': '/usr/bin/python', 'cpu_count': 256, 'total_memory': 540285186048, 'available_memory': 519161921536, 'gpu_info': {'cuda_available': True, 'cuda_version': '12.6', 'gpu_count': 1, 'gpu_names': ['NVIDIA A100-SXM4-40GB MIG 1g.5gb']}, 'package_versions': {'numpy': '1.26.4', 'scipy': '1.13.1', 'scikit-learn': 'not installed', 'librosa': '0.11.0', 'soundfile': '0.13.1', 'torch': '2.7.1+cu126', 'tensorflow': 'not installed', 'matplotlib': '3.10.3', 'pandas': '2.3.0'}, 'git_info': {'commit_hash': 'daa24a287a80c85ef3adb8a50c43cdc3cd2f14ce', 'branch': 'origin', 'is_dirty': True}}
2025-12-25 09:29:20,951 - chaotic_trainer - INFO - Training 1 systems × 1 types × 1 runs...
2025-12-25 09:29:20,951 - chaotic_trainer - INFO - Systems: ['lorenz']
2025-12-25 09:29:20,951 - chaotic_trainer - INFO - Model types: ['full_chaotic']
2025-12-25 09:29:20,951 - chaotic_trainer - INFO - 
============================================================
2025-12-25 09:29:20,951 - chaotic_trainer - INFO - TRAINING: LORENZ + FULL_CHAOTIC
2025-12-25 09:29:20,951 - chaotic_trainer - INFO - ============================================================
2025-12-25 09:29:20,951 - chaotic_trainer - INFO - Training chaotic_lorenz_full_chaotic_run_0...
2025-12-25 09:29:20,951 - chaotic_trainer - INFO - Optimizing parameters for lorenz system...
2025-12-25 09:29:20,973 - chaotic_trainer - INFO - Setting up chaotic_lorenz_full_chaotic_run_0...
2025-12-25 09:29:21,350 - chaotic_trainer - ERROR - Failed to train chaotic_lorenz_full_chaotic_run_0: BatchPhaseSpaceReconstructor.__init__() got an unexpected keyword argument 'delay_method'
2025-12-25 09:29:21,352 - chaotic_trainer - ERROR - Traceback: Traceback (most recent call last):
  File "/scratch/project_2003370/yueyao/Model/scripts/train_chaotic.py", line 418, in train_single_experiment
    experiment.setup()
  File "/scratch/project_2003370/yueyao/Model/experiments/base_experiment.py", line 314, in setup
    self.model = self.create_model()
                 ^^^^^^^^^^^^^^^^^^^
  File "/scratch/project_2003370/yueyao/Model/experiments/chaotic_experiment.py", line 217, in create_model
    model = ChaoticSpeakerRecognitionNetwork(
            ^^^^^^^^^^^^^^^^^^^^^^^^^^^^^^^^^
  File "/scratch/project_2003370/yueyao/Model/models/chaotic_network.py", line 295, in __init__
    self._initialize_components()
  File "/scratch/project_2003370/yueyao/Model/models/chaotic_network.py", line 355, in _initialize_components
    self.phase_space = BatchPhaseSpaceReconstructor(
                       ^^^^^^^^^^^^^^^^^^^^^^^^^^^^^
TypeError: BatchPhaseSpaceReconstructor.__init__() got an unexpected keyword argument 'delay_method'

2025-12-25 09:29:21,352 - chaotic_trainer - INFO - Progress: 1/1 (100.0%)
2025-12-25 09:29:21,352 - chaotic_trainer - WARNING - No successful runs for lorenz + full_chaotic
2025-12-25 09:29:21,352 - chaotic_trainer - INFO - Analyzing chaotic training results...
2025-12-25 09:29:21,352 - chaotic_trainer - INFO - Generating comprehensive chaotic training report...
2025-12-25 09:29:21,398 - chaotic_trainer - INFO - Visualizations saved to: /scratch/project_2003370/yueyao/Model/experiments/configs/4.2_chapter_experiments/visualizations
2025-12-25 09:29:21,398 - chaotic_trainer - INFO - Reports generated:
2025-12-25 09:29:21,398 - chaotic_trainer - INFO -   Text report: /scratch/project_2003370/yueyao/Model/experiments/configs/4.2_chapter_experiments/chaotic_training_report.txt
2025-12-25 09:29:21,399 - chaotic_trainer - INFO -   JSON report: /scratch/project_2003370/yueyao/Model/experiments/configs/4.2_chapter_experiments/chaotic_training_results.json
2025-12-25 09:29:21,399 - chaotic_trainer - INFO - Chaotic training completed.
2025-12-25 09:29:21,399 - chaotic_trainer - INFO - ============================================================
2025-12-25 09:36:03,037 - chaotic_trainer - INFO - ============================================================
2025-12-25 09:36:03,037 - chaotic_trainer - INFO - CHAOTIC NEURAL NETWORKS TRAINING
2025-12-25 09:36:03,037 - chaotic_trainer - INFO - ============================================================
2025-12-25 09:36:03,037 - chaotic_trainer - INFO - Output directory: /scratch/project_2003370/yueyao/Model/experiments/configs/4.2_chapter_experiments
2025-12-25 09:36:03,038 - chaotic_trainer - INFO - Configuration: {
  "_nested": {
    "experiment": {
      "name": "chaotic_speaker_recognition",
      "description": "Chaotic Hierarchical Attractor Propagation for robust speaker recognition",
      "version": "2.0",
      "author": "C-HiLAP Project"
    },
    "data": {
      "data_dir": "/scratch/project_2003370/yueyao/dataset/mini_librispeech/LibriSpeech/dev-clean-2",
      "train_split": 0.7,
      "val_split": 0.15,
      "test_split": 0.15,
      "num_workers": 4,
      "pin_memory": true,
      "prefetch_factor": 2,
      "cache_features": false,
      "cache_dir": "./cache"
    },
    "audio": {
      "sample_rate": 16000,
      "max_audio_length": 3.0,
      "min_audio_length": 0.5,
      "frame_length": 400,
      "hop_length": 160,
      "normalize": true,
      "remove_silence": false,
      "augmentation": {
        "enabled": false,
        "noise_injection": 0.005,
        "time_stretch_range": [
          0.9,
          1.1
        ],
        "pitch_shift_range": [
          -2,
          2
        ]
      }
    },
    "model": {
      "type": "full_chaotic",
      "num_speakers": 251,
      "phase_space": {
        "embedding_dim": 10,
        "delay_method": "mutual_info",
        "dimension_method": "false_neighbors",
        "fixed_delay": null
      },
      "chaotic_features": {
        "mlsa": {
          "scales": 5,
          "max_lyapunov_steps": 1000
        },
        "rqa": {
          "radius_ratio": 0.1,
          "min_line_length": 2
        }
      },
      "chaotic_embedding": {
        "system_type": "lorenz",
        "evolution_time": 0.5,
        "time_step": 0.01,
        "coupling_strength": 1.0,
        "noise_level": 0.001,
        "lorenz": {
          "sigma": 10.0,
          "rho": 28.0,
          "beta": 2.6667
        },
        "rossler": {
          "a": 0.2,
          "b": 0.2,
          "c": 5.7
        }
      },
      "attractor_pooling": {
        "type": "comprehensive",
        "correlation_dimension": {
          "num_radii": 50
        }
      },
      "speaker_embedding": {
        "dim": 256,
        "hidden_dims": [
          512,
          256,
          128
        ],
        "dropout_rate": 0.3,
        "use_batch_norm": true
      },
      "classifier": {
        "type": "plda",
        "temperature": 30.0,
        "margin": 0.35,
        "plda": {
          "latent_dim": 128,
          "use_length_norm": true
        }
      }
    },
    "optional_modules": {
      "bifurcation_control": {
        "enabled": false,
        "num_regimes": 4,
        "hidden_dim": 32,
        "control_strength": 0.5,
        "learnable_boundaries": true
      },
      "differentiable_features": {
        "enabled": true,
        "lyapunov_dim": 8,
        "rqa_dim": 6,
        "additional_stats": true
      }
    },
    "loss": {
      "classification": {
        "type": "cross_entropy",
        "label_smoothing": 0.0
      },
      "stability": {
        "enabled": true,
        "weight": 0.1,
        "target_lyapunov_range": [
          0.1,
          2.0
        ],
        "trajectory_bound": 50.0,
        "collapse_threshold": 0.1,
        "diversity_weight": 0.05
      },
      "synchronization": {
        "enabled": false,
        "sync_weight": 0.1,
        "desync_weight": 0.1,
        "margin": 1.0,
        "sample_ratio": 0.3,
        "distance_type": "euclidean"
      },
      "adversarial": {
        "enabled": true,
        "warmup_epochs": 5,
        "perturbation_scale": 0.1,
        "parameter_noise": true,
        "trajectory_noise": true,
        "weight": 0.3
      }
    },
    "training": {
      "batch_size": 32,
      "num_epochs": 100,
      "gradient_clipping": 1.0,
      "gradient_accumulation_steps": 1,
      "mixed_precision": false,
      "optimizer": {
        "type": "adamw",
        "learning_rate": 0.0005,
        "weight_decay": 0.0001,
        "betas": [
          0.9,
          0.999
        ],
        "eps": 1e-08,
        "momentum": 0.9,
        "nesterov": true
      },
      "scheduler": {
        "type": "cosine",
        "T_max": 100,
        "eta_min": 1e-06,
        "step_size": 30,
        "gamma": 0.1,
        "patience": 10,
        "factor": 0.5,
        "min_lr": 1e-07,
        "warmup_epochs": 5,
        "warmup_start_lr": 1e-06
      },
      "early_stopping": {
        "enabled": true,
        "patience": 30,
        "min_delta": 0.001,
        "monitor": "val_accuracy",
        "mode": "max"
      },
      "checkpoint": {
        "save_best_only": true,
        "save_frequency": 10,
        "max_to_keep": 3
      }
    },
    "evaluation": {
      "metrics": [
        "accuracy",
        "top5_accuracy",
        "eer",
        "dcf"
      ],
      "eval_frequency": 1,
      "visualization": {
        "enabled": true,
        "plot_confusion_matrix": true,
        "plot_embeddings": true,
        "plot_attractors": true
      }
    },
    "logging": {
      "level": "INFO",
      "tensorboard": {
        "enabled": true,
        "log_dir": "./runs"
      },
      "wandb": {
        "enabled": false,
        "project": "chaotic-speaker-recognition",
        "entity": null
      },
      "log_frequency": 50
    },
    "output": {
      "base_dir": "./experiments/outputs",
      "save_predictions": true,
      "save_embeddings": true,
      "save_analysis": true
    },
    "hardware": {
      "device": "auto",
      "seed": 42,
      "deterministic": false,
      "benchmark": true
    },
    "presets": {
      "fast_debug": {
        "training": {
          "batch_size": 8,
          "num_epochs": 5
        },
        "model": {
          "speaker_embedding": {
            "hidden_dims": [
              128,
              64
            ]
          }
        },
        "loss": {
          "adversarial": {
            "enabled": false
          },
          "synchronization": {
            "enabled": false
          }
        }
      },
      "baseline": {
        "model": {
          "classifier": {
            "type": "linear"
          }
        },
        "loss": {
          "stability": {
            "enabled": true
          },
          "synchronization": {
            "enabled": false
          },
          "adversarial": {
            "enabled": false
          }
        }
      },
      "high_performance": {
        "model": {
          "speaker_embedding": {
            "dim": 512,
            "hidden_dims": [
              1024,
              512,
              256
            ]
          },
          "classifier": {
            "type": "cosine"
          }
        },
        "training": {
          "num_epochs": 200,
          "batch_size": 64
        },
        "loss": {
          "stability": {
            "enabled": true
          },
          "synchronization": {
            "enabled": false
          },
          "adversarial": {
            "enabled": true,
            "warmup_epochs": 10
          }
        }
      },
      "robust": {
        "model": {
          "chaotic_embedding": {
            "noise_level": 0.01
          }
        },
        "loss": {
          "adversarial": {
            "enabled": true,
            "perturbation_scale": 0.15,
            "warmup_epochs": 3
          }
        },
        "audio": {
          "augmentation": {
            "enabled": true,
            "noise_injection": 0.01
          }
        }
      }
    }
  },
  "num_speakers": 251,
  "model_type": "full_chaotic",
  "embedding_dim": 10,
  "delay_method": "mutual_info",
  "mlsa_scales": 5,
  "rqa_radius_ratio": 0.1,
  "chaotic_system": "lorenz",
  "evolution_time": 0.5,
  "time_step": 0.01,
  "coupling_strength": 1.0,
  "noise_level": 0.001,
  "pooling_type": "comprehensive",
  "speaker_embedding_dim": 256,
  "embedding_hidden_dims": [
    512,
    256,
    128
  ],
  "classifier_type": "plda",
  "temperature": 30.0,
  "margin": 0.35,
  "batch_size": 32,
  "num_epochs": 100,
  "learning_rate": 0.0005,
  "weight_decay": 0.0001,
  "gradient_clipping": 1.0,
  "optimizer": {
    "type": "adamw",
    "params": {
      "betas": [
        0.9,
        0.999
      ],
      "eps": 1e-08,
      "weight_decay": 0.0001
    }
  },
  "scheduler": {
    "type": "cosine",
    "params": {
      "T_max": 100,
      "eta_min": 1e-06
    }
  },
  "early_stopping": {
    "patience": 30
  },
  "sample_rate": 16000,
  "max_audio_length": 3.0,
  "frame_length": 400,
  "hop_length": 160,
  "data_dir": "/scratch/project_2003370/yueyao/dataset/mini_librispeech/LibriSpeech/dev-clean-2",
  "device": "auto",
  "seed": 42,
  "loss_config": {
    "classification": {
      "type": "cross_entropy",
      "label_smoothing": 0.0
    },
    "stability": {
      "enabled": true,
      "weight": 0.1,
      "target_lyapunov_range": [
        0.1,
        2.0
      ],
      "trajectory_bound": 50.0,
      "collapse_threshold": 0.1,
      "diversity_weight": 0.05
    },
    "synchronization": {
      "enabled": false,
      "sync_weight": 0.1,
      "desync_weight": 0.1,
      "margin": 1.0,
      "sample_ratio": 0.3,
      "distance_type": "euclidean"
    },
    "adversarial": {
      "enabled": true,
      "warmup_epochs": 5,
      "perturbation_scale": 0.1,
      "parameter_noise": true,
      "trajectory_noise": true,
      "weight": 0.3
    }
  },
  "optional_modules": {
    "bifurcation_control": {
      "enabled": false,
      "num_regimes": 4,
      "hidden_dim": 32,
      "control_strength": 0.5,
      "learnable_boundaries": true
    },
    "differentiable_features": {
      "enabled": true,
      "lyapunov_dim": 8,
      "rqa_dim": 6,
      "additional_stats": true
    }
  },
  "epochs": 100,
  "optimize_parameters": true
}
2025-12-25 09:36:03,082 - chaotic_trainer - INFO - System info: {'platform': 'Linux-4.18.0-553.74.1.el8_10.x86_64-x86_64-with-glibc2.28', 'system': 'Linux', 'node': 'g1102.mahti.csc.fi', 'release': '4.18.0-553.74.1.el8_10.x86_64', 'version': '#1 SMP Sun Sep 7 09:23:35 EDT 2025', 'machine': 'x86_64', 'processor': 'x86_64', 'python_version': '3.12.10 (main, Jun  3 2025, 21:04:06) [GCC 8.5.0 20210514 (Red Hat 8.5.0-26)]', 'python_executable': '/usr/bin/python', 'cpu_count': 256, 'total_memory': 540285186048, 'available_memory': 519168995328, 'gpu_info': {'cuda_available': True, 'cuda_version': '12.6', 'gpu_count': 1, 'gpu_names': ['NVIDIA A100-SXM4-40GB MIG 1g.5gb']}, 'package_versions': {'numpy': '1.26.4', 'scipy': '1.13.1', 'scikit-learn': 'not installed', 'librosa': '0.11.0', 'soundfile': '0.13.1', 'torch': '2.7.1+cu126', 'tensorflow': 'not installed', 'matplotlib': '3.10.3', 'pandas': '2.3.0'}, 'git_info': {'commit_hash': 'daa24a287a80c85ef3adb8a50c43cdc3cd2f14ce', 'branch': 'origin', 'is_dirty': True}}
2025-12-25 09:36:03,082 - chaotic_trainer - INFO - Training 1 systems × 1 types × 1 runs...
2025-12-25 09:36:03,082 - chaotic_trainer - INFO - Systems: ['lorenz']
2025-12-25 09:36:03,082 - chaotic_trainer - INFO - Model types: ['full_chaotic']
2025-12-25 09:36:03,082 - chaotic_trainer - INFO - 
============================================================
2025-12-25 09:36:03,082 - chaotic_trainer - INFO - TRAINING: LORENZ + FULL_CHAOTIC
2025-12-25 09:36:03,082 - chaotic_trainer - INFO - ============================================================
2025-12-25 09:36:03,083 - chaotic_trainer - INFO - Training chaotic_lorenz_full_chaotic_run_0...
2025-12-25 09:36:03,083 - chaotic_trainer - INFO - Optimizing parameters for lorenz system...
2025-12-25 09:36:03,093 - chaotic_trainer - INFO - Setting up chaotic_lorenz_full_chaotic_run_0...
2025-12-25 09:36:35,882 - chaotic_trainer - INFO - 🚀 No checkpoint specified, starting from scratch
2025-12-25 09:36:35,882 - chaotic_trainer - INFO - Model parameters: 520,647 (trainable: 520,647)
2025-12-25 09:36:35,882 - chaotic_trainer - INFO - Training with chaotic dynamics monitoring...
2025-12-25 09:36:35,882 - chaotic_trainer - INFO - Starting training from epoch 0 for 100 more epochs...
2025-12-25 09:36:51,266 - chaotic_trainer - ERROR - Failed to train chaotic_lorenz_full_chaotic_run_0: Given groups=1, weight of size [32, 10, 5], expected input[32, 2, 200] to have 10 channels, but got 2 channels instead
2025-12-25 09:36:51,290 - chaotic_trainer - ERROR - Traceback: Traceback (most recent call last):
  File "/scratch/project_2003370/yueyao/Model/scripts/train_chaotic.py", line 556, in train_single_experiment
    experiment.train(remaining_epochs)
  File "/scratch/project_2003370/yueyao/Model/experiments/base_experiment.py", line 636, in train
    train_metrics = self.train_epoch()
                    ^^^^^^^^^^^^^^^^^^
  File "/scratch/project_2003370/yueyao/Model/scripts/train_chaotic.py", line 533, in monitored_train_epoch
    metrics = original_train_epoch()
              ^^^^^^^^^^^^^^^^^^^^^^
  File "/scratch/project_2003370/yueyao/Model/experiments/chaotic_experiment.py", line 690, in train_epoch
    epoch_metrics = super().train_epoch()
                    ^^^^^^^^^^^^^^^^^^^^^
  File "/scratch/project_2003370/yueyao/Model/experiments/base_experiment.py", line 396, in train_epoch
    _ = self.model(audio, targets, debug=True)
        ^^^^^^^^^^^^^^^^^^^^^^^^^^^^^^^^^^^^^^
  File "/usr/local/lib64/python3.12/site-packages/torch/nn/modules/module.py", line 1751, in _wrapped_call_impl
    return self._call_impl(*args, **kwargs)
           ^^^^^^^^^^^^^^^^^^^^^^^^^^^^^^^^
  File "/usr/local/lib64/python3.12/site-packages/torch/nn/modules/module.py", line 1762, in _call_impl
    return forward_call(*args, **kwargs)
           ^^^^^^^^^^^^^^^^^^^^^^^^^^^^^
  File "/scratch/project_2003370/yueyao/Model/models/chaotic_network.py", line 616, in forward
    chaotic_features = self.diff_chaos_features(phase_space_data)
                       ^^^^^^^^^^^^^^^^^^^^^^^^^^^^^^^^^^^^^^^^^^
  File "/usr/local/lib64/python3.12/site-packages/torch/nn/modules/module.py", line 1751, in _wrapped_call_impl
    return self._call_impl(*args, **kwargs)
           ^^^^^^^^^^^^^^^^^^^^^^^^^^^^^^^^
  File "/usr/local/lib64/python3.12/site-packages/torch/nn/modules/module.py", line 1762, in _call_impl
    return forward_call(*args, **kwargs)
           ^^^^^^^^^^^^^^^^^^^^^^^^^^^^^
  File "/scratch/project_2003370/yueyao/Model/core/differentiable_chaos_features.py", line 138, in forward
    lyap_feat = self.lyapunov_estimator(phase_space)
                ^^^^^^^^^^^^^^^^^^^^^^^^^^^^^^^^^^^^
  File "/usr/local/lib64/python3.12/site-packages/torch/nn/modules/module.py", line 1751, in _wrapped_call_impl
    return self._call_impl(*args, **kwargs)
           ^^^^^^^^^^^^^^^^^^^^^^^^^^^^^^^^
  File "/usr/local/lib64/python3.12/site-packages/torch/nn/modules/module.py", line 1762, in _call_impl
    return forward_call(*args, **kwargs)
           ^^^^^^^^^^^^^^^^^^^^^^^^^^^^^
  File "/scratch/project_2003370/yueyao/Model/core/differentiable_chaos_features.py", line 42, in forward
    x = self.conv1d(x)  # [batch, 64, 1]
        ^^^^^^^^^^^^^^
  File "/usr/local/lib64/python3.12/site-packages/torch/nn/modules/module.py", line 1751, in _wrapped_call_impl
    return self._call_impl(*args, **kwargs)
           ^^^^^^^^^^^^^^^^^^^^^^^^^^^^^^^^
  File "/usr/local/lib64/python3.12/site-packages/torch/nn/modules/module.py", line 1762, in _call_impl
    return forward_call(*args, **kwargs)
           ^^^^^^^^^^^^^^^^^^^^^^^^^^^^^
  File "/usr/local/lib64/python3.12/site-packages/torch/nn/modules/container.py", line 240, in forward
    input = module(input)
            ^^^^^^^^^^^^^
  File "/usr/local/lib64/python3.12/site-packages/torch/nn/modules/module.py", line 1751, in _wrapped_call_impl
    return self._call_impl(*args, **kwargs)
           ^^^^^^^^^^^^^^^^^^^^^^^^^^^^^^^^
  File "/usr/local/lib64/python3.12/site-packages/torch/nn/modules/module.py", line 1762, in _call_impl
    return forward_call(*args, **kwargs)
           ^^^^^^^^^^^^^^^^^^^^^^^^^^^^^
  File "/usr/local/lib64/python3.12/site-packages/torch/nn/modules/conv.py", line 375, in forward
    return self._conv_forward(input, self.weight, self.bias)
           ^^^^^^^^^^^^^^^^^^^^^^^^^^^^^^^^^^^^^^^^^^^^^^^^^
  File "/usr/local/lib64/python3.12/site-packages/torch/nn/modules/conv.py", line 370, in _conv_forward
    return F.conv1d(
           ^^^^^^^^^
RuntimeError: Given groups=1, weight of size [32, 10, 5], expected input[32, 2, 200] to have 10 channels, but got 2 channels instead

2025-12-25 09:36:51,292 - chaotic_trainer - INFO - Progress: 1/1 (100.0%)
2025-12-25 09:36:51,292 - chaotic_trainer - WARNING - No successful runs for lorenz + full_chaotic
2025-12-25 09:36:51,292 - chaotic_trainer - INFO - Analyzing chaotic training results...
2025-12-25 09:36:51,292 - chaotic_trainer - INFO - Generating comprehensive chaotic training report...
2025-12-25 09:36:51,336 - chaotic_trainer - INFO - Visualizations saved to: /scratch/project_2003370/yueyao/Model/experiments/configs/4.2_chapter_experiments/visualizations
2025-12-25 09:36:51,336 - chaotic_trainer - INFO - Reports generated:
2025-12-25 09:36:51,337 - chaotic_trainer - INFO -   Text report: /scratch/project_2003370/yueyao/Model/experiments/configs/4.2_chapter_experiments/chaotic_training_report.txt
2025-12-25 09:36:51,337 - chaotic_trainer - INFO -   JSON report: /scratch/project_2003370/yueyao/Model/experiments/configs/4.2_chapter_experiments/chaotic_training_results.json
2025-12-25 09:36:51,337 - chaotic_trainer - INFO - Chaotic training completed.
2025-12-25 09:36:51,337 - chaotic_trainer - INFO - ============================================================
2025-12-25 09:48:14,926 - chaotic_trainer - INFO - ============================================================
2025-12-25 09:48:14,927 - chaotic_trainer - INFO - CHAOTIC NEURAL NETWORKS TRAINING
2025-12-25 09:48:14,927 - chaotic_trainer - INFO - ============================================================
2025-12-25 09:48:14,927 - chaotic_trainer - INFO - Output directory: /scratch/project_2003370/yueyao/Model/experiments/configs/4.2_chapter_experiments
2025-12-25 09:48:14,927 - chaotic_trainer - INFO - Configuration: {
  "_nested": {
    "experiment": {
      "name": "chaotic_speaker_recognition",
      "description": "Chaotic Hierarchical Attractor Propagation for robust speaker recognition",
      "version": "2.0",
      "author": "C-HiLAP Project"
    },
    "data": {
      "data_dir": "/scratch/project_2003370/yueyao/dataset/mini_librispeech/LibriSpeech/dev-clean-2",
      "train_split": 0.7,
      "val_split": 0.15,
      "test_split": 0.15,
      "num_workers": 4,
      "pin_memory": true,
      "prefetch_factor": 2,
      "cache_features": false,
      "cache_dir": "./cache"
    },
    "audio": {
      "sample_rate": 16000,
      "max_audio_length": 3.0,
      "min_audio_length": 0.5,
      "frame_length": 400,
      "hop_length": 160,
      "normalize": true,
      "remove_silence": false,
      "augmentation": {
        "enabled": false,
        "noise_injection": 0.005,
        "time_stretch_range": [
          0.9,
          1.1
        ],
        "pitch_shift_range": [
          -2,
          2
        ]
      }
    },
    "model": {
      "type": "full_chaotic",
      "num_speakers": 251,
      "phase_space": {
        "embedding_dim": 10,
        "delay_method": "mutual_info",
        "dimension_method": "false_neighbors",
        "fixed_delay": null
      },
      "chaotic_features": {
        "mlsa": {
          "scales": 5,
          "max_lyapunov_steps": 1000
        },
        "rqa": {
          "radius_ratio": 0.1,
          "min_line_length": 2
        }
      },
      "chaotic_embedding": {
        "system_type": "lorenz",
        "evolution_time": 0.5,
        "time_step": 0.01,
        "coupling_strength": 1.0,
        "noise_level": 0.001,
        "lorenz": {
          "sigma": 10.0,
          "rho": 28.0,
          "beta": 2.6667
        },
        "rossler": {
          "a": 0.2,
          "b": 0.2,
          "c": 5.7
        }
      },
      "attractor_pooling": {
        "type": "comprehensive",
        "correlation_dimension": {
          "num_radii": 50
        }
      },
      "speaker_embedding": {
        "dim": 256,
        "hidden_dims": [
          512,
          256,
          128
        ],
        "dropout_rate": 0.3,
        "use_batch_norm": true
      },
      "classifier": {
        "type": "plda",
        "temperature": 30.0,
        "margin": 0.35,
        "plda": {
          "latent_dim": 128,
          "use_length_norm": true
        }
      }
    },
    "optional_modules": {
      "bifurcation_control": {
        "enabled": false,
        "num_regimes": 4,
        "hidden_dim": 32,
        "control_strength": 0.5,
        "learnable_boundaries": true
      },
      "differentiable_features": {
        "enabled": true,
        "lyapunov_dim": 8,
        "rqa_dim": 6,
        "additional_stats": true
      }
    },
    "loss": {
      "classification": {
        "type": "cross_entropy",
        "label_smoothing": 0.0
      },
      "stability": {
        "enabled": true,
        "weight": 0.1,
        "target_lyapunov_range": [
          0.1,
          2.0
        ],
        "trajectory_bound": 50.0,
        "collapse_threshold": 0.1,
        "diversity_weight": 0.05
      },
      "synchronization": {
        "enabled": false,
        "sync_weight": 0.1,
        "desync_weight": 0.1,
        "margin": 1.0,
        "sample_ratio": 0.3,
        "distance_type": "euclidean"
      },
      "adversarial": {
        "enabled": true,
        "warmup_epochs": 5,
        "perturbation_scale": 0.1,
        "parameter_noise": true,
        "trajectory_noise": true,
        "weight": 0.3
      }
    },
    "training": {
      "batch_size": 32,
      "num_epochs": 100,
      "gradient_clipping": 1.0,
      "gradient_accumulation_steps": 1,
      "mixed_precision": false,
      "optimizer": {
        "type": "adamw",
        "learning_rate": 0.0005,
        "weight_decay": 0.0001,
        "betas": [
          0.9,
          0.999
        ],
        "eps": 1e-08,
        "momentum": 0.9,
        "nesterov": true
      },
      "scheduler": {
        "type": "cosine",
        "T_max": 100,
        "eta_min": 1e-06,
        "step_size": 30,
        "gamma": 0.1,
        "patience": 10,
        "factor": 0.5,
        "min_lr": 1e-07,
        "warmup_epochs": 5,
        "warmup_start_lr": 1e-06
      },
      "early_stopping": {
        "enabled": true,
        "patience": 30,
        "min_delta": 0.001,
        "monitor": "val_accuracy",
        "mode": "max"
      },
      "checkpoint": {
        "save_best_only": true,
        "save_frequency": 10,
        "max_to_keep": 3
      }
    },
    "evaluation": {
      "metrics": [
        "accuracy",
        "top5_accuracy",
        "eer",
        "dcf"
      ],
      "eval_frequency": 1,
      "visualization": {
        "enabled": true,
        "plot_confusion_matrix": true,
        "plot_embeddings": true,
        "plot_attractors": true
      }
    },
    "logging": {
      "level": "INFO",
      "tensorboard": {
        "enabled": true,
        "log_dir": "./runs"
      },
      "wandb": {
        "enabled": false,
        "project": "chaotic-speaker-recognition",
        "entity": null
      },
      "log_frequency": 50
    },
    "output": {
      "base_dir": "./experiments/outputs",
      "save_predictions": true,
      "save_embeddings": true,
      "save_analysis": true
    },
    "hardware": {
      "device": "auto",
      "seed": 42,
      "deterministic": false,
      "benchmark": true
    },
    "presets": {
      "fast_debug": {
        "training": {
          "batch_size": 8,
          "num_epochs": 5
        },
        "model": {
          "speaker_embedding": {
            "hidden_dims": [
              128,
              64
            ]
          }
        },
        "loss": {
          "adversarial": {
            "enabled": false
          },
          "synchronization": {
            "enabled": false
          }
        }
      },
      "baseline": {
        "model": {
          "classifier": {
            "type": "linear"
          }
        },
        "loss": {
          "stability": {
            "enabled": true
          },
          "synchronization": {
            "enabled": false
          },
          "adversarial": {
            "enabled": false
          }
        }
      },
      "high_performance": {
        "model": {
          "speaker_embedding": {
            "dim": 512,
            "hidden_dims": [
              1024,
              512,
              256
            ]
          },
          "classifier": {
            "type": "cosine"
          }
        },
        "training": {
          "num_epochs": 200,
          "batch_size": 64
        },
        "loss": {
          "stability": {
            "enabled": true
          },
          "synchronization": {
            "enabled": false
          },
          "adversarial": {
            "enabled": true,
            "warmup_epochs": 10
          }
        }
      },
      "robust": {
        "model": {
          "chaotic_embedding": {
            "noise_level": 0.01
          }
        },
        "loss": {
          "adversarial": {
            "enabled": true,
            "perturbation_scale": 0.15,
            "warmup_epochs": 3
          }
        },
        "audio": {
          "augmentation": {
            "enabled": true,
            "noise_injection": 0.01
          }
        }
      }
    }
  },
  "num_speakers": 251,
  "model_type": "full_chaotic",
  "embedding_dim": 10,
  "delay_method": "mutual_info",
  "mlsa_scales": 5,
  "rqa_radius_ratio": 0.1,
  "chaotic_system": "lorenz",
  "evolution_time": 0.5,
  "time_step": 0.01,
  "coupling_strength": 1.0,
  "noise_level": 0.001,
  "pooling_type": "comprehensive",
  "speaker_embedding_dim": 256,
  "embedding_hidden_dims": [
    512,
    256,
    128
  ],
  "classifier_type": "plda",
  "temperature": 30.0,
  "margin": 0.35,
  "batch_size": 32,
  "num_epochs": 100,
  "learning_rate": 0.0005,
  "weight_decay": 0.0001,
  "gradient_clipping": 1.0,
  "optimizer": {
    "type": "adamw",
    "params": {
      "betas": [
        0.9,
        0.999
      ],
      "eps": 1e-08,
      "weight_decay": 0.0001
    }
  },
  "scheduler": {
    "type": "cosine",
    "params": {
      "T_max": 100,
      "eta_min": 1e-06
    }
  },
  "early_stopping": {
    "patience": 30
  },
  "sample_rate": 16000,
  "max_audio_length": 3.0,
  "frame_length": 400,
  "hop_length": 160,
  "data_dir": "/scratch/project_2003370/yueyao/dataset/mini_librispeech/LibriSpeech/dev-clean-2",
  "device": "auto",
  "seed": 42,
  "loss_config": {
    "classification": {
      "type": "cross_entropy",
      "label_smoothing": 0.0
    },
    "stability": {
      "enabled": true,
      "weight": 0.1,
      "target_lyapunov_range": [
        0.1,
        2.0
      ],
      "trajectory_bound": 50.0,
      "collapse_threshold": 0.1,
      "diversity_weight": 0.05
    },
    "synchronization": {
      "enabled": false,
      "sync_weight": 0.1,
      "desync_weight": 0.1,
      "margin": 1.0,
      "sample_ratio": 0.3,
      "distance_type": "euclidean"
    },
    "adversarial": {
      "enabled": true,
      "warmup_epochs": 5,
      "perturbation_scale": 0.1,
      "parameter_noise": true,
      "trajectory_noise": true,
      "weight": 0.3
    }
  },
  "optional_modules": {
    "bifurcation_control": {
      "enabled": false,
      "num_regimes": 4,
      "hidden_dim": 32,
      "control_strength": 0.5,
      "learnable_boundaries": true
    },
    "differentiable_features": {
      "enabled": true,
      "lyapunov_dim": 8,
      "rqa_dim": 6,
      "additional_stats": true
    }
  },
  "epochs": 100,
  "optimize_parameters": true
}
2025-12-25 09:48:14,971 - chaotic_trainer - INFO - System info: {'platform': 'Linux-4.18.0-553.74.1.el8_10.x86_64-x86_64-with-glibc2.28', 'system': 'Linux', 'node': 'g1102.mahti.csc.fi', 'release': '4.18.0-553.74.1.el8_10.x86_64', 'version': '#1 SMP Sun Sep 7 09:23:35 EDT 2025', 'machine': 'x86_64', 'processor': 'x86_64', 'python_version': '3.12.10 (main, Jun  3 2025, 21:04:06) [GCC 8.5.0 20210514 (Red Hat 8.5.0-26)]', 'python_executable': '/usr/bin/python', 'cpu_count': 256, 'total_memory': 540285186048, 'available_memory': 519167922176, 'gpu_info': {'cuda_available': True, 'cuda_version': '12.6', 'gpu_count': 1, 'gpu_names': ['NVIDIA A100-SXM4-40GB MIG 1g.5gb']}, 'package_versions': {'numpy': '1.26.4', 'scipy': '1.13.1', 'scikit-learn': 'not installed', 'librosa': '0.11.0', 'soundfile': '0.13.1', 'torch': '2.7.1+cu126', 'tensorflow': 'not installed', 'matplotlib': '3.10.3', 'pandas': '2.3.0'}, 'git_info': {'commit_hash': 'daa24a287a80c85ef3adb8a50c43cdc3cd2f14ce', 'branch': 'origin', 'is_dirty': True}}
2025-12-25 09:48:14,971 - chaotic_trainer - INFO - Training 1 systems × 1 types × 1 runs...
2025-12-25 09:48:14,971 - chaotic_trainer - INFO - Systems: ['lorenz']
2025-12-25 09:48:14,971 - chaotic_trainer - INFO - Model types: ['full_chaotic']
2025-12-25 09:48:14,971 - chaotic_trainer - INFO - 
============================================================
2025-12-25 09:48:14,971 - chaotic_trainer - INFO - TRAINING: LORENZ + FULL_CHAOTIC
2025-12-25 09:48:14,971 - chaotic_trainer - INFO - ============================================================
2025-12-25 09:48:14,971 - chaotic_trainer - INFO - Training chaotic_lorenz_full_chaotic_run_0...
2025-12-25 09:48:14,972 - chaotic_trainer - INFO - Optimizing parameters for lorenz system...
2025-12-25 09:48:14,981 - chaotic_trainer - INFO - Setting up chaotic_lorenz_full_chaotic_run_0...
2025-12-25 09:48:47,291 - chaotic_trainer - INFO - 🚀 No checkpoint specified, starting from scratch
2025-12-25 09:48:47,292 - chaotic_trainer - INFO - Model parameters: 520,647 (trainable: 520,647)
2025-12-25 09:48:47,292 - chaotic_trainer - INFO - Training with chaotic dynamics monitoring...
2025-12-25 09:48:47,292 - chaotic_trainer - INFO - Starting training from epoch 0 for 100 more epochs...
2025-12-25 09:54:18,733 - chaotic_trainer - INFO - ============================================================
2025-12-25 09:54:18,734 - chaotic_trainer - INFO - CHAOTIC NEURAL NETWORKS TRAINING
2025-12-25 09:54:18,734 - chaotic_trainer - INFO - ============================================================
2025-12-25 09:54:18,734 - chaotic_trainer - INFO - Output directory: /scratch/project_2003370/yueyao/Model/experiments/configs/4.2_chapter_experiments
2025-12-25 09:54:18,734 - chaotic_trainer - INFO - Configuration: {
  "_nested": {
    "experiment": {
      "name": "chaotic_speaker_recognition",
      "description": "Chaotic Hierarchical Attractor Propagation for robust speaker recognition",
      "version": "2.0",
      "author": "C-HiLAP Project"
    },
    "data": {
      "data_dir": "/scratch/project_2003370/yueyao/dataset/mini_librispeech/LibriSpeech/dev-clean-2",
      "train_split": 0.7,
      "val_split": 0.15,
      "test_split": 0.15,
      "num_workers": 4,
      "pin_memory": true,
      "prefetch_factor": 2,
      "cache_features": false,
      "cache_dir": "./cache"
    },
    "audio": {
      "sample_rate": 16000,
      "max_audio_length": 3.0,
      "min_audio_length": 0.5,
      "frame_length": 400,
      "hop_length": 160,
      "normalize": true,
      "remove_silence": false,
      "augmentation": {
        "enabled": false,
        "noise_injection": 0.005,
        "time_stretch_range": [
          0.9,
          1.1
        ],
        "pitch_shift_range": [
          -2,
          2
        ]
      }
    },
    "model": {
      "type": "full_chaotic",
      "num_speakers": 251,
      "phase_space": {
        "embedding_dim": 10,
        "delay_method": "mutual_info",
        "dimension_method": "false_neighbors",
        "fixed_delay": null
      },
      "chaotic_features": {
        "mlsa": {
          "scales": 5,
          "max_lyapunov_steps": 1000
        },
        "rqa": {
          "radius_ratio": 0.1,
          "min_line_length": 2
        }
      },
      "chaotic_embedding": {
        "system_type": "lorenz",
        "evolution_time": 0.5,
        "time_step": 0.01,
        "coupling_strength": 1.0,
        "noise_level": 0.001,
        "lorenz": {
          "sigma": 10.0,
          "rho": 28.0,
          "beta": 2.6667
        },
        "rossler": {
          "a": 0.2,
          "b": 0.2,
          "c": 5.7
        }
      },
      "attractor_pooling": {
        "type": "comprehensive",
        "correlation_dimension": {
          "num_radii": 50
        }
      },
      "speaker_embedding": {
        "dim": 256,
        "hidden_dims": [
          512,
          256,
          128
        ],
        "dropout_rate": 0.3,
        "use_batch_norm": true
      },
      "classifier": {
        "type": "plda",
        "temperature": 30.0,
        "margin": 0.35,
        "plda": {
          "latent_dim": 128,
          "use_length_norm": true
        }
      }
    },
    "optional_modules": {
      "bifurcation_control": {
        "enabled": false,
        "num_regimes": 4,
        "hidden_dim": 32,
        "control_strength": 0.5,
        "learnable_boundaries": true
      },
      "differentiable_features": {
        "enabled": true,
        "lyapunov_dim": 8,
        "rqa_dim": 6,
        "additional_stats": true
      }
    },
    "loss": {
      "classification": {
        "type": "cross_entropy",
        "label_smoothing": 0.0
      },
      "stability": {
        "enabled": true,
        "weight": 0.1,
        "target_lyapunov_range": [
          0.1,
          2.0
        ],
        "trajectory_bound": 50.0,
        "collapse_threshold": 0.1,
        "diversity_weight": 0.05
      },
      "synchronization": {
        "enabled": false,
        "sync_weight": 0.1,
        "desync_weight": 0.1,
        "margin": 1.0,
        "sample_ratio": 0.3,
        "distance_type": "euclidean"
      },
      "adversarial": {
        "enabled": true,
        "warmup_epochs": 5,
        "perturbation_scale": 0.1,
        "parameter_noise": true,
        "trajectory_noise": true,
        "weight": 0.3
      }
    },
    "training": {
      "batch_size": 32,
      "num_epochs": 100,
      "gradient_clipping": 1.0,
      "gradient_accumulation_steps": 1,
      "mixed_precision": false,
      "optimizer": {
        "type": "adamw",
        "learning_rate": 0.0005,
        "weight_decay": 0.0001,
        "betas": [
          0.9,
          0.999
        ],
        "eps": 1e-08,
        "momentum": 0.9,
        "nesterov": true
      },
      "scheduler": {
        "type": "cosine",
        "T_max": 100,
        "eta_min": 1e-06,
        "step_size": 30,
        "gamma": 0.1,
        "patience": 10,
        "factor": 0.5,
        "min_lr": 1e-07,
        "warmup_epochs": 5,
        "warmup_start_lr": 1e-06
      },
      "early_stopping": {
        "enabled": true,
        "patience": 30,
        "min_delta": 0.001,
        "monitor": "val_accuracy",
        "mode": "max"
      },
      "checkpoint": {
        "save_best_only": true,
        "save_frequency": 10,
        "max_to_keep": 3
      }
    },
    "evaluation": {
      "metrics": [
        "accuracy",
        "top5_accuracy",
        "eer",
        "dcf"
      ],
      "eval_frequency": 1,
      "visualization": {
        "enabled": true,
        "plot_confusion_matrix": true,
        "plot_embeddings": true,
        "plot_attractors": true
      }
    },
    "logging": {
      "level": "INFO",
      "tensorboard": {
        "enabled": true,
        "log_dir": "./runs"
      },
      "wandb": {
        "enabled": false,
        "project": "chaotic-speaker-recognition",
        "entity": null
      },
      "log_frequency": 50
    },
    "output": {
      "base_dir": "./experiments/outputs",
      "save_predictions": true,
      "save_embeddings": true,
      "save_analysis": true
    },
    "hardware": {
      "device": "auto",
      "seed": 42,
      "deterministic": false,
      "benchmark": true
    },
    "presets": {
      "fast_debug": {
        "training": {
          "batch_size": 8,
          "num_epochs": 5
        },
        "model": {
          "speaker_embedding": {
            "hidden_dims": [
              128,
              64
            ]
          }
        },
        "loss": {
          "adversarial": {
            "enabled": false
          },
          "synchronization": {
            "enabled": false
          }
        }
      },
      "baseline": {
        "model": {
          "classifier": {
            "type": "linear"
          }
        },
        "loss": {
          "stability": {
            "enabled": true
          },
          "synchronization": {
            "enabled": false
          },
          "adversarial": {
            "enabled": false
          }
        }
      },
      "high_performance": {
        "model": {
          "speaker_embedding": {
            "dim": 512,
            "hidden_dims": [
              1024,
              512,
              256
            ]
          },
          "classifier": {
            "type": "cosine"
          }
        },
        "training": {
          "num_epochs": 200,
          "batch_size": 64
        },
        "loss": {
          "stability": {
            "enabled": true
          },
          "synchronization": {
            "enabled": false
          },
          "adversarial": {
            "enabled": true,
            "warmup_epochs": 10
          }
        }
      },
      "robust": {
        "model": {
          "chaotic_embedding": {
            "noise_level": 0.01
          }
        },
        "loss": {
          "adversarial": {
            "enabled": true,
            "perturbation_scale": 0.15,
            "warmup_epochs": 3
          }
        },
        "audio": {
          "augmentation": {
            "enabled": true,
            "noise_injection": 0.01
          }
        }
      }
    }
  },
  "num_speakers": 251,
  "model_type": "full_chaotic",
  "embedding_dim": 10,
  "delay_method": "mutual_info",
  "mlsa_scales": 5,
  "rqa_radius_ratio": 0.1,
  "chaotic_system": "lorenz",
  "evolution_time": 0.5,
  "time_step": 0.01,
  "coupling_strength": 1.0,
  "noise_level": 0.001,
  "pooling_type": "comprehensive",
  "speaker_embedding_dim": 256,
  "embedding_hidden_dims": [
    512,
    256,
    128
  ],
  "classifier_type": "plda",
  "temperature": 30.0,
  "margin": 0.35,
  "batch_size": 32,
  "num_epochs": 100,
  "learning_rate": 0.0005,
  "weight_decay": 0.0001,
  "gradient_clipping": 1.0,
  "optimizer": {
    "type": "adamw",
    "params": {
      "betas": [
        0.9,
        0.999
      ],
      "eps": 1e-08,
      "weight_decay": 0.0001
    }
  },
  "scheduler": {
    "type": "cosine",
    "params": {
      "T_max": 100,
      "eta_min": 1e-06
    }
  },
  "early_stopping": {
    "patience": 30
  },
  "sample_rate": 16000,
  "max_audio_length": 3.0,
  "frame_length": 400,
  "hop_length": 160,
  "data_dir": "/scratch/project_2003370/yueyao/dataset/mini_librispeech/LibriSpeech/dev-clean-2",
  "device": "auto",
  "seed": 42,
  "loss_config": {
    "classification": {
      "type": "cross_entropy",
      "label_smoothing": 0.0
    },
    "stability": {
      "enabled": true,
      "weight": 0.1,
      "target_lyapunov_range": [
        0.1,
        2.0
      ],
      "trajectory_bound": 50.0,
      "collapse_threshold": 0.1,
      "diversity_weight": 0.05
    },
    "synchronization": {
      "enabled": false,
      "sync_weight": 0.1,
      "desync_weight": 0.1,
      "margin": 1.0,
      "sample_ratio": 0.3,
      "distance_type": "euclidean"
    },
    "adversarial": {
      "enabled": true,
      "warmup_epochs": 5,
      "perturbation_scale": 0.1,
      "parameter_noise": true,
      "trajectory_noise": true,
      "weight": 0.3
    }
  },
  "optional_modules": {
    "bifurcation_control": {
      "enabled": false,
      "num_regimes": 4,
      "hidden_dim": 32,
      "control_strength": 0.5,
      "learnable_boundaries": true
    },
    "differentiable_features": {
      "enabled": true,
      "lyapunov_dim": 8,
      "rqa_dim": 6,
      "additional_stats": true
    }
  },
  "epochs": 100,
  "optimize_parameters": true
}
2025-12-25 09:54:18,778 - chaotic_trainer - INFO - System info: {'platform': 'Linux-4.18.0-553.74.1.el8_10.x86_64-x86_64-with-glibc2.28', 'system': 'Linux', 'node': 'g1102.mahti.csc.fi', 'release': '4.18.0-553.74.1.el8_10.x86_64', 'version': '#1 SMP Sun Sep 7 09:23:35 EDT 2025', 'machine': 'x86_64', 'processor': 'x86_64', 'python_version': '3.12.10 (main, Jun  3 2025, 21:04:06) [GCC 8.5.0 20210514 (Red Hat 8.5.0-26)]', 'python_executable': '/usr/bin/python', 'cpu_count': 256, 'total_memory': 540285186048, 'available_memory': 519167242240, 'gpu_info': {'cuda_available': True, 'cuda_version': '12.6', 'gpu_count': 1, 'gpu_names': ['NVIDIA A100-SXM4-40GB MIG 1g.5gb']}, 'package_versions': {'numpy': '1.26.4', 'scipy': '1.13.1', 'scikit-learn': 'not installed', 'librosa': '0.11.0', 'soundfile': '0.13.1', 'torch': '2.7.1+cu126', 'tensorflow': 'not installed', 'matplotlib': '3.10.3', 'pandas': '2.3.0'}, 'git_info': {'commit_hash': 'daa24a287a80c85ef3adb8a50c43cdc3cd2f14ce', 'branch': 'origin', 'is_dirty': True}}
2025-12-25 09:54:18,778 - chaotic_trainer - INFO - Training 1 systems × 1 types × 1 runs...
2025-12-25 09:54:18,779 - chaotic_trainer - INFO - Systems: ['lorenz']
2025-12-25 09:54:18,779 - chaotic_trainer - INFO - Model types: ['full_chaotic']
2025-12-25 09:54:18,779 - chaotic_trainer - INFO - 
============================================================
2025-12-25 09:54:18,779 - chaotic_trainer - INFO - TRAINING: LORENZ + FULL_CHAOTIC
2025-12-25 09:54:18,779 - chaotic_trainer - INFO - ============================================================
2025-12-25 09:54:18,779 - chaotic_trainer - INFO - Training chaotic_lorenz_full_chaotic_run_0...
2025-12-25 09:54:18,779 - chaotic_trainer - INFO - Optimizing parameters for lorenz system...
2025-12-25 09:54:18,789 - chaotic_trainer - INFO - Setting up chaotic_lorenz_full_chaotic_run_0...
2025-12-25 09:54:51,541 - chaotic_trainer - INFO - 🚀 No checkpoint specified, starting from scratch
2025-12-25 09:54:51,542 - chaotic_trainer - INFO - Model parameters: 520,647 (trainable: 520,647)
2025-12-25 09:54:51,542 - chaotic_trainer - INFO - Training with chaotic dynamics monitoring...
2025-12-25 09:54:51,542 - chaotic_trainer - INFO - Starting training from epoch 0 for 100 more epochs...
2025-12-25 12:06:59,475 - chaotic_trainer - INFO - ============================================================
2025-12-25 12:06:59,490 - chaotic_trainer - INFO - CHAOTIC NEURAL NETWORKS TRAINING
2025-12-25 12:06:59,490 - chaotic_trainer - INFO - ============================================================
2025-12-25 12:06:59,490 - chaotic_trainer - INFO - Output directory: /scratch/project_2003370/yueyao/Model/experiments/configs/4.2_chapter_experiments
2025-12-25 12:06:59,491 - chaotic_trainer - INFO - Configuration: {
  "_nested": {
    "experiment": {
      "name": "chaotic_speaker_recognition",
      "description": "Chaotic Hierarchical Attractor Propagation for robust speaker recognition",
      "version": "2.0",
      "author": "C-HiLAP Project"
    },
    "data": {
      "data_dir": "/scratch/project_2003370/yueyao/dataset/mini_librispeech/LibriSpeech/dev-clean-2",
      "train_split": 0.7,
      "val_split": 0.15,
      "test_split": 0.15,
      "num_workers": 4,
      "pin_memory": true,
      "prefetch_factor": 2,
      "cache_features": false,
      "cache_dir": "./cache"
    },
    "audio": {
      "sample_rate": 16000,
      "max_audio_length": 3.0,
      "min_audio_length": 0.5,
      "frame_length": 400,
      "hop_length": 160,
      "normalize": true,
      "remove_silence": false,
      "augmentation": {
        "enabled": false,
        "noise_injection": 0.005,
        "time_stretch_range": [
          0.9,
          1.1
        ],
        "pitch_shift_range": [
          -2,
          2
        ]
      }
    },
    "model": {
      "type": "full_chaotic",
      "num_speakers": 251,
      "phase_space": {
        "embedding_dim": 10,
        "delay_method": "mutual_info",
        "dimension_method": "false_neighbors",
        "fixed_delay": null
      },
      "chaotic_features": {
        "mlsa": {
          "scales": 5,
          "max_lyapunov_steps": 1000
        },
        "rqa": {
          "radius_ratio": 0.1,
          "min_line_length": 2
        }
      },
      "chaotic_embedding": {
        "system_type": "lorenz",
        "evolution_time": 0.5,
        "time_step": 0.01,
        "coupling_strength": 1.0,
        "noise_level": 0.001,
        "lorenz": {
          "sigma": 10.0,
          "rho": 28.0,
          "beta": 2.6667
        },
        "rossler": {
          "a": 0.2,
          "b": 0.2,
          "c": 5.7
        }
      },
      "attractor_pooling": {
        "type": "comprehensive",
        "correlation_dimension": {
          "num_radii": 50
        }
      },
      "speaker_embedding": {
        "dim": 256,
        "hidden_dims": [
          512,
          256,
          128
        ],
        "dropout_rate": 0.3,
        "use_batch_norm": true
      },
      "classifier": {
        "type": "plda",
        "temperature": 30.0,
        "margin": 0.35,
        "plda": {
          "latent_dim": 128,
          "use_length_norm": true
        }
      }
    },
    "optional_modules": {
      "bifurcation_control": {
        "enabled": false,
        "num_regimes": 4,
        "hidden_dim": 32,
        "control_strength": 0.5,
        "learnable_boundaries": true
      },
      "differentiable_features": {
        "enabled": true,
        "lyapunov_dim": 8,
        "rqa_dim": 6,
        "additional_stats": true
      }
    },
    "loss": {
      "classification": {
        "type": "cross_entropy",
        "label_smoothing": 0.0
      },
      "stability": {
        "enabled": true,
        "weight": 0.1,
        "target_lyapunov_range": [
          0.1,
          2.0
        ],
        "trajectory_bound": 50.0,
        "collapse_threshold": 0.1,
        "diversity_weight": 0.05
      },
      "synchronization": {
        "enabled": false,
        "sync_weight": 0.1,
        "desync_weight": 0.1,
        "margin": 1.0,
        "sample_ratio": 0.3,
        "distance_type": "euclidean"
      },
      "adversarial": {
        "enabled": true,
        "warmup_epochs": 5,
        "perturbation_scale": 0.1,
        "parameter_noise": true,
        "trajectory_noise": true,
        "weight": 0.3
      }
    },
    "training": {
      "batch_size": 32,
      "num_epochs": 100,
      "gradient_clipping": 1.0,
      "gradient_accumulation_steps": 1,
      "mixed_precision": false,
      "optimizer": {
        "type": "adamw",
        "learning_rate": 0.0005,
        "weight_decay": 0.0001,
        "betas": [
          0.9,
          0.999
        ],
        "eps": 1e-08,
        "momentum": 0.9,
        "nesterov": true
      },
      "scheduler": {
        "type": "cosine",
        "T_max": 100,
        "eta_min": 1e-06,
        "step_size": 30,
        "gamma": 0.1,
        "patience": 10,
        "factor": 0.5,
        "min_lr": 1e-07,
        "warmup_epochs": 5,
        "warmup_start_lr": 1e-06
      },
      "early_stopping": {
        "enabled": true,
        "patience": 30,
        "min_delta": 0.001,
        "monitor": "val_accuracy",
        "mode": "max"
      },
      "checkpoint": {
        "save_best_only": true,
        "save_frequency": 10,
        "max_to_keep": 3
      }
    },
    "evaluation": {
      "metrics": [
        "accuracy",
        "top5_accuracy",
        "eer",
        "dcf"
      ],
      "eval_frequency": 1,
      "visualization": {
        "enabled": true,
        "plot_confusion_matrix": true,
        "plot_embeddings": true,
        "plot_attractors": true
      }
    },
    "logging": {
      "level": "INFO",
      "tensorboard": {
        "enabled": true,
        "log_dir": "./runs"
      },
      "wandb": {
        "enabled": false,
        "project": "chaotic-speaker-recognition",
        "entity": null
      },
      "log_frequency": 50
    },
    "output": {
      "base_dir": "./experiments/outputs",
      "save_predictions": true,
      "save_embeddings": true,
      "save_analysis": true
    },
    "hardware": {
      "device": "auto",
      "seed": 42,
      "deterministic": false,
      "benchmark": true
    },
    "presets": {
      "fast_debug": {
        "training": {
          "batch_size": 8,
          "num_epochs": 5
        },
        "model": {
          "speaker_embedding": {
            "hidden_dims": [
              128,
              64
            ]
          }
        },
        "loss": {
          "adversarial": {
            "enabled": false
          },
          "synchronization": {
            "enabled": false
          }
        }
      },
      "baseline": {
        "model": {
          "classifier": {
            "type": "linear"
          }
        },
        "loss": {
          "stability": {
            "enabled": true
          },
          "synchronization": {
            "enabled": false
          },
          "adversarial": {
            "enabled": false
          }
        }
      },
      "high_performance": {
        "model": {
          "speaker_embedding": {
            "dim": 512,
            "hidden_dims": [
              1024,
              512,
              256
            ]
          },
          "classifier": {
            "type": "cosine"
          }
        },
        "training": {
          "num_epochs": 200,
          "batch_size": 64
        },
        "loss": {
          "stability": {
            "enabled": true
          },
          "synchronization": {
            "enabled": false
          },
          "adversarial": {
            "enabled": true,
            "warmup_epochs": 10
          }
        }
      },
      "robust": {
        "model": {
          "chaotic_embedding": {
            "noise_level": 0.01
          }
        },
        "loss": {
          "adversarial": {
            "enabled": true,
            "perturbation_scale": 0.15,
            "warmup_epochs": 3
          }
        },
        "audio": {
          "augmentation": {
            "enabled": true,
            "noise_injection": 0.01
          }
        }
      }
    }
  },
  "num_speakers": 251,
  "model_type": "full_chaotic",
  "embedding_dim": 10,
  "delay_method": "mutual_info",
  "mlsa_scales": 5,
  "rqa_radius_ratio": 0.1,
  "chaotic_system": "lorenz",
  "evolution_time": 0.5,
  "time_step": 0.01,
  "coupling_strength": 1.0,
  "noise_level": 0.001,
  "pooling_type": "comprehensive",
  "speaker_embedding_dim": 256,
  "embedding_hidden_dims": [
    512,
    256,
    128
  ],
  "classifier_type": "plda",
  "temperature": 30.0,
  "margin": 0.35,
  "batch_size": 32,
  "num_epochs": 100,
  "learning_rate": 0.0005,
  "weight_decay": 0.0001,
  "gradient_clipping": 1.0,
  "optimizer": {
    "type": "adamw",
    "params": {
      "betas": [
        0.9,
        0.999
      ],
      "eps": 1e-08,
      "weight_decay": 0.0001
    }
  },
  "scheduler": {
    "type": "cosine",
    "params": {
      "T_max": 100,
      "eta_min": 1e-06
    }
  },
  "early_stopping": {
    "patience": 30
  },
  "sample_rate": 16000,
  "max_audio_length": 3.0,
  "frame_length": 400,
  "hop_length": 160,
  "data_dir": "/scratch/project_2003370/yueyao/dataset/mini_librispeech/LibriSpeech/dev-clean-2",
  "device": "auto",
  "seed": 42,
  "loss_config": {
    "classification": {
      "type": "cross_entropy",
      "label_smoothing": 0.0
    },
    "stability": {
      "enabled": true,
      "weight": 0.1,
      "target_lyapunov_range": [
        0.1,
        2.0
      ],
      "trajectory_bound": 50.0,
      "collapse_threshold": 0.1,
      "diversity_weight": 0.05
    },
    "synchronization": {
      "enabled": false,
      "sync_weight": 0.1,
      "desync_weight": 0.1,
      "margin": 1.0,
      "sample_ratio": 0.3,
      "distance_type": "euclidean"
    },
    "adversarial": {
      "enabled": true,
      "warmup_epochs": 5,
      "perturbation_scale": 0.1,
      "parameter_noise": true,
      "trajectory_noise": true,
      "weight": 0.3
    }
  },
  "optional_modules": {
    "bifurcation_control": {
      "enabled": false,
      "num_regimes": 4,
      "hidden_dim": 32,
      "control_strength": 0.5,
      "learnable_boundaries": true
    },
    "differentiable_features": {
      "enabled": true,
      "lyapunov_dim": 8,
      "rqa_dim": 6,
      "additional_stats": true
    }
  },
  "epochs": 100,
  "optimize_parameters": true
}
2025-12-25 12:06:59,928 - chaotic_trainer - INFO - System info: {'platform': 'Linux-4.18.0-553.74.1.el8_10.x86_64-x86_64-with-glibc2.28', 'system': 'Linux', 'node': 'g1102.mahti.csc.fi', 'release': '4.18.0-553.74.1.el8_10.x86_64', 'version': '#1 SMP Sun Sep 7 09:23:35 EDT 2025', 'machine': 'x86_64', 'processor': 'x86_64', 'python_version': '3.12.10 (main, Jun  3 2025, 21:04:06) [GCC 8.5.0 20210514 (Red Hat 8.5.0-26)]', 'python_executable': '/usr/bin/python', 'cpu_count': 256, 'total_memory': 540285186048, 'available_memory': 515654160384, 'gpu_info': {'cuda_available': True, 'cuda_version': '12.6', 'gpu_count': 1, 'gpu_names': ['NVIDIA A100-SXM4-40GB MIG 1g.5gb']}, 'package_versions': {'numpy': '1.26.4', 'scipy': '1.13.1', 'scikit-learn': 'not installed', 'librosa': '0.11.0', 'soundfile': '0.13.1', 'torch': '2.7.1+cu126', 'tensorflow': 'not installed', 'matplotlib': '3.10.3', 'pandas': '2.3.0'}, 'git_info': {'commit_hash': 'daa24a287a80c85ef3adb8a50c43cdc3cd2f14ce', 'branch': 'origin', 'is_dirty': True}}
2025-12-25 12:06:59,929 - chaotic_trainer - INFO - Training 1 systems × 1 types × 1 runs...
2025-12-25 12:06:59,929 - chaotic_trainer - INFO - Systems: ['lorenz']
2025-12-25 12:06:59,929 - chaotic_trainer - INFO - Model types: ['full_chaotic']
2025-12-25 12:06:59,929 - chaotic_trainer - INFO - 
============================================================
2025-12-25 12:06:59,929 - chaotic_trainer - INFO - TRAINING: LORENZ + FULL_CHAOTIC
2025-12-25 12:06:59,929 - chaotic_trainer - INFO - ============================================================
2025-12-25 12:06:59,929 - chaotic_trainer - INFO - Training chaotic_lorenz_full_chaotic_run_0...
2025-12-25 12:06:59,929 - chaotic_trainer - INFO - Optimizing parameters for lorenz system...
2025-12-25 12:06:59,972 - chaotic_trainer - INFO - Setting up chaotic_lorenz_full_chaotic_run_0...
2025-12-25 12:07:51,306 - chaotic_trainer - INFO - 🚀 No checkpoint specified, starting from scratch
2025-12-25 12:07:51,307 - chaotic_trainer - INFO - Model parameters: 520,647 (trainable: 520,647)
2025-12-25 12:07:51,307 - chaotic_trainer - INFO - Training with chaotic dynamics monitoring...
2025-12-25 12:07:51,307 - chaotic_trainer - INFO - Starting training from epoch 0 for 100 more epochs...
2025-12-25 14:57:21,059 - chaotic_trainer - INFO - ============================================================
2025-12-25 14:57:21,074 - chaotic_trainer - INFO - CHAOTIC NEURAL NETWORKS TRAINING
2025-12-25 14:57:21,074 - chaotic_trainer - INFO - ============================================================
2025-12-25 14:57:21,074 - chaotic_trainer - INFO - Output directory: /scratch/project_2003370/yueyao/Model/experiments/configs/4.2_chapter_experiments
2025-12-25 14:57:21,075 - chaotic_trainer - INFO - Configuration: {
  "_nested": {
    "experiment": {
      "name": "chaotic_speaker_recognition",
      "description": "Chaotic Hierarchical Attractor Propagation for robust speaker recognition",
      "version": "2.0",
      "author": "C-HiLAP Project"
    },
    "data": {
      "data_dir": "/scratch/project_2003370/yueyao/dataset/mini_librispeech/LibriSpeech/dev-clean-2",
      "train_split": 0.7,
      "val_split": 0.15,
      "test_split": 0.15,
      "num_workers": 4,
      "pin_memory": true,
      "prefetch_factor": 2,
      "cache_features": false,
      "cache_dir": "./cache"
    },
    "audio": {
      "sample_rate": 16000,
      "max_audio_length": 3.0,
      "min_audio_length": 0.5,
      "frame_length": 400,
      "hop_length": 160,
      "normalize": true,
      "remove_silence": false,
      "augmentation": {
        "enabled": false,
        "noise_injection": 0.005,
        "time_stretch_range": [
          0.9,
          1.1
        ],
        "pitch_shift_range": [
          -2,
          2
        ]
      }
    },
    "model": {
      "type": "full_chaotic",
      "num_speakers": 251,
      "phase_space": {
        "embedding_dim": 10,
        "delay_method": "autocorr",
        "dimension_method": "false_neighbors",
        "fixed_delay": null
      },
      "chaotic_features": {
        "mlsa": {
          "scales": 5,
          "max_lyapunov_steps": 1000
        },
        "rqa": {
          "radius_ratio": 0.1,
          "min_line_length": 2
        }
      },
      "chaotic_embedding": {
        "system_type": "lorenz",
        "evolution_time": 0.5,
        "time_step": 0.01,
        "coupling_strength": 1.0,
        "noise_level": 0.001,
        "lorenz": {
          "sigma": 10.0,
          "rho": 28.0,
          "beta": 2.6667
        },
        "rossler": {
          "a": 0.2,
          "b": 0.2,
          "c": 5.7
        }
      },
      "attractor_pooling": {
        "type": "comprehensive",
        "correlation_dimension": {
          "num_radii": 50
        }
      },
      "speaker_embedding": {
        "dim": 256,
        "hidden_dims": [
          512,
          256,
          128
        ],
        "dropout_rate": 0.3,
        "use_batch_norm": true
      },
      "classifier": {
        "type": "plda",
        "temperature": 30.0,
        "margin": 0.35,
        "plda": {
          "latent_dim": 128,
          "use_length_norm": true
        }
      }
    },
    "optional_modules": {
      "bifurcation_control": {
        "enabled": false,
        "num_regimes": 4,
        "hidden_dim": 32,
        "control_strength": 0.5,
        "learnable_boundaries": true
      },
      "differentiable_features": {
        "enabled": true,
        "lyapunov_dim": 8,
        "rqa_dim": 6,
        "additional_stats": true
      }
    },
    "loss": {
      "classification": {
        "type": "cross_entropy",
        "label_smoothing": 0.0
      },
      "stability": {
        "enabled": true,
        "weight": 0.1,
        "target_lyapunov_range": [
          0.1,
          2.0
        ],
        "trajectory_bound": 50.0,
        "collapse_threshold": 0.1,
        "diversity_weight": 0.05
      },
      "synchronization": {
        "enabled": false,
        "sync_weight": 0.1,
        "desync_weight": 0.1,
        "margin": 1.0,
        "sample_ratio": 0.3,
        "distance_type": "euclidean"
      },
      "adversarial": {
        "enabled": true,
        "warmup_epochs": 5,
        "perturbation_scale": 0.1,
        "parameter_noise": true,
        "trajectory_noise": true,
        "weight": 0.3
      }
    },
    "training": {
      "batch_size": 32,
      "num_epochs": 100,
      "gradient_clipping": 1.0,
      "gradient_accumulation_steps": 1,
      "mixed_precision": false,
      "optimizer": {
        "type": "adamw",
        "learning_rate": 0.0005,
        "weight_decay": 0.0001,
        "betas": [
          0.9,
          0.999
        ],
        "eps": 1e-08,
        "momentum": 0.9,
        "nesterov": true
      },
      "scheduler": {
        "type": "cosine",
        "T_max": 100,
        "eta_min": 1e-06,
        "step_size": 30,
        "gamma": 0.1,
        "patience": 10,
        "factor": 0.5,
        "min_lr": 1e-07,
        "warmup_epochs": 5,
        "warmup_start_lr": 1e-06
      },
      "early_stopping": {
        "enabled": true,
        "patience": 30,
        "min_delta": 0.001,
        "monitor": "val_accuracy",
        "mode": "max"
      },
      "checkpoint": {
        "save_best_only": true,
        "save_frequency": 10,
        "max_to_keep": 3
      }
    },
    "evaluation": {
      "metrics": [
        "accuracy",
        "top5_accuracy",
        "eer",
        "dcf"
      ],
      "eval_frequency": 1,
      "visualization": {
        "enabled": true,
        "plot_confusion_matrix": true,
        "plot_embeddings": true,
        "plot_attractors": true
      }
    },
    "logging": {
      "level": "INFO",
      "tensorboard": {
        "enabled": true,
        "log_dir": "./runs"
      },
      "wandb": {
        "enabled": false,
        "project": "chaotic-speaker-recognition",
        "entity": null
      },
      "log_frequency": 50
    },
    "output": {
      "base_dir": "./experiments/outputs",
      "save_predictions": true,
      "save_embeddings": true,
      "save_analysis": true
    },
    "hardware": {
      "device": "auto",
      "seed": 42,
      "deterministic": false,
      "benchmark": true
    },
    "presets": {
      "fast_debug": {
        "training": {
          "batch_size": 8,
          "num_epochs": 5
        },
        "model": {
          "speaker_embedding": {
            "hidden_dims": [
              128,
              64
            ]
          }
        },
        "loss": {
          "adversarial": {
            "enabled": false
          },
          "synchronization": {
            "enabled": false
          }
        }
      },
      "baseline": {
        "model": {
          "classifier": {
            "type": "linear"
          }
        },
        "loss": {
          "stability": {
            "enabled": true
          },
          "synchronization": {
            "enabled": false
          },
          "adversarial": {
            "enabled": false
          }
        }
      },
      "high_performance": {
        "model": {
          "speaker_embedding": {
            "dim": 512,
            "hidden_dims": [
              1024,
              512,
              256
            ]
          },
          "classifier": {
            "type": "cosine"
          }
        },
        "training": {
          "num_epochs": 200,
          "batch_size": 64
        },
        "loss": {
          "stability": {
            "enabled": true
          },
          "synchronization": {
            "enabled": false
          },
          "adversarial": {
            "enabled": true,
            "warmup_epochs": 10
          }
        }
      },
      "robust": {
        "model": {
          "chaotic_embedding": {
            "noise_level": 0.01
          }
        },
        "loss": {
          "adversarial": {
            "enabled": true,
            "perturbation_scale": 0.15,
            "warmup_epochs": 3
          }
        },
        "audio": {
          "augmentation": {
            "enabled": true,
            "noise_injection": 0.01
          }
        }
      }
    }
  },
  "num_speakers": 251,
  "model_type": "full_chaotic",
  "embedding_dim": 10,
  "delay_method": "autocorr",
  "mlsa_scales": 5,
  "rqa_radius_ratio": 0.1,
  "chaotic_system": "lorenz",
  "evolution_time": 0.5,
  "time_step": 0.01,
  "coupling_strength": 1.0,
  "noise_level": 0.001,
  "pooling_type": "comprehensive",
  "speaker_embedding_dim": 256,
  "embedding_hidden_dims": [
    512,
    256,
    128
  ],
  "classifier_type": "plda",
  "temperature": 30.0,
  "margin": 0.35,
  "batch_size": 32,
  "num_epochs": 100,
  "learning_rate": 0.0005,
  "weight_decay": 0.0001,
  "gradient_clipping": 1.0,
  "optimizer": {
    "type": "adamw",
    "params": {
      "betas": [
        0.9,
        0.999
      ],
      "eps": 1e-08,
      "weight_decay": 0.0001
    }
  },
  "scheduler": {
    "type": "cosine",
    "params": {
      "T_max": 100,
      "eta_min": 1e-06
    }
  },
  "early_stopping": {
    "patience": 30
  },
  "sample_rate": 16000,
  "max_audio_length": 3.0,
  "frame_length": 400,
  "hop_length": 160,
  "data_dir": "/scratch/project_2003370/yueyao/dataset/mini_librispeech/LibriSpeech/dev-clean-2",
  "device": "auto",
  "seed": 42,
  "loss_config": {
    "classification": {
      "type": "cross_entropy",
      "label_smoothing": 0.0
    },
    "stability": {
      "enabled": true,
      "weight": 0.1,
      "target_lyapunov_range": [
        0.1,
        2.0
      ],
      "trajectory_bound": 50.0,
      "collapse_threshold": 0.1,
      "diversity_weight": 0.05
    },
    "synchronization": {
      "enabled": false,
      "sync_weight": 0.1,
      "desync_weight": 0.1,
      "margin": 1.0,
      "sample_ratio": 0.3,
      "distance_type": "euclidean"
    },
    "adversarial": {
      "enabled": true,
      "warmup_epochs": 5,
      "perturbation_scale": 0.1,
      "parameter_noise": true,
      "trajectory_noise": true,
      "weight": 0.3
    }
  },
  "optional_modules": {
    "bifurcation_control": {
      "enabled": false,
      "num_regimes": 4,
      "hidden_dim": 32,
      "control_strength": 0.5,
      "learnable_boundaries": true
    },
    "differentiable_features": {
      "enabled": true,
      "lyapunov_dim": 8,
      "rqa_dim": 6,
      "additional_stats": true
    }
  },
  "epochs": 100,
  "optimize_parameters": true
}
2025-12-25 14:57:21,121 - chaotic_trainer - INFO - System info: {'platform': 'Linux-4.18.0-553.74.1.el8_10.x86_64-x86_64-with-glibc2.28', 'system': 'Linux', 'node': 'g1102.mahti.csc.fi', 'release': '4.18.0-553.74.1.el8_10.x86_64', 'version': '#1 SMP Sun Sep 7 09:23:35 EDT 2025', 'machine': 'x86_64', 'processor': 'x86_64', 'python_version': '3.12.10 (main, Jun  3 2025, 21:04:06) [GCC 8.5.0 20210514 (Red Hat 8.5.0-26)]', 'python_executable': '/usr/bin/python', 'cpu_count': 256, 'total_memory': 540285186048, 'available_memory': 517370466304, 'gpu_info': {'cuda_available': True, 'cuda_version': '12.6', 'gpu_count': 1, 'gpu_names': ['NVIDIA A100-SXM4-40GB MIG 1g.5gb']}, 'package_versions': {'numpy': '1.26.4', 'scipy': '1.13.1', 'scikit-learn': 'not installed', 'librosa': '0.11.0', 'soundfile': '0.13.1', 'torch': '2.7.1+cu126', 'tensorflow': 'not installed', 'matplotlib': '3.10.3', 'pandas': '2.3.0'}, 'git_info': {'commit_hash': 'daa24a287a80c85ef3adb8a50c43cdc3cd2f14ce', 'branch': 'origin', 'is_dirty': True}}
2025-12-25 14:57:21,122 - chaotic_trainer - INFO - Training 1 systems × 1 types × 1 runs...
2025-12-25 14:57:21,122 - chaotic_trainer - INFO - Systems: ['lorenz']
2025-12-25 14:57:21,122 - chaotic_trainer - INFO - Model types: ['full_chaotic']
2025-12-25 14:57:21,122 - chaotic_trainer - INFO - 
============================================================
2025-12-25 14:57:21,122 - chaotic_trainer - INFO - TRAINING: LORENZ + FULL_CHAOTIC
2025-12-25 14:57:21,122 - chaotic_trainer - INFO - ============================================================
2025-12-25 14:57:21,122 - chaotic_trainer - INFO - Training chaotic_lorenz_full_chaotic_run_0...
2025-12-25 14:57:21,122 - chaotic_trainer - INFO - Optimizing parameters for lorenz system...
2025-12-25 14:57:21,159 - chaotic_trainer - INFO - Setting up chaotic_lorenz_full_chaotic_run_0...
2025-12-25 14:58:11,704 - chaotic_trainer - INFO - 🚀 No checkpoint specified, starting from scratch
2025-12-25 14:58:11,704 - chaotic_trainer - INFO - Model parameters: 520,647 (trainable: 520,647)
2025-12-25 14:58:11,704 - chaotic_trainer - INFO - Training with chaotic dynamics monitoring...
2025-12-25 14:58:11,705 - chaotic_trainer - INFO - Starting training from epoch 0 for 100 more epochs...
2025-12-26 14:50:14,991 - chaotic_trainer - INFO - ============================================================
2025-12-26 14:50:15,009 - chaotic_trainer - INFO - CHAOTIC NEURAL NETWORKS TRAINING
2025-12-26 14:50:15,009 - chaotic_trainer - INFO - ============================================================
2025-12-26 14:50:15,009 - chaotic_trainer - INFO - Output directory: /scratch/project_2003370/yueyao/Model/experiments/configs/4.2_chapter_experiments
2025-12-26 14:50:15,009 - chaotic_trainer - INFO - Configuration: {
  "_nested": {
    "experiment": {
      "name": "chaotic_speaker_recognition",
      "description": "Chaotic Hierarchical Attractor Propagation for robust speaker recognition",
      "version": "2.0",
      "author": "C-HiLAP Project"
    },
    "data": {
      "data_dir": "/scratch/project_2003370/yueyao/dataset/mini_librispeech/LibriSpeech/dev-clean-2",
      "train_split": 0.7,
      "val_split": 0.15,
      "test_split": 0.15,
      "num_workers": 4,
      "pin_memory": true,
      "prefetch_factor": 2,
      "cache_features": false,
      "cache_dir": "./cache"
    },
    "audio": {
      "sample_rate": 16000,
      "max_audio_length": 3.0,
      "min_audio_length": 0.5,
      "frame_length": 400,
      "hop_length": 160,
      "normalize": true,
      "remove_silence": false,
      "augmentation": {
        "enabled": false,
        "noise_injection": 0.005,
        "time_stretch_range": [
          0.9,
          1.1
        ],
        "pitch_shift_range": [
          -2,
          2
        ]
      }
    },
    "model": {
      "type": "full_chaotic",
      "num_speakers": 251,
      "phase_space": {
        "embedding_dim": 10,
        "delay_method": "none",
        "dimension_method": "cao",
        "fixed_delay": 10
      },
      "chaotic_features": {
        "mlsa": {
          "scales": 5,
          "max_lyapunov_steps": 1000
        },
        "rqa": {
          "radius_ratio": 0.1,
          "min_line_length": 2
        }
      },
      "chaotic_embedding": {
        "system_type": "lorenz",
        "evolution_time": 0.5,
        "time_step": 0.01,
        "coupling_strength": 1.0,
        "noise_level": 0.001,
        "lorenz": {
          "sigma": 10.0,
          "rho": 28.0,
          "beta": 2.6667
        },
        "rossler": {
          "a": 0.2,
          "b": 0.2,
          "c": 5.7
        }
      },
      "attractor_pooling": {
        "type": "topological",
        "correlation_dimension": {
          "num_radii": 50
        }
      },
      "speaker_embedding": {
        "dim": 256,
        "hidden_dims": [
          512,
          256,
          128
        ],
        "dropout_rate": 0.3,
        "use_batch_norm": true
      },
      "classifier": {
        "type": "plda",
        "temperature": 30.0,
        "margin": 0.35,
        "plda": {
          "latent_dim": 128,
          "use_length_norm": true
        }
      }
    },
    "optional_modules": {
      "bifurcation_control": {
        "enabled": false,
        "num_regimes": 4,
        "hidden_dim": 32,
        "control_strength": 0.5,
        "learnable_boundaries": true
      },
      "differentiable_features": {
        "enabled": true,
        "lyapunov_dim": 8,
        "rqa_dim": 6,
        "additional_stats": true
      }
    },
    "loss": {
      "classification": {
        "type": "cross_entropy",
        "label_smoothing": 0.0
      },
      "stability": {
        "enabled": true,
        "weight": 0.1,
        "target_lyapunov_range": [
          0.1,
          2.0
        ],
        "trajectory_bound": 50.0,
        "collapse_threshold": 0.1,
        "diversity_weight": 0.05
      },
      "synchronization": {
        "enabled": false,
        "sync_weight": 0.1,
        "desync_weight": 0.1,
        "margin": 1.0,
        "sample_ratio": 0.3,
        "distance_type": "euclidean"
      },
      "adversarial": {
        "enabled": true,
        "warmup_epochs": 5,
        "perturbation_scale": 0.1,
        "parameter_noise": true,
        "trajectory_noise": true,
        "weight": 0.3
      }
    },
    "training": {
      "batch_size": 32,
      "num_epochs": 100,
      "gradient_clipping": 1.0,
      "gradient_accumulation_steps": 1,
      "mixed_precision": false,
      "optimizer": {
        "type": "adamw",
        "learning_rate": 0.0005,
        "weight_decay": 0.0001,
        "betas": [
          0.9,
          0.999
        ],
        "eps": 1e-08,
        "momentum": 0.9,
        "nesterov": true
      },
      "scheduler": {
        "type": "cosine",
        "T_max": 100,
        "eta_min": 1e-06,
        "step_size": 30,
        "gamma": 0.1,
        "patience": 10,
        "factor": 0.5,
        "min_lr": 1e-07,
        "warmup_epochs": 5,
        "warmup_start_lr": 1e-06
      },
      "early_stopping": {
        "enabled": true,
        "patience": 30,
        "min_delta": 0.001,
        "monitor": "val_accuracy",
        "mode": "max"
      },
      "checkpoint": {
        "save_best_only": true,
        "save_frequency": 10,
        "max_to_keep": 3
      }
    },
    "evaluation": {
      "metrics": [
        "accuracy",
        "top5_accuracy",
        "eer",
        "dcf"
      ],
      "eval_frequency": 1,
      "visualization": {
        "enabled": true,
        "plot_confusion_matrix": true,
        "plot_embeddings": true,
        "plot_attractors": true
      }
    },
    "logging": {
      "level": "INFO",
      "tensorboard": {
        "enabled": true,
        "log_dir": "./runs"
      },
      "wandb": {
        "enabled": false,
        "project": "chaotic-speaker-recognition",
        "entity": null
      },
      "log_frequency": 50
    },
    "output": {
      "base_dir": "./experiments/outputs",
      "save_predictions": true,
      "save_embeddings": true,
      "save_analysis": true
    },
    "hardware": {
      "device": "auto",
      "seed": 42,
      "deterministic": false,
      "benchmark": true
    },
    "presets": {
      "fast_debug": {
        "training": {
          "batch_size": 8,
          "num_epochs": 5
        },
        "model": {
          "speaker_embedding": {
            "hidden_dims": [
              128,
              64
            ]
          }
        },
        "loss": {
          "adversarial": {
            "enabled": false
          },
          "synchronization": {
            "enabled": false
          }
        }
      },
      "baseline": {
        "model": {
          "classifier": {
            "type": "linear"
          }
        },
        "loss": {
          "stability": {
            "enabled": true
          },
          "synchronization": {
            "enabled": false
          },
          "adversarial": {
            "enabled": false
          }
        }
      },
      "high_performance": {
        "model": {
          "speaker_embedding": {
            "dim": 512,
            "hidden_dims": [
              1024,
              512,
              256
            ]
          },
          "classifier": {
            "type": "cosine"
          }
        },
        "training": {
          "num_epochs": 200,
          "batch_size": 64
        },
        "loss": {
          "stability": {
            "enabled": true
          },
          "synchronization": {
            "enabled": false
          },
          "adversarial": {
            "enabled": true,
            "warmup_epochs": 10
          }
        }
      },
      "robust": {
        "model": {
          "chaotic_embedding": {
            "noise_level": 0.01
          }
        },
        "loss": {
          "adversarial": {
            "enabled": true,
            "perturbation_scale": 0.15,
            "warmup_epochs": 3
          }
        },
        "audio": {
          "augmentation": {
            "enabled": true,
            "noise_injection": 0.01
          }
        }
      }
    }
  },
  "num_speakers": 251,
  "model_type": "full_chaotic",
  "embedding_dim": 10,
  "delay_method": "none",
  "mlsa_scales": 5,
  "rqa_radius_ratio": 0.1,
  "chaotic_system": "lorenz",
  "evolution_time": 0.5,
  "time_step": 0.01,
  "coupling_strength": 1.0,
  "noise_level": 0.001,
  "pooling_type": "topological",
  "speaker_embedding_dim": 256,
  "embedding_hidden_dims": [
    512,
    256,
    128
  ],
  "classifier_type": "plda",
  "temperature": 30.0,
  "margin": 0.35,
  "batch_size": 32,
  "num_epochs": 100,
  "learning_rate": 0.0005,
  "weight_decay": 0.0001,
  "gradient_clipping": 1.0,
  "optimizer": {
    "type": "adamw",
    "params": {
      "betas": [
        0.9,
        0.999
      ],
      "eps": 1e-08,
      "weight_decay": 0.0001
    }
  },
  "scheduler": {
    "type": "cosine",
    "params": {
      "T_max": 100,
      "eta_min": 1e-06
    }
  },
  "early_stopping": {
    "patience": 30
  },
  "sample_rate": 16000,
  "max_audio_length": 3.0,
  "frame_length": 400,
  "hop_length": 160,
  "data_dir": "/scratch/project_2003370/yueyao/dataset/mini_librispeech/LibriSpeech/dev-clean-2",
  "device": "auto",
  "seed": 42,
  "loss_config": {
    "classification": {
      "type": "cross_entropy",
      "label_smoothing": 0.0
    },
    "stability": {
      "enabled": true,
      "weight": 0.1,
      "target_lyapunov_range": [
        0.1,
        2.0
      ],
      "trajectory_bound": 50.0,
      "collapse_threshold": 0.1,
      "diversity_weight": 0.05
    },
    "synchronization": {
      "enabled": false,
      "sync_weight": 0.1,
      "desync_weight": 0.1,
      "margin": 1.0,
      "sample_ratio": 0.3,
      "distance_type": "euclidean"
    },
    "adversarial": {
      "enabled": true,
      "warmup_epochs": 5,
      "perturbation_scale": 0.1,
      "parameter_noise": true,
      "trajectory_noise": true,
      "weight": 0.3
    }
  },
  "optional_modules": {
    "bifurcation_control": {
      "enabled": false,
      "num_regimes": 4,
      "hidden_dim": 32,
      "control_strength": 0.5,
      "learnable_boundaries": true
    },
    "differentiable_features": {
      "enabled": true,
      "lyapunov_dim": 8,
      "rqa_dim": 6,
      "additional_stats": true
    }
  },
  "epochs": 100,
  "optimize_parameters": true
}
2025-12-26 14:50:15,055 - chaotic_trainer - INFO - System info: {'platform': 'Linux-4.18.0-553.74.1.el8_10.x86_64-x86_64-with-glibc2.28', 'system': 'Linux', 'node': 'g1102.mahti.csc.fi', 'release': '4.18.0-553.74.1.el8_10.x86_64', 'version': '#1 SMP Sun Sep 7 09:23:35 EDT 2025', 'machine': 'x86_64', 'processor': 'x86_64', 'python_version': '3.12.10 (main, Jun  3 2025, 21:04:06) [GCC 8.5.0 20210514 (Red Hat 8.5.0-26)]', 'python_executable': '/usr/bin/python', 'cpu_count': 256, 'total_memory': 540285186048, 'available_memory': 518057435136, 'gpu_info': {'cuda_available': True, 'cuda_version': '12.6', 'gpu_count': 1, 'gpu_names': ['NVIDIA A100-SXM4-40GB MIG 1g.5gb']}, 'package_versions': {'numpy': '1.26.4', 'scipy': '1.13.1', 'scikit-learn': 'not installed', 'librosa': '0.11.0', 'soundfile': '0.13.1', 'torch': '2.7.1+cu126', 'tensorflow': 'not installed', 'matplotlib': '3.10.3', 'pandas': '2.3.0'}, 'git_info': {'commit_hash': 'daa24a287a80c85ef3adb8a50c43cdc3cd2f14ce', 'branch': 'origin', 'is_dirty': True}}
2025-12-26 14:50:15,055 - chaotic_trainer - INFO - Training 1 systems × 1 types × 1 runs...
2025-12-26 14:50:15,055 - chaotic_trainer - INFO - Systems: ['lorenz']
2025-12-26 14:50:15,055 - chaotic_trainer - INFO - Model types: ['full_chaotic']
2025-12-26 14:50:15,056 - chaotic_trainer - INFO - 
============================================================
2025-12-26 14:50:15,056 - chaotic_trainer - INFO - TRAINING: LORENZ + FULL_CHAOTIC
2025-12-26 14:50:15,056 - chaotic_trainer - INFO - ============================================================
2025-12-26 14:50:15,056 - chaotic_trainer - INFO - Training chaotic_lorenz_full_chaotic_run_0...
2025-12-26 14:50:15,056 - chaotic_trainer - INFO - Optimizing parameters for lorenz system...
2025-12-26 14:50:15,088 - chaotic_trainer - INFO - Setting up chaotic_lorenz_full_chaotic_run_0...
2025-12-26 14:51:04,270 - chaotic_trainer - INFO - 🚀 No checkpoint specified, starting from scratch
2025-12-26 14:51:04,270 - chaotic_trainer - INFO - Model parameters: 462,279 (trainable: 462,279)
2025-12-26 14:51:04,270 - chaotic_trainer - INFO - Training with chaotic dynamics monitoring...
2025-12-26 14:51:04,270 - chaotic_trainer - INFO - Starting training from epoch 0 for 100 more epochs...
2025-12-26 14:57:29,944 - chaotic_trainer - INFO - Evaluating chaotic_lorenz_full_chaotic_run_0...
2025-12-26 14:57:30,673 - chaotic_trainer - INFO - Running chaotic analysis...
2025-12-26 14:57:33,567 - chaotic_trainer - INFO - Completed chaotic_lorenz_full_chaotic_run_0: Accuracy: 0.7458, Loss: 1.0229, Time: 434.9s
2025-12-26 14:57:33,661 - chaotic_trainer - INFO - Progress: 1/1 (100.0%)
2025-12-26 14:57:33,661 - chaotic_trainer - INFO - lorenz + full_chaotic Summary: 0.7458 ± 0.0000
2025-12-26 14:57:33,661 - chaotic_trainer - INFO - Analyzing chaotic training results...
2025-12-26 14:57:33,663 - chaotic_trainer - INFO - Generating comprehensive chaotic training report...
2025-12-26 14:57:35,273 - chaotic_trainer - INFO - Visualizations saved to: /scratch/project_2003370/yueyao/Model/experiments/configs/4.2_chapter_experiments/visualizations
2025-12-26 14:57:35,273 - chaotic_trainer - INFO - Reports generated:
2025-12-26 14:57:35,273 - chaotic_trainer - INFO -   Text report: /scratch/project_2003370/yueyao/Model/experiments/configs/4.2_chapter_experiments/chaotic_training_report.txt
2025-12-26 14:57:35,273 - chaotic_trainer - INFO -   JSON report: /scratch/project_2003370/yueyao/Model/experiments/configs/4.2_chapter_experiments/chaotic_training_results.json
2025-12-26 14:57:35,273 - chaotic_trainer - INFO - Chaotic training completed.
2025-12-26 14:57:35,274 - chaotic_trainer - INFO - ============================================================
