{
  "train_loss": [
    5.063720950484276,
    4.985575637221336,
    4.979356488585472,
    4.957088854908943,
    4.949384680390358,
    4.9322912216186525,
    4.9215192884206775,
    4.9128486722707745,
    4.901012310385704,
    4.889349168539047,
    4.876068824529648,
    4.87294340133667,
    4.865900284051895,
    4.865797486901283
  ],
  "val_loss": [
    5.002920985221863,
    5.002341520786286,
    5.00376946926117,
    4.9661888718605045,
    4.9748974442481995,
    4.958394634723663,
    4.960984826087952,
    4.935114121437072,
    4.9466641545295715,
    4.928870093822479,
    4.925503897666931,
    4.92841603755951,
    4.9230833649635315,
    4.921091866493225
  ],
  "train_acc": [
    0.9623882942158499,
    0.8936462732004321,
    0.6775999214376903,
    1.0605911813807325,
    0.7758028086025729,
    0.8052636747520378,
    0.8641854070509672,
    0.8740056957674556,
    0.8740056957674556,
    0.9918491603653148,
    1.0802317588137091,
    0.8641854070509672,
    0.9820288716488265,
    0.7168810763036433
  ],
  "val_acc": [
    0.7855459544383346,
    0.7069913589945012,
    0.6284367635506677,
    0.9426551453260016,
    0.589159465828751,
    0.9426551453260016,
    0.6677140612725845,
    0.6284367635506677,
    0.7069913589945012,
    0.9426551453260016,
    0.6677140612725845,
    0.589159465828751,
    0.6284367635506677,
    0.7069913589945012
  ],
  "chaotic_params": [
    [
      {
        "r": 3.8944292068481445,
        "lyapunov": 