2026-01-09 12:59:56,352 - experiment_chaotic_lorenz_full_chaotic_run_0 - INFO - Initialized experiment: chaotic_lorenz_full_chaotic_run_0
2026-01-09 12:59:56,353 - experiment_chaotic_lorenz_full_chaotic_run_0 - INFO - Device: cuda
2026-01-09 12:59:56,353 - experiment_chaotic_lorenz_full_chaotic_run_0 - INFO - Output directory: /scratch/project_2003370/yueyao/Model/experiments/configs/sync_experiments/B/experiments/chaotic_lorenz_full_chaotic_run_0
2026-01-09 12:59:56,353 - experiment_chaotic_lorenz_full_chaotic_run_0 - INFO - Initialized chaotic network experiment with lorenz system
2026-01-09 12:59:56,353 - experiment_chaotic_lorenz_full_chaotic_run_0 - INFO - Setting up experiment components...
2026-01-09 12:59:56,353 - experiment_chaotic_lorenz_full_chaotic_run_0 - INFO - Creating dataloaders...
2026-01-09 12:59:56,730 - experiment_chaotic_lorenz_full_chaotic_run_0 - INFO - Detected 26 speakers in dataset
2026-01-09 12:59:56,730 - experiment_chaotic_lorenz_full_chaotic_run_0 - INFO - Dataloaders created:
2026-01-09 12:59:56,730 - experiment_chaotic_lorenz_full_chaotic_run_0 - INFO -   Train: 14 batches
2026-01-09 12:59:56,730 - experiment_chaotic_lorenz_full_chaotic_run_0 - INFO -   Val: 3 batches
2026-01-09 12:59:56,730 - experiment_chaotic_lorenz_full_chaotic_run_0 - INFO -   Test: 4 batches
2026-01-09 12:59:56,730 - experiment_chaotic_lorenz_full_chaotic_run_0 - INFO - Creating model...
2026-01-09 12:59:56,730 - experiment_chaotic_lorenz_full_chaotic_run_0 - INFO - Using actual num_speakers from dataset: 26
2026-01-09 12:59:56,730 - experiment_chaotic_lorenz_full_chaotic_run_0 - INFO - [BIFURCATION] use_bifurcation_control=False
2026-01-09 13:00:18,673 - experiment_chaotic_lorenz_full_chaotic_run_0 - INFO - Initialized experiment: chaotic_lorenz_full_chaotic_run_0
2026-01-09 13:00:18,673 - experiment_chaotic_lorenz_full_chaotic_run_0 - INFO - Device: cuda
2026-01-09 13:00:18,673 - experiment_chaotic_lorenz_full_chaotic_run_0 - INFO - Output directory: /scratch/project_2003370/yueyao/Model/experiments/configs/sync_experiments/B/experiments/chaotic_lorenz_full_chaotic_run_0
2026-01-09 13:00:18,673 - experiment_chaotic_lorenz_full_chaotic_run_0 - INFO - Initialized chaotic network experiment with lorenz system
2026-01-09 13:00:18,673 - experiment_chaotic_lorenz_full_chaotic_run_0 - INFO - Setting up experiment components...
2026-01-09 13:00:18,673 - experiment_chaotic_lorenz_full_chaotic_run_0 - INFO - Creating dataloaders...
2026-01-09 13:00:19,051 - experiment_chaotic_lorenz_full_chaotic_run_0 - INFO - Detected 26 speakers in dataset
2026-01-09 13:00:19,052 - experiment_chaotic_lorenz_full_chaotic_run_0 - INFO - Dataloaders created:
2026-01-09 13:00:19,052 - experiment_chaotic_lorenz_full_chaotic_run_0 - INFO -   Train: 14 batches
2026-01-09 13:00:19,052 - experiment_chaotic_lorenz_full_chaotic_run_0 - INFO -   Val: 3 batches
2026-01-09 13:00:19,052 - experiment_chaotic_lorenz_full_chaotic_run_0 - INFO -   Test: 4 batches
2026-01-09 13:00:19,052 - experiment_chaotic_lorenz_full_chaotic_run_0 - INFO - Creating model...
2026-01-09 13:00:19,052 - experiment_chaotic_lorenz_full_chaotic_run_0 - INFO - Using actual num_speakers from dataset: 26
2026-01-09 13:00:19,052 - experiment_chaotic_lorenz_full_chaotic_run_0 - INFO - [BIFURCATION] use_bifurcation_control=False
2026-01-09 13:00:50,135 - experiment_chaotic_lorenz_full_chaotic_run_0 - INFO - [PLDA] Replaced classifier with PLDAClassifier (latent_dim=128)
2026-01-09 13:00:50,138 - experiment_chaotic_lorenz_full_chaotic_run_0 - INFO - Total parameters: 520,647
2026-01-09 13:00:50,138 - experiment_chaotic_lorenz_full_chaotic_run_0 - INFO - Trainable parameters: 520,647
2026-01-09 13:00:50,138 - experiment_chaotic_lorenz_full_chaotic_run_0 - INFO - Creating optimizer...
2026-01-09 13:00:51,258 - experiment_chaotic_lorenz_full_chaotic_run_0 - INFO - Optimizer: AdamW
2026-01-09 13:00:51,258 - experiment_chaotic_lorenz_full_chaotic_run_0 - INFO - Creating scheduler...
2026-01-09 13:00:51,258 - experiment_chaotic_lorenz_full_chaotic_run_0 - WARNING - Unknown scheduler type: linear, no scheduler will be used
2026-01-09 13:00:51,258 - experiment_chaotic_lorenz_full_chaotic_run_0 - INFO - Creating criterion...
2026-01-09 13:00:51,258 - experiment_chaotic_lorenz_full_chaotic_run_0 - INFO - Criterion: CrossEntropyLoss
2026-01-09 13:00:51,304 - experiment_chaotic_lorenz_full_chaotic_run_0 - INFO - Configuration saved to: /scratch/project_2003370/yueyao/Model/experiments/configs/sync_experiments/B/experiments/chaotic_lorenz_full_chaotic_run_0/config.json
2026-01-09 13:00:51,304 - experiment_chaotic_lorenz_full_chaotic_run_0 - INFO - Experiment setup completed
2026-01-09 13:00:51,305 - experiment_chaotic_lorenz_full_chaotic_run_0 - INFO - Starting training for 100 epochs
2026-01-09 13:00:51,424 - experiment_chaotic_lorenz_full_chaotic_run_0 - INFO - 
================================================================================
2026-01-09 13:00:51,425 - experiment_chaotic_lorenz_full_chaotic_run_0 - INFO - COMPREHENSIVE DEBUG - FIRST BATCH
2026-01-09 13:00:51,425 - experiment_chaotic_lorenz_full_chaotic_run_0 - INFO - ================================================================================
2026-01-09 13:00:51,425 - experiment_chaotic_lorenz_full_chaotic_run_0 - INFO - Batch Info:
2026-01-09 13:00:51,425 - experiment_chaotic_lorenz_full_chaotic_run_0 - INFO -   Audio shape: torch.Size([32, 48000])
2026-01-09 13:00:51,425 - experiment_chaotic_lorenz_full_chaotic_run_0 - INFO -   Targets shape: torch.Size([32])
2026-01-09 13:00:51,430 - experiment_chaotic_lorenz_full_chaotic_run_0 - INFO -   Targets (first 8): tensor([13, 10,  3,  8,  6, 17, 24,  4], device='cuda:0')
2026-01-09 13:00:52,010 - experiment_chaotic_lorenz_full_chaotic_run_0 - INFO - ================================================================================

2026-01-09 13:00:52,011 - experiment_chaotic_lorenz_full_chaotic_run_0 - INFO - [ADVERSARIAL] Initialized AdversarialChaoticAugmentation
2026-01-09 13:00:52,147 - experiment_chaotic_lorenz_full_chaotic_run_0 - INFO - [SYNC LOSS] Initialized PhaseSynchronizationLoss
2026-01-09 13:00:52,291 - experiment_chaotic_lorenz_full_chaotic_run_0 - INFO - [STABILITY] Initialized LyapunovStabilityLoss
2026-01-09 13:00:53,143 - experiment_chaotic_lorenz_full_chaotic_run_0 - INFO - Train Epoch 0: [0/472 (0.0%)]	Loss: 3.525881
2026-01-09 13:01:02,214 - experiment_chaotic_lorenz_full_chaotic_run_0 - INFO - [ADVERSARIAL] Warmup: epoch 1/5
2026-01-09 13:01:03,138 - experiment_chaotic_lorenz_full_chaotic_run_0 - INFO - Epoch 0: Train Loss: 3.1154, Train Acc: 0.1205, Val Loss: 3.6719, Val Acc: 0.0449
2026-01-09 13:01:03,228 - experiment_chaotic_lorenz_full_chaotic_run_0 - INFO - Saved new best model at epoch 0
2026-01-09 13:01:04,213 - experiment_chaotic_lorenz_full_chaotic_run_0 - INFO - Train Epoch 1: [0/472 (0.0%)]	Loss: 2.506772
2026-01-09 13:01:13,290 - experiment_chaotic_lorenz_full_chaotic_run_0 - INFO - [ADVERSARIAL] Warmup: epoch 2/5
2026-01-09 13:01:14,223 - experiment_chaotic_lorenz_full_chaotic_run_0 - INFO - Epoch 1: Train Loss: 2.3370, Train Acc: 0.2567, Val Loss: 4.3814, Val Acc: 0.0449
2026-01-09 13:01:15,096 - experiment_chaotic_lorenz_full_chaotic_run_0 - INFO - Train Epoch 2: [0/472 (0.0%)]	Loss: 1.943276
2026-01-09 13:01:24,144 - experiment_chaotic_lorenz_full_chaotic_run_0 - INFO - [ADVERSARIAL] Warmup: epoch 3/5
2026-01-09 13:01:25,063 - experiment_chaotic_lorenz_full_chaotic_run_0 - INFO - Epoch 2: Train Loss: 1.9438, Train Acc: 0.3795, Val Loss: 4.8814, Val Acc: 0.0449
2026-01-09 13:01:25,935 - experiment_chaotic_lorenz_full_chaotic_run_0 - INFO - Train Epoch 3: [0/472 (0.0%)]	Loss: 1.483540
2026-01-09 13:01:35,170 - experiment_chaotic_lorenz_full_chaotic_run_0 - INFO - [ADVERSARIAL] Warmup: epoch 4/5
2026-01-09 13:01:36,113 - experiment_chaotic_lorenz_full_chaotic_run_0 - INFO - Epoch 3: Train Loss: 1.5664, Train Acc: 0.5246, Val Loss: 5.1834, Val Acc: 0.0449
2026-01-09 13:01:36,977 - experiment_chaotic_lorenz_full_chaotic_run_0 - INFO - Train Epoch 4: [0/472 (0.0%)]	Loss: 1.810392
2026-01-09 13:15:07,542 - experiment_chaotic_lorenz_full_chaotic_run_0 - INFO - Initialized experiment: chaotic_lorenz_full_chaotic_run_0
2026-01-09 13:15:07,542 - experiment_chaotic_lorenz_full_chaotic_run_0 - INFO - Device: cuda
2026-01-09 13:15:07,542 - experiment_chaotic_lorenz_full_chaotic_run_0 - INFO - Output directory: /scratch/project_2003370/yueyao/Model/experiments/configs/sync_experiments/B/experiments/chaotic_lorenz_full_chaotic_run_0
2026-01-09 13:15:07,542 - experiment_chaotic_lorenz_full_chaotic_run_0 - INFO - Initialized chaotic network experiment with lorenz system
2026-01-09 13:15:07,542 - experiment_chaotic_lorenz_full_chaotic_run_0 - INFO - Setting up experiment components...
2026-01-09 13:15:07,542 - experiment_chaotic_lorenz_full_chaotic_run_0 - INFO - Creating dataloaders...
2026-01-09 13:15:07,923 - experiment_chaotic_lorenz_full_chaotic_run_0 - INFO - Detected 26 speakers in dataset
2026-01-09 13:15:07,924 - experiment_chaotic_lorenz_full_chaotic_run_0 - INFO - Dataloaders created:
2026-01-09 13:15:07,924 - experiment_chaotic_lorenz_full_chaotic_run_0 - INFO -   Train: 14 batches
2026-01-09 13:15:07,924 - experiment_chaotic_lorenz_full_chaotic_run_0 - INFO -   Val: 3 batches
2026-01-09 13:15:07,924 - experiment_chaotic_lorenz_full_chaotic_run_0 - INFO -   Test: 4 batches
2026-01-09 13:15:07,924 - experiment_chaotic_lorenz_full_chaotic_run_0 - INFO - Creating model...
2026-01-09 13:15:07,924 - experiment_chaotic_lorenz_full_chaotic_run_0 - INFO - Using actual num_speakers from dataset: 26
2026-01-09 13:15:07,924 - experiment_chaotic_lorenz_full_chaotic_run_0 - INFO - [BIFURCATION] use_bifurcation_control=False
2026-01-09 13:15:38,801 - experiment_chaotic_lorenz_full_chaotic_run_0 - INFO - Total parameters: 458,181
2026-01-09 13:15:38,801 - experiment_chaotic_lorenz_full_chaotic_run_0 - INFO - Trainable parameters: 458,181
2026-01-09 13:15:38,801 - experiment_chaotic_lorenz_full_chaotic_run_0 - INFO - Creating optimizer...
2026-01-09 13:15:39,914 - experiment_chaotic_lorenz_full_chaotic_run_0 - INFO - Optimizer: AdamW
2026-01-09 13:15:39,914 - experiment_chaotic_lorenz_full_chaotic_run_0 - INFO - Creating scheduler...
2026-01-09 13:15:39,914 - experiment_chaotic_lorenz_full_chaotic_run_0 - INFO - Scheduler: CosineAnnealingLR
2026-01-09 13:15:39,914 - experiment_chaotic_lorenz_full_chaotic_run_0 - INFO - Creating criterion...
2026-01-09 13:15:39,914 - experiment_chaotic_lorenz_full_chaotic_run_0 - INFO - Criterion: CrossEntropyLoss
2026-01-09 13:15:39,960 - experiment_chaotic_lorenz_full_chaotic_run_0 - INFO - Configuration saved to: /scratch/project_2003370/yueyao/Model/experiments/configs/sync_experiments/B/experiments/chaotic_lorenz_full_chaotic_run_0/config.json
2026-01-09 13:15:39,960 - experiment_chaotic_lorenz_full_chaotic_run_0 - INFO - Experiment setup completed
2026-01-09 13:15:39,960 - experiment_chaotic_lorenz_full_chaotic_run_0 - INFO - Starting training for 100 epochs
2026-01-09 13:15:40,098 - experiment_chaotic_lorenz_full_chaotic_run_0 - INFO - 
================================================================================
2026-01-09 13:15:40,098 - experiment_chaotic_lorenz_full_chaotic_run_0 - INFO - COMPREHENSIVE DEBUG - FIRST BATCH
2026-01-09 13:15:40,098 - experiment_chaotic_lorenz_full_chaotic_run_0 - INFO - ================================================================================
2026-01-09 13:15:40,098 - experiment_chaotic_lorenz_full_chaotic_run_0 - INFO - Batch Info:
2026-01-09 13:15:40,098 - experiment_chaotic_lorenz_full_chaotic_run_0 - INFO -   Audio shape: torch.Size([32, 48000])
2026-01-09 13:15:40,099 - experiment_chaotic_lorenz_full_chaotic_run_0 - INFO -   Targets shape: torch.Size([32])
2026-01-09 13:15:40,105 - experiment_chaotic_lorenz_full_chaotic_run_0 - INFO -   Targets (first 8): tensor([19, 24, 16, 12, 16, 10,  8,  2], device='cuda:0')
2026-01-09 13:15:40,695 - experiment_chaotic_lorenz_full_chaotic_run_0 - INFO - ================================================================================

2026-01-09 13:15:40,697 - experiment_chaotic_lorenz_full_chaotic_run_0 - INFO - [ADVERSARIAL] Initialized AdversarialChaoticAugmentation
2026-01-09 13:15:40,831 - experiment_chaotic_lorenz_full_chaotic_run_0 - INFO - [SYNC LOSS] Initialized PhaseSynchronizationLoss
2026-01-09 13:15:40,975 - experiment_chaotic_lorenz_full_chaotic_run_0 - INFO - [STABILITY] Initialized LyapunovStabilityLoss
2026-01-09 13:15:41,865 - experiment_chaotic_lorenz_full_chaotic_run_0 - INFO - Train Epoch 0: [0/472 (0.0%)]	Loss: 4.872292
2026-01-09 13:15:51,024 - experiment_chaotic_lorenz_full_chaotic_run_0 - INFO - [ADVERSARIAL] Warmup: epoch 1/5
2026-01-09 13:15:52,003 - experiment_chaotic_lorenz_full_chaotic_run_0 - INFO - Epoch 0: Train Loss: 4.4658, Train Acc: 0.0424, Val Loss: 4.2633, Val Acc: 0.0449
2026-01-09 13:15:52,083 - experiment_chaotic_lorenz_full_chaotic_run_0 - INFO - Saved new best model at epoch 0
2026-01-09 13:29:21,672 - experiment_chaotic_lorenz_full_chaotic_run_0 - INFO - Initialized experiment: chaotic_lorenz_full_chaotic_run_0
2026-01-09 13:29:21,672 - experiment_chaotic_lorenz_full_chaotic_run_0 - INFO - Device: cuda
2026-01-09 13:29:21,672 - experiment_chaotic_lorenz_full_chaotic_run_0 - INFO - Output directory: /scratch/project_2003370/yueyao/Model/experiments/configs/sync_experiments/B/experiments/chaotic_lorenz_full_chaotic_run_0
2026-01-09 13:29:21,672 - experiment_chaotic_lorenz_full_chaotic_run_0 - INFO - Initialized chaotic network experiment with lorenz system
2026-01-09 13:29:21,672 - experiment_chaotic_lorenz_full_chaotic_run_0 - INFO - Setting up experiment components...
2026-01-09 13:29:21,672 - experiment_chaotic_lorenz_full_chaotic_run_0 - INFO - Creating dataloaders...
2026-01-09 13:29:22,058 - experiment_chaotic_lorenz_full_chaotic_run_0 - INFO - Detected 26 speakers in dataset
2026-01-09 13:29:22,058 - experiment_chaotic_lorenz_full_chaotic_run_0 - INFO - Dataloaders created:
2026-01-09 13:29:22,058 - experiment_chaotic_lorenz_full_chaotic_run_0 - INFO -   Train: 14 batches
2026-01-09 13:29:22,058 - experiment_chaotic_lorenz_full_chaotic_run_0 - INFO -   Val: 3 batches
2026-01-09 13:29:22,058 - experiment_chaotic_lorenz_full_chaotic_run_0 - INFO -   Test: 4 batches
2026-01-09 13:29:22,058 - experiment_chaotic_lorenz_full_chaotic_run_0 - INFO - Creating model...
2026-01-09 13:29:22,058 - experiment_chaotic_lorenz_full_chaotic_run_0 - INFO - Using actual num_speakers from dataset: 26
2026-01-09 13:29:22,058 - experiment_chaotic_lorenz_full_chaotic_run_0 - INFO - [BIFURCATION] use_bifurcation_control=False
2026-01-09 13:29:52,861 - experiment_chaotic_lorenz_full_chaotic_run_0 - INFO - Total parameters: 458,181
2026-01-09 13:29:52,861 - experiment_chaotic_lorenz_full_chaotic_run_0 - INFO - Trainable parameters: 458,181
2026-01-09 13:29:52,861 - experiment_chaotic_lorenz_full_chaotic_run_0 - INFO - Creating optimizer...
2026-01-09 13:29:53,966 - experiment_chaotic_lorenz_full_chaotic_run_0 - INFO - Optimizer: AdamW
2026-01-09 13:29:53,966 - experiment_chaotic_lorenz_full_chaotic_run_0 - INFO - Creating scheduler...
2026-01-09 13:29:53,967 - experiment_chaotic_lorenz_full_chaotic_run_0 - INFO - Scheduler: CosineAnnealingLR
2026-01-09 13:29:53,967 - experiment_chaotic_lorenz_full_chaotic_run_0 - INFO - Creating criterion...
2026-01-09 13:29:53,967 - experiment_chaotic_lorenz_full_chaotic_run_0 - INFO - Criterion: CrossEntropyLoss
2026-01-09 13:29:54,012 - experiment_chaotic_lorenz_full_chaotic_run_0 - INFO - Configuration saved to: /scratch/project_2003370/yueyao/Model/experiments/configs/sync_experiments/B/experiments/chaotic_lorenz_full_chaotic_run_0/config.json
2026-01-09 13:29:54,013 - experiment_chaotic_lorenz_full_chaotic_run_0 - INFO - Experiment setup completed
2026-01-09 13:29:54,013 - experiment_chaotic_lorenz_full_chaotic_run_0 - INFO - Starting training for 100 epochs
2026-01-09 13:29:54,150 - experiment_chaotic_lorenz_full_chaotic_run_0 - INFO - 
================================================================================
2026-01-09 13:29:54,150 - experiment_chaotic_lorenz_full_chaotic_run_0 - INFO - COMPREHENSIVE DEBUG - FIRST BATCH
2026-01-09 13:29:54,150 - experiment_chaotic_lorenz_full_chaotic_run_0 - INFO - ================================================================================
2026-01-09 13:29:54,150 - experiment_chaotic_lorenz_full_chaotic_run_0 - INFO - Batch Info:
2026-01-09 13:29:54,150 - experiment_chaotic_lorenz_full_chaotic_run_0 - INFO -   Audio shape: torch.Size([32, 48000])
2026-01-09 13:29:54,150 - experiment_chaotic_lorenz_full_chaotic_run_0 - INFO -   Targets shape: torch.Size([32])
2026-01-09 13:29:54,154 - experiment_chaotic_lorenz_full_chaotic_run_0 - INFO -   Targets (first 8): tensor([19, 24, 16, 12, 16, 10,  8,  2], device='cuda:0')
2026-01-09 13:29:54,729 - experiment_chaotic_lorenz_full_chaotic_run_0 - INFO - ================================================================================

2026-01-09 13:29:54,730 - experiment_chaotic_lorenz_full_chaotic_run_0 - INFO - [ADVERSARIAL] Initialized AdversarialChaoticAugmentation
2026-01-09 13:29:54,868 - experiment_chaotic_lorenz_full_chaotic_run_0 - INFO - [SYNC LOSS] Initialized PhaseSynchronizationLoss
2026-01-09 13:29:55,013 - experiment_chaotic_lorenz_full_chaotic_run_0 - INFO - [STABILITY] Initialized LyapunovStabilityLoss
2026-01-09 13:29:55,875 - experiment_chaotic_lorenz_full_chaotic_run_0 - INFO - Train Epoch 0: [0/472 (0.0%)]	Loss: 4.872292
2026-01-09 13:30:05,079 - experiment_chaotic_lorenz_full_chaotic_run_0 - INFO - [ADVERSARIAL] Warmup: epoch 1/5
2026-01-09 13:30:06,063 - experiment_chaotic_lorenz_full_chaotic_run_0 - INFO - Epoch 0: Train Loss: 4.4658, Train Acc: 0.0424, Val Loss: 4.2633, Val Acc: 0.0449
2026-01-09 13:30:06,145 - experiment_chaotic_lorenz_full_chaotic_run_0 - INFO - Saved new best model at epoch 0
2026-01-09 13:30:07,162 - experiment_chaotic_lorenz_full_chaotic_run_0 - INFO - Train Epoch 1: [0/472 (0.0%)]	Loss: 4.671061
2026-01-09 13:30:16,254 - experiment_chaotic_lorenz_full_chaotic_run_0 - INFO - [ADVERSARIAL] Warmup: epoch 2/5
2026-01-09 13:30:17,249 - experiment_chaotic_lorenz_full_chaotic_run_0 - INFO - Epoch 1: Train Loss: 4.1486, Train Acc: 0.0513, Val Loss: 3.9100, Val Acc: 0.1011
2026-01-09 13:30:17,336 - experiment_chaotic_lorenz_full_chaotic_run_0 - INFO - Saved new best model at epoch 1
2026-01-09 13:30:18,259 - experiment_chaotic_lorenz_full_chaotic_run_0 - INFO - Train Epoch 2: [0/472 (0.0%)]	Loss: 3.622807
2026-01-09 13:30:27,286 - experiment_chaotic_lorenz_full_chaotic_run_0 - INFO - [ADVERSARIAL] Warmup: epoch 3/5
2026-01-09 13:30:28,263 - experiment_chaotic_lorenz_full_chaotic_run_0 - INFO - Epoch 2: Train Loss: 3.7365, Train Acc: 0.1094, Val Loss: 4.9368, Val Acc: 0.0449
2026-01-09 13:30:29,153 - experiment_chaotic_lorenz_full_chaotic_run_0 - INFO - Train Epoch 3: [0/472 (0.0%)]	Loss: 3.681845
2026-01-09 13:30:38,357 - experiment_chaotic_lorenz_full_chaotic_run_0 - INFO - [ADVERSARIAL] Warmup: epoch 4/5
2026-01-09 13:30:39,339 - experiment_chaotic_lorenz_full_chaotic_run_0 - INFO - Epoch 3: Train Loss: 3.4099, Train Acc: 0.1339, Val Loss: 5.2592, Val Acc: 0.0449
2026-01-09 13:30:40,237 - experiment_chaotic_lorenz_full_chaotic_run_0 - INFO - Train Epoch 4: [0/472 (0.0%)]	Loss: 3.271633
2026-01-09 13:30:49,225 - experiment_chaotic_lorenz_full_chaotic_run_0 - INFO - [ADVERSARIAL] Warmup: epoch 5/5
2026-01-09 13:30:50,213 - experiment_chaotic_lorenz_full_chaotic_run_0 - INFO - Epoch 4: Train Loss: 2.9002, Train Acc: 0.2478, Val Loss: 5.9101, Val Acc: 0.0449
2026-01-09 13:30:50,857 - experiment_chaotic_lorenz_full_chaotic_run_0 - INFO - Train Epoch 5: [0/472 (0.0%)]	Loss: 2.753514
2026-01-09 13:30:56,525 - experiment_chaotic_lorenz_full_chaotic_run_0 - INFO - [ADVERSARIAL] Warmup complete, adversarial training activated!
2026-01-09 13:30:57,504 - experiment_chaotic_lorenz_full_chaotic_run_0 - INFO - Epoch 5: Train Loss: 3.1242, Train Acc: 0.3482, Val Loss: 5.5278, Val Acc: 0.0449
2026-01-09 13:30:58,149 - experiment_chaotic_lorenz_full_chaotic_run_0 - INFO - Train Epoch 6: [0/472 (0.0%)]	Loss: 2.854467
2026-01-09 13:31:04,834 - experiment_chaotic_lorenz_full_chaotic_run_0 - INFO - Epoch 6: Train Loss: 2.6252, Train Acc: 0.4107, Val Loss: 7.1238, Val Acc: 0.0449
2026-01-09 13:31:05,481 - experiment_chaotic_lorenz_full_chaotic_run_0 - INFO - Train Epoch 7: [0/472 (0.0%)]	Loss: 2.825373
2026-01-09 13:31:12,170 - experiment_chaotic_lorenz_full_chaotic_run_0 - INFO - Epoch 7: Train Loss: 2.2172, Train Acc: 0.4978, Val Loss: 4.9261, Val Acc: 0.0449
2026-01-09 13:31:12,818 - experiment_chaotic_lorenz_full_chaotic_run_0 - INFO - Train Epoch 8: [0/472 (0.0%)]	Loss: 2.397832
2026-01-09 13:31:19,526 - experiment_chaotic_lorenz_full_chaotic_run_0 - INFO - Epoch 8: Train Loss: 1.9891, Train Acc: 0.5714, Val Loss: 6.3963, Val Acc: 0.0449
2026-01-09 13:31:20,160 - experiment_chaotic_lorenz_full_chaotic_run_0 - INFO - Train Epoch 9: [0/472 (0.0%)]	Loss: 1.657677
2026-01-09 13:31:26,781 - experiment_chaotic_lorenz_full_chaotic_run_0 - INFO - Epoch 9: Train Loss: 1.6806, Train Acc: 0.6451, Val Loss: 5.1408, Val Acc: 0.0674
2026-01-09 13:31:27,422 - experiment_chaotic_lorenz_full_chaotic_run_0 - INFO - Train Epoch 10: [0/472 (0.0%)]	Loss: 1.320593
2026-01-09 13:31:34,025 - experiment_chaotic_lorenz_full_chaotic_run_0 - INFO - Epoch 10: Train Loss: 1.3736, Train Acc: 0.7031, Val Loss: 4.7835, Val Acc: 0.0449
2026-01-09 13:31:34,737 - experiment_chaotic_lorenz_full_chaotic_run_0 - INFO - Train Epoch 11: [0/472 (0.0%)]	Loss: 1.506806
2026-01-09 13:31:41,431 - experiment_chaotic_lorenz_full_chaotic_run_0 - INFO - Epoch 11: Train Loss: 1.2716, Train Acc: 0.7254, Val Loss: 5.4972, Val Acc: 0.0449
2026-01-09 13:31:42,079 - experiment_chaotic_lorenz_full_chaotic_run_0 - INFO - Train Epoch 12: [0/472 (0.0%)]	Loss: 1.302573
2026-01-09 13:31:48,739 - experiment_chaotic_lorenz_full_chaotic_run_0 - INFO - Epoch 12: Train Loss: 1.1528, Train Acc: 0.7388, Val Loss: 5.2240, Val Acc: 0.0562
2026-01-09 13:31:49,403 - experiment_chaotic_lorenz_full_chaotic_run_0 - INFO - Train Epoch 13: [0/472 (0.0%)]	Loss: 0.783726
2026-01-09 13:31:56,118 - experiment_chaotic_lorenz_full_chaotic_run_0 - INFO - Epoch 13: Train Loss: 0.9795, Train Acc: 0.7946, Val Loss: 6.8690, Val Acc: 0.0674
2026-01-09 13:31:56,768 - experiment_chaotic_lorenz_full_chaotic_run_0 - INFO - Train Epoch 14: [0/472 (0.0%)]	Loss: 0.837267
2026-01-09 13:32:03,413 - experiment_chaotic_lorenz_full_chaotic_run_0 - INFO - Epoch 14: Train Loss: 0.9491, Train Acc: 0.7679, Val Loss: 8.1261, Val Acc: 0.0449
2026-01-09 13:32:04,056 - experiment_chaotic_lorenz_full_chaotic_run_0 - INFO - Train Epoch 15: [0/472 (0.0%)]	Loss: 0.812728
2026-01-09 13:32:10,680 - experiment_chaotic_lorenz_full_chaotic_run_0 - INFO - Epoch 15: Train Loss: 0.8279, Train Acc: 0.8326, Val Loss: 7.1785, Val Acc: 0.0899
2026-01-09 13:32:11,316 - experiment_chaotic_lorenz_full_chaotic_run_0 - INFO - Train Epoch 16: [0/472 (0.0%)]	Loss: 0.669199
2026-01-09 13:32:18,028 - experiment_chaotic_lorenz_full_chaotic_run_0 - INFO - Epoch 16: Train Loss: 0.8141, Train Acc: 0.8415, Val Loss: 7.3622, Val Acc: 0.0899
2026-01-09 13:32:18,673 - experiment_chaotic_lorenz_full_chaotic_run_0 - INFO - Train Epoch 17: [0/472 (0.0%)]	Loss: 0.734138
2026-01-09 13:32:25,425 - experiment_chaotic_lorenz_full_chaotic_run_0 - INFO - Epoch 17: Train Loss: 0.8001, Train Acc: 0.8438, Val Loss: 5.6086, Val Acc: 0.0449
2026-01-09 13:32:26,066 - experiment_chaotic_lorenz_full_chaotic_run_0 - INFO - Train Epoch 18: [0/472 (0.0%)]	Loss: 0.900950
2026-01-09 13:32:32,777 - experiment_chaotic_lorenz_full_chaotic_run_0 - INFO - Epoch 18: Train Loss: 0.7342, Train Acc: 0.8571, Val Loss: 3.9690, Val Acc: 0.1348
2026-01-09 13:32:32,863 - experiment_chaotic_lorenz_full_chaotic_run_0 - INFO - Saved new best model at epoch 18
2026-01-09 13:32:33,570 - experiment_chaotic_lorenz_full_chaotic_run_0 - INFO - Train Epoch 19: [0/472 (0.0%)]	Loss: 0.729049
2026-01-09 13:32:40,204 - experiment_chaotic_lorenz_full_chaotic_run_0 - INFO - Epoch 19: Train Loss: 0.6155, Train Acc: 0.8839, Val Loss: 6.6627, Val Acc: 0.1348
2026-01-09 13:32:40,848 - experiment_chaotic_lorenz_full_chaotic_run_0 - INFO - Train Epoch 20: [0/472 (0.0%)]	Loss: 0.720844
2026-01-09 13:32:47,488 - experiment_chaotic_lorenz_full_chaotic_run_0 - INFO - Epoch 20: Train Loss: 0.5789, Train Acc: 0.8817, Val Loss: 7.8376, Val Acc: 0.0787
2026-01-09 13:32:48,197 - experiment_chaotic_lorenz_full_chaotic_run_0 - INFO - Train Epoch 21: [0/472 (0.0%)]	Loss: 0.464619
2026-01-09 13:32:54,875 - experiment_chaotic_lorenz_full_chaotic_run_0 - INFO - Epoch 21: Train Loss: 0.5641, Train Acc: 0.8795, Val Loss: 5.5275, Val Acc: 0.0674
2026-01-09 13:32:55,510 - experiment_chaotic_lorenz_full_chaotic_run_0 - INFO - Train Epoch 22: [0/472 (0.0%)]	Loss: 1.081302
2026-01-09 13:33:02,120 - experiment_chaotic_lorenz_full_chaotic_run_0 - INFO - Epoch 22: Train Loss: 0.6126, Train Acc: 0.8750, Val Loss: 6.1881, Val Acc: 0.0449
2026-01-09 13:33:02,761 - experiment_chaotic_lorenz_full_chaotic_run_0 - INFO - Train Epoch 23: [0/472 (0.0%)]	Loss: 0.527654
2026-01-09 13:33:09,403 - experiment_chaotic_lorenz_full_chaotic_run_0 - INFO - Epoch 23: Train Loss: 0.6086, Train Acc: 0.8817, Val Loss: 4.8373, Val Acc: 0.1685
2026-01-09 13:33:09,486 - experiment_chaotic_lorenz_full_chaotic_run_0 - INFO - Saved new best model at epoch 23
2026-01-09 13:33:10,160 - experiment_chaotic_lorenz_full_chaotic_run_0 - INFO - Train Epoch 24: [0/472 (0.0%)]	Loss: 0.958622
2026-01-09 13:33:16,799 - experiment_chaotic_lorenz_full_chaotic_run_0 - INFO - Epoch 24: Train Loss: 0.4998, Train Acc: 0.8951, Val Loss: 7.6394, Val Acc: 0.0899
2026-01-09 13:33:17,475 - experiment_chaotic_lorenz_full_chaotic_run_0 - INFO - Train Epoch 25: [0/472 (0.0%)]	Loss: 0.424865
2026-01-09 13:33:24,163 - experiment_chaotic_lorenz_full_chaotic_run_0 - INFO - Epoch 25: Train Loss: 0.4819, Train Acc: 0.9018, Val Loss: 6.8640, Val Acc: 0.0562
2026-01-09 13:33:24,796 - experiment_chaotic_lorenz_full_chaotic_run_0 - INFO - Train Epoch 26: [0/472 (0.0%)]	Loss: 0.353623
2026-01-09 13:33:31,413 - experiment_chaotic_lorenz_full_chaotic_run_0 - INFO - Epoch 26: Train Loss: 0.4015, Train Acc: 0.9286, Val Loss: 5.9159, Val Acc: 0.1011
2026-01-09 13:33:32,042 - experiment_chaotic_lorenz_full_chaotic_run_0 - INFO - Train Epoch 27: [0/472 (0.0%)]	Loss: 0.393432
2026-01-09 13:33:38,681 - experiment_chaotic_lorenz_full_chaotic_run_0 - INFO - Epoch 27: Train Loss: 0.4435, Train Acc: 0.9219, Val Loss: 9.2976, Val Acc: 0.0899
2026-01-09 13:33:39,326 - experiment_chaotic_lorenz_full_chaotic_run_0 - INFO - Train Epoch 28: [0/472 (0.0%)]	Loss: 0.276560
2026-01-09 13:33:45,957 - experiment_chaotic_lorenz_full_chaotic_run_0 - INFO - Epoch 28: Train Loss: 0.4186, Train Acc: 0.9286, Val Loss: 9.3547, Val Acc: 0.0899
2026-01-09 13:33:46,606 - experiment_chaotic_lorenz_full_chaotic_run_0 - INFO - Train Epoch 29: [0/472 (0.0%)]	Loss: 0.272924
2026-01-09 13:33:53,220 - experiment_chaotic_lorenz_full_chaotic_run_0 - INFO - Epoch 29: Train Loss: 0.4364, Train Acc: 0.9107, Val Loss: 7.8851, Val Acc: 0.0899
2026-01-09 13:33:53,862 - experiment_chaotic_lorenz_full_chaotic_run_0 - INFO - Train Epoch 30: [0/472 (0.0%)]	Loss: 0.350067
2026-01-09 13:34:00,507 - experiment_chaotic_lorenz_full_chaotic_run_0 - INFO - Epoch 30: Train Loss: 0.3702, Train Acc: 0.9464, Val Loss: 7.7625, Val Acc: 0.0787
2026-01-09 13:34:01,217 - experiment_chaotic_lorenz_full_chaotic_run_0 - INFO - Train Epoch 31: [0/472 (0.0%)]	Loss: 0.462810
2026-01-09 13:34:07,900 - experiment_chaotic_lorenz_full_chaotic_run_0 - INFO - Epoch 31: Train Loss: 0.4099, Train Acc: 0.9219, Val Loss: 5.6523, Val Acc: 0.1573
2026-01-09 13:34:08,532 - experiment_chaotic_lorenz_full_chaotic_run_0 - INFO - Train Epoch 32: [0/472 (0.0%)]	Loss: 0.458501
2026-01-09 13:34:15,169 - experiment_chaotic_lorenz_full_chaotic_run_0 - INFO - Epoch 32: Train Loss: 0.3811, Train Acc: 0.9375, Val Loss: 4.1610, Val Acc: 0.2022
2026-01-09 13:34:15,408 - experiment_chaotic_lorenz_full_chaotic_run_0 - INFO - Saved new best model at epoch 32
2026-01-09 13:34:16,083 - experiment_chaotic_lorenz_full_chaotic_run_0 - INFO - Train Epoch 33: [0/472 (0.0%)]	Loss: 0.376431
2026-01-09 13:34:22,725 - experiment_chaotic_lorenz_full_chaotic_run_0 - INFO - Epoch 33: Train Loss: 0.3511, Train Acc: 0.9464, Val Loss: 4.8595, Val Acc: 0.2360
2026-01-09 13:34:22,809 - experiment_chaotic_lorenz_full_chaotic_run_0 - INFO - Saved new best model at epoch 33
2026-01-09 13:34:23,488 - experiment_chaotic_lorenz_full_chaotic_run_0 - INFO - Train Epoch 34: [0/472 (0.0%)]	Loss: 0.419508
2026-01-09 13:34:30,124 - experiment_chaotic_lorenz_full_chaotic_run_0 - INFO - Epoch 34: Train Loss: 0.4076, Train Acc: 0.9286, Val Loss: 6.8805, Val Acc: 0.1348
2026-01-09 13:34:30,796 - experiment_chaotic_lorenz_full_chaotic_run_0 - INFO - Train Epoch 35: [0/472 (0.0%)]	Loss: 0.186362
2026-01-09 13:34:37,530 - experiment_chaotic_lorenz_full_chaotic_run_0 - INFO - Epoch 35: Train Loss: 0.3780, Train Acc: 0.9353, Val Loss: 5.2505, Val Acc: 0.1573
2026-01-09 13:34:38,186 - experiment_chaotic_lorenz_full_chaotic_run_0 - INFO - Train Epoch 36: [0/472 (0.0%)]	Loss: 0.158125
2026-01-09 13:34:44,838 - experiment_chaotic_lorenz_full_chaotic_run_0 - INFO - Epoch 36: Train Loss: 0.2907, Train Acc: 0.9554, Val Loss: 6.9088, Val Acc: 0.1348
2026-01-09 13:34:45,479 - experiment_chaotic_lorenz_full_chaotic_run_0 - INFO - Train Epoch 37: [0/472 (0.0%)]	Loss: 0.175880
2026-01-09 13:34:52,176 - experiment_chaotic_lorenz_full_chaotic_run_0 - INFO - Epoch 37: Train Loss: 0.2278, Train Acc: 0.9844, Val Loss: 4.6572, Val Acc: 0.2022
2026-01-09 13:34:52,818 - experiment_chaotic_lorenz_full_chaotic_run_0 - INFO - Train Epoch 38: [0/472 (0.0%)]	Loss: 0.258675
2026-01-09 13:34:59,515 - experiment_chaotic_lorenz_full_chaotic_run_0 - INFO - Epoch 38: Train Loss: 0.2705, Train Acc: 0.9576, Val Loss: 4.3871, Val Acc: 0.2697
2026-01-09 13:34:59,596 - experiment_chaotic_lorenz_full_chaotic_run_0 - INFO - Saved new best model at epoch 38
2026-01-09 13:35:00,269 - experiment_chaotic_lorenz_full_chaotic_run_0 - INFO - Train Epoch 39: [0/472 (0.0%)]	Loss: 0.126259
2026-01-09 13:35:06,868 - experiment_chaotic_lorenz_full_chaotic_run_0 - INFO - Epoch 39: Train Loss: 0.2118, Train Acc: 0.9799, Val Loss: 2.9255, Val Acc: 0.3933
2026-01-09 13:35:06,949 - experiment_chaotic_lorenz_full_chaotic_run_0 - INFO - Saved new best model at epoch 39
2026-01-09 13:35:07,633 - experiment_chaotic_lorenz_full_chaotic_run_0 - INFO - Train Epoch 40: [0/472 (0.0%)]	Loss: 0.205793
2026-01-09 13:35:14,289 - experiment_chaotic_lorenz_full_chaotic_run_0 - INFO - Epoch 40: Train Loss: 0.2723, Train Acc: 0.9621, Val Loss: 8.1805, Val Acc: 0.1011
2026-01-09 13:35:15,012 - experiment_chaotic_lorenz_full_chaotic_run_0 - INFO - Train Epoch 41: [0/472 (0.0%)]	Loss: 0.156854
2026-01-09 13:35:21,715 - experiment_chaotic_lorenz_full_chaotic_run_0 - INFO - Epoch 41: Train Loss: 0.2186, Train Acc: 0.9799, Val Loss: 7.2322, Val Acc: 0.1011
2026-01-09 13:35:22,355 - experiment_chaotic_lorenz_full_chaotic_run_0 - INFO - Train Epoch 42: [0/472 (0.0%)]	Loss: 0.209231
2026-01-09 13:35:29,035 - experiment_chaotic_lorenz_full_chaotic_run_0 - INFO - Epoch 42: Train Loss: 0.1845, Train Acc: 0.9888, Val Loss: 6.6325, Val Acc: 0.1124
2026-01-09 13:35:29,679 - experiment_chaotic_lorenz_full_chaotic_run_0 - INFO - Train Epoch 43: [0/472 (0.0%)]	Loss: 0.148509
2026-01-09 13:35:36,327 - experiment_chaotic_lorenz_full_chaotic_run_0 - INFO - Epoch 43: Train Loss: 0.1769, Train Acc: 0.9844, Val Loss: 2.6838, Val Acc: 0.5169
2026-01-09 13:35:36,411 - experiment_chaotic_lorenz_full_chaotic_run_0 - INFO - Saved new best model at epoch 43
2026-01-09 13:35:37,083 - experiment_chaotic_lorenz_full_chaotic_run_0 - INFO - Train Epoch 44: [0/472 (0.0%)]	Loss: 0.162010
2026-01-09 13:35:43,738 - experiment_chaotic_lorenz_full_chaotic_run_0 - INFO - Epoch 44: Train Loss: 0.2242, Train Acc: 0.9777, Val Loss: 1.6760, Val Acc: 0.6292
2026-01-09 13:35:43,822 - experiment_chaotic_lorenz_full_chaotic_run_0 - INFO - Saved new best model at epoch 44
2026-01-09 13:35:44,510 - experiment_chaotic_lorenz_full_chaotic_run_0 - INFO - Train Epoch 45: [0/472 (0.0%)]	Loss: 0.141347
2026-01-09 13:35:51,219 - experiment_chaotic_lorenz_full_chaotic_run_0 - INFO - Epoch 45: Train Loss: 0.1709, Train Acc: 0.9911, Val Loss: 7.3390, Val Acc: 0.1573
2026-01-09 13:35:51,879 - experiment_chaotic_lorenz_full_chaotic_run_0 - INFO - Train Epoch 46: [0/472 (0.0%)]	Loss: 0.307149
2026-01-09 13:35:58,638 - experiment_chaotic_lorenz_full_chaotic_run_0 - INFO - Epoch 46: Train Loss: 0.1788, Train Acc: 0.9866, Val Loss: 4.1554, Val Acc: 0.4494
2026-01-09 13:35:59,290 - experiment_chaotic_lorenz_full_chaotic_run_0 - INFO - Train Epoch 47: [0/472 (0.0%)]	Loss: 0.232355
2026-01-09 13:36:05,970 - experiment_chaotic_lorenz_full_chaotic_run_0 - INFO - Epoch 47: Train Loss: 0.1799, Train Acc: 0.9866, Val Loss: 3.3509, Val Acc: 0.4045
2026-01-09 13:36:06,624 - experiment_chaotic_lorenz_full_chaotic_run_0 - INFO - Train Epoch 48: [0/472 (0.0%)]	Loss: 0.177955
2026-01-09 13:36:13,310 - experiment_chaotic_lorenz_full_chaotic_run_0 - INFO - Epoch 48: Train Loss: 0.1735, Train Acc: 0.9866, Val Loss: 3.5447, Val Acc: 0.3708
2026-01-09 13:36:13,946 - experiment_chaotic_lorenz_full_chaotic_run_0 - INFO - Train Epoch 49: [0/472 (0.0%)]	Loss: 0.133795
2026-01-09 13:36:20,607 - experiment_chaotic_lorenz_full_chaotic_run_0 - INFO - Epoch 49: Train Loss: 0.1665, Train Acc: 0.9933, Val Loss: 5.9250, Val Acc: 0.2022
2026-01-09 13:36:21,251 - experiment_chaotic_lorenz_full_chaotic_run_0 - INFO - Train Epoch 50: [0/472 (0.0%)]	Loss: 0.120710
2026-01-09 13:36:27,926 - experiment_chaotic_lorenz_full_chaotic_run_0 - INFO - Epoch 50: Train Loss: 0.1637, Train Acc: 0.9911, Val Loss: 5.3789, Val Acc: 0.1910
2026-01-09 13:36:28,645 - experiment_chaotic_lorenz_full_chaotic_run_0 - INFO - Train Epoch 51: [0/472 (0.0%)]	Loss: 0.337002
2026-01-09 13:36:35,317 - experiment_chaotic_lorenz_full_chaotic_run_0 - INFO - Epoch 51: Train Loss: 0.1903, Train Acc: 0.9799, Val Loss: 3.6544, Val Acc: 0.3483
2026-01-09 13:36:35,971 - experiment_chaotic_lorenz_full_chaotic_run_0 - INFO - Train Epoch 52: [0/472 (0.0%)]	Loss: 0.154179
2026-01-09 13:36:42,692 - experiment_chaotic_lorenz_full_chaotic_run_0 - INFO - Epoch 52: Train Loss: 0.1634, Train Acc: 0.9888, Val Loss: 5.3868, Val Acc: 0.1910
2026-01-09 13:36:43,351 - experiment_chaotic_lorenz_full_chaotic_run_0 - INFO - Train Epoch 53: [0/472 (0.0%)]	Loss: 0.112607
2026-01-09 13:36:50,001 - experiment_chaotic_lorenz_full_chaotic_run_0 - INFO - Epoch 53: Train Loss: 0.1535, Train Acc: 0.9911, Val Loss: 9.6681, Val Acc: 0.0899
2026-01-09 13:36:50,641 - experiment_chaotic_lorenz_full_chaotic_run_0 - INFO - Train Epoch 54: [0/472 (0.0%)]	Loss: 0.118340
2026-01-09 13:36:57,353 - experiment_chaotic_lorenz_full_chaotic_run_0 - INFO - Epoch 54: Train Loss: 0.1487, Train Acc: 0.9911, Val Loss: 8.5444, Val Acc: 0.0899
2026-01-09 13:36:58,003 - experiment_chaotic_lorenz_full_chaotic_run_0 - INFO - Train Epoch 55: [0/472 (0.0%)]	Loss: 0.187664
2026-01-09 13:37:04,665 - experiment_chaotic_lorenz_full_chaotic_run_0 - INFO - Epoch 55: Train Loss: 0.1662, Train Acc: 0.9911, Val Loss: 7.9798, Val Acc: 0.1124
2026-01-09 13:37:05,324 - experiment_chaotic_lorenz_full_chaotic_run_0 - INFO - Train Epoch 56: [0/472 (0.0%)]	Loss: 0.189014
2026-01-09 13:37:11,991 - experiment_chaotic_lorenz_full_chaotic_run_0 - INFO - Epoch 56: Train Loss: 0.1429, Train Acc: 0.9888, Val Loss: 7.6930, Val Acc: 0.1573
2026-01-09 13:37:12,644 - experiment_chaotic_lorenz_full_chaotic_run_0 - INFO - Train Epoch 57: [0/472 (0.0%)]	Loss: 0.203096
2026-01-09 13:37:19,356 - experiment_chaotic_lorenz_full_chaotic_run_0 - INFO - Epoch 57: Train Loss: 0.1466, Train Acc: 0.9933, Val Loss: 2.3476, Val Acc: 0.5843
2026-01-09 13:37:20,003 - experiment_chaotic_lorenz_full_chaotic_run_0 - INFO - Train Epoch 58: [0/472 (0.0%)]	Loss: 0.121245
2026-01-09 13:37:26,656 - experiment_chaotic_lorenz_full_chaotic_run_0 - INFO - Epoch 58: Train Loss: 0.1790, Train Acc: 0.9821, Val Loss: 2.9561, Val Acc: 0.5393
2026-01-09 13:37:27,299 - experiment_chaotic_lorenz_full_chaotic_run_0 - INFO - Train Epoch 59: [0/472 (0.0%)]	Loss: 0.202081
2026-01-09 13:37:34,079 - experiment_chaotic_lorenz_full_chaotic_run_0 - INFO - Epoch 59: Train Loss: 0.1553, Train Acc: 0.9888, Val Loss: 4.4258, Val Acc: 0.3933
2026-01-09 13:37:34,728 - experiment_chaotic_lorenz_full_chaotic_run_0 - INFO - Train Epoch 60: [0/472 (0.0%)]	Loss: 0.217477
2026-01-09 13:37:41,519 - experiment_chaotic_lorenz_full_chaotic_run_0 - INFO - Epoch 60: Train Loss: 0.1564, Train Acc: 0.9911, Val Loss: 7.1603, Val Acc: 0.1124
2026-01-09 13:37:42,242 - experiment_chaotic_lorenz_full_chaotic_run_0 - INFO - Train Epoch 61: [0/472 (0.0%)]	Loss: 0.430286
2026-01-09 13:37:48,927 - experiment_chaotic_lorenz_full_chaotic_run_0 - INFO - Epoch 61: Train Loss: 0.1688, Train Acc: 0.9888, Val Loss: 4.7169, Val Acc: 0.2809
2026-01-09 13:37:49,568 - experiment_chaotic_lorenz_full_chaotic_run_0 - INFO - Train Epoch 62: [0/472 (0.0%)]	Loss: 0.162486
2026-01-09 13:37:56,231 - experiment_chaotic_lorenz_full_chaotic_run_0 - INFO - Epoch 62: Train Loss: 0.1484, Train Acc: 0.9866, Val Loss: 3.5152, Val Acc: 0.4494
2026-01-09 13:37:56,889 - experiment_chaotic_lorenz_full_chaotic_run_0 - INFO - Train Epoch 63: [0/472 (0.0%)]	Loss: 0.132955
2026-01-09 13:38:03,554 - experiment_chaotic_lorenz_full_chaotic_run_0 - INFO - Epoch 63: Train Loss: 0.1360, Train Acc: 0.9911, Val Loss: 1.5540, Val Acc: 0.6854
2026-01-09 13:38:03,636 - experiment_chaotic_lorenz_full_chaotic_run_0 - INFO - Saved new best model at epoch 63
2026-01-09 13:38:04,318 - experiment_chaotic_lorenz_full_chaotic_run_0 - INFO - Train Epoch 64: [0/472 (0.0%)]	Loss: 0.157021
2026-01-09 13:38:10,944 - experiment_chaotic_lorenz_full_chaotic_run_0 - INFO - Epoch 64: Train Loss: 0.1286, Train Acc: 0.9978, Val Loss: 0.4473, Val Acc: 0.9326
2026-01-09 13:38:11,028 - experiment_chaotic_lorenz_full_chaotic_run_0 - INFO - Saved new best model at epoch 64
2026-01-09 13:38:11,696 - experiment_chaotic_lorenz_full_chaotic_run_0 - INFO - Train Epoch 65: [0/472 (0.0%)]	Loss: 0.113737
2026-01-09 13:38:18,360 - experiment_chaotic_lorenz_full_chaotic_run_0 - INFO - Epoch 65: Train Loss: 0.1424, Train Acc: 0.9888, Val Loss: 0.7674, Val Acc: 0.8539
2026-01-09 13:38:19,043 - experiment_chaotic_lorenz_full_chaotic_run_0 - INFO - Train Epoch 66: [0/472 (0.0%)]	Loss: 0.179155
2026-01-09 13:38:25,708 - experiment_chaotic_lorenz_full_chaotic_run_0 - INFO - Epoch 66: Train Loss: 0.1359, Train Acc: 0.9933, Val Loss: 2.2594, Val Acc: 0.5843
2026-01-09 13:38:26,374 - experiment_chaotic_lorenz_full_chaotic_run_0 - INFO - Train Epoch 67: [0/472 (0.0%)]	Loss: 0.116698
2026-01-09 13:38:33,284 - experiment_chaotic_lorenz_full_chaotic_run_0 - INFO - Epoch 67: Train Loss: 0.1313, Train Acc: 0.9978, Val Loss: 1.2659, Val Acc: 0.7753
2026-01-09 13:38:33,927 - experiment_chaotic_lorenz_full_chaotic_run_0 - INFO - Train Epoch 68: [0/472 (0.0%)]	Loss: 0.149292
2026-01-09 13:38:40,662 - experiment_chaotic_lorenz_full_chaotic_run_0 - INFO - Epoch 68: Train Loss: 0.1327, Train Acc: 0.9933, Val Loss: 0.2648, Val Acc: 0.9326
2026-01-09 13:38:41,308 - experiment_chaotic_lorenz_full_chaotic_run_0 - INFO - Train Epoch 69: [0/472 (0.0%)]	Loss: 0.109708
2026-01-09 13:38:47,945 - experiment_chaotic_lorenz_full_chaotic_run_0 - INFO - Epoch 69: Train Loss: 0.1315, Train Acc: 0.9955, Val Loss: 0.3282, Val Acc: 0.9101
2026-01-09 13:38:48,587 - experiment_chaotic_lorenz_full_chaotic_run_0 - INFO - Train Epoch 70: [0/472 (0.0%)]	Loss: 0.115530
2026-01-09 13:38:55,230 - experiment_chaotic_lorenz_full_chaotic_run_0 - INFO - Epoch 70: Train Loss: 0.1196, Train Acc: 1.0000, Val Loss: 1.3148, Val Acc: 0.7753
2026-01-09 13:38:55,953 - experiment_chaotic_lorenz_full_chaotic_run_0 - INFO - Train Epoch 71: [0/472 (0.0%)]	Loss: 0.115451
2026-01-09 13:39:02,603 - experiment_chaotic_lorenz_full_chaotic_run_0 - INFO - Epoch 71: Train Loss: 0.1203, Train Acc: 1.0000, Val Loss: 0.2461, Val Acc: 0.9326
2026-01-09 13:39:03,239 - experiment_chaotic_lorenz_full_chaotic_run_0 - INFO - Train Epoch 72: [0/472 (0.0%)]	Loss: 0.110641
2026-01-09 13:39:09,883 - experiment_chaotic_lorenz_full_chaotic_run_0 - INFO - Epoch 72: Train Loss: 0.1201, Train Acc: 0.9978, Val Loss: 0.2464, Val Acc: 0.9438
2026-01-09 13:39:09,970 - experiment_chaotic_lorenz_full_chaotic_run_0 - INFO - Saved new best model at epoch 72
2026-01-09 13:39:10,656 - experiment_chaotic_lorenz_full_chaotic_run_0 - INFO - Train Epoch 73: [0/472 (0.0%)]	Loss: 0.106557
2026-01-09 13:39:17,342 - experiment_chaotic_lorenz_full_chaotic_run_0 - INFO - Epoch 73: Train Loss: 0.1251, Train Acc: 0.9933, Val Loss: 0.1399, Val Acc: 0.9551
2026-01-09 13:39:17,427 - experiment_chaotic_lorenz_full_chaotic_run_0 - INFO - Saved new best model at epoch 73
2026-01-09 13:39:18,110 - experiment_chaotic_lorenz_full_chaotic_run_0 - INFO - Train Epoch 74: [0/472 (0.0%)]	Loss: 0.111126
2026-01-09 13:39:24,807 - experiment_chaotic_lorenz_full_chaotic_run_0 - INFO - Epoch 74: Train Loss: 0.1202, Train Acc: 0.9955, Val Loss: 0.5411, Val Acc: 0.8764
2026-01-09 13:39:25,458 - experiment_chaotic_lorenz_full_chaotic_run_0 - INFO - Train Epoch 75: [0/472 (0.0%)]	Loss: 0.115822
2026-01-09 13:39:32,248 - experiment_chaotic_lorenz_full_chaotic_run_0 - INFO - Epoch 75: Train Loss: 0.1261, Train Acc: 0.9955, Val Loss: 2.5989, Val Acc: 0.6067
2026-01-09 13:39:32,911 - experiment_chaotic_lorenz_full_chaotic_run_0 - INFO - Train Epoch 76: [0/472 (0.0%)]	Loss: 0.170534
2026-01-09 13:39:39,617 - experiment_chaotic_lorenz_full_chaotic_run_0 - INFO - Epoch 76: Train Loss: 0.1260, Train Acc: 0.9955, Val Loss: 2.1410, Val Acc: 0.5843
2026-01-09 13:39:40,279 - experiment_chaotic_lorenz_full_chaotic_run_0 - INFO - Train Epoch 77: [0/472 (0.0%)]	Loss: 0.121431
2026-01-09 13:39:46,976 - experiment_chaotic_lorenz_full_chaotic_run_0 - INFO - Epoch 77: Train Loss: 0.1286, Train Acc: 0.9978, Val Loss: 2.4602, Val Acc: 0.5730
2026-01-09 13:39:47,647 - experiment_chaotic_lorenz_full_chaotic_run_0 - INFO - Train Epoch 78: [0/472 (0.0%)]	Loss: 0.119703
2026-01-09 13:39:54,398 - experiment_chaotic_lorenz_full_chaotic_run_0 - INFO - Epoch 78: Train Loss: 0.1365, Train Acc: 0.9911, Val Loss: 2.1215, Val Acc: 0.5618
2026-01-09 13:39:55,057 - experiment_chaotic_lorenz_full_chaotic_run_0 - INFO - Train Epoch 79: [0/472 (0.0%)]	Loss: 0.114745
2026-01-09 13:40:01,698 - experiment_chaotic_lorenz_full_chaotic_run_0 - INFO - Epoch 79: Train Loss: 0.1179, Train Acc: 1.0000, Val Loss: 0.8292, Val Acc: 0.8315
2026-01-09 13:40:02,331 - experiment_chaotic_lorenz_full_chaotic_run_0 - INFO - Train Epoch 80: [0/472 (0.0%)]	Loss: 0.109647
2026-01-09 13:40:08,979 - experiment_chaotic_lorenz_full_chaotic_run_0 - INFO - Epoch 80: Train Loss: 0.1236, Train Acc: 0.9978, Val Loss: 0.3704, Val Acc: 0.9213
2026-01-09 13:40:09,699 - experiment_chaotic_lorenz_full_chaotic_run_0 - INFO - Train Epoch 81: [0/472 (0.0%)]	Loss: 0.125328
2026-01-09 13:40:16,338 - experiment_chaotic_lorenz_full_chaotic_run_0 - INFO - Epoch 81: Train Loss: 0.1225, Train Acc: 0.9978, Val Loss: 0.6219, Val Acc: 0.8539
2026-01-09 13:40:16,984 - experiment_chaotic_lorenz_full_chaotic_run_0 - INFO - Train Epoch 82: [0/472 (0.0%)]	Loss: 0.108173
2026-01-09 13:40:23,632 - experiment_chaotic_lorenz_full_chaotic_run_0 - INFO - Epoch 82: Train Loss: 0.1215, Train Acc: 0.9978, Val Loss: 0.1506, Val Acc: 0.9663
2026-01-09 13:40:23,719 - experiment_chaotic_lorenz_full_chaotic_run_0 - INFO - Saved new best model at epoch 82
2026-01-09 13:40:24,398 - experiment_chaotic_lorenz_full_chaotic_run_0 - INFO - Train Epoch 83: [0/472 (0.0%)]	Loss: 0.137225
2026-01-09 13:40:31,094 - experiment_chaotic_lorenz_full_chaotic_run_0 - INFO - Epoch 83: Train Loss: 0.1260, Train Acc: 0.9978, Val Loss: 0.5698, Val Acc: 0.8652
2026-01-09 13:40:31,743 - experiment_chaotic_lorenz_full_chaotic_run_0 - INFO - Train Epoch 84: [0/472 (0.0%)]	Loss: 0.107373
2026-01-09 13:40:38,374 - experiment_chaotic_lorenz_full_chaotic_run_0 - INFO - Epoch 84: Train Loss: 0.1157, Train Acc: 0.9978, Val Loss: 0.1380, Val Acc: 0.9438
2026-01-09 13:40:39,006 - experiment_chaotic_lorenz_full_chaotic_run_0 - INFO - Train Epoch 85: [0/472 (0.0%)]	Loss: 0.112826
2026-01-09 13:40:45,638 - experiment_chaotic_lorenz_full_chaotic_run_0 - INFO - Epoch 85: Train Loss: 0.1163, Train Acc: 1.0000, Val Loss: 0.0482, Val Acc: 0.9775
2026-01-09 13:40:45,724 - experiment_chaotic_lorenz_full_chaotic_run_0 - INFO - Saved new best model at epoch 85
2026-01-09 13:40:46,401 - experiment_chaotic_lorenz_full_chaotic_run_0 - INFO - Train Epoch 86: [0/472 (0.0%)]	Loss: 0.126143
2026-01-09 13:40:53,038 - experiment_chaotic_lorenz_full_chaotic_run_0 - INFO - Epoch 86: Train Loss: 0.1193, Train Acc: 1.0000, Val Loss: 0.0556, Val Acc: 0.9775
2026-01-09 13:40:53,673 - experiment_chaotic_lorenz_full_chaotic_run_0 - INFO - Train Epoch 87: [0/472 (0.0%)]	Loss: 0.107285
2026-01-09 13:41:00,370 - experiment_chaotic_lorenz_full_chaotic_run_0 - INFO - Epoch 87: Train Loss: 0.1230, Train Acc: 0.9978, Val Loss: 0.1041, Val Acc: 0.9438
2026-01-09 13:41:01,004 - experiment_chaotic_lorenz_full_chaotic_run_0 - INFO - Train Epoch 88: [0/472 (0.0%)]	Loss: 0.114589
2026-01-09 13:41:07,686 - experiment_chaotic_lorenz_full_chaotic_run_0 - INFO - Epoch 88: Train Loss: 0.1206, Train Acc: 0.9978, Val Loss: 0.0811, Val Acc: 0.9663
2026-01-09 13:41:08,321 - experiment_chaotic_lorenz_full_chaotic_run_0 - INFO - Train Epoch 89: [0/472 (0.0%)]	Loss: 0.107702
2026-01-09 13:41:15,001 - experiment_chaotic_lorenz_full_chaotic_run_0 - INFO - Epoch 89: Train Loss: 0.1237, Train Acc: 0.9978, Val Loss: 0.0514, Val Acc: 0.9775
2026-01-09 13:41:15,651 - experiment_chaotic_lorenz_full_chaotic_run_0 - INFO - Train Epoch 90: [0/472 (0.0%)]	Loss: 0.128146
2026-01-09 13:41:22,298 - experiment_chaotic_lorenz_full_chaotic_run_0 - INFO - Epoch 90: Train Loss: 0.1307, Train Acc: 0.9933, Val Loss: 0.0554, Val Acc: 0.9775
2026-01-09 13:41:23,019 - experiment_chaotic_lorenz_full_chaotic_run_0 - INFO - Train Epoch 91: [0/472 (0.0%)]	Loss: 0.108663
2026-01-09 13:41:29,694 - experiment_chaotic_lorenz_full_chaotic_run_0 - INFO - Epoch 91: Train Loss: 0.1286, Train Acc: 0.9978, Val Loss: 0.0393, Val Acc: 0.9888
2026-01-09 13:41:29,777 - experiment_chaotic_lorenz_full_chaotic_run_0 - INFO - Saved new best model at epoch 91
2026-01-09 13:41:30,447 - experiment_chaotic_lorenz_full_chaotic_run_0 - INFO - Train Epoch 92: [0/472 (0.0%)]	Loss: 0.111253
2026-01-09 13:41:37,083 - experiment_chaotic_lorenz_full_chaotic_run_0 - INFO - Epoch 92: Train Loss: 0.1178, Train Acc: 0.9978, Val Loss: 0.0509, Val Acc: 0.9663
2026-01-09 13:41:37,733 - experiment_chaotic_lorenz_full_chaotic_run_0 - INFO - Train Epoch 93: [0/472 (0.0%)]	Loss: 0.113097
2026-01-09 13:41:44,402 - experiment_chaotic_lorenz_full_chaotic_run_0 - INFO - Epoch 93: Train Loss: 0.1157, Train Acc: 1.0000, Val Loss: 0.0422, Val Acc: 0.9775
2026-01-09 13:41:45,039 - experiment_chaotic_lorenz_full_chaotic_run_0 - INFO - Train Epoch 94: [0/472 (0.0%)]	Loss: 0.214942
2026-01-09 13:41:51,704 - experiment_chaotic_lorenz_full_chaotic_run_0 - INFO - Epoch 94: Train Loss: 0.1244, Train Acc: 0.9978, Val Loss: 0.0292, Val Acc: 0.9888
2026-01-09 13:41:52,341 - experiment_chaotic_lorenz_full_chaotic_run_0 - INFO - Train Epoch 95: [0/472 (0.0%)]	Loss: 0.106698
2026-01-09 13:41:59,001 - experiment_chaotic_lorenz_full_chaotic_run_0 - INFO - Epoch 95: Train Loss: 0.1268, Train Acc: 0.9955, Val Loss: 0.0384, Val Acc: 0.9775
2026-01-09 13:41:59,643 - experiment_chaotic_lorenz_full_chaotic_run_0 - INFO - Train Epoch 96: [0/472 (0.0%)]	Loss: 0.106012
2026-01-09 13:42:06,312 - experiment_chaotic_lorenz_full_chaotic_run_0 - INFO - Epoch 96: Train Loss: 0.1209, Train Acc: 0.9978, Val Loss: 0.0359, Val Acc: 0.9775
2026-01-09 13:42:06,966 - experiment_chaotic_lorenz_full_chaotic_run_0 - INFO - Train Epoch 97: [0/472 (0.0%)]	Loss: 0.111481
2026-01-09 13:42:13,647 - experiment_chaotic_lorenz_full_chaotic_run_0 - INFO - Epoch 97: Train Loss: 0.1310, Train Acc: 0.9933, Val Loss: 0.0406, Val Acc: 0.9775
2026-01-09 13:42:14,286 - experiment_chaotic_lorenz_full_chaotic_run_0 - INFO - Train Epoch 98: [0/472 (0.0%)]	Loss: 0.109512
2026-01-09 13:42:20,932 - experiment_chaotic_lorenz_full_chaotic_run_0 - INFO - Epoch 98: Train Loss: 0.1243, Train Acc: 0.9933, Val Loss: 0.0446, Val Acc: 0.9775
2026-01-09 13:42:21,574 - experiment_chaotic_lorenz_full_chaotic_run_0 - INFO - Train Epoch 99: [0/472 (0.0%)]	Loss: 0.123215
2026-01-09 13:42:28,260 - experiment_chaotic_lorenz_full_chaotic_run_0 - INFO - Epoch 99: Train Loss: 0.1318, Train Acc: 0.9888, Val Loss: 0.0429, Val Acc: 0.9888
2026-01-09 13:42:28,265 - experiment_chaotic_lorenz_full_chaotic_run_0 - INFO - Running final test evaluation...
2026-01-09 13:42:29,064 - experiment_chaotic_lorenz_full_chaotic_run_0 - INFO - Test Results:
2026-01-09 13:42:29,065 - experiment_chaotic_lorenz_full_chaotic_run_0 - INFO -   loss: 0.2266
2026-01-09 13:42:29,065 - experiment_chaotic_lorenz_full_chaotic_run_0 - INFO -   accuracy: 0.9407
2026-01-09 13:42:29,065 - experiment_chaotic_lorenz_full_chaotic_run_0 - INFO -   avg_confidence: 0.9858
2026-01-09 13:42:29,065 - experiment_chaotic_lorenz_full_chaotic_run_0 - INFO -   embedding_diversity: 0.1221
2026-01-09 13:42:29,065 - experiment_chaotic_lorenz_full_chaotic_run_0 - INFO -   embedding_norm_mean: 1.0000
2026-01-09 13:42:29,065 - experiment_chaotic_lorenz_full_chaotic_run_0 - INFO -   embedding_norm_std: 0.0000
2026-01-09 13:42:29,067 - experiment_chaotic_lorenz_full_chaotic_run_0 - INFO - Training completed
2026-01-09 13:42:29,864 - experiment_chaotic_lorenz_full_chaotic_run_0 - INFO - Running comprehensive chaotic network analysis...
2026-01-09 13:42:29,865 - experiment_chaotic_lorenz_full_chaotic_run_0 - INFO - Analyzing chaotic features and dynamics...
2026-01-09 13:42:30,538 - experiment_chaotic_lorenz_full_chaotic_run_0 - INFO - Chaotic analysis completed
2026-01-09 13:42:30,540 - experiment_chaotic_lorenz_full_chaotic_run_0 - INFO - Creating chaotic dynamics visualizations...
2026-01-09 13:42:33,181 - experiment_chaotic_lorenz_full_chaotic_run_0 - WARNING - Embedding plotting failed: boolean index did not match indexed array along dimension 0; dimension is 8 but corresponding boolean dimension is 32
2026-01-09 13:42:33,187 - experiment_chaotic_lorenz_full_chaotic_run_0 - INFO - Chaotic network analysis completed
2026-01-09 14:00:53,108 - experiment_chaotic_lorenz_full_chaotic_run_0 - INFO - Initialized experiment: chaotic_lorenz_full_chaotic_run_0
2026-01-09 14:00:53,108 - experiment_chaotic_lorenz_full_chaotic_run_0 - INFO - Device: cuda
2026-01-09 14:00:53,108 - experiment_chaotic_lorenz_full_chaotic_run_0 - INFO - Output directory: /scratch/project_2003370/yueyao/Model/experiments/configs/sync_experiments/B/experiments/chaotic_lorenz_full_chaotic_run_0
2026-01-09 14:00:53,108 - experiment_chaotic_lorenz_full_chaotic_run_0 - INFO - Initialized chaotic network experiment with lorenz system
2026-01-09 14:00:53,108 - experiment_chaotic_lorenz_full_chaotic_run_0 - INFO - Setting up experiment components...
2026-01-09 14:00:53,108 - experiment_chaotic_lorenz_full_chaotic_run_0 - INFO - Creating dataloaders...
2026-01-09 14:00:53,491 - experiment_chaotic_lorenz_full_chaotic_run_0 - INFO - Detected 26 speakers in dataset
2026-01-09 14:00:53,491 - experiment_chaotic_lorenz_full_chaotic_run_0 - INFO - Dataloaders created:
2026-01-09 14:00:53,491 - experiment_chaotic_lorenz_full_chaotic_run_0 - INFO -   Train: 14 batches
2026-01-09 14:00:53,491 - experiment_chaotic_lorenz_full_chaotic_run_0 - INFO -   Val: 3 batches
2026-01-09 14:00:53,491 - experiment_chaotic_lorenz_full_chaotic_run_0 - INFO -   Test: 4 batches
2026-01-09 14:00:53,491 - experiment_chaotic_lorenz_full_chaotic_run_0 - INFO - Creating model...
2026-01-09 14:00:53,491 - experiment_chaotic_lorenz_full_chaotic_run_0 - INFO - Using actual num_speakers from dataset: 26
2026-01-09 14:00:53,491 - experiment_chaotic_lorenz_full_chaotic_run_0 - INFO - [BIFURCATION] use_bifurcation_control=False
2026-01-09 14:01:23,927 - experiment_chaotic_lorenz_full_chaotic_run_0 - INFO - Total parameters: 458,181
2026-01-09 14:01:23,927 - experiment_chaotic_lorenz_full_chaotic_run_0 - INFO - Trainable parameters: 458,181
2026-01-09 14:01:23,927 - experiment_chaotic_lorenz_full_chaotic_run_0 - INFO - Creating optimizer...
2026-01-09 14:01:25,033 - experiment_chaotic_lorenz_full_chaotic_run_0 - INFO - Optimizer: AdamW
2026-01-09 14:01:25,034 - experiment_chaotic_lorenz_full_chaotic_run_0 - INFO - Creating scheduler...
2026-01-09 14:01:25,034 - experiment_chaotic_lorenz_full_chaotic_run_0 - INFO - Scheduler: CosineAnnealingLR
2026-01-09 14:01:25,034 - experiment_chaotic_lorenz_full_chaotic_run_0 - INFO - Creating criterion...
2026-01-09 14:01:25,034 - experiment_chaotic_lorenz_full_chaotic_run_0 - INFO - Criterion: CrossEntropyLoss
2026-01-09 14:01:25,078 - experiment_chaotic_lorenz_full_chaotic_run_0 - INFO - Configuration saved to: /scratch/project_2003370/yueyao/Model/experiments/configs/sync_experiments/B/experiments/chaotic_lorenz_full_chaotic_run_0/config.json
2026-01-09 14:01:25,078 - experiment_chaotic_lorenz_full_chaotic_run_0 - INFO - Experiment setup completed
2026-01-09 14:01:25,079 - experiment_chaotic_lorenz_full_chaotic_run_0 - INFO - Starting training for 100 epochs
2026-01-09 14:01:25,221 - experiment_chaotic_lorenz_full_chaotic_run_0 - INFO - 
================================================================================
2026-01-09 14:01:25,221 - experiment_chaotic_lorenz_full_chaotic_run_0 - INFO - COMPREHENSIVE DEBUG - FIRST BATCH
2026-01-09 14:01:25,221 - experiment_chaotic_lorenz_full_chaotic_run_0 - INFO - ================================================================================
2026-01-09 14:01:25,221 - experiment_chaotic_lorenz_full_chaotic_run_0 - INFO - Batch Info:
2026-01-09 14:01:25,222 - experiment_chaotic_lorenz_full_chaotic_run_0 - INFO -   Audio shape: torch.Size([32, 48000])
2026-01-09 14:01:25,222 - experiment_chaotic_lorenz_full_chaotic_run_0 - INFO -   Targets shape: torch.Size([32])
2026-01-09 14:01:25,226 - experiment_chaotic_lorenz_full_chaotic_run_0 - INFO -   Targets (first 8): tensor([19, 24, 16, 12, 16, 10,  8,  2], device='cuda:0')
2026-01-09 14:01:25,790 - experiment_chaotic_lorenz_full_chaotic_run_0 - INFO - ================================================================================

2026-01-09 14:01:25,791 - experiment_chaotic_lorenz_full_chaotic_run_0 - INFO - [ADVERSARIAL] Initialized AdversarialChaoticAugmentation
2026-01-09 14:01:25,924 - experiment_chaotic_lorenz_full_chaotic_run_0 - INFO - [SYNC LOSS] Initialized PhaseSynchronizationLoss
2026-01-09 14:01:26,067 - experiment_chaotic_lorenz_full_chaotic_run_0 - INFO - [STABILITY] Initialized LyapunovStabilityLoss
2026-01-09 14:01:26,932 - experiment_chaotic_lorenz_full_chaotic_run_0 - INFO - Train Epoch 0: [0/472 (0.0%)]	Loss: 4.872292
2026-01-09 14:01:35,976 - experiment_chaotic_lorenz_full_chaotic_run_0 - INFO - [ADVERSARIAL] Warmup: epoch 1/5
2026-01-09 14:01:36,983 - experiment_chaotic_lorenz_full_chaotic_run_0 - INFO - Epoch 0: Train Loss: 4.4658, Train Acc: 0.0424, Val Loss: 4.2633, Val Acc: 0.0449
2026-01-09 14:01:37,062 - experiment_chaotic_lorenz_full_chaotic_run_0 - INFO - Saved new best model at epoch 0
2026-01-09 14:01:38,055 - experiment_chaotic_lorenz_full_chaotic_run_0 - INFO - Train Epoch 1: [0/472 (0.0%)]	Loss: 4.671061
2026-01-09 14:01:47,138 - experiment_chaotic_lorenz_full_chaotic_run_0 - INFO - [ADVERSARIAL] Warmup: epoch 2/5
2026-01-09 14:01:48,085 - experiment_chaotic_lorenz_full_chaotic_run_0 - INFO - Epoch 1: Train Loss: 4.1486, Train Acc: 0.0513, Val Loss: 3.9100, Val Acc: 0.1011
2026-01-09 14:01:48,171 - experiment_chaotic_lorenz_full_chaotic_run_0 - INFO - Saved new best model at epoch 1
2026-01-09 14:01:49,088 - experiment_chaotic_lorenz_full_chaotic_run_0 - INFO - Train Epoch 2: [0/472 (0.0%)]	Loss: 3.622807
2026-01-09 14:01:58,076 - experiment_chaotic_lorenz_full_chaotic_run_0 - INFO - [ADVERSARIAL] Warmup: epoch 3/5
2026-01-09 14:01:59,045 - experiment_chaotic_lorenz_full_chaotic_run_0 - INFO - Epoch 2: Train Loss: 3.7365, Train Acc: 0.1094, Val Loss: 4.9368, Val Acc: 0.0449
2026-01-09 14:01:59,931 - experiment_chaotic_lorenz_full_chaotic_run_0 - INFO - Train Epoch 3: [0/472 (0.0%)]	Loss: 3.681845
2026-01-09 14:02:09,235 - experiment_chaotic_lorenz_full_chaotic_run_0 - INFO - [ADVERSARIAL] Warmup: epoch 4/5
2026-01-09 14:02:10,198 - experiment_chaotic_lorenz_full_chaotic_run_0 - INFO - Epoch 3: Train Loss: 3.4099, Train Acc: 0.1339, Val Loss: 5.2592, Val Acc: 0.0449
2026-01-09 14:02:11,083 - experiment_chaotic_lorenz_full_chaotic_run_0 - INFO - Train Epoch 4: [0/472 (0.0%)]	Loss: 3.271633
2026-01-09 14:02:20,077 - experiment_chaotic_lorenz_full_chaotic_run_0 - INFO - [ADVERSARIAL] Warmup: epoch 5/5
2026-01-09 14:02:21,047 - experiment_chaotic_lorenz_full_chaotic_run_0 - INFO - Epoch 4: Train Loss: 2.9002, Train Acc: 0.2478, Val Loss: 5.9101, Val Acc: 0.0449
2026-01-09 14:02:21,694 - experiment_chaotic_lorenz_full_chaotic_run_0 - INFO - Train Epoch 5: [0/472 (0.0%)]	Loss: 2.753514
2026-01-09 14:02:27,366 - experiment_chaotic_lorenz_full_chaotic_run_0 - INFO - [ADVERSARIAL] Warmup complete, adversarial training activated!
2026-01-09 14:02:28,339 - experiment_chaotic_lorenz_full_chaotic_run_0 - INFO - Epoch 5: Train Loss: 3.1242, Train Acc: 0.3482, Val Loss: 5.5278, Val Acc: 0.0449
2026-01-09 14:02:28,964 - experiment_chaotic_lorenz_full_chaotic_run_0 - INFO - Train Epoch 6: [0/472 (0.0%)]	Loss: 2.854467
2026-01-09 14:02:35,577 - experiment_chaotic_lorenz_full_chaotic_run_0 - INFO - Epoch 6: Train Loss: 2.6252, Train Acc: 0.4107, Val Loss: 7.1238, Val Acc: 0.0449
2026-01-09 14:02:36,204 - experiment_chaotic_lorenz_full_chaotic_run_0 - INFO - Train Epoch 7: [0/472 (0.0%)]	Loss: 2.825373
2026-01-09 14:02:42,980 - experiment_chaotic_lorenz_full_chaotic_run_0 - INFO - Epoch 7: Train Loss: 2.2172, Train Acc: 0.4978, Val Loss: 4.9261, Val Acc: 0.0449
2026-01-09 14:02:43,614 - experiment_chaotic_lorenz_full_chaotic_run_0 - INFO - Train Epoch 8: [0/472 (0.0%)]	Loss: 2.397832
2026-01-09 14:02:50,357 - experiment_chaotic_lorenz_full_chaotic_run_0 - INFO - Epoch 8: Train Loss: 1.9891, Train Acc: 0.5714, Val Loss: 6.3963, Val Acc: 0.0449
2026-01-09 14:02:50,991 - experiment_chaotic_lorenz_full_chaotic_run_0 - INFO - Train Epoch 9: [0/472 (0.0%)]	Loss: 1.657677
2026-01-09 14:02:57,613 - experiment_chaotic_lorenz_full_chaotic_run_0 - INFO - Epoch 9: Train Loss: 1.6806, Train Acc: 0.6451, Val Loss: 5.1408, Val Acc: 0.0674
2026-01-09 14:02:58,239 - experiment_chaotic_lorenz_full_chaotic_run_0 - INFO - Train Epoch 10: [0/472 (0.0%)]	Loss: 1.320593
2026-01-09 14:03:04,883 - experiment_chaotic_lorenz_full_chaotic_run_0 - INFO - Epoch 10: Train Loss: 1.3736, Train Acc: 0.7031, Val Loss: 4.7835, Val Acc: 0.0449
2026-01-09 14:03:05,588 - experiment_chaotic_lorenz_full_chaotic_run_0 - INFO - Train Epoch 11: [0/472 (0.0%)]	Loss: 1.506806
2026-01-09 14:03:12,338 - experiment_chaotic_lorenz_full_chaotic_run_0 - INFO - Epoch 11: Train Loss: 1.2716, Train Acc: 0.7254, Val Loss: 5.4972, Val Acc: 0.0449
2026-01-09 14:03:12,976 - experiment_chaotic_lorenz_full_chaotic_run_0 - INFO - Train Epoch 12: [0/472 (0.0%)]	Loss: 1.302573
2026-01-09 14:03:19,736 - experiment_chaotic_lorenz_full_chaotic_run_0 - INFO - Epoch 12: Train Loss: 1.1528, Train Acc: 0.7388, Val Loss: 5.2240, Val Acc: 0.0562
2026-01-09 14:03:20,366 - experiment_chaotic_lorenz_full_chaotic_run_0 - INFO - Train Epoch 13: [0/472 (0.0%)]	Loss: 0.783726
2026-01-09 14:03:27,131 - experiment_chaotic_lorenz_full_chaotic_run_0 - INFO - Epoch 13: Train Loss: 0.9795, Train Acc: 0.7946, Val Loss: 6.8690, Val Acc: 0.0674
2026-01-09 14:03:27,756 - experiment_chaotic_lorenz_full_chaotic_run_0 - INFO - Train Epoch 14: [0/472 (0.0%)]	Loss: 0.837267
2026-01-09 14:03:34,393 - experiment_chaotic_lorenz_full_chaotic_run_0 - INFO - Epoch 14: Train Loss: 0.9491, Train Acc: 0.7679, Val Loss: 8.1261, Val Acc: 0.0449
2026-01-09 14:03:35,024 - experiment_chaotic_lorenz_full_chaotic_run_0 - INFO - Train Epoch 15: [0/472 (0.0%)]	Loss: 0.812728
2026-01-09 14:03:41,645 - experiment_chaotic_lorenz_full_chaotic_run_0 - INFO - Epoch 15: Train Loss: 0.8279, Train Acc: 0.8326, Val Loss: 7.1785, Val Acc: 0.0899
2026-01-09 14:03:42,270 - experiment_chaotic_lorenz_full_chaotic_run_0 - INFO - Train Epoch 16: [0/472 (0.0%)]	Loss: 0.669199
2026-01-09 14:03:48,910 - experiment_chaotic_lorenz_full_chaotic_run_0 - INFO - Epoch 16: Train Loss: 0.8141, Train Acc: 0.8415, Val Loss: 7.3622, Val Acc: 0.0899
2026-01-09 14:03:49,531 - experiment_chaotic_lorenz_full_chaotic_run_0 - INFO - Train Epoch 17: [0/472 (0.0%)]	Loss: 0.734138
2026-01-09 14:03:56,163 - experiment_chaotic_lorenz_full_chaotic_run_0 - INFO - Epoch 17: Train Loss: 0.8001, Train Acc: 0.8438, Val Loss: 5.6086, Val Acc: 0.0449
2026-01-09 14:03:56,789 - experiment_chaotic_lorenz_full_chaotic_run_0 - INFO - Train Epoch 18: [0/472 (0.0%)]	Loss: 0.900950
2026-01-09 14:04:03,403 - experiment_chaotic_lorenz_full_chaotic_run_0 - INFO - Epoch 18: Train Loss: 0.7342, Train Acc: 0.8571, Val Loss: 3.9690, Val Acc: 0.1348
2026-01-09 14:04:03,486 - experiment_chaotic_lorenz_full_chaotic_run_0 - INFO - Saved new best model at epoch 18
2026-01-09 14:04:04,150 - experiment_chaotic_lorenz_full_chaotic_run_0 - INFO - Train Epoch 19: [0/472 (0.0%)]	Loss: 0.729049
2026-01-09 14:04:10,750 - experiment_chaotic_lorenz_full_chaotic_run_0 - INFO - Epoch 19: Train Loss: 0.6155, Train Acc: 0.8839, Val Loss: 6.6627, Val Acc: 0.1348
2026-01-09 14:04:11,391 - experiment_chaotic_lorenz_full_chaotic_run_0 - INFO - Train Epoch 20: [0/472 (0.0%)]	Loss: 0.720844
2026-01-09 14:04:18,004 - experiment_chaotic_lorenz_full_chaotic_run_0 - INFO - Epoch 20: Train Loss: 0.5789, Train Acc: 0.8817, Val Loss: 7.8376, Val Acc: 0.0787
2026-01-09 14:04:18,726 - experiment_chaotic_lorenz_full_chaotic_run_0 - INFO - Train Epoch 21: [0/472 (0.0%)]	Loss: 0.464619
2026-01-09 14:04:25,472 - experiment_chaotic_lorenz_full_chaotic_run_0 - INFO - Epoch 21: Train Loss: 0.5641, Train Acc: 0.8795, Val Loss: 5.5275, Val Acc: 0.0674
2026-01-09 14:04:26,106 - experiment_chaotic_lorenz_full_chaotic_run_0 - INFO - Train Epoch 22: [0/472 (0.0%)]	Loss: 1.081302
2026-01-09 14:04:32,740 - experiment_chaotic_lorenz_full_chaotic_run_0 - INFO - Epoch 22: Train Loss: 0.6126, Train Acc: 0.8750, Val Loss: 6.1881, Val Acc: 0.0449
2026-01-09 14:04:33,375 - experiment_chaotic_lorenz_full_chaotic_run_0 - INFO - Train Epoch 23: [0/472 (0.0%)]	Loss: 0.527654
2026-01-09 14:04:40,047 - experiment_chaotic_lorenz_full_chaotic_run_0 - INFO - Epoch 23: Train Loss: 0.6086, Train Acc: 0.8817, Val Loss: 4.8373, Val Acc: 0.1685
2026-01-09 14:04:40,130 - experiment_chaotic_lorenz_full_chaotic_run_0 - INFO - Saved new best model at epoch 23
2026-01-09 14:04:40,784 - experiment_chaotic_lorenz_full_chaotic_run_0 - INFO - Train Epoch 24: [0/472 (0.0%)]	Loss: 0.958622
2026-01-09 14:04:47,400 - experiment_chaotic_lorenz_full_chaotic_run_0 - INFO - Epoch 24: Train Loss: 0.4998, Train Acc: 0.8951, Val Loss: 7.6394, Val Acc: 0.0899
2026-01-09 14:04:48,019 - experiment_chaotic_lorenz_full_chaotic_run_0 - INFO - Train Epoch 25: [0/472 (0.0%)]	Loss: 0.424865
2026-01-09 14:04:54,638 - experiment_chaotic_lorenz_full_chaotic_run_0 - INFO - Epoch 25: Train Loss: 0.4819, Train Acc: 0.9018, Val Loss: 6.8640, Val Acc: 0.0562
2026-01-09 14:04:55,260 - experiment_chaotic_lorenz_full_chaotic_run_0 - INFO - Train Epoch 26: [0/472 (0.0%)]	Loss: 0.353623
2026-01-09 14:05:01,907 - experiment_chaotic_lorenz_full_chaotic_run_0 - INFO - Epoch 26: Train Loss: 0.4015, Train Acc: 0.9286, Val Loss: 5.9159, Val Acc: 0.1011
2026-01-09 14:05:02,541 - experiment_chaotic_lorenz_full_chaotic_run_0 - INFO - Train Epoch 27: [0/472 (0.0%)]	Loss: 0.393432
2026-01-09 14:05:09,162 - experiment_chaotic_lorenz_full_chaotic_run_0 - INFO - Epoch 27: Train Loss: 0.4435, Train Acc: 0.9219, Val Loss: 9.2976, Val Acc: 0.0899
2026-01-09 14:05:09,788 - experiment_chaotic_lorenz_full_chaotic_run_0 - INFO - Train Epoch 28: [0/472 (0.0%)]	Loss: 0.276560
2026-01-09 14:05:16,493 - experiment_chaotic_lorenz_full_chaotic_run_0 - INFO - Epoch 28: Train Loss: 0.4186, Train Acc: 0.9286, Val Loss: 9.3547, Val Acc: 0.0899
2026-01-09 14:05:17,129 - experiment_chaotic_lorenz_full_chaotic_run_0 - INFO - Train Epoch 29: [0/472 (0.0%)]	Loss: 0.272924
2026-01-09 14:05:23,867 - experiment_chaotic_lorenz_full_chaotic_run_0 - INFO - Epoch 29: Train Loss: 0.4364, Train Acc: 0.9107, Val Loss: 7.8851, Val Acc: 0.0899
2026-01-09 14:05:24,507 - experiment_chaotic_lorenz_full_chaotic_run_0 - INFO - Train Epoch 30: [0/472 (0.0%)]	Loss: 0.350067
2026-01-09 14:05:31,208 - experiment_chaotic_lorenz_full_chaotic_run_0 - INFO - Epoch 30: Train Loss: 0.3702, Train Acc: 0.9464, Val Loss: 7.7625, Val Acc: 0.0787
2026-01-09 14:05:31,896 - experiment_chaotic_lorenz_full_chaotic_run_0 - INFO - Train Epoch 31: [0/472 (0.0%)]	Loss: 0.462810
2026-01-09 14:05:38,507 - experiment_chaotic_lorenz_full_chaotic_run_0 - INFO - Epoch 31: Train Loss: 0.4099, Train Acc: 0.9219, Val Loss: 5.6523, Val Acc: 0.1573
2026-01-09 14:05:39,122 - experiment_chaotic_lorenz_full_chaotic_run_0 - INFO - Train Epoch 32: [0/472 (0.0%)]	Loss: 0.458501
2026-01-09 14:05:45,987 - experiment_chaotic_lorenz_full_chaotic_run_0 - INFO - Epoch 32: Train Loss: 0.3811, Train Acc: 0.9375, Val Loss: 4.1610, Val Acc: 0.2022
2026-01-09 14:05:46,069 - experiment_chaotic_lorenz_full_chaotic_run_0 - INFO - Saved new best model at epoch 32
2026-01-09 14:05:46,726 - experiment_chaotic_lorenz_full_chaotic_run_0 - INFO - Train Epoch 33: [0/472 (0.0%)]	Loss: 0.376431
2026-01-09 14:05:53,496 - experiment_chaotic_lorenz_full_chaotic_run_0 - INFO - Epoch 33: Train Loss: 0.3511, Train Acc: 0.9464, Val Loss: 4.8595, Val Acc: 0.2360
2026-01-09 14:05:53,579 - experiment_chaotic_lorenz_full_chaotic_run_0 - INFO - Saved new best model at epoch 33
2026-01-09 14:05:54,241 - experiment_chaotic_lorenz_full_chaotic_run_0 - INFO - Train Epoch 34: [0/472 (0.0%)]	Loss: 0.419508
2026-01-09 14:06:00,859 - experiment_chaotic_lorenz_full_chaotic_run_0 - INFO - Epoch 34: Train Loss: 0.4076, Train Acc: 0.9286, Val Loss: 6.8805, Val Acc: 0.1348
2026-01-09 14:06:01,483 - experiment_chaotic_lorenz_full_chaotic_run_0 - INFO - Train Epoch 35: [0/472 (0.0%)]	Loss: 0.186362
2026-01-09 14:06:08,115 - experiment_chaotic_lorenz_full_chaotic_run_0 - INFO - Epoch 35: Train Loss: 0.3780, Train Acc: 0.9353, Val Loss: 5.2505, Val Acc: 0.1573
2026-01-09 14:06:08,735 - experiment_chaotic_lorenz_full_chaotic_run_0 - INFO - Train Epoch 36: [0/472 (0.0%)]	Loss: 0.158125
2026-01-09 14:06:15,419 - experiment_chaotic_lorenz_full_chaotic_run_0 - INFO - Epoch 36: Train Loss: 0.2907, Train Acc: 0.9554, Val Loss: 6.9088, Val Acc: 0.1348
2026-01-09 14:06:16,047 - experiment_chaotic_lorenz_full_chaotic_run_0 - INFO - Train Epoch 37: [0/472 (0.0%)]	Loss: 0.175880
2026-01-09 14:06:22,837 - experiment_chaotic_lorenz_full_chaotic_run_0 - INFO - Epoch 37: Train Loss: 0.2278, Train Acc: 0.9844, Val Loss: 4.6572, Val Acc: 0.2022
2026-01-09 14:06:23,460 - experiment_chaotic_lorenz_full_chaotic_run_0 - INFO - Train Epoch 38: [0/472 (0.0%)]	Loss: 0.258675
2026-01-09 14:06:30,109 - experiment_chaotic_lorenz_full_chaotic_run_0 - INFO - Epoch 38: Train Loss: 0.2705, Train Acc: 0.9576, Val Loss: 4.3871, Val Acc: 0.2697
2026-01-09 14:06:30,192 - experiment_chaotic_lorenz_full_chaotic_run_0 - INFO - Saved new best model at epoch 38
2026-01-09 14:06:30,857 - experiment_chaotic_lorenz_full_chaotic_run_0 - INFO - Train Epoch 39: [0/472 (0.0%)]	Loss: 0.126259
2026-01-09 14:06:37,467 - experiment_chaotic_lorenz_full_chaotic_run_0 - INFO - Epoch 39: Train Loss: 0.2118, Train Acc: 0.9799, Val Loss: 2.9255, Val Acc: 0.3933
2026-01-09 14:06:37,548 - experiment_chaotic_lorenz_full_chaotic_run_0 - INFO - Saved new best model at epoch 39
2026-01-09 14:06:38,204 - experiment_chaotic_lorenz_full_chaotic_run_0 - INFO - Train Epoch 40: [0/472 (0.0%)]	Loss: 0.205793
2026-01-09 14:06:44,792 - experiment_chaotic_lorenz_full_chaotic_run_0 - INFO - Epoch 40: Train Loss: 0.2723, Train Acc: 0.9621, Val Loss: 8.1805, Val Acc: 0.1011
2026-01-09 14:06:45,486 - experiment_chaotic_lorenz_full_chaotic_run_0 - INFO - Train Epoch 41: [0/472 (0.0%)]	Loss: 0.156854
2026-01-09 14:06:52,115 - experiment_chaotic_lorenz_full_chaotic_run_0 - INFO - Epoch 41: Train Loss: 0.2186, Train Acc: 0.9799, Val Loss: 7.2322, Val Acc: 0.1011
2026-01-09 14:06:52,738 - experiment_chaotic_lorenz_full_chaotic_run_0 - INFO - Train Epoch 42: [0/472 (0.0%)]	Loss: 0.209231
2026-01-09 14:06:59,363 - experiment_chaotic_lorenz_full_chaotic_run_0 - INFO - Epoch 42: Train Loss: 0.1845, Train Acc: 0.9888, Val Loss: 6.6325, Val Acc: 0.1124
2026-01-09 14:06:59,994 - experiment_chaotic_lorenz_full_chaotic_run_0 - INFO - Train Epoch 43: [0/472 (0.0%)]	Loss: 0.148509
2026-01-09 14:07:06,614 - experiment_chaotic_lorenz_full_chaotic_run_0 - INFO - Epoch 43: Train Loss: 0.1769, Train Acc: 0.9844, Val Loss: 2.6838, Val Acc: 0.5169
2026-01-09 14:07:06,698 - experiment_chaotic_lorenz_full_chaotic_run_0 - INFO - Saved new best model at epoch 43
2026-01-09 14:07:07,366 - experiment_chaotic_lorenz_full_chaotic_run_0 - INFO - Train Epoch 44: [0/472 (0.0%)]	Loss: 0.162010
2026-01-09 14:07:14,014 - experiment_chaotic_lorenz_full_chaotic_run_0 - INFO - Epoch 44: Train Loss: 0.2242, Train Acc: 0.9777, Val Loss: 1.6760, Val Acc: 0.6292
2026-01-09 14:07:14,097 - experiment_chaotic_lorenz_full_chaotic_run_0 - INFO - Saved new best model at epoch 44
2026-01-09 14:07:14,757 - experiment_chaotic_lorenz_full_chaotic_run_0 - INFO - Train Epoch 45: [0/472 (0.0%)]	Loss: 0.141347
2026-01-09 14:07:21,348 - experiment_chaotic_lorenz_full_chaotic_run_0 - INFO - Epoch 45: Train Loss: 0.1709, Train Acc: 0.9911, Val Loss: 7.3390, Val Acc: 0.1573
2026-01-09 14:07:21,972 - experiment_chaotic_lorenz_full_chaotic_run_0 - INFO - Train Epoch 46: [0/472 (0.0%)]	Loss: 0.307149
2026-01-09 14:07:28,565 - experiment_chaotic_lorenz_full_chaotic_run_0 - INFO - Epoch 46: Train Loss: 0.1788, Train Acc: 0.9866, Val Loss: 4.1554, Val Acc: 0.4494
2026-01-09 14:07:29,184 - experiment_chaotic_lorenz_full_chaotic_run_0 - INFO - Train Epoch 47: [0/472 (0.0%)]	Loss: 0.232355
2026-01-09 14:07:35,835 - experiment_chaotic_lorenz_full_chaotic_run_0 - INFO - Epoch 47: Train Loss: 0.1799, Train Acc: 0.9866, Val Loss: 3.3509, Val Acc: 0.4045
2026-01-09 14:07:36,461 - experiment_chaotic_lorenz_full_chaotic_run_0 - INFO - Train Epoch 48: [0/472 (0.0%)]	Loss: 0.177955
2026-01-09 14:07:43,116 - experiment_chaotic_lorenz_full_chaotic_run_0 - INFO - Epoch 48: Train Loss: 0.1735, Train Acc: 0.9866, Val Loss: 3.5447, Val Acc: 0.3708
2026-01-09 14:07:43,734 - experiment_chaotic_lorenz_full_chaotic_run_0 - INFO - Train Epoch 49: [0/472 (0.0%)]	Loss: 0.133795
2026-01-09 14:07:50,465 - experiment_chaotic_lorenz_full_chaotic_run_0 - INFO - Epoch 49: Train Loss: 0.1665, Train Acc: 0.9933, Val Loss: 5.9250, Val Acc: 0.2022
2026-01-09 14:07:51,083 - experiment_chaotic_lorenz_full_chaotic_run_0 - INFO - Train Epoch 50: [0/472 (0.0%)]	Loss: 0.120710
2026-01-09 14:07:57,695 - experiment_chaotic_lorenz_full_chaotic_run_0 - INFO - Epoch 50: Train Loss: 0.1637, Train Acc: 0.9911, Val Loss: 5.3789, Val Acc: 0.1910
2026-01-09 14:07:58,402 - experiment_chaotic_lorenz_full_chaotic_run_0 - INFO - Train Epoch 51: [0/472 (0.0%)]	Loss: 0.337002
2026-01-09 14:08:05,027 - experiment_chaotic_lorenz_full_chaotic_run_0 - INFO - Epoch 51: Train Loss: 0.1903, Train Acc: 0.9799, Val Loss: 3.6544, Val Acc: 0.3483
2026-01-09 14:08:05,646 - experiment_chaotic_lorenz_full_chaotic_run_0 - INFO - Train Epoch 52: [0/472 (0.0%)]	Loss: 0.154179
2026-01-09 14:08:12,286 - experiment_chaotic_lorenz_full_chaotic_run_0 - INFO - Epoch 52: Train Loss: 0.1634, Train Acc: 0.9888, Val Loss: 5.3868, Val Acc: 0.1910
2026-01-09 14:08:12,920 - experiment_chaotic_lorenz_full_chaotic_run_0 - INFO - Train Epoch 53: [0/472 (0.0%)]	Loss: 0.112607
2026-01-09 14:08:19,590 - experiment_chaotic_lorenz_full_chaotic_run_0 - INFO - Epoch 53: Train Loss: 0.1535, Train Acc: 0.9911, Val Loss: 9.6681, Val Acc: 0.0899
2026-01-09 14:08:20,226 - experiment_chaotic_lorenz_full_chaotic_run_0 - INFO - Train Epoch 54: [0/472 (0.0%)]	Loss: 0.118340
2026-01-09 14:08:26,943 - experiment_chaotic_lorenz_full_chaotic_run_0 - INFO - Epoch 54: Train Loss: 0.1487, Train Acc: 0.9911, Val Loss: 8.5444, Val Acc: 0.0899
2026-01-09 14:08:27,562 - experiment_chaotic_lorenz_full_chaotic_run_0 - INFO - Train Epoch 55: [0/472 (0.0%)]	Loss: 0.187664
2026-01-09 14:08:34,183 - experiment_chaotic_lorenz_full_chaotic_run_0 - INFO - Epoch 55: Train Loss: 0.1662, Train Acc: 0.9911, Val Loss: 7.9798, Val Acc: 0.1124
2026-01-09 14:08:34,804 - experiment_chaotic_lorenz_full_chaotic_run_0 - INFO - Train Epoch 56: [0/472 (0.0%)]	Loss: 0.189014
2026-01-09 14:08:41,494 - experiment_chaotic_lorenz_full_chaotic_run_0 - INFO - Epoch 56: Train Loss: 0.1429, Train Acc: 0.9888, Val Loss: 7.6930, Val Acc: 0.1573
2026-01-09 14:08:42,116 - experiment_chaotic_lorenz_full_chaotic_run_0 - INFO - Train Epoch 57: [0/472 (0.0%)]	Loss: 0.203096
2026-01-09 14:08:48,712 - experiment_chaotic_lorenz_full_chaotic_run_0 - INFO - Epoch 57: Train Loss: 0.1466, Train Acc: 0.9933, Val Loss: 2.3476, Val Acc: 0.5843
2026-01-09 14:08:49,342 - experiment_chaotic_lorenz_full_chaotic_run_0 - INFO - Train Epoch 58: [0/472 (0.0%)]	Loss: 0.121245
2026-01-09 14:08:55,992 - experiment_chaotic_lorenz_full_chaotic_run_0 - INFO - Epoch 58: Train Loss: 0.1790, Train Acc: 0.9821, Val Loss: 2.9561, Val Acc: 0.5393
2026-01-09 14:08:56,611 - experiment_chaotic_lorenz_full_chaotic_run_0 - INFO - Train Epoch 59: [0/472 (0.0%)]	Loss: 0.202081
2026-01-09 14:09:03,346 - experiment_chaotic_lorenz_full_chaotic_run_0 - INFO - Epoch 59: Train Loss: 0.1553, Train Acc: 0.9888, Val Loss: 4.4258, Val Acc: 0.3933
2026-01-09 14:09:03,977 - experiment_chaotic_lorenz_full_chaotic_run_0 - INFO - Train Epoch 60: [0/472 (0.0%)]	Loss: 0.217477
2026-01-09 14:09:10,631 - experiment_chaotic_lorenz_full_chaotic_run_0 - INFO - Epoch 60: Train Loss: 0.1564, Train Acc: 0.9911, Val Loss: 7.1603, Val Acc: 0.1124
2026-01-09 14:09:11,346 - experiment_chaotic_lorenz_full_chaotic_run_0 - INFO - Train Epoch 61: [0/472 (0.0%)]	Loss: 0.430286
2026-01-09 14:09:17,999 - experiment_chaotic_lorenz_full_chaotic_run_0 - INFO - Epoch 61: Train Loss: 0.1688, Train Acc: 0.9888, Val Loss: 4.7169, Val Acc: 0.2809
2026-01-09 14:09:18,617 - experiment_chaotic_lorenz_full_chaotic_run_0 - INFO - Train Epoch 62: [0/472 (0.0%)]	Loss: 0.162486
2026-01-09 14:09:25,275 - experiment_chaotic_lorenz_full_chaotic_run_0 - INFO - Epoch 62: Train Loss: 0.1484, Train Acc: 0.9866, Val Loss: 3.5152, Val Acc: 0.4494
2026-01-09 14:09:25,908 - experiment_chaotic_lorenz_full_chaotic_run_0 - INFO - Train Epoch 63: [0/472 (0.0%)]	Loss: 0.132955
2026-01-09 14:09:32,633 - experiment_chaotic_lorenz_full_chaotic_run_0 - INFO - Epoch 63: Train Loss: 0.1360, Train Acc: 0.9911, Val Loss: 1.5540, Val Acc: 0.6854
2026-01-09 14:09:32,717 - experiment_chaotic_lorenz_full_chaotic_run_0 - INFO - Saved new best model at epoch 63
2026-01-09 14:09:33,372 - experiment_chaotic_lorenz_full_chaotic_run_0 - INFO - Train Epoch 64: [0/472 (0.0%)]	Loss: 0.157021
2026-01-09 14:09:39,984 - experiment_chaotic_lorenz_full_chaotic_run_0 - INFO - Epoch 64: Train Loss: 0.1286, Train Acc: 0.9978, Val Loss: 0.4473, Val Acc: 0.9326
2026-01-09 14:09:40,064 - experiment_chaotic_lorenz_full_chaotic_run_0 - INFO - Saved new best model at epoch 64
2026-01-09 14:09:40,924 - experiment_chaotic_lorenz_full_chaotic_run_0 - INFO - Train Epoch 65: [0/472 (0.0%)]	Loss: 0.113737
2026-01-09 14:09:47,567 - experiment_chaotic_lorenz_full_chaotic_run_0 - INFO - Epoch 65: Train Loss: 0.1424, Train Acc: 0.9888, Val Loss: 0.7674, Val Acc: 0.8539
2026-01-09 14:09:48,188 - experiment_chaotic_lorenz_full_chaotic_run_0 - INFO - Train Epoch 66: [0/472 (0.0%)]	Loss: 0.179155
2026-01-09 14:09:54,889 - experiment_chaotic_lorenz_full_chaotic_run_0 - INFO - Epoch 66: Train Loss: 0.1359, Train Acc: 0.9933, Val Loss: 2.2594, Val Acc: 0.5843
2026-01-09 14:09:55,509 - experiment_chaotic_lorenz_full_chaotic_run_0 - INFO - Train Epoch 67: [0/472 (0.0%)]	Loss: 0.116698
2026-01-09 14:10:02,093 - experiment_chaotic_lorenz_full_chaotic_run_0 - INFO - Epoch 67: Train Loss: 0.1313, Train Acc: 0.9978, Val Loss: 1.2659, Val Acc: 0.7753
2026-01-09 14:10:02,705 - experiment_chaotic_lorenz_full_chaotic_run_0 - INFO - Train Epoch 68: [0/472 (0.0%)]	Loss: 0.149292
2026-01-09 14:10:09,354 - experiment_chaotic_lorenz_full_chaotic_run_0 - INFO - Epoch 68: Train Loss: 0.1327, Train Acc: 0.9933, Val Loss: 0.2648, Val Acc: 0.9326
2026-01-09 14:10:09,981 - experiment_chaotic_lorenz_full_chaotic_run_0 - INFO - Train Epoch 69: [0/472 (0.0%)]	Loss: 0.109708
2026-01-09 14:10:16,598 - experiment_chaotic_lorenz_full_chaotic_run_0 - INFO - Epoch 69: Train Loss: 0.1315, Train Acc: 0.9955, Val Loss: 0.3282, Val Acc: 0.9101
2026-01-09 14:10:17,219 - experiment_chaotic_lorenz_full_chaotic_run_0 - INFO - Train Epoch 70: [0/472 (0.0%)]	Loss: 0.115530
2026-01-09 14:10:23,973 - experiment_chaotic_lorenz_full_chaotic_run_0 - INFO - Epoch 70: Train Loss: 0.1196, Train Acc: 1.0000, Val Loss: 1.3148, Val Acc: 0.7753
2026-01-09 14:10:24,668 - experiment_chaotic_lorenz_full_chaotic_run_0 - INFO - Train Epoch 71: [0/472 (0.0%)]	Loss: 0.115451
2026-01-09 14:10:31,288 - experiment_chaotic_lorenz_full_chaotic_run_0 - INFO - Epoch 71: Train Loss: 0.1203, Train Acc: 1.0000, Val Loss: 0.2461, Val Acc: 0.9326
2026-01-09 14:10:31,911 - experiment_chaotic_lorenz_full_chaotic_run_0 - INFO - Train Epoch 72: [0/472 (0.0%)]	Loss: 0.110641
2026-01-09 14:10:38,507 - experiment_chaotic_lorenz_full_chaotic_run_0 - INFO - Epoch 72: Train Loss: 0.1201, Train Acc: 0.9978, Val Loss: 0.2464, Val Acc: 0.9438
2026-01-09 14:10:38,593 - experiment_chaotic_lorenz_full_chaotic_run_0 - INFO - Saved new best model at epoch 72
2026-01-09 14:10:39,265 - experiment_chaotic_lorenz_full_chaotic_run_0 - INFO - Train Epoch 73: [0/472 (0.0%)]	Loss: 0.106557
2026-01-09 14:10:45,960 - experiment_chaotic_lorenz_full_chaotic_run_0 - INFO - Epoch 73: Train Loss: 0.1251, Train Acc: 0.9933, Val Loss: 0.1399, Val Acc: 0.9551
2026-01-09 14:10:46,043 - experiment_chaotic_lorenz_full_chaotic_run_0 - INFO - Saved new best model at epoch 73
2026-01-09 14:10:46,693 - experiment_chaotic_lorenz_full_chaotic_run_0 - INFO - Train Epoch 74: [0/472 (0.0%)]	Loss: 0.111126
2026-01-09 14:10:53,342 - experiment_chaotic_lorenz_full_chaotic_run_0 - INFO - Epoch 74: Train Loss: 0.1202, Train Acc: 0.9955, Val Loss: 0.5411, Val Acc: 0.8764
2026-01-09 14:10:53,979 - experiment_chaotic_lorenz_full_chaotic_run_0 - INFO - Train Epoch 75: [0/472 (0.0%)]	Loss: 0.115822
2026-01-09 14:11:00,607 - experiment_chaotic_lorenz_full_chaotic_run_0 - INFO - Epoch 75: Train Loss: 0.1261, Train Acc: 0.9955, Val Loss: 2.5989, Val Acc: 0.6067
2026-01-09 14:11:01,217 - experiment_chaotic_lorenz_full_chaotic_run_0 - INFO - Train Epoch 76: [0/472 (0.0%)]	Loss: 0.170534
2026-01-09 14:11:07,862 - experiment_chaotic_lorenz_full_chaotic_run_0 - INFO - Epoch 76: Train Loss: 0.1260, Train Acc: 0.9955, Val Loss: 2.1410, Val Acc: 0.5843
2026-01-09 14:11:08,484 - experiment_chaotic_lorenz_full_chaotic_run_0 - INFO - Train Epoch 77: [0/472 (0.0%)]	Loss: 0.121431
2026-01-09 14:11:15,123 - experiment_chaotic_lorenz_full_chaotic_run_0 - INFO - Epoch 77: Train Loss: 0.1286, Train Acc: 0.9978, Val Loss: 2.4602, Val Acc: 0.5730
2026-01-09 14:11:15,735 - experiment_chaotic_lorenz_full_chaotic_run_0 - INFO - Train Epoch 78: [0/472 (0.0%)]	Loss: 0.119703
2026-01-09 14:11:22,349 - experiment_chaotic_lorenz_full_chaotic_run_0 - INFO - Epoch 78: Train Loss: 0.1365, Train Acc: 0.9911, Val Loss: 2.1215, Val Acc: 0.5618
2026-01-09 14:11:22,994 - experiment_chaotic_lorenz_full_chaotic_run_0 - INFO - Train Epoch 79: [0/472 (0.0%)]	Loss: 0.114745
2026-01-09 14:11:29,632 - experiment_chaotic_lorenz_full_chaotic_run_0 - INFO - Epoch 79: Train Loss: 0.1179, Train Acc: 1.0000, Val Loss: 0.8292, Val Acc: 0.8315
2026-01-09 14:11:30,257 - experiment_chaotic_lorenz_full_chaotic_run_0 - INFO - Train Epoch 80: [0/472 (0.0%)]	Loss: 0.109647
2026-01-09 14:11:36,916 - experiment_chaotic_lorenz_full_chaotic_run_0 - INFO - Epoch 80: Train Loss: 0.1236, Train Acc: 0.9978, Val Loss: 0.3704, Val Acc: 0.9213
2026-01-09 14:11:37,607 - experiment_chaotic_lorenz_full_chaotic_run_0 - INFO - Train Epoch 81: [0/472 (0.0%)]	Loss: 0.125328
2026-01-09 14:11:44,184 - experiment_chaotic_lorenz_full_chaotic_run_0 - INFO - Epoch 81: Train Loss: 0.1225, Train Acc: 0.9978, Val Loss: 0.6219, Val Acc: 0.8539
2026-01-09 14:11:44,799 - experiment_chaotic_lorenz_full_chaotic_run_0 - INFO - Train Epoch 82: [0/472 (0.0%)]	Loss: 0.108173
2026-01-09 14:11:51,346 - experiment_chaotic_lorenz_full_chaotic_run_0 - INFO - Epoch 82: Train Loss: 0.1215, Train Acc: 0.9978, Val Loss: 0.1506, Val Acc: 0.9663
2026-01-09 14:11:51,431 - experiment_chaotic_lorenz_full_chaotic_run_0 - INFO - Saved new best model at epoch 82
2026-01-09 14:11:52,097 - experiment_chaotic_lorenz_full_chaotic_run_0 - INFO - Train Epoch 83: [0/472 (0.0%)]	Loss: 0.137225
2026-01-09 14:11:58,700 - experiment_chaotic_lorenz_full_chaotic_run_0 - INFO - Epoch 83: Train Loss: 0.1260, Train Acc: 0.9978, Val Loss: 0.5698, Val Acc: 0.8652
2026-01-09 14:11:59,353 - experiment_chaotic_lorenz_full_chaotic_run_0 - INFO - Train Epoch 84: [0/472 (0.0%)]	Loss: 0.107373
2026-01-09 14:12:05,972 - experiment_chaotic_lorenz_full_chaotic_run_0 - INFO - Epoch 84: Train Loss: 0.1157, Train Acc: 0.9978, Val Loss: 0.1380, Val Acc: 0.9438
2026-01-09 14:12:06,620 - experiment_chaotic_lorenz_full_chaotic_run_0 - INFO - Train Epoch 85: [0/472 (0.0%)]	Loss: 0.112826
2026-01-09 14:12:13,282 - experiment_chaotic_lorenz_full_chaotic_run_0 - INFO - Epoch 85: Train Loss: 0.1163, Train Acc: 1.0000, Val Loss: 0.0482, Val Acc: 0.9775
2026-01-09 14:12:13,364 - experiment_chaotic_lorenz_full_chaotic_run_0 - INFO - Saved new best model at epoch 85
2026-01-09 14:12:14,019 - experiment_chaotic_lorenz_full_chaotic_run_0 - INFO - Train Epoch 86: [0/472 (0.0%)]	Loss: 0.126143
2026-01-09 14:12:20,603 - experiment_chaotic_lorenz_full_chaotic_run_0 - INFO - Epoch 86: Train Loss: 0.1193, Train Acc: 1.0000, Val Loss: 0.0556, Val Acc: 0.9775
2026-01-09 14:12:21,216 - experiment_chaotic_lorenz_full_chaotic_run_0 - INFO - Train Epoch 87: [0/472 (0.0%)]	Loss: 0.107285
2026-01-09 14:12:27,798 - experiment_chaotic_lorenz_full_chaotic_run_0 - INFO - Epoch 87: Train Loss: 0.1230, Train Acc: 0.9978, Val Loss: 0.1041, Val Acc: 0.9438
2026-01-09 14:12:28,401 - experiment_chaotic_lorenz_full_chaotic_run_0 - INFO - Train Epoch 88: [0/472 (0.0%)]	Loss: 0.114589
2026-01-09 14:12:34,987 - experiment_chaotic_lorenz_full_chaotic_run_0 - INFO - Epoch 88: Train Loss: 0.1206, Train Acc: 0.9978, Val Loss: 0.0811, Val Acc: 0.9663
2026-01-09 14:12:35,606 - experiment_chaotic_lorenz_full_chaotic_run_0 - INFO - Train Epoch 89: [0/472 (0.0%)]	Loss: 0.107702
2026-01-09 14:12:42,298 - experiment_chaotic_lorenz_full_chaotic_run_0 - INFO - Epoch 89: Train Loss: 0.1237, Train Acc: 0.9978, Val Loss: 0.0514, Val Acc: 0.9775
2026-01-09 14:12:42,922 - experiment_chaotic_lorenz_full_chaotic_run_0 - INFO - Train Epoch 90: [0/472 (0.0%)]	Loss: 0.128146
2026-01-09 14:12:49,469 - experiment_chaotic_lorenz_full_chaotic_run_0 - INFO - Epoch 90: Train Loss: 0.1307, Train Acc: 0.9933, Val Loss: 0.0554, Val Acc: 0.9775
2026-01-09 14:12:50,162 - experiment_chaotic_lorenz_full_chaotic_run_0 - INFO - Train Epoch 91: [0/472 (0.0%)]	Loss: 0.108663
2026-01-09 14:12:56,763 - experiment_chaotic_lorenz_full_chaotic_run_0 - INFO - Epoch 91: Train Loss: 0.1286, Train Acc: 0.9978, Val Loss: 0.0393, Val Acc: 0.9888
2026-01-09 14:12:56,845 - experiment_chaotic_lorenz_full_chaotic_run_0 - INFO - Saved new best model at epoch 91
2026-01-09 14:12:57,496 - experiment_chaotic_lorenz_full_chaotic_run_0 - INFO - Train Epoch 92: [0/472 (0.0%)]	Loss: 0.111253
2026-01-09 14:13:04,065 - experiment_chaotic_lorenz_full_chaotic_run_0 - INFO - Epoch 92: Train Loss: 0.1178, Train Acc: 0.9978, Val Loss: 0.0509, Val Acc: 0.9663
2026-01-09 14:13:04,688 - experiment_chaotic_lorenz_full_chaotic_run_0 - INFO - Train Epoch 93: [0/472 (0.0%)]	Loss: 0.113097
2026-01-09 14:13:11,371 - experiment_chaotic_lorenz_full_chaotic_run_0 - INFO - Epoch 93: Train Loss: 0.1157, Train Acc: 1.0000, Val Loss: 0.0422, Val Acc: 0.9775
2026-01-09 14:13:11,988 - experiment_chaotic_lorenz_full_chaotic_run_0 - INFO - Train Epoch 94: [0/472 (0.0%)]	Loss: 0.214942
2026-01-09 14:13:18,570 - experiment_chaotic_lorenz_full_chaotic_run_0 - INFO - Epoch 94: Train Loss: 0.1244, Train Acc: 0.9978, Val Loss: 0.0292, Val Acc: 0.9888
2026-01-09 14:13:19,191 - experiment_chaotic_lorenz_full_chaotic_run_0 - INFO - Train Epoch 95: [0/472 (0.0%)]	Loss: 0.106698
2026-01-09 14:13:25,786 - experiment_chaotic_lorenz_full_chaotic_run_0 - INFO - Epoch 95: Train Loss: 0.1268, Train Acc: 0.9955, Val Loss: 0.0384, Val Acc: 0.9775
2026-01-09 14:13:26,407 - experiment_chaotic_lorenz_full_chaotic_run_0 - INFO - Train Epoch 96: [0/472 (0.0%)]	Loss: 0.106012
2026-01-09 14:13:33,053 - experiment_chaotic_lorenz_full_chaotic_run_0 - INFO - Epoch 96: Train Loss: 0.1209, Train Acc: 0.9978, Val Loss: 0.0359, Val Acc: 0.9775
2026-01-09 14:13:33,661 - experiment_chaotic_lorenz_full_chaotic_run_0 - INFO - Train Epoch 97: [0/472 (0.0%)]	Loss: 0.111481
2026-01-09 14:13:40,284 - experiment_chaotic_lorenz_full_chaotic_run_0 - INFO - Epoch 97: Train Loss: 0.1310, Train Acc: 0.9933, Val Loss: 0.0406, Val Acc: 0.9775
2026-01-09 14:13:40,914 - experiment_chaotic_lorenz_full_chaotic_run_0 - INFO - Train Epoch 98: [0/472 (0.0%)]	Loss: 0.109512
2026-01-09 14:13:47,630 - experiment_chaotic_lorenz_full_chaotic_run_0 - INFO - Epoch 98: Train Loss: 0.1243, Train Acc: 0.9933, Val Loss: 0.0446, Val Acc: 0.9775
2026-01-09 14:13:48,243 - experiment_chaotic_lorenz_full_chaotic_run_0 - INFO - Train Epoch 99: [0/472 (0.0%)]	Loss: 0.123215
2026-01-09 14:13:55,053 - experiment_chaotic_lorenz_full_chaotic_run_0 - INFO - Epoch 99: Train Loss: 0.1318, Train Acc: 0.9888, Val Loss: 0.0429, Val Acc: 0.9888
2026-01-09 14:13:55,057 - experiment_chaotic_lorenz_full_chaotic_run_0 - INFO - Running final test evaluation...
2026-01-09 14:13:55,852 - experiment_chaotic_lorenz_full_chaotic_run_0 - INFO - Test Results:
2026-01-09 14:13:55,852 - experiment_chaotic_lorenz_full_chaotic_run_0 - INFO -   loss: 0.2266
2026-01-09 14:13:55,852 - experiment_chaotic_lorenz_full_chaotic_run_0 - INFO -   accuracy: 0.9407
2026-01-09 14:13:55,852 - experiment_chaotic_lorenz_full_chaotic_run_0 - INFO -   avg_confidence: 0.9858
2026-01-09 14:13:55,852 - experiment_chaotic_lorenz_full_chaotic_run_0 - INFO -   embedding_diversity: 0.1221
2026-01-09 14:13:55,852 - experiment_chaotic_lorenz_full_chaotic_run_0 - INFO -   embedding_norm_mean: 1.0000
2026-01-09 14:13:55,852 - experiment_chaotic_lorenz_full_chaotic_run_0 - INFO -   embedding_norm_std: 0.0000
2026-01-09 14:13:55,854 - experiment_chaotic_lorenz_full_chaotic_run_0 - INFO - Training completed
2026-01-09 14:13:56,641 - experiment_chaotic_lorenz_full_chaotic_run_0 - INFO - Running comprehensive chaotic network analysis...
2026-01-09 14:13:56,642 - experiment_chaotic_lorenz_full_chaotic_run_0 - INFO - Analyzing chaotic features and dynamics...
2026-01-09 14:13:57,305 - experiment_chaotic_lorenz_full_chaotic_run_0 - INFO - Chaotic analysis completed
2026-01-09 14:13:57,306 - experiment_chaotic_lorenz_full_chaotic_run_0 - INFO - Creating chaotic dynamics visualizations...
2026-01-09 14:13:59,537 - experiment_chaotic_lorenz_full_chaotic_run_0 - WARNING - Embedding plotting failed: boolean index did not match indexed array along dimension 0; dimension is 8 but corresponding boolean dimension is 32
2026-01-09 14:13:59,543 - experiment_chaotic_lorenz_full_chaotic_run_0 - INFO - Chaotic network analysis completed
2026-01-09 16:50:46,923 - experiment_chaotic_lorenz_full_chaotic_run_0 - INFO - Initialized experiment: chaotic_lorenz_full_chaotic_run_0
2026-01-09 16:50:46,928 - experiment_chaotic_lorenz_full_chaotic_run_0 - INFO - Device: cuda
2026-01-09 16:50:46,928 - experiment_chaotic_lorenz_full_chaotic_run_0 - INFO - Output directory: /scratch/project_2003370/yueyao/Model/experiments/configs/sync_experiments/B/experiments/chaotic_lorenz_full_chaotic_run_0
2026-01-09 16:50:46,928 - experiment_chaotic_lorenz_full_chaotic_run_0 - INFO - Initialized chaotic network experiment with lorenz system
2026-01-09 16:50:46,928 - experiment_chaotic_lorenz_full_chaotic_run_0 - INFO - Setting up experiment components...
2026-01-09 16:50:46,928 - experiment_chaotic_lorenz_full_chaotic_run_0 - INFO - Creating dataloaders...
2026-01-09 16:50:47,329 - experiment_chaotic_lorenz_full_chaotic_run_0 - INFO - Detected 26 speakers in dataset
2026-01-09 16:50:47,329 - experiment_chaotic_lorenz_full_chaotic_run_0 - INFO - Dataloaders created:
2026-01-09 16:50:47,329 - experiment_chaotic_lorenz_full_chaotic_run_0 - INFO -   Train: 14 batches
2026-01-09 16:50:47,329 - experiment_chaotic_lorenz_full_chaotic_run_0 - INFO -   Val: 3 batches
2026-01-09 16:50:47,330 - experiment_chaotic_lorenz_full_chaotic_run_0 - INFO -   Test: 4 batches
2026-01-09 16:50:47,330 - experiment_chaotic_lorenz_full_chaotic_run_0 - INFO - Creating model...
2026-01-09 16:50:47,330 - experiment_chaotic_lorenz_full_chaotic_run_0 - INFO - Using actual num_speakers from dataset: 26
2026-01-09 16:50:47,330 - experiment_chaotic_lorenz_full_chaotic_run_0 - INFO - [BIFURCATION] use_bifurcation_control=False
2026-01-09 16:51:15,300 - experiment_chaotic_lorenz_full_chaotic_run_0 - INFO - Total parameters: 458,181
2026-01-09 16:51:15,316 - experiment_chaotic_lorenz_full_chaotic_run_0 - INFO - Trainable parameters: 458,181
2026-01-09 16:51:15,316 - experiment_chaotic_lorenz_full_chaotic_run_0 - INFO - Creating optimizer...
2026-01-09 16:51:17,019 - experiment_chaotic_lorenz_full_chaotic_run_0 - INFO - Optimizer: AdamW
2026-01-09 16:51:17,020 - experiment_chaotic_lorenz_full_chaotic_run_0 - INFO - Creating scheduler...
2026-01-09 16:51:17,020 - experiment_chaotic_lorenz_full_chaotic_run_0 - INFO - Scheduler: CosineAnnealingLR
2026-01-09 16:51:17,020 - experiment_chaotic_lorenz_full_chaotic_run_0 - INFO - Creating criterion...
2026-01-09 16:51:17,020 - experiment_chaotic_lorenz_full_chaotic_run_0 - INFO - Criterion: CrossEntropyLoss
2026-01-09 16:51:17,103 - experiment_chaotic_lorenz_full_chaotic_run_0 - INFO - Configuration saved to: /scratch/project_2003370/yueyao/Model/experiments/configs/sync_experiments/B/experiments/chaotic_lorenz_full_chaotic_run_0/config.json
2026-01-09 16:51:17,103 - experiment_chaotic_lorenz_full_chaotic_run_0 - INFO - Experiment setup completed
2026-01-09 16:51:17,104 - experiment_chaotic_lorenz_full_chaotic_run_0 - INFO - Starting training for 100 epochs
2026-01-09 16:51:17,278 - experiment_chaotic_lorenz_full_chaotic_run_0 - INFO - 
================================================================================
2026-01-09 16:51:17,278 - experiment_chaotic_lorenz_full_chaotic_run_0 - INFO - COMPREHENSIVE DEBUG - FIRST BATCH
2026-01-09 16:51:17,279 - experiment_chaotic_lorenz_full_chaotic_run_0 - INFO - ================================================================================
2026-01-09 16:51:17,279 - experiment_chaotic_lorenz_full_chaotic_run_0 - INFO - Batch Info:
2026-01-09 16:51:17,279 - experiment_chaotic_lorenz_full_chaotic_run_0 - INFO -   Audio shape: torch.Size([32, 48000])
2026-01-09 16:51:17,279 - experiment_chaotic_lorenz_full_chaotic_run_0 - INFO -   Targets shape: torch.Size([32])
2026-01-09 16:51:17,286 - experiment_chaotic_lorenz_full_chaotic_run_0 - INFO -   Targets (first 8): tensor([19, 24, 16, 12, 16, 10,  8,  2], device='cuda:0')
2026-01-09 16:51:19,062 - experiment_chaotic_lorenz_full_chaotic_run_0 - INFO - ================================================================================

2026-01-09 16:51:19,064 - experiment_chaotic_lorenz_full_chaotic_run_0 - INFO - [ADVERSARIAL] Initialized AdversarialChaoticAugmentation
2026-01-09 16:51:19,217 - experiment_chaotic_lorenz_full_chaotic_run_0 - INFO - [SYNC LOSS] Initialized PhaseSynchronizationLoss
2026-01-09 16:51:19,364 - experiment_chaotic_lorenz_full_chaotic_run_0 - INFO - [STABILITY] Initialized LyapunovStabilityLoss
2026-01-09 16:51:20,530 - experiment_chaotic_lorenz_full_chaotic_run_0 - INFO - Train Epoch 0: [0/472 (0.0%)]	Loss: 4.872300
2026-01-09 16:51:27,992 - experiment_chaotic_lorenz_full_chaotic_run_0 - INFO - [ADVERSARIAL] Warmup: epoch 1/5
2026-01-09 16:51:28,872 - experiment_chaotic_lorenz_full_chaotic_run_0 - INFO - Epoch 0: Train Loss: 4.4524, Train Acc: 0.0603, Val Loss: 4.2513, Val Acc: 0.0562
2026-01-09 16:51:28,955 - experiment_chaotic_lorenz_full_chaotic_run_0 - INFO - Saved new best model at epoch 0
2026-01-09 16:51:29,785 - experiment_chaotic_lorenz_full_chaotic_run_0 - INFO - Train Epoch 1: [0/472 (0.0%)]	Loss: 4.436406
2026-01-09 16:51:37,177 - experiment_chaotic_lorenz_full_chaotic_run_0 - INFO - [ADVERSARIAL] Warmup: epoch 2/5
2026-01-09 16:51:38,047 - experiment_chaotic_lorenz_full_chaotic_run_0 - INFO - Epoch 1: Train Loss: 4.1730, Train Acc: 0.0692, Val Loss: 4.2702, Val Acc: 0.0449
2026-01-09 16:51:38,775 - experiment_chaotic_lorenz_full_chaotic_run_0 - INFO - Train Epoch 2: [0/472 (0.0%)]	Loss: 3.693514
2026-01-09 16:51:46,411 - experiment_chaotic_lorenz_full_chaotic_run_0 - INFO - [ADVERSARIAL] Warmup: epoch 3/5
2026-01-09 16:51:47,290 - experiment_chaotic_lorenz_full_chaotic_run_0 - INFO - Epoch 2: Train Loss: 3.4640, Train Acc: 0.1473, Val Loss: 4.0520, Val Acc: 0.0449
2026-01-09 16:51:48,032 - experiment_chaotic_lorenz_full_chaotic_run_0 - INFO - Train Epoch 3: [0/472 (0.0%)]	Loss: 3.055899
2026-01-09 16:51:55,454 - experiment_chaotic_lorenz_full_chaotic_run_0 - INFO - [ADVERSARIAL] Warmup: epoch 4/5
2026-01-09 16:51:56,330 - experiment_chaotic_lorenz_full_chaotic_run_0 - INFO - Epoch 3: Train Loss: 3.2384, Train Acc: 0.1451, Val Loss: 4.0421, Val Acc: 0.0337
2026-01-09 16:51:57,055 - experiment_chaotic_lorenz_full_chaotic_run_0 - INFO - Train Epoch 4: [0/472 (0.0%)]	Loss: 3.434969
2026-01-09 16:52:04,524 - experiment_chaotic_lorenz_full_chaotic_run_0 - INFO - [ADVERSARIAL] Warmup: epoch 5/5
2026-01-09 16:52:05,411 - experiment_chaotic_lorenz_full_chaotic_run_0 - INFO - Epoch 4: Train Loss: 3.1942, Train Acc: 0.1384, Val Loss: 4.3568, Val Acc: 0.0449
2026-01-09 16:52:05,995 - experiment_chaotic_lorenz_full_chaotic_run_0 - INFO - Train Epoch 5: [0/472 (0.0%)]	Loss: 3.382179
2026-01-09 16:52:10,916 - experiment_chaotic_lorenz_full_chaotic_run_0 - INFO - [ADVERSARIAL] Warmup complete, adversarial training activated!
2026-01-09 16:52:11,771 - experiment_chaotic_lorenz_full_chaotic_run_0 - INFO - Epoch 5: Train Loss: 3.4336, Train Acc: 0.2924, Val Loss: 4.6199, Val Acc: 0.0449
2026-01-09 16:52:12,295 - experiment_chaotic_lorenz_full_chaotic_run_0 - INFO - Train Epoch 6: [0/472 (0.0%)]	Loss: 3.337097
2026-01-09 16:52:18,045 - experiment_chaotic_lorenz_full_chaotic_run_0 - INFO - Epoch 6: Train Loss: 3.0301, Train Acc: 0.3571, Val Loss: 5.5403, Val Acc: 0.0449
2026-01-09 16:52:18,567 - experiment_chaotic_lorenz_full_chaotic_run_0 - INFO - Train Epoch 7: [0/472 (0.0%)]	Loss: 2.908362
2026-01-09 16:52:24,247 - experiment_chaotic_lorenz_full_chaotic_run_0 - INFO - Epoch 7: Train Loss: 2.5408, Train Acc: 0.4152, Val Loss: 5.8750, Val Acc: 0.0449
2026-01-09 16:52:24,770 - experiment_chaotic_lorenz_full_chaotic_run_0 - INFO - Train Epoch 8: [0/472 (0.0%)]	Loss: 2.597799
2026-01-09 16:52:30,451 - experiment_chaotic_lorenz_full_chaotic_run_0 - INFO - Epoch 8: Train Loss: 2.2906, Train Acc: 0.4754, Val Loss: 4.0291, Val Acc: 0.0449
2026-01-09 16:52:30,972 - experiment_chaotic_lorenz_full_chaotic_run_0 - INFO - Train Epoch 9: [0/472 (0.0%)]	Loss: 1.547090
2026-01-09 16:52:36,649 - experiment_chaotic_lorenz_full_chaotic_run_0 - INFO - Epoch 9: Train Loss: 1.8458, Train Acc: 0.5670, Val Loss: 3.8679, Val Acc: 0.0449
2026-01-09 16:52:37,180 - experiment_chaotic_lorenz_full_chaotic_run_0 - INFO - Train Epoch 10: [0/472 (0.0%)]	Loss: 1.524652
2026-01-09 16:52:43,021 - experiment_chaotic_lorenz_full_chaotic_run_0 - INFO - Epoch 10: Train Loss: 1.6934, Train Acc: 0.6138, Val Loss: 3.5303, Val Acc: 0.1348
2026-01-09 16:52:43,110 - experiment_chaotic_lorenz_full_chaotic_run_0 - INFO - Saved new best model at epoch 10
2026-01-09 16:52:43,747 - experiment_chaotic_lorenz_full_chaotic_run_0 - INFO - Train Epoch 11: [0/472 (0.0%)]	Loss: 1.636868
2026-01-09 16:52:49,526 - experiment_chaotic_lorenz_full_chaotic_run_0 - INFO - Epoch 11: Train Loss: 1.4356, Train Acc: 0.6406, Val Loss: 5.2232, Val Acc: 0.0449
2026-01-09 16:52:50,062 - experiment_chaotic_lorenz_full_chaotic_run_0 - INFO - Train Epoch 12: [0/472 (0.0%)]	Loss: 1.413194
2026-01-09 16:52:55,844 - experiment_chaotic_lorenz_full_chaotic_run_0 - INFO - Epoch 12: Train Loss: 1.3712, Train Acc: 0.6830, Val Loss: 5.9157, Val Acc: 0.0449
2026-01-09 16:52:56,382 - experiment_chaotic_lorenz_full_chaotic_run_0 - INFO - Train Epoch 13: [0/472 (0.0%)]	Loss: 1.159880
2026-01-09 16:53:02,172 - experiment_chaotic_lorenz_full_chaotic_run_0 - INFO - Epoch 13: Train Loss: 1.0914, Train Acc: 0.7924, Val Loss: 5.4896, Val Acc: 0.0674
2026-01-09 16:53:02,709 - experiment_chaotic_lorenz_full_chaotic_run_0 - INFO - Train Epoch 14: [0/472 (0.0%)]	Loss: 0.981591
2026-01-09 16:53:08,459 - experiment_chaotic_lorenz_full_chaotic_run_0 - INFO - Epoch 14: Train Loss: 0.9774, Train Acc: 0.7768, Val Loss: 6.2772, Val Acc: 0.0449
2026-01-09 16:53:08,986 - experiment_chaotic_lorenz_full_chaotic_run_0 - INFO - Train Epoch 15: [0/472 (0.0%)]	Loss: 0.973645
2026-01-09 16:53:14,697 - experiment_chaotic_lorenz_full_chaotic_run_0 - INFO - Epoch 15: Train Loss: 0.8723, Train Acc: 0.8147, Val Loss: 4.9389, Val Acc: 0.0562
2026-01-09 16:53:15,225 - experiment_chaotic_lorenz_full_chaotic_run_0 - INFO - Train Epoch 16: [0/472 (0.0%)]	Loss: 0.523400
2026-01-09 16:53:21,006 - experiment_chaotic_lorenz_full_chaotic_run_0 - INFO - Epoch 16: Train Loss: 0.8914, Train Acc: 0.8192, Val Loss: 3.9545, Val Acc: 0.2022
2026-01-09 16:53:21,089 - experiment_chaotic_lorenz_full_chaotic_run_0 - INFO - Saved new best model at epoch 16
2026-01-09 16:53:21,643 - experiment_chaotic_lorenz_full_chaotic_run_0 - INFO - Train Epoch 17: [0/472 (0.0%)]	Loss: 0.758780
2026-01-09 16:53:27,359 - experiment_chaotic_lorenz_full_chaotic_run_0 - INFO - Epoch 17: Train Loss: 0.8764, Train Acc: 0.8147, Val Loss: 8.1371, Val Acc: 0.0449
2026-01-09 16:53:27,890 - experiment_chaotic_lorenz_full_chaotic_run_0 - INFO - Train Epoch 18: [0/472 (0.0%)]	Loss: 0.841123
2026-01-09 16:53:33,715 - experiment_chaotic_lorenz_full_chaotic_run_0 - INFO - Epoch 18: Train Loss: 0.9671, Train Acc: 0.7924, Val Loss: 4.3363, Val Acc: 0.1011
2026-01-09 16:53:34,240 - experiment_chaotic_lorenz_full_chaotic_run_0 - INFO - Train Epoch 19: [0/472 (0.0%)]	Loss: 0.666593
2026-01-09 16:53:39,911 - experiment_chaotic_lorenz_full_chaotic_run_0 - INFO - Epoch 19: Train Loss: 0.6230, Train Acc: 0.8817, Val Loss: 1.7986, Val Acc: 0.5169
2026-01-09 16:53:39,996 - experiment_chaotic_lorenz_full_chaotic_run_0 - INFO - Saved new best model at epoch 19
2026-01-09 16:53:40,551 - experiment_chaotic_lorenz_full_chaotic_run_0 - INFO - Train Epoch 20: [0/472 (0.0%)]	Loss: 0.554046
2026-01-09 16:53:46,306 - experiment_chaotic_lorenz_full_chaotic_run_0 - INFO - Epoch 20: Train Loss: 0.7004, Train Acc: 0.8594, Val Loss: 6.8189, Val Acc: 0.0562
2026-01-09 16:53:46,911 - experiment_chaotic_lorenz_full_chaotic_run_0 - INFO - Train Epoch 21: [0/472 (0.0%)]	Loss: 0.567397
2026-01-09 16:53:52,866 - experiment_chaotic_lorenz_full_chaotic_run_0 - INFO - Epoch 21: Train Loss: 0.7269, Train Acc: 0.8549, Val Loss: 7.6672, Val Acc: 0.0449
2026-01-09 16:53:53,390 - experiment_chaotic_lorenz_full_chaotic_run_0 - INFO - Train Epoch 22: [0/472 (0.0%)]	Loss: 0.952107
2026-01-09 16:53:59,109 - experiment_chaotic_lorenz_full_chaotic_run_0 - INFO - Epoch 22: Train Loss: 0.5734, Train Acc: 0.8862, Val Loss: 4.8260, Val Acc: 0.0899
2026-01-09 16:53:59,648 - experiment_chaotic_lorenz_full_chaotic_run_0 - INFO - Train Epoch 23: [0/472 (0.0%)]	Loss: 0.694828
2026-01-09 16:54:05,495 - experiment_chaotic_lorenz_full_chaotic_run_0 - INFO - Epoch 23: Train Loss: 0.5148, Train Acc: 0.9196, Val Loss: 4.9503, Val Acc: 0.1011
2026-01-09 16:54:06,025 - experiment_chaotic_lorenz_full_chaotic_run_0 - INFO - Train Epoch 24: [0/472 (0.0%)]	Loss: 0.613296
2026-01-09 16:54:11,898 - experiment_chaotic_lorenz_full_chaotic_run_0 - INFO - Epoch 24: Train Loss: 0.4739, Train Acc: 0.9129, Val Loss: 7.1500, Val Acc: 0.0449
2026-01-09 16:54:12,429 - experiment_chaotic_lorenz_full_chaotic_run_0 - INFO - Train Epoch 25: [0/472 (0.0%)]	Loss: 0.308291
2026-01-09 16:54:18,160 - experiment_chaotic_lorenz_full_chaotic_run_0 - INFO - Epoch 25: Train Loss: 0.4492, Train Acc: 0.9241, Val Loss: 5.0042, Val Acc: 0.0449
2026-01-09 16:54:18,692 - experiment_chaotic_lorenz_full_chaotic_run_0 - INFO - Train Epoch 26: [0/472 (0.0%)]	Loss: 0.417305
2026-01-09 16:54:24,451 - experiment_chaotic_lorenz_full_chaotic_run_0 - INFO - Epoch 26: Train Loss: 0.3864, Train Acc: 0.9397, Val Loss: 6.6868, Val Acc: 0.0787
2026-01-09 16:54:24,979 - experiment_chaotic_lorenz_full_chaotic_run_0 - INFO - Train Epoch 27: [0/472 (0.0%)]	Loss: 0.375113
2026-01-09 16:54:30,752 - experiment_chaotic_lorenz_full_chaotic_run_0 - INFO - Epoch 27: Train Loss: 0.4500, Train Acc: 0.9040, Val Loss: 2.1254, Val Acc: 0.3483
2026-01-09 16:54:31,276 - experiment_chaotic_lorenz_full_chaotic_run_0 - INFO - Train Epoch 28: [0/472 (0.0%)]	Loss: 0.313360
2026-01-09 16:54:37,049 - experiment_chaotic_lorenz_full_chaotic_run_0 - INFO - Epoch 28: Train Loss: 0.4861, Train Acc: 0.9196, Val Loss: 2.4662, Val Acc: 0.4270
2026-01-09 16:54:37,583 - experiment_chaotic_lorenz_full_chaotic_run_0 - INFO - Train Epoch 29: [0/472 (0.0%)]	Loss: 0.347470
2026-01-09 16:54:43,416 - experiment_chaotic_lorenz_full_chaotic_run_0 - INFO - Epoch 29: Train Loss: 0.4909, Train Acc: 0.9040, Val Loss: 1.5543, Val Acc: 0.5169
2026-01-09 16:54:43,946 - experiment_chaotic_lorenz_full_chaotic_run_0 - INFO - Train Epoch 30: [0/472 (0.0%)]	Loss: 0.273389
2026-01-09 16:54:49,709 - experiment_chaotic_lorenz_full_chaotic_run_0 - INFO - Epoch 30: Train Loss: 0.3402, Train Acc: 0.9464, Val Loss: 2.1276, Val Acc: 0.4944
2026-01-09 16:54:50,318 - experiment_chaotic_lorenz_full_chaotic_run_0 - INFO - Train Epoch 31: [0/472 (0.0%)]	Loss: 0.643784
2026-01-09 16:54:56,165 - experiment_chaotic_lorenz_full_chaotic_run_0 - INFO - Epoch 31: Train Loss: 0.3567, Train Acc: 0.9509, Val Loss: 3.3256, Val Acc: 0.2809
2026-01-09 16:54:56,696 - experiment_chaotic_lorenz_full_chaotic_run_0 - INFO - Train Epoch 32: [0/472 (0.0%)]	Loss: 0.178330
2026-01-09 16:55:02,713 - experiment_chaotic_lorenz_full_chaotic_run_0 - INFO - Epoch 32: Train Loss: 0.3185, Train Acc: 0.9464, Val Loss: 7.0500, Val Acc: 0.1011
2026-01-09 16:55:03,246 - experiment_chaotic_lorenz_full_chaotic_run_0 - INFO - Train Epoch 33: [0/472 (0.0%)]	Loss: 0.391588
2026-01-09 16:55:09,021 - experiment_chaotic_lorenz_full_chaotic_run_0 - INFO - Epoch 33: Train Loss: 0.2840, Train Acc: 0.9688, Val Loss: 3.4022, Val Acc: 0.2022
2026-01-09 16:55:09,547 - experiment_chaotic_lorenz_full_chaotic_run_0 - INFO - Train Epoch 34: [0/472 (0.0%)]	Loss: 0.243655
2026-01-09 16:55:15,370 - experiment_chaotic_lorenz_full_chaotic_run_0 - INFO - Epoch 34: Train Loss: 0.3223, Train Acc: 0.9554, Val Loss: 1.4724, Val Acc: 0.6292
2026-01-09 16:55:15,453 - experiment_chaotic_lorenz_full_chaotic_run_0 - INFO - Saved new best model at epoch 34
2026-01-09 16:55:16,015 - experiment_chaotic_lorenz_full_chaotic_run_0 - INFO - Train Epoch 35: [0/472 (0.0%)]	Loss: 0.194957
2026-01-09 16:55:21,739 - experiment_chaotic_lorenz_full_chaotic_run_0 - INFO - Epoch 35: Train Loss: 0.2891, Train Acc: 0.9464, Val Loss: 7.3200, Val Acc: 0.0674
2026-01-09 16:55:22,266 - experiment_chaotic_lorenz_full_chaotic_run_0 - INFO - Train Epoch 36: [0/472 (0.0%)]	Loss: 0.187064
2026-01-09 16:55:28,126 - experiment_chaotic_lorenz_full_chaotic_run_0 - INFO - Epoch 36: Train Loss: 0.2528, Train Acc: 0.9710, Val Loss: 2.1667, Val Acc: 0.4494
2026-01-09 16:55:28,647 - experiment_chaotic_lorenz_full_chaotic_run_0 - INFO - Train Epoch 37: [0/472 (0.0%)]	Loss: 0.235614
2026-01-09 16:55:34,381 - experiment_chaotic_lorenz_full_chaotic_run_0 - INFO - Epoch 37: Train Loss: 0.1927, Train Acc: 0.9777, Val Loss: 6.6124, Val Acc: 0.1236
2026-01-09 16:55:34,919 - experiment_chaotic_lorenz_full_chaotic_run_0 - INFO - Train Epoch 38: [0/472 (0.0%)]	Loss: 0.173866
2026-01-09 16:55:40,705 - experiment_chaotic_lorenz_full_chaotic_run_0 - INFO - Epoch 38: Train Loss: 0.3107, Train Acc: 0.9464, Val Loss: 3.7988, Val Acc: 0.2584
2026-01-09 16:55:41,233 - experiment_chaotic_lorenz_full_chaotic_run_0 - INFO - Train Epoch 39: [0/472 (0.0%)]	Loss: 0.207431
2026-01-09 16:55:47,040 - experiment_chaotic_lorenz_full_chaotic_run_0 - INFO - Epoch 39: Train Loss: 0.2771, Train Acc: 0.9576, Val Loss: 6.1166, Val Acc: 0.0899
2026-01-09 16:55:47,571 - experiment_chaotic_lorenz_full_chaotic_run_0 - INFO - Train Epoch 40: [0/472 (0.0%)]	Loss: 0.182031
2026-01-09 16:55:53,362 - experiment_chaotic_lorenz_full_chaotic_run_0 - INFO - Epoch 40: Train Loss: 0.2202, Train Acc: 0.9754, Val Loss: 6.9560, Val Acc: 0.1236
2026-01-09 16:55:53,976 - experiment_chaotic_lorenz_full_chaotic_run_0 - INFO - Train Epoch 41: [0/472 (0.0%)]	Loss: 0.187883
2026-01-09 16:55:59,777 - experiment_chaotic_lorenz_full_chaotic_run_0 - INFO - Epoch 41: Train Loss: 0.2210, Train Acc: 0.9777, Val Loss: 5.0996, Val Acc: 0.0899
2026-01-09 16:56:00,301 - experiment_chaotic_lorenz_full_chaotic_run_0 - INFO - Train Epoch 42: [0/472 (0.0%)]	Loss: 0.188876
2026-01-09 16:56:06,066 - experiment_chaotic_lorenz_full_chaotic_run_0 - INFO - Epoch 42: Train Loss: 0.1744, Train Acc: 0.9866, Val Loss: 5.3471, Val Acc: 0.2247
2026-01-09 16:56:06,591 - experiment_chaotic_lorenz_full_chaotic_run_0 - INFO - Train Epoch 43: [0/472 (0.0%)]	Loss: 0.128218
2026-01-09 16:56:12,335 - experiment_chaotic_lorenz_full_chaotic_run_0 - INFO - Epoch 43: Train Loss: 0.2060, Train Acc: 0.9777, Val Loss: 3.8510, Val Acc: 0.3483
2026-01-09 16:56:12,859 - experiment_chaotic_lorenz_full_chaotic_run_0 - INFO - Train Epoch 44: [0/472 (0.0%)]	Loss: 0.193432
2026-01-09 16:56:18,583 - experiment_chaotic_lorenz_full_chaotic_run_0 - INFO - Epoch 44: Train Loss: 0.2146, Train Acc: 0.9777, Val Loss: 0.9879, Val Acc: 0.6966
2026-01-09 16:56:18,666 - experiment_chaotic_lorenz_full_chaotic_run_0 - INFO - Saved new best model at epoch 44
2026-01-09 16:56:19,224 - experiment_chaotic_lorenz_full_chaotic_run_0 - INFO - Train Epoch 45: [0/472 (0.0%)]	Loss: 0.212759
2026-01-09 16:56:24,907 - experiment_chaotic_lorenz_full_chaotic_run_0 - INFO - Epoch 45: Train Loss: 0.1979, Train Acc: 0.9754, Val Loss: 0.8847, Val Acc: 0.8090
2026-01-09 16:56:24,991 - experiment_chaotic_lorenz_full_chaotic_run_0 - INFO - Saved new best model at epoch 45
2026-01-09 16:56:25,553 - experiment_chaotic_lorenz_full_chaotic_run_0 - INFO - Train Epoch 46: [0/472 (0.0%)]	Loss: 0.215098
2026-01-09 16:56:31,248 - experiment_chaotic_lorenz_full_chaotic_run_0 - INFO - Epoch 46: Train Loss: 0.1724, Train Acc: 0.9844, Val Loss: 0.5539, Val Acc: 0.8876
2026-01-09 16:56:31,329 - experiment_chaotic_lorenz_full_chaotic_run_0 - INFO - Saved new best model at epoch 46
2026-01-09 16:56:31,896 - experiment_chaotic_lorenz_full_chaotic_run_0 - INFO - Train Epoch 47: [0/472 (0.0%)]	Loss: 0.142935
2026-01-09 16:56:37,799 - experiment_chaotic_lorenz_full_chaotic_run_0 - INFO - Epoch 47: Train Loss: 0.1762, Train Acc: 0.9866, Val Loss: 7.8015, Val Acc: 0.0674
2026-01-09 16:56:38,339 - experiment_chaotic_lorenz_full_chaotic_run_0 - INFO - Train Epoch 48: [0/472 (0.0%)]	Loss: 0.164046
2026-01-09 16:56:44,174 - experiment_chaotic_lorenz_full_chaotic_run_0 - INFO - Epoch 48: Train Loss: 0.2297, Train Acc: 0.9710, Val Loss: 2.1144, Val Acc: 0.4831
2026-01-09 16:56:44,707 - experiment_chaotic_lorenz_full_chaotic_run_0 - INFO - Train Epoch 49: [0/472 (0.0%)]	Loss: 0.149062
2026-01-09 16:56:50,432 - experiment_chaotic_lorenz_full_chaotic_run_0 - INFO - Epoch 49: Train Loss: 0.1708, Train Acc: 0.9844, Val Loss: 9.3250, Val Acc: 0.0449
2026-01-09 16:56:50,965 - experiment_chaotic_lorenz_full_chaotic_run_0 - INFO - Train Epoch 50: [0/472 (0.0%)]	Loss: 0.148830
2026-01-09 16:56:56,751 - experiment_chaotic_lorenz_full_chaotic_run_0 - INFO - Epoch 50: Train Loss: 0.1799, Train Acc: 0.9777, Val Loss: 2.5381, Val Acc: 0.3146
2026-01-09 16:56:57,371 - experiment_chaotic_lorenz_full_chaotic_run_0 - INFO - Train Epoch 51: [0/472 (0.0%)]	Loss: 0.189362
2026-01-09 16:57:03,196 - experiment_chaotic_lorenz_full_chaotic_run_0 - INFO - Epoch 51: Train Loss: 0.1602, Train Acc: 0.9888, Val Loss: 6.9732, Val Acc: 0.1124
2026-01-09 16:57:03,732 - experiment_chaotic_lorenz_full_chaotic_run_0 - INFO - Train Epoch 52: [0/472 (0.0%)]	Loss: 0.119197
2026-01-09 16:57:09,537 - experiment_chaotic_lorenz_full_chaotic_run_0 - INFO - Epoch 52: Train Loss: 0.1849, Train Acc: 0.9777, Val Loss: 2.1117, Val Acc: 0.5056
2026-01-09 16:57:10,082 - experiment_chaotic_lorenz_full_chaotic_run_0 - INFO - Train Epoch 53: [0/472 (0.0%)]	Loss: 0.130386
2026-01-09 16:57:15,838 - experiment_chaotic_lorenz_full_chaotic_run_0 - INFO - Epoch 53: Train Loss: 0.1762, Train Acc: 0.9844, Val Loss: 4.3525, Val Acc: 0.2809
2026-01-09 16:57:16,372 - experiment_chaotic_lorenz_full_chaotic_run_0 - INFO - Train Epoch 54: [0/472 (0.0%)]	Loss: 0.116718
2026-01-09 16:57:22,194 - experiment_chaotic_lorenz_full_chaotic_run_0 - INFO - Epoch 54: Train Loss: 0.1378, Train Acc: 0.9933, Val Loss: 2.3334, Val Acc: 0.4831
2026-01-09 16:57:22,739 - experiment_chaotic_lorenz_full_chaotic_run_0 - INFO - Train Epoch 55: [0/472 (0.0%)]	Loss: 0.131713
2026-01-09 16:57:28,504 - experiment_chaotic_lorenz_full_chaotic_run_0 - INFO - Epoch 55: Train Loss: 0.1889, Train Acc: 0.9799, Val Loss: 1.7941, Val Acc: 0.5843
2026-01-09 16:57:29,038 - experiment_chaotic_lorenz_full_chaotic_run_0 - INFO - Train Epoch 56: [0/472 (0.0%)]	Loss: 0.176528
2026-01-09 16:57:34,777 - experiment_chaotic_lorenz_full_chaotic_run_0 - INFO - Epoch 56: Train Loss: 0.1490, Train Acc: 0.9888, Val Loss: 3.1623, Val Acc: 0.2921
2026-01-09 16:57:35,316 - experiment_chaotic_lorenz_full_chaotic_run_0 - INFO - Train Epoch 57: [0/472 (0.0%)]	Loss: 0.141681
2026-01-09 16:57:41,115 - experiment_chaotic_lorenz_full_chaotic_run_0 - INFO - Epoch 57: Train Loss: 0.1358, Train Acc: 0.9933, Val Loss: 8.7564, Val Acc: 0.0787
2026-01-09 16:57:41,648 - experiment_chaotic_lorenz_full_chaotic_run_0 - INFO - Train Epoch 58: [0/472 (0.0%)]	Loss: 0.107466
2026-01-09 16:57:47,437 - experiment_chaotic_lorenz_full_chaotic_run_0 - INFO - Epoch 58: Train Loss: 0.1911, Train Acc: 0.9754, Val Loss: 4.7817, Val Acc: 0.1011
2026-01-09 16:57:47,992 - experiment_chaotic_lorenz_full_chaotic_run_0 - INFO - Train Epoch 59: [0/472 (0.0%)]	Loss: 0.270707
2026-01-09 16:57:53,700 - experiment_chaotic_lorenz_full_chaotic_run_0 - INFO - Epoch 59: Train Loss: 0.1599, Train Acc: 0.9844, Val Loss: 4.9508, Val Acc: 0.2809
2026-01-09 16:57:54,237 - experiment_chaotic_lorenz_full_chaotic_run_0 - INFO - Train Epoch 60: [0/472 (0.0%)]	Loss: 0.123907
2026-01-09 16:57:59,915 - experiment_chaotic_lorenz_full_chaotic_run_0 - INFO - Epoch 60: Train Loss: 0.1251, Train Acc: 1.0000, Val Loss: 0.5571, Val Acc: 0.8315
2026-01-09 16:58:00,529 - experiment_chaotic_lorenz_full_chaotic_run_0 - INFO - Train Epoch 61: [0/472 (0.0%)]	Loss: 0.131236
2026-01-09 16:58:06,415 - experiment_chaotic_lorenz_full_chaotic_run_0 - INFO - Epoch 61: Train Loss: 0.1447, Train Acc: 0.9933, Val Loss: 2.1874, Val Acc: 0.5843
2026-01-09 16:58:06,948 - experiment_chaotic_lorenz_full_chaotic_run_0 - INFO - Train Epoch 62: [0/472 (0.0%)]	Loss: 0.121923
2026-01-09 16:58:12,738 - experiment_chaotic_lorenz_full_chaotic_run_0 - INFO - Epoch 62: Train Loss: 0.1248, Train Acc: 0.9933, Val Loss: 4.3763, Val Acc: 0.1461
2026-01-09 16:58:13,266 - experiment_chaotic_lorenz_full_chaotic_run_0 - INFO - Train Epoch 63: [0/472 (0.0%)]	Loss: 0.114456
2026-01-09 16:58:19,054 - experiment_chaotic_lorenz_full_chaotic_run_0 - INFO - Epoch 63: Train Loss: 0.1269, Train Acc: 0.9933, Val Loss: 7.4090, Val Acc: 0.1461
2026-01-09 16:58:19,599 - experiment_chaotic_lorenz_full_chaotic_run_0 - INFO - Train Epoch 64: [0/472 (0.0%)]	Loss: 0.104170
2026-01-09 16:58:25,328 - experiment_chaotic_lorenz_full_chaotic_run_0 - INFO - Epoch 64: Train Loss: 0.1220, Train Acc: 0.9978, Val Loss: 2.9827, Val Acc: 0.3483
2026-01-09 16:58:25,858 - experiment_chaotic_lorenz_full_chaotic_run_0 - INFO - Train Epoch 65: [0/472 (0.0%)]	Loss: 0.113472
2026-01-09 16:58:31,567 - experiment_chaotic_lorenz_full_chaotic_run_0 - INFO - Epoch 65: Train Loss: 0.1304, Train Acc: 0.9933, Val Loss: 0.8089, Val Acc: 0.8427
2026-01-09 16:58:32,100 - experiment_chaotic_lorenz_full_chaotic_run_0 - INFO - Train Epoch 66: [0/472 (0.0%)]	Loss: 0.119286
2026-01-09 16:58:37,945 - experiment_chaotic_lorenz_full_chaotic_run_0 - INFO - Epoch 66: Train Loss: 0.1330, Train Acc: 0.9933, Val Loss: 2.3948, Val Acc: 0.4831
2026-01-09 16:58:38,484 - experiment_chaotic_lorenz_full_chaotic_run_0 - INFO - Train Epoch 67: [0/472 (0.0%)]	Loss: 0.119644
2026-01-09 16:58:44,299 - experiment_chaotic_lorenz_full_chaotic_run_0 - INFO - Epoch 67: Train Loss: 0.1280, Train Acc: 0.9933, Val Loss: 5.2445, Val Acc: 0.2584
2026-01-09 16:58:44,831 - experiment_chaotic_lorenz_full_chaotic_run_0 - INFO - Train Epoch 68: [0/472 (0.0%)]	Loss: 0.161287
2026-01-09 16:58:50,610 - experiment_chaotic_lorenz_full_chaotic_run_0 - INFO - Epoch 68: Train Loss: 0.1253, Train Acc: 0.9955, Val Loss: 5.2558, Val Acc: 0.2697
2026-01-09 16:58:51,144 - experiment_chaotic_lorenz_full_chaotic_run_0 - INFO - Train Epoch 69: [0/472 (0.0%)]	Loss: 0.133679
2026-01-09 16:58:56,936 - experiment_chaotic_lorenz_full_chaotic_run_0 - INFO - Epoch 69: Train Loss: 0.1206, Train Acc: 1.0000, Val Loss: 5.6812, Val Acc: 0.2472
2026-01-09 16:58:57,481 - experiment_chaotic_lorenz_full_chaotic_run_0 - INFO - Train Epoch 70: [0/472 (0.0%)]	Loss: 0.106907
2026-01-09 16:59:03,320 - experiment_chaotic_lorenz_full_chaotic_run_0 - INFO - Epoch 70: Train Loss: 0.1151, Train Acc: 1.0000, Val Loss: 1.7186, Val Acc: 0.5843
2026-01-09 16:59:03,924 - experiment_chaotic_lorenz_full_chaotic_run_0 - INFO - Train Epoch 71: [0/472 (0.0%)]	Loss: 0.115602
2026-01-09 16:59:09,772 - experiment_chaotic_lorenz_full_chaotic_run_0 - INFO - Epoch 71: Train Loss: 0.1423, Train Acc: 0.9911, Val Loss: 1.6213, Val Acc: 0.6292
2026-01-09 16:59:10,319 - experiment_chaotic_lorenz_full_chaotic_run_0 - INFO - Train Epoch 72: [0/472 (0.0%)]	Loss: 0.103004
2026-01-09 16:59:16,062 - experiment_chaotic_lorenz_full_chaotic_run_0 - INFO - Epoch 72: Train Loss: 0.1199, Train Acc: 0.9978, Val Loss: 1.0251, Val Acc: 0.8202
2026-01-09 16:59:16,617 - experiment_chaotic_lorenz_full_chaotic_run_0 - INFO - Train Epoch 73: [0/472 (0.0%)]	Loss: 0.115060
2026-01-09 16:59:22,375 - experiment_chaotic_lorenz_full_chaotic_run_0 - INFO - Epoch 73: Train Loss: 0.1141, Train Acc: 1.0000, Val Loss: 2.7859, Val Acc: 0.4719
2026-01-09 16:59:22,928 - experiment_chaotic_lorenz_full_chaotic_run_0 - INFO - Train Epoch 74: [0/472 (0.0%)]	Loss: 0.122204
2026-01-09 16:59:28,660 - experiment_chaotic_lorenz_full_chaotic_run_0 - INFO - Epoch 74: Train Loss: 0.1158, Train Acc: 0.9978, Val Loss: 4.0211, Val Acc: 0.4045
2026-01-09 16:59:29,208 - experiment_chaotic_lorenz_full_chaotic_run_0 - INFO - Train Epoch 75: [0/472 (0.0%)]	Loss: 0.136268
2026-01-09 16:59:35,026 - experiment_chaotic_lorenz_full_chaotic_run_0 - INFO - Epoch 75: Train Loss: 0.1192, Train Acc: 0.9978, Val Loss: 0.4140, Val Acc: 0.8764
2026-01-09 16:59:35,556 - experiment_chaotic_lorenz_full_chaotic_run_0 - INFO - Train Epoch 76: [0/472 (0.0%)]	Loss: 0.152404
2026-01-09 16:59:41,291 - experiment_chaotic_lorenz_full_chaotic_run_0 - INFO - Epoch 76: Train Loss: 0.1193, Train Acc: 0.9955, Val Loss: 0.3968, Val Acc: 0.9213
2026-01-09 16:59:41,375 - experiment_chaotic_lorenz_full_chaotic_run_0 - INFO - Saved new best model at epoch 76
2026-01-09 16:59:41,944 - experiment_chaotic_lorenz_full_chaotic_run_0 - INFO - Train Epoch 77: [0/472 (0.0%)]	Loss: 0.124021
2026-01-09 16:59:47,733 - experiment_chaotic_lorenz_full_chaotic_run_0 - INFO - Epoch 77: Train Loss: 0.1184, Train Acc: 1.0000, Val Loss: 0.2279, Val Acc: 0.9326
2026-01-09 16:59:47,818 - experiment_chaotic_lorenz_full_chaotic_run_0 - INFO - Saved new best model at epoch 77
2026-01-09 16:59:48,391 - experiment_chaotic_lorenz_full_chaotic_run_0 - INFO - Train Epoch 78: [0/472 (0.0%)]	Loss: 0.111567
2026-01-09 16:59:54,136 - experiment_chaotic_lorenz_full_chaotic_run_0 - INFO - Epoch 78: Train Loss: 0.1178, Train Acc: 0.9978, Val Loss: 0.1828, Val Acc: 0.9438
2026-01-09 16:59:54,217 - experiment_chaotic_lorenz_full_chaotic_run_0 - INFO - Saved new best model at epoch 78
2026-01-09 16:59:54,791 - experiment_chaotic_lorenz_full_chaotic_run_0 - INFO - Train Epoch 79: [0/472 (0.0%)]	Loss: 0.104867
2026-01-09 17:00:00,691 - experiment_chaotic_lorenz_full_chaotic_run_0 - INFO - Epoch 79: Train Loss: 0.1208, Train Acc: 0.9933, Val Loss: 0.1377, Val Acc: 0.9551
2026-01-09 17:00:00,772 - experiment_chaotic_lorenz_full_chaotic_run_0 - INFO - Saved new best model at epoch 79
2026-01-09 17:00:01,344 - experiment_chaotic_lorenz_full_chaotic_run_0 - INFO - Train Epoch 80: [0/472 (0.0%)]	Loss: 0.102237
2026-01-09 17:00:07,287 - experiment_chaotic_lorenz_full_chaotic_run_0 - INFO - Epoch 80: Train Loss: 0.1154, Train Acc: 1.0000, Val Loss: 0.3845, Val Acc: 0.9213
2026-01-09 17:00:07,907 - experiment_chaotic_lorenz_full_chaotic_run_0 - INFO - Train Epoch 81: [0/472 (0.0%)]	Loss: 0.148980
2026-01-09 17:00:13,713 - experiment_chaotic_lorenz_full_chaotic_run_0 - INFO - Epoch 81: Train Loss: 0.1276, Train Acc: 0.9955, Val Loss: 2.9257, Val Acc: 0.5056
2026-01-09 17:00:14,243 - experiment_chaotic_lorenz_full_chaotic_run_0 - INFO - Train Epoch 82: [0/472 (0.0%)]	Loss: 0.106946
2026-01-09 17:00:19,996 - experiment_chaotic_lorenz_full_chaotic_run_0 - INFO - Epoch 82: Train Loss: 0.1150, Train Acc: 1.0000, Val Loss: 0.6923, Val Acc: 0.8876
2026-01-09 17:00:20,533 - experiment_chaotic_lorenz_full_chaotic_run_0 - INFO - Train Epoch 83: [0/472 (0.0%)]	Loss: 0.121206
2026-01-09 17:00:26,322 - experiment_chaotic_lorenz_full_chaotic_run_0 - INFO - Epoch 83: Train Loss: 0.1193, Train Acc: 0.9933, Val Loss: 0.5641, Val Acc: 0.8764
2026-01-09 17:00:26,857 - experiment_chaotic_lorenz_full_chaotic_run_0 - INFO - Train Epoch 84: [0/472 (0.0%)]	Loss: 0.122908
2026-01-09 17:00:32,709 - experiment_chaotic_lorenz_full_chaotic_run_0 - INFO - Epoch 84: Train Loss: 0.1162, Train Acc: 0.9978, Val Loss: 0.5620, Val Acc: 0.8652
2026-01-09 17:00:33,246 - experiment_chaotic_lorenz_full_chaotic_run_0 - INFO - Train Epoch 85: [0/472 (0.0%)]	Loss: 0.110290
2026-01-09 17:00:38,943 - experiment_chaotic_lorenz_full_chaotic_run_0 - INFO - Epoch 85: Train Loss: 0.1158, Train Acc: 0.9955, Val Loss: 0.3914, Val Acc: 0.9101
2026-01-09 17:00:39,483 - experiment_chaotic_lorenz_full_chaotic_run_0 - INFO - Train Epoch 86: [0/472 (0.0%)]	Loss: 0.206587
2026-01-09 17:00:45,387 - experiment_chaotic_lorenz_full_chaotic_run_0 - INFO - Epoch 86: Train Loss: 0.1267, Train Acc: 0.9911, Val Loss: 0.8652, Val Acc: 0.8090
2026-01-09 17:00:45,934 - experiment_chaotic_lorenz_full_chaotic_run_0 - INFO - Train Epoch 87: [0/472 (0.0%)]	Loss: 0.117473
2026-01-09 17:00:51,725 - experiment_chaotic_lorenz_full_chaotic_run_0 - INFO - Epoch 87: Train Loss: 0.1143, Train Acc: 1.0000, Val Loss: 0.1309, Val Acc: 0.9663
2026-01-09 17:00:51,808 - experiment_chaotic_lorenz_full_chaotic_run_0 - INFO - Saved new best model at epoch 87
2026-01-09 17:00:52,382 - experiment_chaotic_lorenz_full_chaotic_run_0 - INFO - Train Epoch 88: [0/472 (0.0%)]	Loss: 0.106270
2026-01-09 17:00:58,242 - experiment_chaotic_lorenz_full_chaotic_run_0 - INFO - Epoch 88: Train Loss: 0.1250, Train Acc: 0.9933, Val Loss: 0.1998, Val Acc: 0.9438
2026-01-09 17:00:58,781 - experiment_chaotic_lorenz_full_chaotic_run_0 - INFO - Train Epoch 89: [0/472 (0.0%)]	Loss: 0.101930
2026-01-09 17:01:04,563 - experiment_chaotic_lorenz_full_chaotic_run_0 - INFO - Epoch 89: Train Loss: 0.1215, Train Acc: 0.9978, Val Loss: 0.6254, Val Acc: 0.8539
2026-01-09 17:01:05,100 - experiment_chaotic_lorenz_full_chaotic_run_0 - INFO - Train Epoch 90: [0/472 (0.0%)]	Loss: 0.111513
2026-01-09 17:01:10,842 - experiment_chaotic_lorenz_full_chaotic_run_0 - INFO - Epoch 90: Train Loss: 0.1065, Train Acc: 1.0000, Val Loss: 0.1001, Val Acc: 0.9551
2026-01-09 17:01:11,473 - experiment_chaotic_lorenz_full_chaotic_run_0 - INFO - Train Epoch 91: [0/472 (0.0%)]	Loss: 0.109668
2026-01-09 17:01:17,182 - experiment_chaotic_lorenz_full_chaotic_run_0 - INFO - Epoch 91: Train Loss: 0.1194, Train Acc: 0.9978, Val Loss: 0.1393, Val Acc: 0.9551
2026-01-09 17:01:17,721 - experiment_chaotic_lorenz_full_chaotic_run_0 - INFO - Train Epoch 92: [0/472 (0.0%)]	Loss: 0.101439
2026-01-09 17:01:23,473 - experiment_chaotic_lorenz_full_chaotic_run_0 - INFO - Epoch 92: Train Loss: 0.1082, Train Acc: 1.0000, Val Loss: 0.1264, Val Acc: 0.9551
2026-01-09 17:01:24,024 - experiment_chaotic_lorenz_full_chaotic_run_0 - INFO - Train Epoch 93: [0/472 (0.0%)]	Loss: 0.143574
2026-01-09 17:01:29,881 - experiment_chaotic_lorenz_full_chaotic_run_0 - INFO - Epoch 93: Train Loss: 0.1123, Train Acc: 0.9978, Val Loss: 0.0970, Val Acc: 0.9663
2026-01-09 17:01:30,424 - experiment_chaotic_lorenz_full_chaotic_run_0 - INFO - Train Epoch 94: [0/472 (0.0%)]	Loss: 0.170288
2026-01-09 17:01:36,280 - experiment_chaotic_lorenz_full_chaotic_run_0 - INFO - Epoch 94: Train Loss: 0.1196, Train Acc: 0.9955, Val Loss: 0.1300, Val Acc: 0.9663
2026-01-09 17:01:36,813 - experiment_chaotic_lorenz_full_chaotic_run_0 - INFO - Train Epoch 95: [0/472 (0.0%)]	Loss: 0.142545
2026-01-09 17:01:42,517 - experiment_chaotic_lorenz_full_chaotic_run_0 - INFO - Epoch 95: Train Loss: 0.1226, Train Acc: 0.9911, Val Loss: 0.1019, Val Acc: 0.9663
2026-01-09 17:01:43,064 - experiment_chaotic_lorenz_full_chaotic_run_0 - INFO - Train Epoch 96: [0/472 (0.0%)]	Loss: 0.105806
2026-01-09 17:01:48,838 - experiment_chaotic_lorenz_full_chaotic_run_0 - INFO - Epoch 96: Train Loss: 0.1172, Train Acc: 0.9978, Val Loss: 0.0951, Val Acc: 0.9663
2026-01-09 17:01:49,380 - experiment_chaotic_lorenz_full_chaotic_run_0 - INFO - Train Epoch 97: [0/472 (0.0%)]	Loss: 0.104927
2026-01-09 17:01:55,234 - experiment_chaotic_lorenz_full_chaotic_run_0 - INFO - Epoch 97: Train Loss: 0.1093, Train Acc: 1.0000, Val Loss: 0.0983, Val Acc: 0.9663
2026-01-09 17:01:55,776 - experiment_chaotic_lorenz_full_chaotic_run_0 - INFO - Train Epoch 98: [0/472 (0.0%)]	Loss: 0.105641
2026-01-09 17:02:01,594 - experiment_chaotic_lorenz_full_chaotic_run_0 - INFO - Epoch 98: Train Loss: 0.1177, Train Acc: 0.9955, Val Loss: 0.1057, Val Acc: 0.9663
2026-01-09 17:02:02,131 - experiment_chaotic_lorenz_full_chaotic_run_0 - INFO - Train Epoch 99: [0/472 (0.0%)]	Loss: 0.148935
2026-01-09 17:02:07,802 - experiment_chaotic_lorenz_full_chaotic_run_0 - INFO - Epoch 99: Train Loss: 0.1282, Train Acc: 0.9955, Val Loss: 0.0881, Val Acc: 0.9663
2026-01-09 17:02:07,815 - experiment_chaotic_lorenz_full_chaotic_run_0 - INFO - Running final test evaluation...
2026-01-09 17:02:08,553 - experiment_chaotic_lorenz_full_chaotic_run_0 - INFO - Test Results:
2026-01-09 17:02:08,553 - experiment_chaotic_lorenz_full_chaotic_run_0 - INFO -   loss: 0.2292
2026-01-09 17:02:08,553 - experiment_chaotic_lorenz_full_chaotic_run_0 - INFO -   accuracy: 0.9492
2026-01-09 17:02:08,553 - experiment_chaotic_lorenz_full_chaotic_run_0 - INFO -   avg_confidence: 0.9999
2026-01-09 17:02:08,553 - experiment_chaotic_lorenz_full_chaotic_run_0 - INFO -   embedding_diversity: 0.1937
2026-01-09 17:02:08,553 - experiment_chaotic_lorenz_full_chaotic_run_0 - INFO -   embedding_norm_mean: 1.0000
2026-01-09 17:02:08,554 - experiment_chaotic_lorenz_full_chaotic_run_0 - INFO -   embedding_norm_std: 0.0000
2026-01-09 17:02:08,555 - experiment_chaotic_lorenz_full_chaotic_run_0 - INFO - Training completed
2026-01-09 17:02:09,323 - experiment_chaotic_lorenz_full_chaotic_run_0 - INFO - Running comprehensive chaotic network analysis...
2026-01-09 17:02:09,324 - experiment_chaotic_lorenz_full_chaotic_run_0 - INFO - Analyzing chaotic features and dynamics...
2026-01-09 17:02:10,161 - experiment_chaotic_lorenz_full_chaotic_run_0 - INFO - Chaotic analysis completed
2026-01-09 17:02:10,163 - experiment_chaotic_lorenz_full_chaotic_run_0 - INFO - Creating chaotic dynamics visualizations...
2026-01-09 17:02:12,602 - experiment_chaotic_lorenz_full_chaotic_run_0 - WARNING - Embedding plotting failed: boolean index did not match indexed array along axis 0; size of axis is 8 but size of corresponding boolean axis is 32
2026-01-09 17:02:12,609 - experiment_chaotic_lorenz_full_chaotic_run_0 - INFO - Chaotic network analysis completed
2026-01-09 17:29:25,307 - experiment_chaotic_lorenz_full_chaotic_run_0 - INFO - Initialized experiment: chaotic_lorenz_full_chaotic_run_0
2026-01-09 17:29:25,323 - experiment_chaotic_lorenz_full_chaotic_run_0 - INFO - Device: cuda
2026-01-09 17:29:25,323 - experiment_chaotic_lorenz_full_chaotic_run_0 - INFO - Output directory: /scratch/project_2003370/yueyao/Model/experiments/configs/sync_experiments/B/experiments/chaotic_lorenz_full_chaotic_run_0
2026-01-09 17:29:25,323 - experiment_chaotic_lorenz_full_chaotic_run_0 - INFO - Initialized chaotic network experiment with lorenz system
2026-01-09 17:29:25,324 - experiment_chaotic_lorenz_full_chaotic_run_0 - INFO - Setting up experiment components...
2026-01-09 17:29:25,324 - experiment_chaotic_lorenz_full_chaotic_run_0 - INFO - Creating dataloaders...
2026-01-09 17:29:25,762 - experiment_chaotic_lorenz_full_chaotic_run_0 - INFO - Detected 26 speakers in dataset
2026-01-09 17:29:25,763 - experiment_chaotic_lorenz_full_chaotic_run_0 - INFO - Dataloaders created:
2026-01-09 17:29:25,763 - experiment_chaotic_lorenz_full_chaotic_run_0 - INFO -   Train: 14 batches
2026-01-09 17:29:25,763 - experiment_chaotic_lorenz_full_chaotic_run_0 - INFO -   Val: 3 batches
2026-01-09 17:29:25,763 - experiment_chaotic_lorenz_full_chaotic_run_0 - INFO -   Test: 4 batches
2026-01-09 17:29:25,763 - experiment_chaotic_lorenz_full_chaotic_run_0 - INFO - Creating model...
2026-01-09 17:29:25,763 - experiment_chaotic_lorenz_full_chaotic_run_0 - INFO - Using actual num_speakers from dataset: 26
2026-01-09 17:29:25,763 - experiment_chaotic_lorenz_full_chaotic_run_0 - INFO - [BIFURCATION] use_bifurcation_control=False
2026-01-09 17:29:56,633 - experiment_chaotic_lorenz_full_chaotic_run_0 - INFO - Total parameters: 458,181
2026-01-09 17:29:56,633 - experiment_chaotic_lorenz_full_chaotic_run_0 - INFO - Trainable parameters: 458,181
2026-01-09 17:29:56,633 - experiment_chaotic_lorenz_full_chaotic_run_0 - INFO - Creating optimizer...
2026-01-09 17:29:57,747 - experiment_chaotic_lorenz_full_chaotic_run_0 - INFO - Optimizer: AdamW
2026-01-09 17:29:57,747 - experiment_chaotic_lorenz_full_chaotic_run_0 - INFO - Creating scheduler...
2026-01-09 17:29:57,747 - experiment_chaotic_lorenz_full_chaotic_run_0 - INFO - Scheduler: CosineAnnealingLR
2026-01-09 17:29:57,747 - experiment_chaotic_lorenz_full_chaotic_run_0 - INFO - Creating criterion...
2026-01-09 17:29:57,748 - experiment_chaotic_lorenz_full_chaotic_run_0 - INFO - Criterion: CrossEntropyLoss
2026-01-09 17:29:57,795 - experiment_chaotic_lorenz_full_chaotic_run_0 - INFO - Configuration saved to: /scratch/project_2003370/yueyao/Model/experiments/configs/sync_experiments/B/experiments/chaotic_lorenz_full_chaotic_run_0/config.json
2026-01-09 17:29:57,795 - experiment_chaotic_lorenz_full_chaotic_run_0 - INFO - Experiment setup completed
2026-01-09 17:29:57,795 - experiment_chaotic_lorenz_full_chaotic_run_0 - INFO - Starting training for 100 epochs
2026-01-09 17:29:57,967 - experiment_chaotic_lorenz_full_chaotic_run_0 - INFO - 
================================================================================
2026-01-09 17:29:57,967 - experiment_chaotic_lorenz_full_chaotic_run_0 - INFO - COMPREHENSIVE DEBUG - FIRST BATCH
2026-01-09 17:29:57,967 - experiment_chaotic_lorenz_full_chaotic_run_0 - INFO - ================================================================================
2026-01-09 17:29:57,967 - experiment_chaotic_lorenz_full_chaotic_run_0 - INFO - Batch Info:
2026-01-09 17:29:57,967 - experiment_chaotic_lorenz_full_chaotic_run_0 - INFO -   Audio shape: torch.Size([32, 48000])
2026-01-09 17:29:57,968 - experiment_chaotic_lorenz_full_chaotic_run_0 - INFO -   Targets shape: torch.Size([32])
2026-01-09 17:29:57,972 - experiment_chaotic_lorenz_full_chaotic_run_0 - INFO -   Targets (first 8): tensor([19, 24, 16, 12, 16, 10,  8,  2], device='cuda:0')
2026-01-09 17:29:58,546 - experiment_chaotic_lorenz_full_chaotic_run_0 - INFO - ================================================================================

2026-01-09 17:29:59,324 - experiment_chaotic_lorenz_full_chaotic_run_0 - INFO - Train Epoch 0: [0/472 (0.0%)]	Loss: 4.768142
2026-01-09 17:30:04,903 - experiment_chaotic_lorenz_full_chaotic_run_0 - INFO - Epoch 0: Train Loss: 4.4193, Train Acc: 0.0402, Val Loss: 4.3480, Val Acc: 0.0449
2026-01-09 17:30:04,984 - experiment_chaotic_lorenz_full_chaotic_run_0 - INFO - Saved new best model at epoch 0
2026-01-09 17:30:05,661 - experiment_chaotic_lorenz_full_chaotic_run_0 - INFO - Train Epoch 1: [0/472 (0.0%)]	Loss: 4.132742
2026-01-09 17:30:11,283 - experiment_chaotic_lorenz_full_chaotic_run_0 - INFO - Epoch 1: Train Loss: 3.6388, Train Acc: 0.0893, Val Loss: 3.8912, Val Acc: 0.0449
2026-01-09 17:30:11,835 - experiment_chaotic_lorenz_full_chaotic_run_0 - INFO - Train Epoch 2: [0/472 (0.0%)]	Loss: 3.468300
2026-01-09 17:30:17,492 - experiment_chaotic_lorenz_full_chaotic_run_0 - INFO - Epoch 2: Train Loss: 3.8220, Train Acc: 0.0692, Val Loss: 4.2997, Val Acc: 0.0449
2026-01-09 17:30:18,048 - experiment_chaotic_lorenz_full_chaotic_run_0 - INFO - Train Epoch 3: [0/472 (0.0%)]	Loss: 3.889518
2026-01-09 17:30:23,733 - experiment_chaotic_lorenz_full_chaotic_run_0 - INFO - Epoch 3: Train Loss: 3.4389, Train Acc: 0.1406, Val Loss: 4.2814, Val Acc: 0.0449
2026-01-09 17:30:24,301 - experiment_chaotic_lorenz_full_chaotic_run_0 - INFO - Train Epoch 4: [0/472 (0.0%)]	Loss: 2.886567
2026-01-09 17:30:29,816 - experiment_chaotic_lorenz_full_chaotic_run_0 - INFO - Epoch 4: Train Loss: 2.7424, Train Acc: 0.2254, Val Loss: 6.1381, Val Acc: 0.0449
2026-01-09 17:30:30,389 - experiment_chaotic_lorenz_full_chaotic_run_0 - INFO - Train Epoch 5: [0/472 (0.0%)]	Loss: 2.519685
2026-01-09 17:30:35,925 - experiment_chaotic_lorenz_full_chaotic_run_0 - INFO - Epoch 5: Train Loss: 2.4235, Train Acc: 0.2991, Val Loss: 7.0882, Val Acc: 0.0449
2026-01-09 17:30:36,518 - experiment_chaotic_lorenz_full_chaotic_run_0 - INFO - Train Epoch 6: [0/472 (0.0%)]	Loss: 1.891853
2026-01-09 17:30:42,228 - experiment_chaotic_lorenz_full_chaotic_run_0 - INFO - Epoch 6: Train Loss: 2.1046, Train Acc: 0.3616, Val Loss: 4.8386, Val Acc: 0.0449
2026-01-09 17:30:42,788 - experiment_chaotic_lorenz_full_chaotic_run_0 - INFO - Train Epoch 7: [0/472 (0.0%)]	Loss: 2.066921
2026-01-09 17:30:48,340 - experiment_chaotic_lorenz_full_chaotic_run_0 - INFO - Epoch 7: Train Loss: 1.8220, Train Acc: 0.4263, Val Loss: 4.6571, Val Acc: 0.0449
2026-01-09 17:30:48,907 - experiment_chaotic_lorenz_full_chaotic_run_0 - INFO - Train Epoch 8: [0/472 (0.0%)]	Loss: 1.409365
2026-01-09 17:30:54,540 - experiment_chaotic_lorenz_full_chaotic_run_0 - INFO - Epoch 8: Train Loss: 1.6106, Train Acc: 0.4821, Val Loss: 7.6778, Val Acc: 0.0449
2026-01-09 17:30:55,106 - experiment_chaotic_lorenz_full_chaotic_run_0 - INFO - Train Epoch 9: [0/472 (0.0%)]	Loss: 1.324624
2026-01-09 17:31:00,630 - experiment_chaotic_lorenz_full_chaotic_run_0 - INFO - Epoch 9: Train Loss: 1.3433, Train Acc: 0.5558, Val Loss: 7.8218, Val Acc: 0.0449
2026-01-09 17:31:01,191 - experiment_chaotic_lorenz_full_chaotic_run_0 - INFO - Train Epoch 10: [0/472 (0.0%)]	Loss: 0.752820
2026-01-09 17:31:06,748 - experiment_chaotic_lorenz_full_chaotic_run_0 - INFO - Epoch 10: Train Loss: 1.1652, Train Acc: 0.6116, Val Loss: 7.3154, Val Acc: 0.0449
2026-01-09 17:31:07,394 - experiment_chaotic_lorenz_full_chaotic_run_0 - INFO - Train Epoch 11: [0/472 (0.0%)]	Loss: 0.809961
2026-01-09 17:31:13,314 - experiment_chaotic_lorenz_full_chaotic_run_0 - INFO - Epoch 11: Train Loss: 0.9932, Train Acc: 0.6741, Val Loss: 6.1346, Val Acc: 0.0449
2026-01-09 17:31:13,889 - experiment_chaotic_lorenz_full_chaotic_run_0 - INFO - Train Epoch 12: [0/472 (0.0%)]	Loss: 0.972461
2026-01-09 17:31:19,580 - experiment_chaotic_lorenz_full_chaotic_run_0 - INFO - Epoch 12: Train Loss: 0.9462, Train Acc: 0.6875, Val Loss: 5.1190, Val Acc: 0.0787
2026-01-09 17:31:19,663 - experiment_chaotic_lorenz_full_chaotic_run_0 - INFO - Saved new best model at epoch 12
2026-01-09 17:31:20,259 - experiment_chaotic_lorenz_full_chaotic_run_0 - INFO - Train Epoch 13: [0/472 (0.0%)]	Loss: 0.430211
2026-01-09 17:31:25,804 - experiment_chaotic_lorenz_full_chaotic_run_0 - INFO - Epoch 13: Train Loss: 0.7163, Train Acc: 0.7411, Val Loss: 6.1763, Val Acc: 0.0449
2026-01-09 17:31:26,355 - experiment_chaotic_lorenz_full_chaotic_run_0 - INFO - Train Epoch 14: [0/472 (0.0%)]	Loss: 0.452411
2026-01-09 17:31:32,017 - experiment_chaotic_lorenz_full_chaotic_run_0 - INFO - Epoch 14: Train Loss: 0.6678, Train Acc: 0.7812, Val Loss: 5.2167, Val Acc: 0.0674
2026-01-09 17:31:32,567 - experiment_chaotic_lorenz_full_chaotic_run_0 - INFO - Train Epoch 15: [0/472 (0.0%)]	Loss: 0.258004
2026-01-09 17:31:38,225 - experiment_chaotic_lorenz_full_chaotic_run_0 - INFO - Epoch 15: Train Loss: 0.6224, Train Acc: 0.8147, Val Loss: 6.0142, Val Acc: 0.0449
2026-01-09 17:31:38,766 - experiment_chaotic_lorenz_full_chaotic_run_0 - INFO - Train Epoch 16: [0/472 (0.0%)]	Loss: 0.834461
2026-01-09 17:31:44,359 - experiment_chaotic_lorenz_full_chaotic_run_0 - INFO - Epoch 16: Train Loss: 0.5872, Train Acc: 0.8170, Val Loss: 5.6882, Val Acc: 0.0562
2026-01-09 17:31:44,915 - experiment_chaotic_lorenz_full_chaotic_run_0 - INFO - Train Epoch 17: [0/472 (0.0%)]	Loss: 0.302152
2026-01-09 17:31:50,391 - experiment_chaotic_lorenz_full_chaotic_run_0 - INFO - Epoch 17: Train Loss: 0.5318, Train Acc: 0.8103, Val Loss: 4.6107, Val Acc: 0.0562
2026-01-09 17:31:50,948 - experiment_chaotic_lorenz_full_chaotic_run_0 - INFO - Train Epoch 18: [0/472 (0.0%)]	Loss: 0.535246
2026-01-09 17:31:56,426 - experiment_chaotic_lorenz_full_chaotic_run_0 - INFO - Epoch 18: Train Loss: 0.4424, Train Acc: 0.8527, Val Loss: 4.3885, Val Acc: 0.1910
2026-01-09 17:31:56,509 - experiment_chaotic_lorenz_full_chaotic_run_0 - INFO - Saved new best model at epoch 18
2026-01-09 17:31:57,099 - experiment_chaotic_lorenz_full_chaotic_run_0 - INFO - Train Epoch 19: [0/472 (0.0%)]	Loss: 0.514639
2026-01-09 17:32:02,647 - experiment_chaotic_lorenz_full_chaotic_run_0 - INFO - Epoch 19: Train Loss: 0.4289, Train Acc: 0.8638, Val Loss: 6.7675, Val Acc: 0.0449
2026-01-09 17:32:03,192 - experiment_chaotic_lorenz_full_chaotic_run_0 - INFO - Train Epoch 20: [0/472 (0.0%)]	Loss: 0.301948
2026-01-09 17:32:08,777 - experiment_chaotic_lorenz_full_chaotic_run_0 - INFO - Epoch 20: Train Loss: 0.3570, Train Acc: 0.8772, Val Loss: 5.8784, Val Acc: 0.0674
2026-01-09 17:32:09,400 - experiment_chaotic_lorenz_full_chaotic_run_0 - INFO - Train Epoch 21: [0/472 (0.0%)]	Loss: 0.406777
2026-01-09 17:32:14,904 - experiment_chaotic_lorenz_full_chaotic_run_0 - INFO - Epoch 21: Train Loss: 0.3714, Train Acc: 0.8772, Val Loss: 5.0182, Val Acc: 0.0899
2026-01-09 17:32:15,453 - experiment_chaotic_lorenz_full_chaotic_run_0 - INFO - Train Epoch 22: [0/472 (0.0%)]	Loss: 0.143733
2026-01-09 17:32:20,964 - experiment_chaotic_lorenz_full_chaotic_run_0 - INFO - Epoch 22: Train Loss: 0.2890, Train Acc: 0.9040, Val Loss: 6.0916, Val Acc: 0.0899
2026-01-09 17:32:21,501 - experiment_chaotic_lorenz_full_chaotic_run_0 - INFO - Train Epoch 23: [0/472 (0.0%)]	Loss: 0.294131
2026-01-09 17:32:27,056 - experiment_chaotic_lorenz_full_chaotic_run_0 - INFO - Epoch 23: Train Loss: 0.3242, Train Acc: 0.9062, Val Loss: 5.7750, Val Acc: 0.0449
2026-01-09 17:32:27,594 - experiment_chaotic_lorenz_full_chaotic_run_0 - INFO - Train Epoch 24: [0/472 (0.0%)]	Loss: 0.302169
2026-01-09 17:32:33,144 - experiment_chaotic_lorenz_full_chaotic_run_0 - INFO - Epoch 24: Train Loss: 0.2680, Train Acc: 0.9129, Val Loss: 5.9656, Val Acc: 0.1124
2026-01-09 17:32:33,695 - experiment_chaotic_lorenz_full_chaotic_run_0 - INFO - Train Epoch 25: [0/472 (0.0%)]	Loss: 0.137846
2026-01-09 17:32:39,165 - experiment_chaotic_lorenz_full_chaotic_run_0 - INFO - Epoch 25: Train Loss: 0.2620, Train Acc: 0.9107, Val Loss: 6.1282, Val Acc: 0.1348
2026-01-09 17:32:39,759 - experiment_chaotic_lorenz_full_chaotic_run_0 - INFO - Train Epoch 26: [0/472 (0.0%)]	Loss: 0.185964
2026-01-09 17:32:45,241 - experiment_chaotic_lorenz_full_chaotic_run_0 - INFO - Epoch 26: Train Loss: 0.2337, Train Acc: 0.9219, Val Loss: 5.2100, Val Acc: 0.1124
2026-01-09 17:32:45,783 - experiment_chaotic_lorenz_full_chaotic_run_0 - INFO - Train Epoch 27: [0/472 (0.0%)]	Loss: 0.306368
2026-01-09 17:32:51,274 - experiment_chaotic_lorenz_full_chaotic_run_0 - INFO - Epoch 27: Train Loss: 0.2538, Train Acc: 0.9241, Val Loss: 6.4743, Val Acc: 0.0674
2026-01-09 17:32:51,841 - experiment_chaotic_lorenz_full_chaotic_run_0 - INFO - Train Epoch 28: [0/472 (0.0%)]	Loss: 0.190508
2026-01-09 17:32:57,270 - experiment_chaotic_lorenz_full_chaotic_run_0 - INFO - Epoch 28: Train Loss: 0.1922, Train Acc: 0.9442, Val Loss: 5.5955, Val Acc: 0.0899
2026-01-09 17:32:57,830 - experiment_chaotic_lorenz_full_chaotic_run_0 - INFO - Train Epoch 29: [0/472 (0.0%)]	Loss: 0.246129
2026-01-09 17:33:03,303 - experiment_chaotic_lorenz_full_chaotic_run_0 - INFO - Epoch 29: Train Loss: 0.1845, Train Acc: 0.9464, Val Loss: 4.8369, Val Acc: 0.1685
2026-01-09 17:33:03,860 - experiment_chaotic_lorenz_full_chaotic_run_0 - INFO - Train Epoch 30: [0/472 (0.0%)]	Loss: 0.073872
2026-01-09 17:33:09,291 - experiment_chaotic_lorenz_full_chaotic_run_0 - INFO - Epoch 30: Train Loss: 0.1901, Train Acc: 0.9241, Val Loss: 6.4413, Val Acc: 0.0225
2026-01-09 17:33:09,923 - experiment_chaotic_lorenz_full_chaotic_run_0 - INFO - Train Epoch 31: [0/472 (0.0%)]	Loss: 0.156586
2026-01-09 17:33:15,400 - experiment_chaotic_lorenz_full_chaotic_run_0 - INFO - Epoch 31: Train Loss: 0.1755, Train Acc: 0.9487, Val Loss: 6.8207, Val Acc: 0.0449
2026-01-09 17:33:15,953 - experiment_chaotic_lorenz_full_chaotic_run_0 - INFO - Train Epoch 32: [0/472 (0.0%)]	Loss: 0.221607
2026-01-09 17:33:21,405 - experiment_chaotic_lorenz_full_chaotic_run_0 - INFO - Epoch 32: Train Loss: 0.1605, Train Acc: 0.9554, Val Loss: 7.0410, Val Acc: 0.0449
2026-01-09 17:33:21,962 - experiment_chaotic_lorenz_full_chaotic_run_0 - INFO - Train Epoch 33: [0/472 (0.0%)]	Loss: 0.134016
2026-01-09 17:33:27,406 - experiment_chaotic_lorenz_full_chaotic_run_0 - INFO - Epoch 33: Train Loss: 0.1539, Train Acc: 0.9442, Val Loss: 8.4086, Val Acc: 0.0449
2026-01-09 17:33:27,964 - experiment_chaotic_lorenz_full_chaotic_run_0 - INFO - Train Epoch 34: [0/472 (0.0%)]	Loss: 0.073638
2026-01-09 17:33:33,370 - experiment_chaotic_lorenz_full_chaotic_run_0 - INFO - Epoch 34: Train Loss: 0.1266, Train Acc: 0.9688, Val Loss: 7.6751, Val Acc: 0.0899
2026-01-09 17:33:33,923 - experiment_chaotic_lorenz_full_chaotic_run_0 - INFO - Train Epoch 35: [0/472 (0.0%)]	Loss: 0.052548
2026-01-09 17:33:39,356 - experiment_chaotic_lorenz_full_chaotic_run_0 - INFO - Epoch 35: Train Loss: 0.1534, Train Acc: 0.9464, Val Loss: 6.3774, Val Acc: 0.1348
2026-01-09 17:33:39,921 - experiment_chaotic_lorenz_full_chaotic_run_0 - INFO - Train Epoch 36: [0/472 (0.0%)]	Loss: 0.051276
2026-01-09 17:33:45,414 - experiment_chaotic_lorenz_full_chaotic_run_0 - INFO - Epoch 36: Train Loss: 0.1081, Train Acc: 0.9665, Val Loss: 6.5240, Val Acc: 0.1348
2026-01-09 17:33:45,984 - experiment_chaotic_lorenz_full_chaotic_run_0 - INFO - Train Epoch 37: [0/472 (0.0%)]	Loss: 0.109014
2026-01-09 17:33:51,473 - experiment_chaotic_lorenz_full_chaotic_run_0 - INFO - Epoch 37: Train Loss: 0.1396, Train Acc: 0.9531, Val Loss: 6.9963, Val Acc: 0.0787
2026-01-09 17:33:52,050 - experiment_chaotic_lorenz_full_chaotic_run_0 - INFO - Train Epoch 38: [0/472 (0.0%)]	Loss: 0.295001
2026-01-09 17:33:57,566 - experiment_chaotic_lorenz_full_chaotic_run_0 - INFO - Epoch 38: Train Loss: 0.1590, Train Acc: 0.9464, Val Loss: 6.9512, Val Acc: 0.0562
2026-01-09 17:33:58,133 - experiment_chaotic_lorenz_full_chaotic_run_0 - INFO - Train Epoch 39: [0/472 (0.0%)]	Loss: 0.083050
2026-01-09 17:34:03,583 - experiment_chaotic_lorenz_full_chaotic_run_0 - INFO - Epoch 39: Train Loss: 0.1634, Train Acc: 0.9531, Val Loss: 4.1064, Val Acc: 0.2360
2026-01-09 17:34:03,675 - experiment_chaotic_lorenz_full_chaotic_run_0 - INFO - Saved new best model at epoch 39
2026-01-09 17:34:04,260 - experiment_chaotic_lorenz_full_chaotic_run_0 - INFO - Train Epoch 40: [0/472 (0.0%)]	Loss: 0.124068
2026-01-09 17:34:09,672 - experiment_chaotic_lorenz_full_chaotic_run_0 - INFO - Epoch 40: Train Loss: 0.1191, Train Acc: 0.9665, Val Loss: 6.9618, Val Acc: 0.0787
2026-01-09 17:34:10,304 - experiment_chaotic_lorenz_full_chaotic_run_0 - INFO - Train Epoch 41: [0/472 (0.0%)]	Loss: 0.076611
2026-01-09 17:34:15,744 - experiment_chaotic_lorenz_full_chaotic_run_0 - INFO - Epoch 41: Train Loss: 0.0917, Train Acc: 0.9754, Val Loss: 7.3290, Val Acc: 0.0899
2026-01-09 17:34:16,289 - experiment_chaotic_lorenz_full_chaotic_run_0 - INFO - Train Epoch 42: [0/472 (0.0%)]	Loss: 0.040577
2026-01-09 17:34:21,865 - experiment_chaotic_lorenz_full_chaotic_run_0 - INFO - Epoch 42: Train Loss: 0.0846, Train Acc: 0.9732, Val Loss: 6.7030, Val Acc: 0.1348
2026-01-09 17:34:22,415 - experiment_chaotic_lorenz_full_chaotic_run_0 - INFO - Train Epoch 43: [0/472 (0.0%)]	Loss: 0.193141
2026-01-09 17:34:28,091 - experiment_chaotic_lorenz_full_chaotic_run_0 - INFO - Epoch 43: Train Loss: 0.0772, Train Acc: 0.9821, Val Loss: 6.8191, Val Acc: 0.0449
2026-01-09 17:34:28,647 - experiment_chaotic_lorenz_full_chaotic_run_0 - INFO - Train Epoch 44: [0/472 (0.0%)]	Loss: 0.109865
2026-01-09 17:34:34,230 - experiment_chaotic_lorenz_full_chaotic_run_0 - INFO - Epoch 44: Train Loss: 0.1218, Train Acc: 0.9554, Val Loss: 3.2109, Val Acc: 0.3596
2026-01-09 17:34:34,315 - experiment_chaotic_lorenz_full_chaotic_run_0 - INFO - Saved new best model at epoch 44
2026-01-09 17:34:34,886 - experiment_chaotic_lorenz_full_chaotic_run_0 - INFO - Train Epoch 45: [0/472 (0.0%)]	Loss: 0.028121
2026-01-09 17:34:40,495 - experiment_chaotic_lorenz_full_chaotic_run_0 - INFO - Epoch 45: Train Loss: 0.0948, Train Acc: 0.9598, Val Loss: 3.8171, Val Acc: 0.3933
2026-01-09 17:34:40,583 - experiment_chaotic_lorenz_full_chaotic_run_0 - INFO - Saved new best model at epoch 45
2026-01-09 17:34:41,181 - experiment_chaotic_lorenz_full_chaotic_run_0 - INFO - Train Epoch 46: [0/472 (0.0%)]	Loss: 0.026496
2026-01-09 17:34:46,933 - experiment_chaotic_lorenz_full_chaotic_run_0 - INFO - Epoch 46: Train Loss: 0.0728, Train Acc: 0.9732, Val Loss: 5.5638, Val Acc: 0.1348
2026-01-09 17:34:47,486 - experiment_chaotic_lorenz_full_chaotic_run_0 - INFO - Train Epoch 47: [0/472 (0.0%)]	Loss: 0.039652
2026-01-09 17:34:52,962 - experiment_chaotic_lorenz_full_chaotic_run_0 - INFO - Epoch 47: Train Loss: 0.0434, Train Acc: 0.9911, Val Loss: 4.1414, Val Acc: 0.3371
2026-01-09 17:34:53,508 - experiment_chaotic_lorenz_full_chaotic_run_0 - INFO - Train Epoch 48: [0/472 (0.0%)]	Loss: 0.018942
2026-01-09 17:34:59,011 - experiment_chaotic_lorenz_full_chaotic_run_0 - INFO - Epoch 48: Train Loss: 0.1037, Train Acc: 0.9621, Val Loss: 4.8229, Val Acc: 0.1573
2026-01-09 17:34:59,554 - experiment_chaotic_lorenz_full_chaotic_run_0 - INFO - Train Epoch 49: [0/472 (0.0%)]	Loss: 0.035704
2026-01-09 17:35:05,061 - experiment_chaotic_lorenz_full_chaotic_run_0 - INFO - Epoch 49: Train Loss: 0.0553, Train Acc: 0.9799, Val Loss: 5.2070, Val Acc: 0.1910
2026-01-09 17:35:05,620 - experiment_chaotic_lorenz_full_chaotic_run_0 - INFO - Train Epoch 50: [0/472 (0.0%)]	Loss: 0.006740
2026-01-09 17:35:11,062 - experiment_chaotic_lorenz_full_chaotic_run_0 - INFO - Epoch 50: Train Loss: 0.0666, Train Acc: 0.9754, Val Loss: 5.1199, Val Acc: 0.2135
2026-01-09 17:35:11,709 - experiment_chaotic_lorenz_full_chaotic_run_0 - INFO - Train Epoch 51: [0/472 (0.0%)]	Loss: 0.088500
2026-01-09 17:35:17,114 - experiment_chaotic_lorenz_full_chaotic_run_0 - INFO - Epoch 51: Train Loss: 0.0755, Train Acc: 0.9688, Val Loss: 5.6487, Val Acc: 0.1573
2026-01-09 17:35:17,658 - experiment_chaotic_lorenz_full_chaotic_run_0 - INFO - Train Epoch 52: [0/472 (0.0%)]	Loss: 0.130276
2026-01-09 17:35:23,133 - experiment_chaotic_lorenz_full_chaotic_run_0 - INFO - Epoch 52: Train Loss: 0.0713, Train Acc: 0.9821, Val Loss: 5.4190, Val Acc: 0.2360
2026-01-09 17:35:23,684 - experiment_chaotic_lorenz_full_chaotic_run_0 - INFO - Train Epoch 53: [0/472 (0.0%)]	Loss: 0.019356
2026-01-09 17:35:29,118 - experiment_chaotic_lorenz_full_chaotic_run_0 - INFO - Epoch 53: Train Loss: 0.0563, Train Acc: 0.9888, Val Loss: 3.4135, Val Acc: 0.3596
2026-01-09 17:35:29,668 - experiment_chaotic_lorenz_full_chaotic_run_0 - INFO - Train Epoch 54: [0/472 (0.0%)]	Loss: 0.006636
2026-01-09 17:35:35,196 - experiment_chaotic_lorenz_full_chaotic_run_0 - INFO - Epoch 54: Train Loss: 0.0548, Train Acc: 0.9777, Val Loss: 1.1683, Val Acc: 0.7191
2026-01-09 17:35:35,279 - experiment_chaotic_lorenz_full_chaotic_run_0 - INFO - Saved new best model at epoch 54
2026-01-09 17:35:35,868 - experiment_chaotic_lorenz_full_chaotic_run_0 - INFO - Train Epoch 55: [0/472 (0.0%)]	Loss: 0.030331
2026-01-09 17:35:41,396 - experiment_chaotic_lorenz_full_chaotic_run_0 - INFO - Epoch 55: Train Loss: 0.0557, Train Acc: 0.9844, Val Loss: 1.6662, Val Acc: 0.6067
2026-01-09 17:35:41,937 - experiment_chaotic_lorenz_full_chaotic_run_0 - INFO - Train Epoch 56: [0/472 (0.0%)]	Loss: 0.088392
2026-01-09 17:35:47,359 - experiment_chaotic_lorenz_full_chaotic_run_0 - INFO - Epoch 56: Train Loss: 0.0617, Train Acc: 0.9777, Val Loss: 0.8807, Val Acc: 0.7528
2026-01-09 17:35:47,443 - experiment_chaotic_lorenz_full_chaotic_run_0 - INFO - Saved new best model at epoch 56
2026-01-09 17:35:48,031 - experiment_chaotic_lorenz_full_chaotic_run_0 - INFO - Train Epoch 57: [0/472 (0.0%)]	Loss: 0.063968
2026-01-09 17:35:53,501 - experiment_chaotic_lorenz_full_chaotic_run_0 - INFO - Epoch 57: Train Loss: 0.0643, Train Acc: 0.9799, Val Loss: 1.0732, Val Acc: 0.7865
2026-01-09 17:35:53,582 - experiment_chaotic_lorenz_full_chaotic_run_0 - INFO - Saved new best model at epoch 57
2026-01-09 17:35:54,174 - experiment_chaotic_lorenz_full_chaotic_run_0 - INFO - Train Epoch 58: [0/472 (0.0%)]	Loss: 0.042063
2026-01-09 17:35:59,584 - experiment_chaotic_lorenz_full_chaotic_run_0 - INFO - Epoch 58: Train Loss: 0.0404, Train Acc: 0.9933, Val Loss: 0.7937, Val Acc: 0.8090
2026-01-09 17:35:59,664 - experiment_chaotic_lorenz_full_chaotic_run_0 - INFO - Saved new best model at epoch 58
2026-01-09 17:36:00,249 - experiment_chaotic_lorenz_full_chaotic_run_0 - INFO - Train Epoch 59: [0/472 (0.0%)]	Loss: 0.031580
2026-01-09 17:36:05,652 - experiment_chaotic_lorenz_full_chaotic_run_0 - INFO - Epoch 59: Train Loss: 0.0413, Train Acc: 0.9866, Val Loss: 1.1392, Val Acc: 0.7528
2026-01-09 17:36:06,213 - experiment_chaotic_lorenz_full_chaotic_run_0 - INFO - Train Epoch 60: [0/472 (0.0%)]	Loss: 0.024895
2026-01-09 17:36:11,722 - experiment_chaotic_lorenz_full_chaotic_run_0 - INFO - Epoch 60: Train Loss: 0.0423, Train Acc: 0.9933, Val Loss: 0.6662, Val Acc: 0.8427
2026-01-09 17:36:11,803 - experiment_chaotic_lorenz_full_chaotic_run_0 - INFO - Saved new best model at epoch 60
2026-01-09 17:36:12,469 - experiment_chaotic_lorenz_full_chaotic_run_0 - INFO - Train Epoch 61: [0/472 (0.0%)]	Loss: 0.007138
2026-01-09 17:36:18,035 - experiment_chaotic_lorenz_full_chaotic_run_0 - INFO - Epoch 61: Train Loss: 0.0268, Train Acc: 0.9933, Val Loss: 2.0722, Val Acc: 0.5169
2026-01-09 17:36:18,589 - experiment_chaotic_lorenz_full_chaotic_run_0 - INFO - Train Epoch 62: [0/472 (0.0%)]	Loss: 0.027535
2026-01-09 17:36:24,042 - experiment_chaotic_lorenz_full_chaotic_run_0 - INFO - Epoch 62: Train Loss: 0.0268, Train Acc: 0.9978, Val Loss: 4.0097, Val Acc: 0.2921
2026-01-09 17:36:24,613 - experiment_chaotic_lorenz_full_chaotic_run_0 - INFO - Train Epoch 63: [0/472 (0.0%)]	Loss: 0.035944
2026-01-09 17:36:30,160 - experiment_chaotic_lorenz_full_chaotic_run_0 - INFO - Epoch 63: Train Loss: 0.0270, Train Acc: 0.9955, Val Loss: 1.5336, Val Acc: 0.6404
2026-01-09 17:36:30,729 - experiment_chaotic_lorenz_full_chaotic_run_0 - INFO - Train Epoch 64: [0/472 (0.0%)]	Loss: 0.017105
2026-01-09 17:36:36,225 - experiment_chaotic_lorenz_full_chaotic_run_0 - INFO - Epoch 64: Train Loss: 0.0513, Train Acc: 0.9821, Val Loss: 3.3183, Val Acc: 0.4045
2026-01-09 17:36:36,779 - experiment_chaotic_lorenz_full_chaotic_run_0 - INFO - Train Epoch 65: [0/472 (0.0%)]	Loss: 0.006554
2026-01-09 17:36:42,257 - experiment_chaotic_lorenz_full_chaotic_run_0 - INFO - Epoch 65: Train Loss: 0.0369, Train Acc: 0.9933, Val Loss: 2.6158, Val Acc: 0.4607
2026-01-09 17:36:42,823 - experiment_chaotic_lorenz_full_chaotic_run_0 - INFO - Train Epoch 66: [0/472 (0.0%)]	Loss: 0.009109
2026-01-09 17:36:48,356 - experiment_chaotic_lorenz_full_chaotic_run_0 - INFO - Epoch 66: Train Loss: 0.0368, Train Acc: 0.9888, Val Loss: 2.6809, Val Acc: 0.4719
2026-01-09 17:36:48,900 - experiment_chaotic_lorenz_full_chaotic_run_0 - INFO - Train Epoch 67: [0/472 (0.0%)]	Loss: 0.141612
2026-01-09 17:36:54,412 - experiment_chaotic_lorenz_full_chaotic_run_0 - INFO - Epoch 67: Train Loss: 0.0462, Train Acc: 0.9844, Val Loss: 1.1391, Val Acc: 0.7303
2026-01-09 17:36:54,959 - experiment_chaotic_lorenz_full_chaotic_run_0 - INFO - Train Epoch 68: [0/472 (0.0%)]	Loss: 0.020887
2026-01-09 17:37:00,363 - experiment_chaotic_lorenz_full_chaotic_run_0 - INFO - Epoch 68: Train Loss: 0.0298, Train Acc: 0.9933, Val Loss: 0.7181, Val Acc: 0.8427
2026-01-09 17:37:00,919 - experiment_chaotic_lorenz_full_chaotic_run_0 - INFO - Train Epoch 69: [0/472 (0.0%)]	Loss: 0.005714
2026-01-09 17:37:06,331 - experiment_chaotic_lorenz_full_chaotic_run_0 - INFO - Epoch 69: Train Loss: 0.0197, Train Acc: 0.9933, Val Loss: 0.6489, Val Acc: 0.7865
2026-01-09 17:37:06,892 - experiment_chaotic_lorenz_full_chaotic_run_0 - INFO - Train Epoch 70: [0/472 (0.0%)]	Loss: 0.049559
2026-01-09 17:37:12,387 - experiment_chaotic_lorenz_full_chaotic_run_0 - INFO - Epoch 70: Train Loss: 0.0145, Train Acc: 1.0000, Val Loss: 0.4011, Val Acc: 0.8876
2026-01-09 17:37:12,471 - experiment_chaotic_lorenz_full_chaotic_run_0 - INFO - Saved new best model at epoch 70
2026-01-09 17:37:13,132 - experiment_chaotic_lorenz_full_chaotic_run_0 - INFO - Train Epoch 71: [0/472 (0.0%)]	Loss: 0.034893
2026-01-09 17:37:18,541 - experiment_chaotic_lorenz_full_chaotic_run_0 - INFO - Epoch 71: Train Loss: 0.0333, Train Acc: 0.9911, Val Loss: 0.6363, Val Acc: 0.8315
2026-01-09 17:37:19,092 - experiment_chaotic_lorenz_full_chaotic_run_0 - INFO - Train Epoch 72: [0/472 (0.0%)]	Loss: 0.006975
2026-01-09 17:37:24,521 - experiment_chaotic_lorenz_full_chaotic_run_0 - INFO - Epoch 72: Train Loss: 0.0270, Train Acc: 0.9955, Val Loss: 0.8306, Val Acc: 0.7865
2026-01-09 17:37:25,065 - experiment_chaotic_lorenz_full_chaotic_run_0 - INFO - Train Epoch 73: [0/472 (0.0%)]	Loss: 0.023432
2026-01-09 17:37:30,516 - experiment_chaotic_lorenz_full_chaotic_run_0 - INFO - Epoch 73: Train Loss: 0.0197, Train Acc: 0.9978, Val Loss: 0.3421, Val Acc: 0.8989
2026-01-09 17:37:30,599 - experiment_chaotic_lorenz_full_chaotic_run_0 - INFO - Saved new best model at epoch 73
2026-01-09 17:37:31,200 - experiment_chaotic_lorenz_full_chaotic_run_0 - INFO - Train Epoch 74: [0/472 (0.0%)]	Loss: 0.015932
2026-01-09 17:37:36,669 - experiment_chaotic_lorenz_full_chaotic_run_0 - INFO - Epoch 74: Train Loss: 0.0184, Train Acc: 0.9978, Val Loss: 0.3045, Val Acc: 0.9326
2026-01-09 17:37:36,749 - experiment_chaotic_lorenz_full_chaotic_run_0 - INFO - Saved new best model at epoch 74
2026-01-09 17:37:37,340 - experiment_chaotic_lorenz_full_chaotic_run_0 - INFO - Train Epoch 75: [0/472 (0.0%)]	Loss: 0.016327
2026-01-09 17:37:42,810 - experiment_chaotic_lorenz_full_chaotic_run_0 - INFO - Epoch 75: Train Loss: 0.0205, Train Acc: 0.9978, Val Loss: 0.2694, Val Acc: 0.9326
2026-01-09 17:37:43,367 - experiment_chaotic_lorenz_full_chaotic_run_0 - INFO - Train Epoch 76: [0/472 (0.0%)]	Loss: 0.045288
2026-01-09 17:37:48,813 - experiment_chaotic_lorenz_full_chaotic_run_0 - INFO - Epoch 76: Train Loss: 0.0284, Train Acc: 0.9933, Val Loss: 0.3573, Val Acc: 0.9101
2026-01-09 17:37:49,370 - experiment_chaotic_lorenz_full_chaotic_run_0 - INFO - Train Epoch 77: [0/472 (0.0%)]	Loss: 0.025443
2026-01-09 17:37:54,778 - experiment_chaotic_lorenz_full_chaotic_run_0 - INFO - Epoch 77: Train Loss: 0.0287, Train Acc: 0.9888, Val Loss: 0.2368, Val Acc: 0.9101
2026-01-09 17:37:55,342 - experiment_chaotic_lorenz_full_chaotic_run_0 - INFO - Train Epoch 78: [0/472 (0.0%)]	Loss: 0.010692
2026-01-09 17:38:00,768 - experiment_chaotic_lorenz_full_chaotic_run_0 - INFO - Epoch 78: Train Loss: 0.0184, Train Acc: 0.9955, Val Loss: 0.2304, Val Acc: 0.9213
2026-01-09 17:38:01,316 - experiment_chaotic_lorenz_full_chaotic_run_0 - INFO - Train Epoch 79: [0/472 (0.0%)]	Loss: 0.005900
2026-01-09 17:38:06,725 - experiment_chaotic_lorenz_full_chaotic_run_0 - INFO - Epoch 79: Train Loss: 0.0232, Train Acc: 0.9933, Val Loss: 0.2029, Val Acc: 0.9438
2026-01-09 17:38:06,805 - experiment_chaotic_lorenz_full_chaotic_run_0 - INFO - Saved new best model at epoch 79
2026-01-09 17:38:07,404 - experiment_chaotic_lorenz_full_chaotic_run_0 - INFO - Train Epoch 80: [0/472 (0.0%)]	Loss: 0.003302
2026-01-09 17:38:12,822 - experiment_chaotic_lorenz_full_chaotic_run_0 - INFO - Epoch 80: Train Loss: 0.0081, Train Acc: 1.0000, Val Loss: 0.2010, Val Acc: 0.9438
2026-01-09 17:38:13,453 - experiment_chaotic_lorenz_full_chaotic_run_0 - INFO - Train Epoch 81: [0/472 (0.0%)]	Loss: 0.002771
2026-01-09 17:38:18,884 - experiment_chaotic_lorenz_full_chaotic_run_0 - INFO - Epoch 81: Train Loss: 0.0127, Train Acc: 0.9978, Val Loss: 0.3268, Val Acc: 0.9101
2026-01-09 17:38:19,441 - experiment_chaotic_lorenz_full_chaotic_run_0 - INFO - Train Epoch 82: [0/472 (0.0%)]	Loss: 0.010639
2026-01-09 17:38:24,963 - experiment_chaotic_lorenz_full_chaotic_run_0 - INFO - Epoch 82: Train Loss: 0.0166, Train Acc: 0.9978, Val Loss: 0.3622, Val Acc: 0.8989
2026-01-09 17:38:25,515 - experiment_chaotic_lorenz_full_chaotic_run_0 - INFO - Train Epoch 83: [0/472 (0.0%)]	Loss: 0.005674
2026-01-09 17:38:30,952 - experiment_chaotic_lorenz_full_chaotic_run_0 - INFO - Epoch 83: Train Loss: 0.0218, Train Acc: 0.9955, Val Loss: 0.2879, Val Acc: 0.9213
2026-01-09 17:38:31,501 - experiment_chaotic_lorenz_full_chaotic_run_0 - INFO - Train Epoch 84: [0/472 (0.0%)]	Loss: 0.039532
2026-01-09 17:38:36,917 - experiment_chaotic_lorenz_full_chaotic_run_0 - INFO - Epoch 84: Train Loss: 0.0151, Train Acc: 0.9955, Val Loss: 0.2173, Val Acc: 0.9213
2026-01-09 17:38:37,472 - experiment_chaotic_lorenz_full_chaotic_run_0 - INFO - Train Epoch 85: [0/472 (0.0%)]	Loss: 0.003628
2026-01-09 17:38:42,962 - experiment_chaotic_lorenz_full_chaotic_run_0 - INFO - Epoch 85: Train Loss: 0.0137, Train Acc: 0.9978, Val Loss: 0.2131, Val Acc: 0.9326
2026-01-09 17:38:43,523 - experiment_chaotic_lorenz_full_chaotic_run_0 - INFO - Train Epoch 86: [0/472 (0.0%)]	Loss: 0.010933
2026-01-09 17:38:49,285 - experiment_chaotic_lorenz_full_chaotic_run_0 - INFO - Epoch 86: Train Loss: 0.0151, Train Acc: 0.9978, Val Loss: 0.2463, Val Acc: 0.9326
2026-01-09 17:38:49,851 - experiment_chaotic_lorenz_full_chaotic_run_0 - INFO - Train Epoch 87: [0/472 (0.0%)]	Loss: 0.005229
2026-01-09 17:38:55,425 - experiment_chaotic_lorenz_full_chaotic_run_0 - INFO - Epoch 87: Train Loss: 0.0102, Train Acc: 1.0000, Val Loss: 0.2172, Val Acc: 0.9438
2026-01-09 17:38:55,981 - experiment_chaotic_lorenz_full_chaotic_run_0 - INFO - Train Epoch 88: [0/472 (0.0%)]	Loss: 0.001615
2026-01-09 17:39:01,548 - experiment_chaotic_lorenz_full_chaotic_run_0 - INFO - Epoch 88: Train Loss: 0.0180, Train Acc: 0.9978, Val Loss: 0.1814, Val Acc: 0.9551
2026-01-09 17:39:01,630 - experiment_chaotic_lorenz_full_chaotic_run_0 - INFO - Saved new best model at epoch 88
2026-01-09 17:39:02,219 - experiment_chaotic_lorenz_full_chaotic_run_0 - INFO - Train Epoch 89: [0/472 (0.0%)]	Loss: 0.005439
2026-01-09 17:39:07,685 - experiment_chaotic_lorenz_full_chaotic_run_0 - INFO - Epoch 89: Train Loss: 0.0176, Train Acc: 0.9955, Val Loss: 0.1854, Val Acc: 0.9551
2026-01-09 17:39:08,251 - experiment_chaotic_lorenz_full_chaotic_run_0 - INFO - Train Epoch 90: [0/472 (0.0%)]	Loss: 0.094010
2026-01-09 17:39:13,829 - experiment_chaotic_lorenz_full_chaotic_run_0 - INFO - Epoch 90: Train Loss: 0.0226, Train Acc: 0.9933, Val Loss: 0.1700, Val Acc: 0.9438
2026-01-09 17:39:14,452 - experiment_chaotic_lorenz_full_chaotic_run_0 - INFO - Train Epoch 91: [0/472 (0.0%)]	Loss: 0.004129
2026-01-09 17:39:19,977 - experiment_chaotic_lorenz_full_chaotic_run_0 - INFO - Epoch 91: Train Loss: 0.0226, Train Acc: 0.9933, Val Loss: 0.1561, Val Acc: 0.9438
2026-01-09 17:39:20,528 - experiment_chaotic_lorenz_full_chaotic_run_0 - INFO - Train Epoch 92: [0/472 (0.0%)]	Loss: 0.005272
2026-01-09 17:39:26,017 - experiment_chaotic_lorenz_full_chaotic_run_0 - INFO - Epoch 92: Train Loss: 0.0076, Train Acc: 0.9978, Val Loss: 0.1492, Val Acc: 0.9551
2026-01-09 17:39:26,569 - experiment_chaotic_lorenz_full_chaotic_run_0 - INFO - Train Epoch 93: [0/472 (0.0%)]	Loss: 0.007355
2026-01-09 17:39:32,226 - experiment_chaotic_lorenz_full_chaotic_run_0 - INFO - Epoch 93: Train Loss: 0.0113, Train Acc: 1.0000, Val Loss: 0.1353, Val Acc: 0.9663
2026-01-09 17:39:32,308 - experiment_chaotic_lorenz_full_chaotic_run_0 - INFO - Saved new best model at epoch 93
2026-01-09 17:39:32,893 - experiment_chaotic_lorenz_full_chaotic_run_0 - INFO - Train Epoch 94: [0/472 (0.0%)]	Loss: 0.011874
2026-01-09 17:39:38,466 - experiment_chaotic_lorenz_full_chaotic_run_0 - INFO - Epoch 94: Train Loss: 0.0104, Train Acc: 1.0000, Val Loss: 0.1366, Val Acc: 0.9663
2026-01-09 17:39:39,013 - experiment_chaotic_lorenz_full_chaotic_run_0 - INFO - Train Epoch 95: [0/472 (0.0%)]	Loss: 0.003642
2026-01-09 17:39:44,588 - experiment_chaotic_lorenz_full_chaotic_run_0 - INFO - Epoch 95: Train Loss: 0.0112, Train Acc: 0.9978, Val Loss: 0.1587, Val Acc: 0.9663
2026-01-09 17:39:45,133 - experiment_chaotic_lorenz_full_chaotic_run_0 - INFO - Train Epoch 96: [0/472 (0.0%)]	Loss: 0.004741
2026-01-09 17:39:50,565 - experiment_chaotic_lorenz_full_chaotic_run_0 - INFO - Epoch 96: Train Loss: 0.0083, Train Acc: 1.0000, Val Loss: 0.1534, Val Acc: 0.9663
2026-01-09 17:39:51,125 - experiment_chaotic_lorenz_full_chaotic_run_0 - INFO - Train Epoch 97: [0/472 (0.0%)]	Loss: 0.007802
2026-01-09 17:39:56,672 - experiment_chaotic_lorenz_full_chaotic_run_0 - INFO - Epoch 97: Train Loss: 0.0209, Train Acc: 0.9978, Val Loss: 0.1562, Val Acc: 0.9551
2026-01-09 17:39:57,222 - experiment_chaotic_lorenz_full_chaotic_run_0 - INFO - Train Epoch 98: [0/472 (0.0%)]	Loss: 0.002756
2026-01-09 17:40:02,699 - experiment_chaotic_lorenz_full_chaotic_run_0 - INFO - Epoch 98: Train Loss: 0.0131, Train Acc: 0.9955, Val Loss: 0.1428, Val Acc: 0.9663
2026-01-09 17:40:03,241 - experiment_chaotic_lorenz_full_chaotic_run_0 - INFO - Train Epoch 99: [0/472 (0.0%)]	Loss: 0.038446
2026-01-09 17:40:08,960 - experiment_chaotic_lorenz_full_chaotic_run_0 - INFO - Epoch 99: Train Loss: 0.0212, Train Acc: 0.9933, Val Loss: 0.1452, Val Acc: 0.9663
2026-01-09 17:40:08,967 - experiment_chaotic_lorenz_full_chaotic_run_0 - INFO - Running final test evaluation...
2026-01-09 17:40:09,801 - experiment_chaotic_lorenz_full_chaotic_run_0 - INFO - Test Results:
2026-01-09 17:40:09,801 - experiment_chaotic_lorenz_full_chaotic_run_0 - INFO -   loss: 0.1627
2026-01-09 17:40:09,801 - experiment_chaotic_lorenz_full_chaotic_run_0 - INFO -   accuracy: 0.9492
2026-01-09 17:40:09,801 - experiment_chaotic_lorenz_full_chaotic_run_0 - INFO -   avg_confidence: 0.9987
2026-01-09 17:40:09,801 - experiment_chaotic_lorenz_full_chaotic_run_0 - INFO -   embedding_diversity: 0.1501
2026-01-09 17:40:09,801 - experiment_chaotic_lorenz_full_chaotic_run_0 - INFO -   embedding_norm_mean: 1.0000
2026-01-09 17:40:09,801 - experiment_chaotic_lorenz_full_chaotic_run_0 - INFO -   embedding_norm_std: 0.0000
2026-01-09 17:40:09,804 - experiment_chaotic_lorenz_full_chaotic_run_0 - INFO - Training completed
2026-01-09 17:40:10,612 - experiment_chaotic_lorenz_full_chaotic_run_0 - INFO - Running comprehensive chaotic network analysis...
2026-01-09 17:40:10,613 - experiment_chaotic_lorenz_full_chaotic_run_0 - INFO - Analyzing chaotic features and dynamics...
2026-01-09 17:40:11,322 - experiment_chaotic_lorenz_full_chaotic_run_0 - INFO - Chaotic analysis completed
2026-01-09 17:40:11,323 - experiment_chaotic_lorenz_full_chaotic_run_0 - INFO - Creating chaotic dynamics visualizations...
2026-01-09 17:40:13,610 - experiment_chaotic_lorenz_full_chaotic_run_0 - WARNING - Embedding plotting failed: boolean index did not match indexed array along dimension 0; dimension is 8 but corresponding boolean dimension is 32
2026-01-09 17:40:13,617 - experiment_chaotic_lorenz_full_chaotic_run_0 - INFO - Chaotic network analysis completed
2026-01-10 12:43:34,618 - experiment_chaotic_lorenz_full_chaotic_run_0 - INFO - Initialized experiment: chaotic_lorenz_full_chaotic_run_0
2026-01-10 12:43:34,632 - experiment_chaotic_lorenz_full_chaotic_run_0 - INFO - Device: cuda
2026-01-10 12:43:34,632 - experiment_chaotic_lorenz_full_chaotic_run_0 - INFO - Output directory: /scratch/project_2003370/yueyao/Model/experiments/configs/sync_experiments/B/experiments/chaotic_lorenz_full_chaotic_run_0
2026-01-10 12:43:34,632 - experiment_chaotic_lorenz_full_chaotic_run_0 - INFO - Initialized chaotic network experiment with lorenz system
2026-01-10 12:43:34,632 - experiment_chaotic_lorenz_full_chaotic_run_0 - INFO - Setting up experiment components...
2026-01-10 12:43:34,632 - experiment_chaotic_lorenz_full_chaotic_run_0 - INFO - Creating dataloaders...
2026-01-10 12:43:35,063 - experiment_chaotic_lorenz_full_chaotic_run_0 - INFO - Detected 26 speakers in dataset
2026-01-10 12:43:35,063 - experiment_chaotic_lorenz_full_chaotic_run_0 - INFO - Dataloaders created:
2026-01-10 12:43:35,063 - experiment_chaotic_lorenz_full_chaotic_run_0 - INFO -   Train: 14 batches
2026-01-10 12:43:35,063 - experiment_chaotic_lorenz_full_chaotic_run_0 - INFO -   Val: 3 batches
2026-01-10 12:43:35,063 - experiment_chaotic_lorenz_full_chaotic_run_0 - INFO -   Test: 4 batches
2026-01-10 12:43:35,063 - experiment_chaotic_lorenz_full_chaotic_run_0 - INFO - Creating model...
2026-01-10 12:43:35,063 - experiment_chaotic_lorenz_full_chaotic_run_0 - INFO - Using actual num_speakers from dataset: 26
2026-01-10 12:43:35,063 - experiment_chaotic_lorenz_full_chaotic_run_0 - INFO - [BIFURCATION] use_bifurcation_control=False
2026-01-10 12:44:22,433 - experiment_chaotic_lorenz_full_chaotic_run_0 - INFO - Total parameters: 458,181
2026-01-10 12:44:22,433 - experiment_chaotic_lorenz_full_chaotic_run_0 - INFO - Trainable parameters: 458,181
2026-01-10 12:44:22,433 - experiment_chaotic_lorenz_full_chaotic_run_0 - INFO - Creating optimizer...
2026-01-10 12:44:24,046 - experiment_chaotic_lorenz_full_chaotic_run_0 - INFO - Optimizer: AdamW
2026-01-10 12:44:24,047 - experiment_chaotic_lorenz_full_chaotic_run_0 - INFO - Creating scheduler...
2026-01-10 12:44:24,047 - experiment_chaotic_lorenz_full_chaotic_run_0 - INFO - Scheduler: CosineAnnealingLR
2026-01-10 12:44:24,047 - experiment_chaotic_lorenz_full_chaotic_run_0 - INFO - Creating criterion...
2026-01-10 12:44:24,047 - experiment_chaotic_lorenz_full_chaotic_run_0 - INFO - Criterion: CrossEntropyLoss
2026-01-10 12:44:24,097 - experiment_chaotic_lorenz_full_chaotic_run_0 - INFO - Configuration saved to: /scratch/project_2003370/yueyao/Model/experiments/configs/sync_experiments/B/experiments/chaotic_lorenz_full_chaotic_run_0/config.json
2026-01-10 12:44:24,097 - experiment_chaotic_lorenz_full_chaotic_run_0 - INFO - Experiment setup completed
2026-01-10 12:44:24,098 - experiment_chaotic_lorenz_full_chaotic_run_0 - INFO - Starting training for 100 epochs
2026-01-10 12:44:24,271 - experiment_chaotic_lorenz_full_chaotic_run_0 - INFO - 
================================================================================
2026-01-10 12:44:24,271 - experiment_chaotic_lorenz_full_chaotic_run_0 - INFO - COMPREHENSIVE DEBUG - FIRST BATCH
2026-01-10 12:44:24,271 - experiment_chaotic_lorenz_full_chaotic_run_0 - INFO - ================================================================================
2026-01-10 12:44:24,271 - experiment_chaotic_lorenz_full_chaotic_run_0 - INFO - Batch Info:
2026-01-10 12:44:24,271 - experiment_chaotic_lorenz_full_chaotic_run_0 - INFO -   Audio shape: torch.Size([32, 48000])
2026-01-10 12:44:24,271 - experiment_chaotic_lorenz_full_chaotic_run_0 - INFO -   Targets shape: torch.Size([32])
2026-01-10 12:44:24,276 - experiment_chaotic_lorenz_full_chaotic_run_0 - INFO -   Targets (first 8): tensor([19, 24, 16, 12, 16, 10,  8,  2], device='cuda:0')
2026-01-10 12:44:24,850 - experiment_chaotic_lorenz_full_chaotic_run_0 - INFO - ================================================================================

2026-01-10 12:44:24,852 - experiment_chaotic_lorenz_full_chaotic_run_0 - INFO - [ADVERSARIAL] Initialized AdversarialChaoticAugmentation
2026-01-10 12:44:24,987 - experiment_chaotic_lorenz_full_chaotic_run_0 - INFO - [STABILITY] Initialized LyapunovStabilityLoss
2026-01-10 12:44:25,948 - experiment_chaotic_lorenz_full_chaotic_run_0 - INFO - Train Epoch 0: [0/472 (0.0%)]	Loss: 4.768258
2026-01-10 12:44:31,890 - experiment_chaotic_lorenz_full_chaotic_run_0 - INFO - [ADVERSARIAL] Warmup: epoch 1/5
2026-01-10 12:44:33,055 - experiment_chaotic_lorenz_full_chaotic_run_0 - INFO - Epoch 0: Train Loss: 4.7136, Train Acc: 0.0402, Val Loss: 4.5306, Val Acc: 0.0449
2026-01-10 12:44:33,137 - experiment_chaotic_lorenz_full_chaotic_run_0 - INFO - Saved new best model at epoch 0
2026-01-10 12:44:34,036 - experiment_chaotic_lorenz_full_chaotic_run_0 - INFO - Train Epoch 1: [0/472 (0.0%)]	Loss: 4.361006
2026-01-10 12:44:41,316 - experiment_chaotic_lorenz_full_chaotic_run_0 - INFO - [ADVERSARIAL] Warmup: epoch 2/5
2026-01-10 12:44:42,460 - experiment_chaotic_lorenz_full_chaotic_run_0 - INFO - Epoch 1: Train Loss: 3.9876, Train Acc: 0.0871, Val Loss: 5.1633, Val Acc: 0.0449
2026-01-10 12:44:43,265 - experiment_chaotic_lorenz_full_chaotic_run_0 - INFO - Train Epoch 2: [0/472 (0.0%)]	Loss: 3.634290
2026-01-10 12:44:50,818 - experiment_chaotic_lorenz_full_chaotic_run_0 - INFO - [ADVERSARIAL] Warmup: epoch 3/5
2026-01-10 12:44:52,011 - experiment_chaotic_lorenz_full_chaotic_run_0 - INFO - Epoch 2: Train Loss: 3.4202, Train Acc: 0.1429, Val Loss: 4.5511, Val Acc: 0.0449
2026-01-10 12:44:52,868 - experiment_chaotic_lorenz_full_chaotic_run_0 - INFO - Train Epoch 3: [0/472 (0.0%)]	Loss: 3.695094
2026-01-10 12:45:00,184 - experiment_chaotic_lorenz_full_chaotic_run_0 - INFO - [ADVERSARIAL] Warmup: epoch 4/5
2026-01-10 12:45:01,379 - experiment_chaotic_lorenz_full_chaotic_run_0 - INFO - Epoch 3: Train Loss: 2.8255, Train Acc: 0.2500, Val Loss: 5.2449, Val Acc: 0.0449
2026-01-10 12:45:02,001 - experiment_chaotic_lorenz_full_chaotic_run_0 - INFO - Train Epoch 4: [0/472 (0.0%)]	Loss: 2.320080
2026-01-10 12:45:08,285 - experiment_chaotic_lorenz_full_chaotic_run_0 - INFO - [ADVERSARIAL] Warmup: epoch 5/5
2026-01-10 12:45:09,565 - experiment_chaotic_lorenz_full_chaotic_run_0 - INFO - Epoch 4: Train Loss: 2.0896, Train Acc: 0.3705, Val Loss: 5.0593, Val Acc: 0.0449
2026-01-10 12:45:10,276 - experiment_chaotic_lorenz_full_chaotic_run_0 - INFO - Train Epoch 5: [0/472 (0.0%)]	Loss: 2.416025
2026-01-10 12:45:16,326 - experiment_chaotic_lorenz_full_chaotic_run_0 - INFO - [ADVERSARIAL] Warmup complete, adversarial training activated!
2026-01-10 12:45:17,479 - experiment_chaotic_lorenz_full_chaotic_run_0 - INFO - Epoch 5: Train Loss: 2.2252, Train Acc: 0.4821, Val Loss: 4.9257, Val Acc: 0.0674
2026-01-10 12:45:17,563 - experiment_chaotic_lorenz_full_chaotic_run_0 - INFO - Saved new best model at epoch 5
2026-01-10 12:45:18,370 - experiment_chaotic_lorenz_full_chaotic_run_0 - INFO - Train Epoch 6: [0/472 (0.0%)]	Loss: 1.713814
2026-01-10 12:45:26,087 - experiment_chaotic_lorenz_full_chaotic_run_0 - INFO - Epoch 6: Train Loss: 1.7759, Train Acc: 0.5603, Val Loss: 8.1051, Val Acc: 0.0449
2026-01-10 12:45:26,813 - experiment_chaotic_lorenz_full_chaotic_run_0 - INFO - Train Epoch 7: [0/472 (0.0%)]	Loss: 2.002063
2026-01-10 12:45:34,375 - experiment_chaotic_lorenz_full_chaotic_run_0 - INFO - Epoch 7: Train Loss: 1.4073, Train Acc: 0.6540, Val Loss: 5.9229, Val Acc: 0.0449
2026-01-10 12:45:35,063 - experiment_chaotic_lorenz_full_chaotic_run_0 - INFO - Train Epoch 8: [0/472 (0.0%)]	Loss: 0.731470
2026-01-10 12:45:42,813 - experiment_chaotic_lorenz_full_chaotic_run_0 - INFO - Epoch 8: Train Loss: 1.2555, Train Acc: 0.6786, Val Loss: 7.6410, Val Acc: 0.0449
2026-01-10 12:45:43,592 - experiment_chaotic_lorenz_full_chaotic_run_0 - INFO - Train Epoch 9: [0/472 (0.0%)]	Loss: 0.785399
2026-01-10 12:45:51,256 - experiment_chaotic_lorenz_full_chaotic_run_0 - INFO - Epoch 9: Train Loss: 0.9831, Train Acc: 0.7612, Val Loss: 5.3330, Val Acc: 0.0562
2026-01-10 12:45:51,907 - experiment_chaotic_lorenz_full_chaotic_run_0 - INFO - Train Epoch 10: [0/472 (0.0%)]	Loss: 0.453623
2026-01-10 12:45:59,852 - experiment_chaotic_lorenz_full_chaotic_run_0 - INFO - Epoch 10: Train Loss: 0.8697, Train Acc: 0.7991, Val Loss: 8.0526, Val Acc: 0.0449
2026-01-10 12:46:00,619 - experiment_chaotic_lorenz_full_chaotic_run_0 - INFO - Train Epoch 11: [0/472 (0.0%)]	Loss: 0.578730
2026-01-10 12:46:08,388 - experiment_chaotic_lorenz_full_chaotic_run_0 - INFO - Epoch 11: Train Loss: 0.9236, Train Acc: 0.7679, Val Loss: 6.2693, Val Acc: 0.0449
2026-01-10 12:46:09,111 - experiment_chaotic_lorenz_full_chaotic_run_0 - INFO - Train Epoch 12: [0/472 (0.0%)]	Loss: 0.786786
2026-01-10 12:46:18,079 - experiment_chaotic_lorenz_full_chaotic_run_0 - INFO - Epoch 12: Train Loss: 1.1323, Train Acc: 0.7500, Val Loss: 5.4534, Val Acc: 0.0899
2026-01-10 12:46:18,165 - experiment_chaotic_lorenz_full_chaotic_run_0 - INFO - Saved new best model at epoch 12
2026-01-10 12:46:18,916 - experiment_chaotic_lorenz_full_chaotic_run_0 - INFO - Train Epoch 13: [0/472 (0.0%)]	Loss: 1.142442
2026-01-10 12:46:27,245 - experiment_chaotic_lorenz_full_chaotic_run_0 - INFO - Epoch 13: Train Loss: 1.0982, Train Acc: 0.7321, Val Loss: 6.0870, Val Acc: 0.0899
2026-01-10 12:46:27,980 - experiment_chaotic_lorenz_full_chaotic_run_0 - INFO - Train Epoch 14: [0/472 (0.0%)]	Loss: 1.046743
2026-01-10 12:46:36,759 - experiment_chaotic_lorenz_full_chaotic_run_0 - INFO - Epoch 14: Train Loss: 0.9249, Train Acc: 0.7946, Val Loss: 4.0461, Val Acc: 0.1798
2026-01-10 12:46:36,856 - experiment_chaotic_lorenz_full_chaotic_run_0 - INFO - Saved new best model at epoch 14
2026-01-10 12:46:37,611 - experiment_chaotic_lorenz_full_chaotic_run_0 - INFO - Train Epoch 15: [0/472 (0.0%)]	Loss: 0.593943
2026-01-10 12:46:47,786 - experiment_chaotic_lorenz_full_chaotic_run_0 - INFO - Epoch 15: Train Loss: 0.7059, Train Acc: 0.8482, Val Loss: 6.0801, Val Acc: 0.0449
2026-01-10 12:46:48,505 - experiment_chaotic_lorenz_full_chaotic_run_0 - INFO - Train Epoch 16: [0/472 (0.0%)]	Loss: 0.694636
2026-01-10 12:46:58,505 - experiment_chaotic_lorenz_full_chaotic_run_0 - INFO - Epoch 16: Train Loss: 0.6944, Train Acc: 0.8281, Val Loss: 6.0271, Val Acc: 0.0449
2026-01-10 12:46:59,209 - experiment_chaotic_lorenz_full_chaotic_run_0 - INFO - Train Epoch 17: [0/472 (0.0%)]	Loss: 0.576911
2026-01-10 12:47:09,298 - experiment_chaotic_lorenz_full_chaotic_run_0 - INFO - Epoch 17: Train Loss: 0.5678, Train Acc: 0.8728, Val Loss: 5.8349, Val Acc: 0.0449
2026-01-10 12:47:10,070 - experiment_chaotic_lorenz_full_chaotic_run_0 - INFO - Train Epoch 18: [0/472 (0.0%)]	Loss: 0.292033
2026-01-10 12:47:20,204 - experiment_chaotic_lorenz_full_chaotic_run_0 - INFO - Epoch 18: Train Loss: 0.4597, Train Acc: 0.8862, Val Loss: 5.4598, Val Acc: 0.0899
2026-01-10 12:47:20,907 - experiment_chaotic_lorenz_full_chaotic_run_0 - INFO - Train Epoch 19: [0/472 (0.0%)]	Loss: 0.400154
2026-01-10 12:47:30,991 - experiment_chaotic_lorenz_full_chaotic_run_0 - INFO - Epoch 19: Train Loss: 0.4512, Train Acc: 0.8884, Val Loss: 6.4043, Val Acc: 0.0674
2026-01-10 12:47:31,772 - experiment_chaotic_lorenz_full_chaotic_run_0 - INFO - Train Epoch 20: [0/472 (0.0%)]	Loss: 0.468237
2026-01-10 12:47:41,100 - experiment_chaotic_lorenz_full_chaotic_run_0 - INFO - Epoch 20: Train Loss: 0.5029, Train Acc: 0.8862, Val Loss: 6.5275, Val Acc: 0.0449
2026-01-10 12:47:41,994 - experiment_chaotic_lorenz_full_chaotic_run_0 - INFO - Train Epoch 21: [0/472 (0.0%)]	Loss: 0.591494
2026-01-10 12:47:49,932 - experiment_chaotic_lorenz_full_chaotic_run_0 - INFO - Epoch 21: Train Loss: 0.5263, Train Acc: 0.8839, Val Loss: 6.4031, Val Acc: 0.0449
2026-01-10 12:47:50,672 - experiment_chaotic_lorenz_full_chaotic_run_0 - INFO - Train Epoch 22: [0/472 (0.0%)]	Loss: 0.243176
2026-01-10 12:47:58,431 - experiment_chaotic_lorenz_full_chaotic_run_0 - INFO - Epoch 22: Train Loss: 0.4597, Train Acc: 0.8906, Val Loss: 6.7133, Val Acc: 0.0449
2026-01-10 12:47:59,146 - experiment_chaotic_lorenz_full_chaotic_run_0 - INFO - Train Epoch 23: [0/472 (0.0%)]	Loss: 0.650442
2026-01-10 12:48:09,399 - experiment_chaotic_lorenz_full_chaotic_run_0 - INFO - Epoch 23: Train Loss: 0.4252, Train Acc: 0.8973, Val Loss: 6.0058, Val Acc: 0.0674
2026-01-10 12:48:10,168 - experiment_chaotic_lorenz_full_chaotic_run_0 - INFO - Train Epoch 24: [0/472 (0.0%)]	Loss: 0.459811
2026-01-10 12:48:17,903 - experiment_chaotic_lorenz_full_chaotic_run_0 - INFO - Epoch 24: Train Loss: 0.4033, Train Acc: 0.8929, Val Loss: 6.7501, Val Acc: 0.0449
2026-01-10 12:48:18,553 - experiment_chaotic_lorenz_full_chaotic_run_0 - INFO - Train Epoch 25: [0/472 (0.0%)]	Loss: 0.429259
2026-01-10 12:48:26,545 - experiment_chaotic_lorenz_full_chaotic_run_0 - INFO - Epoch 25: Train Loss: 0.3750, Train Acc: 0.9062, Val Loss: 7.6698, Val Acc: 0.0449
2026-01-10 12:48:27,258 - experiment_chaotic_lorenz_full_chaotic_run_0 - INFO - Train Epoch 26: [0/472 (0.0%)]	Loss: 0.155930
2026-01-10 12:48:35,317 - experiment_chaotic_lorenz_full_chaotic_run_0 - INFO - Epoch 26: Train Loss: 0.3256, Train Acc: 0.9219, Val Loss: 5.7133, Val Acc: 0.0899
2026-01-10 12:48:36,041 - experiment_chaotic_lorenz_full_chaotic_run_0 - INFO - Train Epoch 27: [0/472 (0.0%)]	Loss: 0.362735
2026-01-10 12:48:44,911 - experiment_chaotic_lorenz_full_chaotic_run_0 - INFO - Epoch 27: Train Loss: 0.3519, Train Acc: 0.9308, Val Loss: 5.9060, Val Acc: 0.1348
2026-01-10 12:48:45,578 - experiment_chaotic_lorenz_full_chaotic_run_0 - INFO - Train Epoch 28: [0/472 (0.0%)]	Loss: 0.255190
2026-01-10 12:48:55,351 - experiment_chaotic_lorenz_full_chaotic_run_0 - INFO - Epoch 28: Train Loss: 0.3195, Train Acc: 0.9219, Val Loss: 4.3762, Val Acc: 0.1685
2026-01-10 12:48:56,092 - experiment_chaotic_lorenz_full_chaotic_run_0 - INFO - Train Epoch 29: [0/472 (0.0%)]	Loss: 0.229089
2026-01-10 12:49:05,910 - experiment_chaotic_lorenz_full_chaotic_run_0 - INFO - Epoch 29: Train Loss: 0.2480, Train Acc: 0.9598, Val Loss: 5.8298, Val Acc: 0.0899
2026-01-10 12:49:06,584 - experiment_chaotic_lorenz_full_chaotic_run_0 - INFO - Train Epoch 30: [0/472 (0.0%)]	Loss: 0.245845
2026-01-10 12:49:16,450 - experiment_chaotic_lorenz_full_chaotic_run_0 - INFO - Epoch 30: Train Loss: 0.2718, Train Acc: 0.9487, Val Loss: 6.6582, Val Acc: 0.0449
2026-01-10 12:49:17,198 - experiment_chaotic_lorenz_full_chaotic_run_0 - INFO - Train Epoch 31: [0/472 (0.0%)]	Loss: 0.231060
2026-01-10 12:49:27,088 - experiment_chaotic_lorenz_full_chaotic_run_0 - INFO - Epoch 31: Train Loss: 0.2432, Train Acc: 0.9531, Val Loss: 6.4782, Val Acc: 0.0449
2026-01-10 12:49:27,777 - experiment_chaotic_lorenz_full_chaotic_run_0 - INFO - Train Epoch 32: [0/472 (0.0%)]	Loss: 0.530236
2026-01-10 12:49:36,586 - experiment_chaotic_lorenz_full_chaotic_run_0 - INFO - Epoch 32: Train Loss: 0.2752, Train Acc: 0.9330, Val Loss: 6.5119, Val Acc: 0.0449
2026-01-10 12:49:37,281 - experiment_chaotic_lorenz_full_chaotic_run_0 - INFO - Train Epoch 33: [0/472 (0.0%)]	Loss: 0.377495
2026-01-10 12:49:47,109 - experiment_chaotic_lorenz_full_chaotic_run_0 - INFO - Epoch 33: Train Loss: 0.2924, Train Acc: 0.9219, Val Loss: 3.0056, Val Acc: 0.3820
2026-01-10 12:49:47,195 - experiment_chaotic_lorenz_full_chaotic_run_0 - INFO - Saved new best model at epoch 33
2026-01-10 12:49:48,073 - experiment_chaotic_lorenz_full_chaotic_run_0 - INFO - Train Epoch 34: [0/472 (0.0%)]	Loss: 0.097076
2026-01-10 12:49:56,093 - experiment_chaotic_lorenz_full_chaotic_run_0 - INFO - Epoch 34: Train Loss: 0.2050, Train Acc: 0.9554, Val Loss: 3.5489, Val Acc: 0.3933
2026-01-10 12:49:56,211 - experiment_chaotic_lorenz_full_chaotic_run_0 - INFO - Saved new best model at epoch 34
2026-01-10 12:49:57,120 - experiment_chaotic_lorenz_full_chaotic_run_0 - INFO - Train Epoch 35: [0/472 (0.0%)]	Loss: 0.253552
2026-01-10 12:50:06,145 - experiment_chaotic_lorenz_full_chaotic_run_0 - INFO - Epoch 35: Train Loss: 0.2273, Train Acc: 0.9420, Val Loss: 2.0058, Val Acc: 0.5843
2026-01-10 12:50:06,228 - experiment_chaotic_lorenz_full_chaotic_run_0 - INFO - Saved new best model at epoch 35
2026-01-10 12:50:06,970 - experiment_chaotic_lorenz_full_chaotic_run_0 - INFO - Train Epoch 36: [0/472 (0.0%)]	Loss: 0.115931
2026-01-10 12:50:17,172 - experiment_chaotic_lorenz_full_chaotic_run_0 - INFO - Epoch 36: Train Loss: 0.2130, Train Acc: 0.9487, Val Loss: 7.8941, Val Acc: 0.0449
2026-01-10 12:50:18,002 - experiment_chaotic_lorenz_full_chaotic_run_0 - INFO - Train Epoch 37: [0/472 (0.0%)]	Loss: 0.134734
2026-01-10 12:50:26,828 - experiment_chaotic_lorenz_full_chaotic_run_0 - INFO - Epoch 37: Train Loss: 0.2421, Train Acc: 0.9509, Val Loss: 6.9478, Val Acc: 0.0449
2026-01-10 12:50:27,502 - experiment_chaotic_lorenz_full_chaotic_run_0 - INFO - Train Epoch 38: [0/472 (0.0%)]	Loss: 0.118176
2026-01-10 12:50:36,566 - experiment_chaotic_lorenz_full_chaotic_run_0 - INFO - Epoch 38: Train Loss: 0.2131, Train Acc: 0.9621, Val Loss: 4.1788, Val Acc: 0.1910
2026-01-10 12:50:37,302 - experiment_chaotic_lorenz_full_chaotic_run_0 - INFO - Train Epoch 39: [0/472 (0.0%)]	Loss: 0.162998
2026-01-10 12:50:46,384 - experiment_chaotic_lorenz_full_chaotic_run_0 - INFO - Epoch 39: Train Loss: 0.2064, Train Acc: 0.9531, Val Loss: 7.3525, Val Acc: 0.0899
2026-01-10 12:50:47,131 - experiment_chaotic_lorenz_full_chaotic_run_0 - INFO - Train Epoch 40: [0/472 (0.0%)]	Loss: 0.182802
2026-01-10 12:50:57,443 - experiment_chaotic_lorenz_full_chaotic_run_0 - INFO - Epoch 40: Train Loss: 0.1974, Train Acc: 0.9509, Val Loss: 8.1857, Val Acc: 0.0787
2026-01-10 12:50:58,259 - experiment_chaotic_lorenz_full_chaotic_run_0 - INFO - Train Epoch 41: [0/472 (0.0%)]	Loss: 0.125658
2026-01-10 12:51:07,013 - experiment_chaotic_lorenz_full_chaotic_run_0 - INFO - Epoch 41: Train Loss: 0.1726, Train Acc: 0.9643, Val Loss: 7.3648, Val Acc: 0.0449
2026-01-10 12:51:07,735 - experiment_chaotic_lorenz_full_chaotic_run_0 - INFO - Train Epoch 42: [0/472 (0.0%)]	Loss: 0.184824
2026-01-10 12:51:18,021 - experiment_chaotic_lorenz_full_chaotic_run_0 - INFO - Epoch 42: Train Loss: 0.1618, Train Acc: 0.9732, Val Loss: 6.6153, Val Acc: 0.0674
2026-01-10 12:51:18,767 - experiment_chaotic_lorenz_full_chaotic_run_0 - INFO - Train Epoch 43: [0/472 (0.0%)]	Loss: 0.255057
2026-01-10 12:51:29,159 - experiment_chaotic_lorenz_full_chaotic_run_0 - INFO - Epoch 43: Train Loss: 0.1374, Train Acc: 0.9710, Val Loss: 6.7586, Val Acc: 0.0449
2026-01-10 12:51:29,920 - experiment_chaotic_lorenz_full_chaotic_run_0 - INFO - Train Epoch 44: [0/472 (0.0%)]	Loss: 0.264262
2026-01-10 12:51:40,295 - experiment_chaotic_lorenz_full_chaotic_run_0 - INFO - Epoch 44: Train Loss: 0.1502, Train Acc: 0.9598, Val Loss: 6.5126, Val Acc: 0.0449
2026-01-10 12:51:41,089 - experiment_chaotic_lorenz_full_chaotic_run_0 - INFO - Train Epoch 45: [0/472 (0.0%)]	Loss: 0.058860
2026-01-10 12:51:51,359 - experiment_chaotic_lorenz_full_chaotic_run_0 - INFO - Epoch 45: Train Loss: 0.1350, Train Acc: 0.9777, Val Loss: 7.9812, Val Acc: 0.0449
2026-01-10 12:51:52,139 - experiment_chaotic_lorenz_full_chaotic_run_0 - INFO - Train Epoch 46: [0/472 (0.0%)]	Loss: 0.103344
2026-01-10 12:52:02,556 - experiment_chaotic_lorenz_full_chaotic_run_0 - INFO - Epoch 46: Train Loss: 0.1031, Train Acc: 0.9777, Val Loss: 7.4378, Val Acc: 0.0674
2026-01-10 12:52:03,309 - experiment_chaotic_lorenz_full_chaotic_run_0 - INFO - Train Epoch 47: [0/472 (0.0%)]	Loss: 0.060973
2026-01-10 12:52:11,121 - experiment_chaotic_lorenz_full_chaotic_run_0 - INFO - Epoch 47: Train Loss: 0.1009, Train Acc: 0.9777, Val Loss: 6.2001, Val Acc: 0.1573
2026-01-10 12:52:11,875 - experiment_chaotic_lorenz_full_chaotic_run_0 - INFO - Train Epoch 48: [0/472 (0.0%)]	Loss: 0.037622
2026-01-10 12:52:20,987 - experiment_chaotic_lorenz_full_chaotic_run_0 - INFO - Epoch 48: Train Loss: 0.0985, Train Acc: 0.9866, Val Loss: 5.7123, Val Acc: 0.1124
2026-01-10 12:52:21,733 - experiment_chaotic_lorenz_full_chaotic_run_0 - INFO - Train Epoch 49: [0/472 (0.0%)]	Loss: 0.053642
2026-01-10 12:52:30,394 - experiment_chaotic_lorenz_full_chaotic_run_0 - INFO - Epoch 49: Train Loss: 0.0746, Train Acc: 0.9777, Val Loss: 2.0145, Val Acc: 0.5056
2026-01-10 12:52:31,113 - experiment_chaotic_lorenz_full_chaotic_run_0 - INFO - Train Epoch 50: [0/472 (0.0%)]	Loss: 0.098399
2026-01-10 12:52:39,970 - experiment_chaotic_lorenz_full_chaotic_run_0 - INFO - Epoch 50: Train Loss: 0.0746, Train Acc: 0.9888, Val Loss: 6.1586, Val Acc: 0.1348
2026-01-10 12:52:40,796 - experiment_chaotic_lorenz_full_chaotic_run_0 - INFO - Train Epoch 51: [0/472 (0.0%)]	Loss: 0.063954
2026-01-10 12:52:51,106 - experiment_chaotic_lorenz_full_chaotic_run_0 - INFO - Epoch 51: Train Loss: 0.0950, Train Acc: 0.9866, Val Loss: 6.4046, Val Acc: 0.1461
2026-01-10 12:52:51,795 - experiment_chaotic_lorenz_full_chaotic_run_0 - INFO - Train Epoch 52: [0/472 (0.0%)]	Loss: 0.025293
2026-01-10 12:53:00,654 - experiment_chaotic_lorenz_full_chaotic_run_0 - INFO - Epoch 52: Train Loss: 0.0848, Train Acc: 0.9754, Val Loss: 4.1883, Val Acc: 0.2360
2026-01-10 12:53:01,435 - experiment_chaotic_lorenz_full_chaotic_run_0 - INFO - Train Epoch 53: [0/472 (0.0%)]	Loss: 0.211210
2026-01-10 12:53:11,627 - experiment_chaotic_lorenz_full_chaotic_run_0 - INFO - Epoch 53: Train Loss: 0.1132, Train Acc: 0.9799, Val Loss: 8.9763, Val Acc: 0.0449
2026-01-10 12:53:12,382 - experiment_chaotic_lorenz_full_chaotic_run_0 - INFO - Train Epoch 54: [0/472 (0.0%)]	Loss: 0.147413
2026-01-10 12:53:21,213 - experiment_chaotic_lorenz_full_chaotic_run_0 - INFO - Epoch 54: Train Loss: 0.0851, Train Acc: 0.9821, Val Loss: 7.9622, Val Acc: 0.0899
2026-01-10 12:53:21,925 - experiment_chaotic_lorenz_full_chaotic_run_0 - INFO - Train Epoch 55: [0/472 (0.0%)]	Loss: 0.084599
2026-01-10 12:53:29,513 - experiment_chaotic_lorenz_full_chaotic_run_0 - INFO - Epoch 55: Train Loss: 0.0690, Train Acc: 0.9844, Val Loss: 5.2957, Val Acc: 0.1798
2026-01-10 12:53:30,164 - experiment_chaotic_lorenz_full_chaotic_run_0 - INFO - Train Epoch 56: [0/472 (0.0%)]	Loss: 0.082269
2026-01-10 12:53:38,750 - experiment_chaotic_lorenz_full_chaotic_run_0 - INFO - Epoch 56: Train Loss: 0.0804, Train Acc: 0.9821, Val Loss: 7.4471, Val Acc: 0.0562
2026-01-10 12:53:39,416 - experiment_chaotic_lorenz_full_chaotic_run_0 - INFO - Train Epoch 57: [0/472 (0.0%)]	Loss: 0.104596
2026-01-10 12:53:47,137 - experiment_chaotic_lorenz_full_chaotic_run_0 - INFO - Epoch 57: Train Loss: 0.0848, Train Acc: 0.9844, Val Loss: 7.4487, Val Acc: 0.0674
2026-01-10 12:53:47,857 - experiment_chaotic_lorenz_full_chaotic_run_0 - INFO - Train Epoch 58: [0/472 (0.0%)]	Loss: 0.022117
2026-01-10 12:53:56,402 - experiment_chaotic_lorenz_full_chaotic_run_0 - INFO - Epoch 58: Train Loss: 0.0611, Train Acc: 0.9888, Val Loss: 5.2383, Val Acc: 0.1348
2026-01-10 12:53:57,091 - experiment_chaotic_lorenz_full_chaotic_run_0 - INFO - Train Epoch 59: [0/472 (0.0%)]	Loss: 0.096535
2026-01-10 12:54:05,901 - experiment_chaotic_lorenz_full_chaotic_run_0 - INFO - Epoch 59: Train Loss: 0.0535, Train Acc: 0.9866, Val Loss: 4.4569, Val Acc: 0.2360
2026-01-10 12:54:06,586 - experiment_chaotic_lorenz_full_chaotic_run_0 - INFO - Train Epoch 60: [0/472 (0.0%)]	Loss: 0.235798
2026-01-10 12:54:14,718 - experiment_chaotic_lorenz_full_chaotic_run_0 - INFO - Epoch 60: Train Loss: 0.0675, Train Acc: 0.9866, Val Loss: 6.0660, Val Acc: 0.1798
2026-01-10 12:54:15,457 - experiment_chaotic_lorenz_full_chaotic_run_0 - INFO - Train Epoch 61: [0/472 (0.0%)]	Loss: 0.025608
2026-01-10 12:54:25,370 - experiment_chaotic_lorenz_full_chaotic_run_0 - INFO - Epoch 61: Train Loss: 0.0454, Train Acc: 0.9911, Val Loss: 6.1371, Val Acc: 0.2247
2026-01-10 12:54:26,026 - experiment_chaotic_lorenz_full_chaotic_run_0 - INFO - Train Epoch 62: [0/472 (0.0%)]	Loss: 0.058777
2026-01-10 12:54:34,949 - experiment_chaotic_lorenz_full_chaotic_run_0 - INFO - Epoch 62: Train Loss: 0.0378, Train Acc: 0.9933, Val Loss: 1.6452, Val Acc: 0.6404
2026-01-10 12:54:35,036 - experiment_chaotic_lorenz_full_chaotic_run_0 - INFO - Saved new best model at epoch 62
2026-01-10 12:54:35,786 - experiment_chaotic_lorenz_full_chaotic_run_0 - INFO - Train Epoch 63: [0/472 (0.0%)]	Loss: 0.007089
2026-01-10 12:54:45,717 - experiment_chaotic_lorenz_full_chaotic_run_0 - INFO - Epoch 63: Train Loss: 0.0325, Train Acc: 0.9955, Val Loss: 5.9182, Val Acc: 0.1236
2026-01-10 12:54:46,410 - experiment_chaotic_lorenz_full_chaotic_run_0 - INFO - Train Epoch 64: [0/472 (0.0%)]	Loss: 0.052133
2026-01-10 12:54:56,664 - experiment_chaotic_lorenz_full_chaotic_run_0 - INFO - Epoch 64: Train Loss: 0.0521, Train Acc: 0.9866, Val Loss: 5.6214, Val Acc: 0.1348
2026-01-10 12:54:57,329 - experiment_chaotic_lorenz_full_chaotic_run_0 - INFO - Train Epoch 65: [0/472 (0.0%)]	Loss: 0.027415
2026-01-10 12:55:05,873 - experiment_chaotic_lorenz_full_chaotic_run_0 - INFO - Epoch 65: Train Loss: 0.0469, Train Acc: 0.9888, Val Loss: 7.7518, Val Acc: 0.0899
2026-01-10 12:55:06,588 - experiment_chaotic_lorenz_full_chaotic_run_0 - INFO - Train Epoch 66: [0/472 (0.0%)]	Loss: 0.051557
2026-01-10 12:55:15,012 - experiment_chaotic_lorenz_full_chaotic_run_0 - INFO - Epoch 66: Train Loss: 0.0342, Train Acc: 0.9911, Val Loss: 8.5073, Val Acc: 0.0899
2026-01-10 12:55:15,714 - experiment_chaotic_lorenz_full_chaotic_run_0 - INFO - Train Epoch 67: [0/472 (0.0%)]	Loss: 0.051561
2026-01-10 12:55:25,592 - experiment_chaotic_lorenz_full_chaotic_run_0 - INFO - Epoch 67: Train Loss: 0.0278, Train Acc: 1.0000, Val Loss: 5.2736, Val Acc: 0.2472
2026-01-10 12:55:26,305 - experiment_chaotic_lorenz_full_chaotic_run_0 - INFO - Train Epoch 68: [0/472 (0.0%)]	Loss: 0.013874
2026-01-10 12:55:36,168 - experiment_chaotic_lorenz_full_chaotic_run_0 - INFO - Epoch 68: Train Loss: 0.0222, Train Acc: 0.9978, Val Loss: 7.2655, Val Acc: 0.0674
2026-01-10 12:55:36,911 - experiment_chaotic_lorenz_full_chaotic_run_0 - INFO - Train Epoch 69: [0/472 (0.0%)]	Loss: 0.013027
2026-01-10 12:55:45,009 - experiment_chaotic_lorenz_full_chaotic_run_0 - INFO - Epoch 69: Train Loss: 0.0288, Train Acc: 0.9933, Val Loss: 6.3073, Val Acc: 0.0899
2026-01-10 12:55:45,745 - experiment_chaotic_lorenz_full_chaotic_run_0 - INFO - Train Epoch 70: [0/472 (0.0%)]	Loss: 0.023689
2026-01-10 12:55:53,595 - experiment_chaotic_lorenz_full_chaotic_run_0 - INFO - Epoch 70: Train Loss: 0.0395, Train Acc: 0.9955, Val Loss: 2.5536, Val Acc: 0.4944
2026-01-10 12:55:54,385 - experiment_chaotic_lorenz_full_chaotic_run_0 - INFO - Train Epoch 71: [0/472 (0.0%)]	Loss: 0.006121
2026-01-10 12:56:04,256 - experiment_chaotic_lorenz_full_chaotic_run_0 - INFO - Epoch 71: Train Loss: 0.0257, Train Acc: 0.9955, Val Loss: 5.3354, Val Acc: 0.1236
2026-01-10 12:56:04,972 - experiment_chaotic_lorenz_full_chaotic_run_0 - INFO - Train Epoch 72: [0/472 (0.0%)]	Loss: 0.019856
2026-01-10 12:56:13,011 - experiment_chaotic_lorenz_full_chaotic_run_0 - INFO - Epoch 72: Train Loss: 0.0395, Train Acc: 0.9933, Val Loss: 5.3379, Val Acc: 0.2247
2026-01-10 12:56:13,710 - experiment_chaotic_lorenz_full_chaotic_run_0 - INFO - Train Epoch 73: [0/472 (0.0%)]	Loss: 0.046088
2026-01-10 12:56:22,552 - experiment_chaotic_lorenz_full_chaotic_run_0 - INFO - Epoch 73: Train Loss: 0.0266, Train Acc: 0.9955, Val Loss: 5.7890, Val Acc: 0.2135
2026-01-10 12:56:23,266 - experiment_chaotic_lorenz_full_chaotic_run_0 - INFO - Train Epoch 74: [0/472 (0.0%)]	Loss: 0.018732
2026-01-10 12:56:33,219 - experiment_chaotic_lorenz_full_chaotic_run_0 - INFO - Epoch 74: Train Loss: 0.0160, Train Acc: 1.0000, Val Loss: 4.7818, Val Acc: 0.2472
2026-01-10 12:56:33,946 - experiment_chaotic_lorenz_full_chaotic_run_0 - INFO - Train Epoch 75: [0/472 (0.0%)]	Loss: 0.042164
2026-01-10 12:56:42,766 - experiment_chaotic_lorenz_full_chaotic_run_0 - INFO - Epoch 75: Train Loss: 0.0235, Train Acc: 0.9955, Val Loss: 5.2740, Val Acc: 0.1798
2026-01-10 12:56:43,563 - experiment_chaotic_lorenz_full_chaotic_run_0 - INFO - Train Epoch 76: [0/472 (0.0%)]	Loss: 0.018613
2026-01-10 12:56:53,470 - experiment_chaotic_lorenz_full_chaotic_run_0 - INFO - Epoch 76: Train Loss: 0.0222, Train Acc: 1.0000, Val Loss: 1.6413, Val Acc: 0.6404
2026-01-10 12:56:54,130 - experiment_chaotic_lorenz_full_chaotic_run_0 - INFO - Train Epoch 77: [0/472 (0.0%)]	Loss: 0.004145
2026-01-10 12:57:01,778 - experiment_chaotic_lorenz_full_chaotic_run_0 - INFO - Epoch 77: Train Loss: 0.0154, Train Acc: 1.0000, Val Loss: 0.5534, Val Acc: 0.8764
2026-01-10 12:57:01,864 - experiment_chaotic_lorenz_full_chaotic_run_0 - INFO - Saved new best model at epoch 77
2026-01-10 12:57:02,581 - experiment_chaotic_lorenz_full_chaotic_run_0 - INFO - Train Epoch 78: [0/472 (0.0%)]	Loss: 0.009814
2026-01-10 12:57:10,696 - experiment_chaotic_lorenz_full_chaotic_run_0 - INFO - Epoch 78: Train Loss: 0.0344, Train Acc: 0.9911, Val Loss: 0.2247, Val Acc: 0.8989
2026-01-10 12:57:10,781 - experiment_chaotic_lorenz_full_chaotic_run_0 - INFO - Saved new best model at epoch 78
2026-01-10 12:57:11,466 - experiment_chaotic_lorenz_full_chaotic_run_0 - INFO - Train Epoch 79: [0/472 (0.0%)]	Loss: 0.018747
2026-01-10 12:57:19,056 - experiment_chaotic_lorenz_full_chaotic_run_0 - INFO - Epoch 79: Train Loss: 0.0324, Train Acc: 0.9955, Val Loss: 1.0840, Val Acc: 0.7303
2026-01-10 12:57:19,766 - experiment_chaotic_lorenz_full_chaotic_run_0 - INFO - Train Epoch 80: [0/472 (0.0%)]	Loss: 0.015130
2026-01-10 12:57:28,544 - experiment_chaotic_lorenz_full_chaotic_run_0 - INFO - Epoch 80: Train Loss: 0.0205, Train Acc: 0.9978, Val Loss: 1.8933, Val Acc: 0.5955
2026-01-10 12:57:29,351 - experiment_chaotic_lorenz_full_chaotic_run_0 - INFO - Train Epoch 81: [0/472 (0.0%)]	Loss: 0.001845
2026-01-10 12:57:37,095 - experiment_chaotic_lorenz_full_chaotic_run_0 - INFO - Epoch 81: Train Loss: 0.0164, Train Acc: 0.9978, Val Loss: 0.9785, Val Acc: 0.7528
2026-01-10 12:57:37,814 - experiment_chaotic_lorenz_full_chaotic_run_0 - INFO - Train Epoch 82: [0/472 (0.0%)]	Loss: 0.080912
2026-01-10 12:57:46,778 - experiment_chaotic_lorenz_full_chaotic_run_0 - INFO - Epoch 82: Train Loss: 0.0248, Train Acc: 0.9955, Val Loss: 0.5064, Val Acc: 0.8764
2026-01-10 12:57:47,498 - experiment_chaotic_lorenz_full_chaotic_run_0 - INFO - Train Epoch 83: [0/472 (0.0%)]	Loss: 0.028280
2026-01-10 12:57:55,530 - experiment_chaotic_lorenz_full_chaotic_run_0 - INFO - Epoch 83: Train Loss: 0.0144, Train Acc: 1.0000, Val Loss: 0.2737, Val Acc: 0.9438
2026-01-10 12:57:55,623 - experiment_chaotic_lorenz_full_chaotic_run_0 - INFO - Saved new best model at epoch 83
2026-01-10 12:57:56,470 - experiment_chaotic_lorenz_full_chaotic_run_0 - INFO - Train Epoch 84: [0/472 (0.0%)]	Loss: 0.007720
2026-01-10 12:58:04,268 - experiment_chaotic_lorenz_full_chaotic_run_0 - INFO - Epoch 84: Train Loss: 0.0071, Train Acc: 1.0000, Val Loss: 0.3924, Val Acc: 0.8764
2026-01-10 12:58:04,913 - experiment_chaotic_lorenz_full_chaotic_run_0 - INFO - Train Epoch 85: [0/472 (0.0%)]	Loss: 0.006384
2026-01-10 12:58:13,171 - experiment_chaotic_lorenz_full_chaotic_run_0 - INFO - Epoch 85: Train Loss: 0.0124, Train Acc: 0.9978, Val Loss: 0.0921, Val Acc: 0.9663
2026-01-10 12:58:13,258 - experiment_chaotic_lorenz_full_chaotic_run_0 - INFO - Saved new best model at epoch 85
2026-01-10 12:58:13,968 - experiment_chaotic_lorenz_full_chaotic_run_0 - INFO - Train Epoch 86: [0/472 (0.0%)]	Loss: 0.006497
2026-01-10 12:58:21,636 - experiment_chaotic_lorenz_full_chaotic_run_0 - INFO - Epoch 86: Train Loss: 0.0124, Train Acc: 0.9978, Val Loss: 0.0387, Val Acc: 0.9888
2026-01-10 12:58:21,722 - experiment_chaotic_lorenz_full_chaotic_run_0 - INFO - Saved new best model at epoch 86
2026-01-10 12:58:22,433 - experiment_chaotic_lorenz_full_chaotic_run_0 - INFO - Train Epoch 87: [0/472 (0.0%)]	Loss: 0.022944
2026-01-10 12:58:30,443 - experiment_chaotic_lorenz_full_chaotic_run_0 - INFO - Epoch 87: Train Loss: 0.0197, Train Acc: 0.9955, Val Loss: 0.0769, Val Acc: 0.9663
2026-01-10 12:58:31,110 - experiment_chaotic_lorenz_full_chaotic_run_0 - INFO - Train Epoch 88: [0/472 (0.0%)]	Loss: 0.003190
2026-01-10 12:58:38,859 - experiment_chaotic_lorenz_full_chaotic_run_0 - INFO - Epoch 88: Train Loss: 0.0113, Train Acc: 1.0000, Val Loss: 0.0971, Val Acc: 0.9775
2026-01-10 12:58:39,521 - experiment_chaotic_lorenz_full_chaotic_run_0 - INFO - Train Epoch 89: [0/472 (0.0%)]	Loss: 0.005220
2026-01-10 12:58:48,384 - experiment_chaotic_lorenz_full_chaotic_run_0 - INFO - Epoch 89: Train Loss: 0.0238, Train Acc: 0.9933, Val Loss: 0.0508, Val Acc: 0.9663
2026-01-10 12:58:49,103 - experiment_chaotic_lorenz_full_chaotic_run_0 - INFO - Train Epoch 90: [0/472 (0.0%)]	Loss: 0.013742
2026-01-10 12:58:59,013 - experiment_chaotic_lorenz_full_chaotic_run_0 - INFO - Epoch 90: Train Loss: 0.0203, Train Acc: 0.9978, Val Loss: 1.3605, Val Acc: 0.6629
2026-01-10 12:58:59,848 - experiment_chaotic_lorenz_full_chaotic_run_0 - INFO - Train Epoch 91: [0/472 (0.0%)]	Loss: 0.006273
2026-01-10 12:59:09,747 - experiment_chaotic_lorenz_full_chaotic_run_0 - INFO - Epoch 91: Train Loss: 0.0127, Train Acc: 1.0000, Val Loss: 0.0638, Val Acc: 0.9663
2026-01-10 12:59:10,453 - experiment_chaotic_lorenz_full_chaotic_run_0 - INFO - Train Epoch 92: [0/472 (0.0%)]	Loss: 0.016521
2026-01-10 12:59:20,366 - experiment_chaotic_lorenz_full_chaotic_run_0 - INFO - Epoch 92: Train Loss: 0.0124, Train Acc: 1.0000, Val Loss: 0.2187, Val Acc: 0.9213
2026-01-10 12:59:21,031 - experiment_chaotic_lorenz_full_chaotic_run_0 - INFO - Train Epoch 93: [0/472 (0.0%)]	Loss: 0.008716
2026-01-10 12:59:30,913 - experiment_chaotic_lorenz_full_chaotic_run_0 - INFO - Epoch 93: Train Loss: 0.0162, Train Acc: 0.9978, Val Loss: 0.0434, Val Acc: 0.9888
2026-01-10 12:59:31,640 - experiment_chaotic_lorenz_full_chaotic_run_0 - INFO - Train Epoch 94: [0/472 (0.0%)]	Loss: 0.013034
2026-01-10 12:59:39,466 - experiment_chaotic_lorenz_full_chaotic_run_0 - INFO - Epoch 94: Train Loss: 0.0098, Train Acc: 0.9978, Val Loss: 0.0612, Val Acc: 0.9663
2026-01-10 12:59:40,176 - experiment_chaotic_lorenz_full_chaotic_run_0 - INFO - Train Epoch 95: [0/472 (0.0%)]	Loss: 0.004502
2026-01-10 12:59:50,109 - experiment_chaotic_lorenz_full_chaotic_run_0 - INFO - Epoch 95: Train Loss: 0.0204, Train Acc: 0.9955, Val Loss: 0.0763, Val Acc: 0.9663
2026-01-10 12:59:50,798 - experiment_chaotic_lorenz_full_chaotic_run_0 - INFO - Train Epoch 96: [0/472 (0.0%)]	Loss: 0.005163
2026-01-10 13:00:00,736 - experiment_chaotic_lorenz_full_chaotic_run_0 - INFO - Epoch 96: Train Loss: 0.0143, Train Acc: 1.0000, Val Loss: 0.0687, Val Acc: 0.9663
2026-01-10 13:00:01,406 - experiment_chaotic_lorenz_full_chaotic_run_0 - INFO - Train Epoch 97: [0/472 (0.0%)]	Loss: 0.006815
2026-01-10 13:00:11,366 - experiment_chaotic_lorenz_full_chaotic_run_0 - INFO - Epoch 97: Train Loss: 0.0251, Train Acc: 0.9955, Val Loss: 0.0687, Val Acc: 0.9663
2026-01-10 13:00:12,045 - experiment_chaotic_lorenz_full_chaotic_run_0 - INFO - Train Epoch 98: [0/472 (0.0%)]	Loss: 0.007752
2026-01-10 13:00:22,063 - experiment_chaotic_lorenz_full_chaotic_run_0 - INFO - Epoch 98: Train Loss: 0.0115, Train Acc: 1.0000, Val Loss: 0.0576, Val Acc: 0.9775
2026-01-10 13:00:22,781 - experiment_chaotic_lorenz_full_chaotic_run_0 - INFO - Train Epoch 99: [0/472 (0.0%)]	Loss: 0.012018
2026-01-10 13:00:32,786 - experiment_chaotic_lorenz_full_chaotic_run_0 - INFO - Epoch 99: Train Loss: 0.0210, Train Acc: 0.9955, Val Loss: 0.0575, Val Acc: 0.9663
2026-01-10 13:00:32,791 - experiment_chaotic_lorenz_full_chaotic_run_0 - INFO - Running final test evaluation...
2026-01-10 13:00:33,742 - experiment_chaotic_lorenz_full_chaotic_run_0 - INFO - Test Results:
2026-01-10 13:00:33,742 - experiment_chaotic_lorenz_full_chaotic_run_0 - INFO -   loss: 0.1614
2026-01-10 13:00:33,742 - experiment_chaotic_lorenz_full_chaotic_run_0 - INFO -   accuracy: 0.9746
2026-01-10 13:00:33,742 - experiment_chaotic_lorenz_full_chaotic_run_0 - INFO -   avg_confidence: 0.9997
2026-01-10 13:00:33,742 - experiment_chaotic_lorenz_full_chaotic_run_0 - INFO -   embedding_diversity: 0.4394
2026-01-10 13:00:33,742 - experiment_chaotic_lorenz_full_chaotic_run_0 - INFO -   embedding_norm_mean: 1.0000
2026-01-10 13:00:33,742 - experiment_chaotic_lorenz_full_chaotic_run_0 - INFO -   embedding_norm_std: 0.0000
2026-01-10 13:00:33,744 - experiment_chaotic_lorenz_full_chaotic_run_0 - INFO - Training completed
2026-01-10 13:00:34,781 - experiment_chaotic_lorenz_full_chaotic_run_0 - INFO - Running comprehensive chaotic network analysis...
2026-01-10 13:00:34,781 - experiment_chaotic_lorenz_full_chaotic_run_0 - INFO - Analyzing chaotic features and dynamics...
2026-01-10 13:00:35,983 - experiment_chaotic_lorenz_full_chaotic_run_0 - INFO - Chaotic analysis completed
2026-01-10 13:00:35,985 - experiment_chaotic_lorenz_full_chaotic_run_0 - INFO - Creating chaotic dynamics visualizations...
2026-01-10 13:00:38,475 - experiment_chaotic_lorenz_full_chaotic_run_0 - WARNING - Embedding plotting failed: boolean index did not match indexed array along dimension 0; dimension is 8 but corresponding boolean dimension is 32
2026-01-10 13:00:38,484 - experiment_chaotic_lorenz_full_chaotic_run_0 - INFO - Chaotic network analysis completed
